replication,seed,beta,scenario_id,delta_final_fitness_vs_baseline,delta_final_risk_vs_baseline,delta_final_trade_vs_baseline,delta_total_switches_vs_baseline
1,1,2,baseline,0,0,0,0
1,1,2,early_mover,-0.54021456221821,-110.815724622942,-695.770934619985,2239
1,1,2,sequential,-0.854076299714364,-123.459820795896,-770.931824143247,2347
1,1,2,coordinated,3.03307900581484,-141.483270968463,-802.174436553176,2585
1,1,2,delayed_coordination,-1.66609486473494,-126.347738472626,-743.916407231563,2383
1,1,4,baseline,0,0,0,0
1,1,4,early_mover,-9.2700169738528,-104.233546737453,-542.654332041675,1492
1,1,4,sequential,-13.5063767302676,-108.017094521981,-555.235506801216,1396
1,1,4,coordinated,-14.1872051994781,-104.662276622977,-477.427922721922,1268
1,1,4,delayed_coordination,-12.6308874955035,-113.745538785668,-567.217096147391,1519
1,1,8,baseline,0,0,0,0
1,1,8,early_mover,-11.3029200670969,-80.1005941907551,-517.573960032613,1418
1,1,8,sequential,-11.1169810382364,-101.056678414151,-621.037180530532,1724
1,1,8,coordinated,-15.4538429409947,-74.19390578999,-464.650383866288,1362
1,1,8,delayed_coordination,-15.7799290953786,-84.8695942035041,-496.209482313869,1419
2,2,2,baseline,0,0,0,0
2,2,2,early_mover,-3.8175970654743,-104.696824970177,-664.415671808005,2232
2,2,2,sequential,-3.69648768296045,-113.785201122698,-731.788217703027,2376
2,2,2,coordinated,-5.05292025251885,-110.202755608893,-695.448910241772,2154
2,2,2,delayed_coordination,-5.01646840172592,-112.74152908128,-723.474536046561,2344
2,2,4,baseline,0,0,0,0
2,2,4,early_mover,-5.15597811462122,-90.7939010929196,-682.37271986005,1988
2,2,4,sequential,-7.87359381042137,-93.1381449661166,-739.502983429134,2089
2,2,4,coordinated,-9.27047043474522,-95.6768587923528,-693.686423834307,2135
2,2,4,delayed_coordination,-5.01634924375277,-102.159778735289,-777.030595032111,2112
2,2,8,baseline,0,0,0,0
2,2,8,early_mover,-11.8489501258083,-72.4009334736365,-636.23236098354,1635
2,2,8,sequential,-13.9353325043728,-69.5445503533665,-669.875997242298,1534
2,2,8,coordinated,-13.9494971431134,-54.7801821836414,-655.640457352865,1560
2,2,8,delayed_coordination,-15.1071281307034,-64.9292308948191,-650.945366433163,1520
3,3,2,baseline,0,0,0,0
3,3,2,early_mover,2.44520643713167,-121.715513435562,-690.064924693617,2282
3,3,2,sequential,3.00390414945974,-126.591628504651,-814.137752677443,2449
3,3,2,coordinated,-0.175454648993281,-133.43697522166,-704.746275896349,2189
3,3,2,delayed_coordination,2.19127623467224,-128.372529948549,-811.943255961517,2435
3,3,4,baseline,0,0,0,0
3,3,4,early_mover,-11.9617869488977,-83.2920162415857,-514.804432430337,1523
3,3,4,sequential,-12.2483966068277,-89.8212688625817,-606.11397446306,1553
3,3,4,coordinated,-10.6723507058884,-88.4922548314283,-593.335279768354,1632
3,3,4,delayed_coordination,-14.2114680569206,-79.4342449284686,-565.535442726926,1562
3,3,8,baseline,0,0,0,0
3,3,8,early_mover,-12.644717798127,-97.2021952023268,-541.25529781243,1591
3,3,8,sequential,-14.2265226113256,-101.152163796573,-586.068360126972,1514
3,3,8,coordinated,-14.7290655536425,-85.8098785349924,-565.338916220257,1678
3,3,8,delayed_coordination,-14.5887739157481,-108.476381810213,-622.664090087841,1726
4,4,2,baseline,0,0,0,0
4,4,2,early_mover,0.170709350660246,-92.4717657035875,-737.411753808705,2417
4,4,2,sequential,-2.57141685091105,-82.012097773117,-761.766620637637,2398
4,4,2,coordinated,-4.73068344432407,-78.4646376339263,-698.8307054997,2038
4,4,2,delayed_coordination,-0.592041242298023,-91.2909425854665,-795.618826804395,2556
4,4,4,baseline,0,0,0,0
4,4,4,early_mover,-2.40152584482388,-98.7354573486889,-674.682527428699,1761
4,4,4,sequential,-9.26230632461844,-74.0054845829126,-614.704043057839,1633
4,4,4,coordinated,-9.08725776016709,-89.4509983710812,-612.680903934442,1647
4,4,4,delayed_coordination,-4.95531425471489,-100.895563413081,-713.617833283087,1854
4,4,8,baseline,0,0,0,0
4,4,8,early_mover,-13.6551176105612,-44.8594221263686,-487.164841163973,1327
4,4,8,sequential,-14.8454869061513,-48.2928756370393,-545.811863335721,1356
4,4,8,coordinated,-14.6737905905407,-87.6569030329755,-618.284096643578,1596
4,4,8,delayed_coordination,-15.614504098396,-48.9800809995884,-507.294179909675,1334
5,5,2,baseline,0,0,0,0
5,5,2,early_mover,1.76802803647067,-86.389872653599,-715.118257342588,2241
5,5,2,sequential,2.88638524490906,-95.8763590479717,-777.433072820611,2362
5,5,2,coordinated,1.98252333012641,-83.4475760392319,-746.216458278303,2364
5,5,2,delayed_coordination,2.74073536754159,-93.6275270256506,-774.379675471421,2345
5,5,4,baseline,0,0,0,0
5,5,4,early_mover,-3.36445469842485,-93.613710401036,-667.670125724165,1836
5,5,4,sequential,-4.11766399101948,-106.027488363189,-739.253453294835,1988
5,5,4,coordinated,-10.005182693378,-95.4031753439266,-614.390730770093,1555
5,5,4,delayed_coordination,-3.2555305942129,-105.318990837968,-734.005580649379,1971
5,5,8,baseline,0,0,0,0
5,5,8,early_mover,-16.8346837244548,-79.326289423555,-446.778100169461,1236
5,5,8,sequential,-18.9798644271468,-87.4321621969073,-489.869994819631,1148
5,5,8,coordinated,-19.4502072031005,-77.400124967116,-475.247335799784,1298
5,5,8,delayed_coordination,-19.0876032472149,-89.9873124462014,-500.476279073967,1209
6,6,2,baseline,0,0,0,0
6,6,2,early_mover,4.99706935683272,-101.746560554377,-746.680983058756,2562
6,6,2,sequential,1.97885512771856,-105.110857217287,-794.79464849196,2512
6,6,2,coordinated,1.59365788666753,-95.9169744522358,-717.141752321003,2511
6,6,2,delayed_coordination,4.81984232853301,-116.806707451575,-812.254462515948,2585
6,6,4,baseline,0,0,0,0
6,6,4,early_mover,1.1709350042487,-91.608296930661,-704.366951379088,2165
6,6,4,sequential,-2.77451754073735,-104.665689285718,-759.190805777084,2166
6,6,4,coordinated,-10.5856230431845,-72.3475083414783,-597.691892548191,1930
6,6,4,delayed_coordination,-2.73476898623976,-96.2478288528851,-725.383965878586,2162
6,6,8,baseline,0,0,0,0
6,6,8,early_mover,-8.05948642163754,-71.7331243998112,-557.119718628171,1675
6,6,8,sequential,-14.5013711987741,-65.4236168388992,-524.922850403248,1370
6,6,8,coordinated,-16.1614652791528,-59.6171596253878,-482.041449136779,1331
6,6,8,delayed_coordination,-11.3010403400647,-72.6614291680976,-573.878214511368,1541
7,7,2,baseline,0,0,0,0
7,7,2,early_mover,2.59010999164961,-102.350198663508,-659.265559911852,2341
7,7,2,sequential,3.42071743368145,-104.356414106257,-728.186914972053,2497
7,7,2,coordinated,-0.199483119211294,-106.037309885813,-677.488757242155,2290
7,7,2,delayed_coordination,0.590696897045078,-99.1993741596127,-700.659078701321,2428
7,7,4,baseline,0,0,0,0
7,7,4,early_mover,-1.50670828241607,-66.4565101928742,-621.006737945915,2167
7,7,4,sequential,-4.31190055043859,-76.1521454051792,-678.962619988779,2151
7,7,4,coordinated,-4.88596480509622,-74.0622167121532,-677.289462133623,2152
7,7,4,delayed_coordination,-5.37149067644393,-69.4118681074999,-662.43060048833,2168
7,7,8,baseline,0,0,0,0
7,7,8,early_mover,-10.8603747212326,-71.9449327507267,-502.159287709049,1430
7,7,8,sequential,-15.5046126694046,-67.9534379580779,-515.195635097363,1409
7,7,8,coordinated,-16.5558123106326,-54.9470778311873,-447.874811752346,1313
7,7,8,delayed_coordination,-15.5270347605131,-70.1401057467747,-541.592885887408,1495
8,8,2,baseline,0,0,0,0
8,8,2,early_mover,2.02671460531363,-116.744328765414,-757.661350583572,2518
8,8,2,sequential,-4.22229493466673,-138.01347208264,-797.241445716059,2417
8,8,2,coordinated,-7.69874569457116,-118.802988870721,-731.938843796384,2132
8,8,2,delayed_coordination,-0.878950024710889,-127.937445086776,-802.153724528643,2523
8,8,4,baseline,0,0,0,0
8,8,4,early_mover,-4.4116223540637,-95.0400921419345,-708.105223947755,2219
8,8,4,sequential,-6.99778936634547,-97.1696400884534,-737.098033726259,2172
8,8,4,coordinated,-6.70831690403841,-105.756667954379,-756.602037302672,2141
8,8,4,delayed_coordination,-6.93546495305372,-99.8244366607054,-736.801498709686,2239
8,8,8,baseline,0,0,0,0
8,8,8,early_mover,-4.80438734731285,-101.127189346682,-671.374137326712,2144
8,8,8,sequential,-8.09844615437298,-109.176190573645,-724.068521881895,2124
8,8,8,coordinated,-13.2958151810701,-86.0799541065237,-606.226667909193,1660
8,8,8,delayed_coordination,-9.34470910560729,-106.218672001911,-706.311757471994,2069
9,9,2,baseline,0,0,0,0
9,9,2,early_mover,4.27638386436576,-97.8626499180875,-739.252269175621,2734
9,9,2,sequential,5.80844018265529,-109.676889362462,-838.942073010676,2727
9,9,2,coordinated,-3.85584503427654,-58.9896888192977,-618.763546529147,2033
9,9,2,delayed_coordination,7.48166113159138,-112.223455994797,-851.058144338849,2886
9,9,4,baseline,0,0,0,0
9,9,4,early_mover,-1.63109087785352,-96.4672543732333,-687.565245406903,1920
9,9,4,sequential,-5.67488832336203,-98.8877443877467,-717.000016916948,1866
9,9,4,coordinated,-9.82656087463552,-83.103115439401,-634.087058317889,1811
9,9,4,delayed_coordination,-7.09369394827162,-91.7459628555991,-693.043750935502,1803
9,9,8,baseline,0,0,0,0
9,9,8,early_mover,-7.90250675580761,-88.9605629396469,-640.728590459736,1958
9,9,8,sequential,-11.0358100284347,-94.5886992059843,-683.913979311147,1946
9,9,8,coordinated,-10.2226801799646,-98.3638543863596,-693.992246057111,2102
9,9,8,delayed_coordination,-9.65211948468726,-100.728350735766,-687.638182137692,2006
10,10,2,baseline,0,0,0,0
10,10,2,early_mover,-2.63844302957516,-91.7381027095106,-637.062049321303,2177
10,10,2,sequential,-3.87439946085108,-101.578348665429,-711.840864883689,2203
10,10,2,coordinated,-3.06062672726605,-108.915369184455,-714.536777884118,2147
10,10,2,delayed_coordination,-4.1406315590955,-102.256428870864,-707.706279360383,2246
10,10,4,baseline,0,0,0,0
10,10,4,early_mover,-8.91176054490273,-82.7730882543181,-532.277899559797,1388
10,10,4,sequential,-12.6176082673751,-70.7466519345382,-577.923852628935,1345
10,10,4,coordinated,-10.3151716029157,-84.6764503798273,-580.517035992158,1682
10,10,4,delayed_coordination,-11.105218298646,-83.5071537982347,-581.526328207798,1534
10,10,8,baseline,0,0,0,0
10,10,8,early_mover,-8.55414618731534,-101.45547506767,-595.318313611062,1916
10,10,8,sequential,-10.899911324194,-101.918340699479,-646.846674050686,1932
10,10,8,coordinated,-15.5665867588994,-93.9401061988701,-533.856421032479,1578
10,10,8,delayed_coordination,-13.0181389907881,-95.399595641724,-593.159657459633,1722
11,11,2,baseline,0,0,0,0
11,11,2,early_mover,-3.53370532012308,-72.7483781767141,-615.104274434128,2087
11,11,2,sequential,-0.718783948063418,-92.4738771423594,-738.034892172526,2386
11,11,2,coordinated,-2.38623851770672,-73.5238026479805,-692.051929106994,2228
11,11,2,delayed_coordination,-2.70279554073718,-80.8045069448364,-664.135156625284,2211
11,11,4,baseline,0,0,0,0
11,11,4,early_mover,-9.28377704714551,-85.448663109995,-560.95426533768,1783
11,11,4,sequential,-11.1546631404557,-90.4821513470634,-576.72042726566,1773
11,11,4,coordinated,-9.58598067696354,-91.0842657344511,-575.046816086084,1925
11,11,4,delayed_coordination,-11.072532710196,-88.9146413189342,-595.137952828522,1810
11,11,8,baseline,0,0,0,0
11,11,8,early_mover,-12.7416352700055,-84.3807829058935,-478.689024187733,1514
11,11,8,sequential,-15.4777322609647,-91.0485054872728,-500.793026398332,1565
11,11,8,coordinated,-15.067651299339,-91.5395075346931,-474.318309944536,1385
11,11,8,delayed_coordination,-16.9688316170823,-88.4653767434058,-479.963679345455,1481
12,12,2,baseline,0,0,0,0
12,12,2,early_mover,-1.45439879746559,-78.8129827216722,-693.076179561645,2254
12,12,2,sequential,-3.55342351043907,-94.0074822040812,-741.555210791633,2263
12,12,2,coordinated,-7.30087894817905,-78.2798003417066,-641.588669566771,1913
12,12,2,delayed_coordination,-3.15088012770812,-90.713213829652,-741.955324843796,2304
12,12,4,baseline,0,0,0,0
12,12,4,early_mover,-6.04750790587083,-97.9135527258766,-617.095836611094,1962
12,12,4,sequential,-8.04403643804496,-111.188474015715,-691.598897698571,2146
12,12,4,coordinated,-11.0170645055877,-96.7050764095196,-586.449955276273,1917
12,12,4,delayed_coordination,-9.14802930871059,-114.346778400376,-682.939702814175,2039
12,12,8,baseline,0,0,0,0
12,12,8,early_mover,-11.3598481187472,-85.3276222154965,-552.715121561167,1678
12,12,8,sequential,-13.9893625869043,-92.1270253178765,-599.777253118127,1647
12,12,8,coordinated,-13.9530952809469,-85.0690318142423,-574.783779760818,1777
12,12,8,delayed_coordination,-12.0379158163472,-94.4681730909936,-613.7580683403,1733
13,13,2,baseline,0,0,0,0
13,13,2,early_mover,1.91017970232824,-96.7609914420994,-701.881410033694,2414
13,13,2,sequential,3.73867675137777,-121.846727194227,-801.281469077776,2548
13,13,2,coordinated,-1.77209747065926,-86.3757622939463,-692.930437432949,2194
13,13,2,delayed_coordination,2.99680528376234,-112.689881259707,-794.275109234685,2594
13,13,4,baseline,0,0,0,0
13,13,4,early_mover,-6.96082949329558,-100.368961414981,-610.193688877763,1963
13,13,4,sequential,-7.91865606113539,-112.017788858234,-663.486740137933,2089
13,13,4,coordinated,-6.99230551629215,-112.595467473921,-676.165929769289,2040
13,13,4,delayed_coordination,-8.95977951031408,-107.386712026489,-652.155567409457,2024
13,13,8,baseline,0,0,0,0
13,13,8,early_mover,-10.1087116498359,-97.6534965132239,-634.340192274476,1813
13,13,8,sequential,-16.4709602550729,-101.876632656062,-588.785572454786,1605
13,13,8,coordinated,-15.3318545301506,-91.9699547207016,-604.932239965779,1778
13,13,8,delayed_coordination,-14.4580335306513,-95.2411204795362,-612.882437756195,1775
14,14,2,baseline,0,0,0,0
14,14,2,early_mover,2.46569293954175,-99.0940058871168,-691.257397306412,2261
14,14,2,sequential,-5.17167929756276,-95.576817891033,-696.401651936606,2112
14,14,2,coordinated,-6.17366246880556,-99.3028821099759,-685.180286544789,1842
14,14,2,delayed_coordination,-0.730579999880945,-108.053758427236,-763.964692360981,2227
14,14,4,baseline,0,0,0,0
14,14,4,early_mover,-5.42231148600987,-85.6115542883341,-559.925734233298,1874
14,14,4,sequential,-11.3577410390899,-84.3289487943392,-559.631517384505,1800
14,14,4,coordinated,-9.63695239487927,-84.8360311957554,-580.125131236097,1915
14,14,4,delayed_coordination,-8.5760836304827,-88.772216505771,-593.682287608281,1931
14,14,8,baseline,0,0,0,0
14,14,8,early_mover,-11.3330421883072,-69.1577742488492,-508.607636112572,1483
14,14,8,sequential,-9.78687803931382,-75.8236162122979,-652.736001298328,1693
14,14,8,coordinated,-12.6427242897707,-49.2216392778715,-578.06049654558,1447
14,14,8,delayed_coordination,-13.1996489245099,-70.7906109300023,-566.411435693539,1534
15,15,2,baseline,0,0,0,0
15,15,2,early_mover,6.4279750393537,-125.117000099848,-847.705671924527,2779
15,15,2,sequential,4.62922005986442,-131.790478080466,-882.273898296338,2796
15,15,2,coordinated,4.36962189124026,-130.862429544907,-853.837258182914,2700
15,15,2,delayed_coordination,3.81772815924785,-128.723647327303,-871.340421447855,2803
15,15,4,baseline,0,0,0,0
15,15,4,early_mover,-3.34234384397294,-86.5772606729905,-644.24375608899,2121
15,15,4,sequential,-2.7885425562019,-106.167491756264,-722.137740359469,2239
15,15,4,coordinated,-4.41031382484474,-103.135090781354,-696.852386935578,2174
15,15,4,delayed_coordination,-4.14972674227462,-99.2492730390977,-706.805222764974,2212
15,15,8,baseline,0,0,0,0
15,15,8,early_mover,-7.46831986039949,-101.167215801789,-686.410035353821,1864
15,15,8,sequential,-13.7471094818031,-100.467388386471,-671.42043012763,1623
15,15,8,coordinated,-15.3218083575623,-75.8713862416466,-598.618165629712,1419
15,15,8,delayed_coordination,-12.8463421906985,-98.2050083135937,-666.555726332451,1644
16,16,2,baseline,0,0,0,0
16,16,2,early_mover,-0.100149026997343,-64.6966520895215,-551.8033837199,1823
16,16,2,sequential,1.93464759174711,-79.0815104991522,-662.934565950479,2049
16,16,2,coordinated,-3.07556079414181,-60.8658053909294,-609.069519871712,1993
16,16,2,delayed_coordination,-0.471158282472231,-72.6789576173486,-626.598184017943,1982
16,16,4,baseline,0,0,0,0
16,16,4,early_mover,-0.272616451296102,-76.9635685669395,-640.210314925696,2145
16,16,4,sequential,-1.65270159127518,-82.2626463575994,-700.515334253965,2202
16,16,4,coordinated,-10.1065552710955,-75.0523386492245,-599.952677840528,1526
16,16,4,delayed_coordination,0.333054511899405,-89.4452894864029,-731.778847493604,2296
16,16,8,baseline,0,0,0,0
16,16,8,early_mover,-12.1615856866746,-48.9405140842004,-528.657737657832,1316
16,16,8,sequential,-18.5532412349348,-50.3627939853008,-510.265630678492,1166
16,16,8,coordinated,-13.815689560061,-72.2861851876717,-553.678251581009,1487
16,16,8,delayed_coordination,-16.5758212237366,-54.7219042331633,-562.043134749824,1224
17,17,2,baseline,0,0,0,0
17,17,2,early_mover,2.91911199379558,-116.448179214612,-717.080692820077,2595
17,17,2,sequential,3.61250620552832,-128.561338758368,-798.277142731361,2698
17,17,2,coordinated,5.40885396459322,-141.855483251376,-789.907301797415,2831
17,17,2,delayed_coordination,5.11184970801867,-132.308093247616,-804.723945883349,2726
17,17,4,baseline,0,0,0,0
17,17,4,early_mover,-2.24101669586672,-120.963167396846,-754.337308937538,2246
17,17,4,sequential,-2.5340681867971,-124.331001085585,-812.230852213328,2280
17,17,4,coordinated,-9.61024638062784,-125.113959914887,-689.714361565241,2002
17,17,4,delayed_coordination,0.706552092519644,-129.316582435015,-823.01730304248,2356
17,17,8,baseline,0,0,0,0
17,17,8,early_mover,-9.29894135238747,-81.9117911193683,-581.227037768548,1857
17,17,8,sequential,-14.743973123197,-83.2648981456915,-548.187684664869,1412
17,17,8,coordinated,-20.4270466605732,-64.9221560975099,-421.295556353862,1202
17,17,8,delayed_coordination,-13.1500535854025,-88.579826120144,-598.09205651734,1719
18,18,2,baseline,0,0,0,0
18,18,2,early_mover,-4.09145314391783,-86.3222307636074,-599.170845504676,2078
18,18,2,sequential,-6.89865028295914,-93.9342798315369,-623.748785039386,2077
18,18,2,coordinated,-8.93632161402056,-89.215284853685,-605.768025571629,1989
18,18,2,delayed_coordination,-6.9070345138591,-93.870675155878,-615.957176771543,2014
18,18,4,baseline,0,0,0,0
18,18,4,early_mover,-10.6128310509641,-56.4193565539755,-525.903862753731,1736
18,18,4,sequential,-14.7813794581059,-58.866605208132,-540.805453269208,1467
18,18,4,coordinated,-12.2388294889369,-79.5769346685371,-588.608824831986,1687
18,18,4,delayed_coordination,-13.1421102409452,-71.5948566221169,-593.443383715514,1597
18,18,8,baseline,0,0,0,0
18,18,8,early_mover,-13.0183791139685,-74.2692682973829,-561.614003060565,1681
18,18,8,sequential,-15.4651845367825,-81.6105226717421,-588.948213612217,1527
18,18,8,coordinated,-17.168176606446,-74.1851846536584,-512.505040034658,1187
18,18,8,delayed_coordination,-16.028736297432,-83.6595607415954,-599.787975828941,1535
19,19,2,baseline,0,0,0,0
19,19,2,early_mover,3.44944764825956,-109.534545913608,-678.997272671419,2291
19,19,2,sequential,-2.29805443928399,-109.33484756739,-694.007598531635,2153
19,19,2,coordinated,-4.4843582346809,-97.394066671229,-600.132444870951,1908
19,19,2,delayed_coordination,-1.32236902975495,-112.618941108767,-705.699155063226,2303
19,19,4,baseline,0,0,0,0
19,19,4,early_mover,-3.07303673491832,-106.994599451573,-565.805564472956,1939
19,19,4,sequential,-7.43585728213442,-107.827399484529,-594.711212223352,1951
19,19,4,coordinated,-9.15730708929084,-107.980220589796,-537.94615011946,1678
19,19,4,delayed_coordination,-6.44166115978854,-111.734683669648,-596.94417553138,1982
19,19,8,baseline,0,0,0,0
19,19,8,early_mover,-6.95796988816512,-66.9746190831845,-558.957071186567,1750
19,19,8,sequential,-10.0929318304986,-78.5378875472013,-598.218328571253,1796
19,19,8,coordinated,-12.4021129017056,-60.5967180033236,-536.545696952772,1585
19,19,8,delayed_coordination,-10.7952749504673,-76.2809147620379,-596.607497529995,1758
20,20,2,baseline,0,0,0,0
20,20,2,early_mover,3.70281206115888,-113.268137990817,-696.411161114821,2183
20,20,2,sequential,-0.222916663116706,-110.560418275624,-706.400234150396,2072
20,20,2,coordinated,-0.675701944568914,-117.85354507099,-706.859375268749,2162
20,20,2,delayed_coordination,0.241092790561567,-111.70679311195,-705.481184487738,2066
20,20,4,baseline,0,0,0,0
20,20,4,early_mover,-11.4449626259986,-57.3421459079762,-502.34841446687,1409
20,20,4,sequential,-9.98775781122619,-67.441334849934,-567.913221222715,1570
20,20,4,coordinated,-15.5682804660163,-63.212278133673,-433.143556371465,1326
20,20,4,delayed_coordination,-15.6924466372812,-57.707123115264,-499.895729700294,1410
20,20,8,baseline,0,0,0,0
20,20,8,early_mover,-14.0834631205325,-90.8335893020275,-458.505771480076,1268
20,20,8,sequential,-16.6933448430467,-79.4302215316113,-481.849990069592,1286
20,20,8,coordinated,-24.0242623230975,-47.8747497252654,-349.767608844623,731
20,20,8,delayed_coordination,-18.6508397118248,-80.2011118314823,-451.739439685864,1192
21,21,2,baseline,0,0,0,0
21,21,2,early_mover,2.42144014631222,-117.638978827139,-664.323555894614,2365
21,21,2,sequential,2.09033162629106,-129.060944063352,-786.05914688074,2544
21,21,2,coordinated,-2.49519028094718,-124.269531683278,-682.132620585093,2449
21,21,2,delayed_coordination,0.398645966117016,-126.155670493004,-727.122759662479,2409
21,21,4,baseline,0,0,0,0
21,21,4,early_mover,-5.12805185151737,-111.532904214537,-566.522278329331,2043
21,21,4,sequential,-5.39084933062125,-104.87003030694,-607.792008610822,2063
21,21,4,coordinated,-1.64810610441032,-117.842134889197,-643.52436544241,2220
21,21,4,delayed_coordination,-7.07154653481309,-102.829734132191,-600.407438594441,2059
21,21,8,baseline,0,0,0,0
21,21,8,early_mover,-10.5559883166084,-87.8019155915316,-513.471468693738,1594
21,21,8,sequential,-14.1748835471645,-66.7890609073711,-538.3937793552,1479
21,21,8,coordinated,-11.705962280251,-96.5473719711377,-590.301767765322,1683
21,21,8,delayed_coordination,-13.7122680189188,-75.7295447368002,-542.77132874775,1562
22,22,2,baseline,0,0,0,0
22,22,2,early_mover,2.23354044622447,-99.5055101877692,-720.970492264972,2570
22,22,2,sequential,3.14475349871257,-115.685933380889,-804.062656583685,2700
22,22,2,coordinated,1.33211553943416,-110.601377875693,-775.427773692116,2711
22,22,2,delayed_coordination,1.52734904409492,-104.440955867086,-780.0896862214,2673
22,22,4,baseline,0,0,0,0
22,22,4,early_mover,-2.06024092511694,-112.64975413661,-760.781518004333,2308
22,22,4,sequential,-3.22268406408233,-110.608442014234,-784.824888424426,2404
22,22,4,coordinated,-3.27221194546362,-116.297552399313,-793.610996856388,2442
22,22,4,delayed_coordination,-2.85817758561998,-117.197980927359,-808.722080587421,2396
22,22,8,baseline,0,0,0,0
22,22,8,early_mover,-10.9504883997327,-92.9696810587741,-613.115195494082,1710
22,22,8,sequential,-13.8286451742728,-85.7547692510884,-613.10093867926,1701
22,22,8,coordinated,-9.05752364149123,-115.970103749187,-725.430332099511,2200
22,22,8,delayed_coordination,-12.8386511273015,-96.778475300575,-658.165736595085,1788
23,23,2,baseline,0,0,0,0
23,23,2,early_mover,4.33429729877298,-130.666734914002,-769.363890478717,2621
23,23,2,sequential,5.54011950999777,-138.425124165687,-821.986652727264,2670
23,23,2,coordinated,0.267452066615789,-124.137841387011,-759.999729470041,2691
23,23,2,delayed_coordination,4.50307101490887,-133.120666006018,-810.287332351462,2628
23,23,4,baseline,0,0,0,0
23,23,4,early_mover,-4.81780104906261,-68.8765204294194,-647.331502594238,2150
23,23,4,sequential,-3.70626700031281,-79.4702930230861,-722.947664820894,2202
23,23,4,coordinated,-5.7115804075919,-85.4738814994631,-706.941753991134,2161
23,23,4,delayed_coordination,-4.11430053909393,-79.8079895589375,-725.276330059869,2234
23,23,8,baseline,0,0,0,0
23,23,8,early_mover,-7.3410332683486,-97.398272517015,-642.551866528624,1846
23,23,8,sequential,-8.61643247429964,-102.775347431474,-650.063300728604,1748
23,23,8,coordinated,-12.6160335595254,-91.8384197385702,-572.335696347562,1689
23,23,8,delayed_coordination,-8.43905048988555,-115.690903559181,-686.339835141513,1830
24,24,2,baseline,0,0,0,0
24,24,2,early_mover,3.02845551716453,-116.165454931849,-714.036045510625,2468
24,24,2,sequential,1.8046673569247,-119.741940643804,-776.568846313013,2420
24,24,2,coordinated,-1.62394450580314,-117.270834522394,-735.813185498719,2408
24,24,2,delayed_coordination,5.21161311674365,-128.324995334264,-804.496976338423,2582
24,24,4,baseline,0,0,0,0
24,24,4,early_mover,-3.9907866546352,-99.7019208278578,-640.081738966343,2016
24,24,4,sequential,-6.5460810268246,-102.937470528032,-680.59715529344,1824
24,24,4,coordinated,-11.8014310825671,-90.7284108166322,-589.519110741937,1546
24,24,4,delayed_coordination,-6.30648061656495,-110.077834910366,-698.76773598634,1973
24,24,8,baseline,0,0,0,0
24,24,8,early_mover,-12.4526909062006,-78.1587979530383,-533.101910928793,1450
24,24,8,sequential,-17.1447321662292,-85.6723460670787,-551.047496801508,1154
24,24,8,coordinated,-22.3697444784628,-64.3007502720117,-428.212720115596,855
24,24,8,delayed_coordination,-18.579990329764,-80.7424989592201,-516.450126087405,1028
25,25,2,baseline,0,0,0,0
25,25,2,early_mover,4.63228523033439,-105.536172283771,-707.138746273526,2273
25,25,2,sequential,2.79357413749656,-116.492578697498,-774.636679764558,2180
25,25,2,coordinated,-0.246912145758415,-123.485531256573,-674.511646751584,2076
25,25,2,delayed_coordination,2.66854689426668,-114.460741777469,-754.218265175618,2225
25,25,4,baseline,0,0,0,0
25,25,4,early_mover,-7.87614331704087,-61.4914130783636,-497.640456849482,1439
25,25,4,sequential,-8.17954948421323,-70.112134501069,-585.727294819201,1561
25,25,4,coordinated,-6.62717607703934,-59.7525203427187,-562.469892256589,1508
25,25,4,delayed_coordination,-11.3877274693518,-64.3227776060345,-525.760251388225,1347
25,25,8,baseline,0,0,0,0
25,25,8,early_mover,-9.97850967657608,-59.2617998026184,-568.564017177369,1364
25,25,8,sequential,-11.3199300640522,-69.952823131096,-560.024395194813,1435
25,25,8,coordinated,-16.9020179147658,-50.4919581540772,-490.243374257017,1157
25,25,8,delayed_coordination,-15.2223003702147,-62.6559392084382,-505.035112781841,1222
26,26,2,baseline,0,0,0,0
26,26,2,early_mover,4.50110135069841,-92.7516538735689,-704.831021867021,2296
26,26,2,sequential,3.17168619124422,-103.766046831156,-755.586747488675,2251
26,26,2,coordinated,-2.02429589189649,-110.059862326385,-681.535210954002,2157
26,26,2,delayed_coordination,7.0416340347808,-110.360717869327,-828.446175232513,2506
26,26,4,baseline,0,0,0,0
26,26,4,early_mover,-2.65669522742873,-102.514183494294,-692.468902060586,1935
26,26,4,sequential,-2.74535137526425,-122.842885342442,-786.113139701103,2119
26,26,4,coordinated,-4.31288363210683,-119.234586276597,-738.315628984708,1990
26,26,4,delayed_coordination,-0.374816370247871,-118.221885567608,-788.850062995405,2177
26,26,8,baseline,0,0,0,0
26,26,8,early_mover,-9.7526183404285,-87.2856528340503,-571.831260083369,1646
26,26,8,sequential,-12.5813247502519,-85.8293893042899,-571.260550506845,1355
26,26,8,coordinated,-13.8369546037494,-78.5258217852512,-564.272893292088,1356
26,26,8,delayed_coordination,-11.1162778179434,-93.2842591964719,-588.848395820456,1572
27,27,2,baseline,0,0,0,0
27,27,2,early_mover,3.31781019361138,-115.800894846393,-726.89760749622,2467
27,27,2,sequential,3.22595528675937,-110.721495418467,-814.318869485236,2493
27,27,2,coordinated,-2.70623437987729,-92.8612543858755,-697.071379686314,2162
27,27,2,delayed_coordination,1.67836061297483,-114.320002709636,-799.481443276936,2543
27,27,4,baseline,0,0,0,0
27,27,4,early_mover,-2.27603375383988,-104.405323496226,-635.532894608391,2068
27,27,4,sequential,-7.68156532786527,-108.166785569147,-661.442619378088,1897
27,27,4,coordinated,-10.7567539792548,-92.3620877318907,-634.704257418507,1867
27,27,4,delayed_coordination,-7.74222190483061,-106.175761099747,-669.310595229703,2021
27,27,8,baseline,0,0,0,0
27,27,8,early_mover,-4.46810915454523,-82.6433353883488,-612.899151324723,2152
27,27,8,sequential,-9.92141951385651,-81.818691969453,-626.552116233487,1938
27,27,8,coordinated,-11.4067629278342,-87.0880212635247,-597.423492782495,1773
27,27,8,delayed_coordination,-8.92815725222555,-81.1210796648599,-642.325264102927,1984
28,28,2,baseline,0,0,0,0
28,28,2,early_mover,-1.47693463871977,-111.012101361082,-632.018765124664,2245
28,28,2,sequential,0.21533836753207,-112.923677025238,-672.904227527572,2360
28,28,2,coordinated,0.606243884309066,-118.979112986567,-734.406564192819,2651
28,28,2,delayed_coordination,-0.76785576768458,-114.074660471266,-681.906366949315,2314
28,28,4,baseline,0,0,0,0
28,28,4,early_mover,-5.38093729575725,-97.1420241297304,-679.736778886466,1998
28,28,4,sequential,-4.90265801012106,-109.061679616315,-769.04880926506,2198
28,28,4,coordinated,-10.0460739413212,-101.636379552333,-675.866977847042,1999
28,28,4,delayed_coordination,-7.42006891330925,-103.3296097158,-713.376860564409,1984
28,28,8,baseline,0,0,0,0
28,28,8,early_mover,-15.5728968791768,-73.4311183808531,-459.429064979583,1458
28,28,8,sequential,-14.6948390487312,-90.4074207912033,-589.510739507528,1642
28,28,8,coordinated,-11.7800652958565,-94.541020549281,-647.166012802166,1963
28,28,8,delayed_coordination,-16.158865643248,-88.0232428418339,-594.141536772852,1661
29,29,2,baseline,0,0,0,0
29,29,2,early_mover,6.61103872207852,-108.812394730763,-771.991093400939,2293
29,29,2,sequential,-1.40932984540478,-106.508068867677,-750.811739448083,2100
29,29,2,coordinated,-3.98747985594645,-88.7916336030092,-574.429554823563,1678
29,29,2,delayed_coordination,0.000925165187226185,-100.301344521894,-740.256824773772,2196
29,29,4,baseline,0,0,0,0
29,29,4,early_mover,-2.57799129105493,-88.6311842034859,-622.048872314138,1953
29,29,4,sequential,-3.19023282138519,-90.3360549610338,-710.702039590871,1979
29,29,4,coordinated,-5.77530591305421,-85.8304259372078,-665.141965350243,1964
29,29,4,delayed_coordination,-6.03087150713779,-90.1459247688067,-673.192134655905,1991
29,29,8,baseline,0,0,0,0
29,29,8,early_mover,-5.11891370363847,-89.5136974526587,-613.895392828146,1764
29,29,8,sequential,-12.8700688915009,-92.5362967454031,-617.367833944837,1685
29,29,8,coordinated,-8.30703640499061,-99.2360560092192,-654.251818217528,1725
29,29,8,delayed_coordination,-9.54556717112337,-95.5116335652851,-660.328495233035,1795
30,30,2,baseline,0,0,0,0
30,30,2,early_mover,-7.35011962000574,-56.6029089501232,-560.201081984753,1809
30,30,2,sequential,-2.50348420694058,-111.912589965875,-812.865587456365,2111
30,30,2,coordinated,-5.64558285722278,-100.299517283156,-700.075648021138,1880
30,30,2,delayed_coordination,-6.93386283468942,-65.7227127122541,-633.008447331026,1856
30,30,4,baseline,0,0,0,0
30,30,4,early_mover,-7.29238783618629,-81.5387785703878,-519.66708462957,1623
30,30,4,sequential,-9.14534172301924,-83.6662607011953,-592.304382265536,1709
30,30,4,coordinated,-11.3621389586348,-83.1400421213918,-535.699399609682,1694
30,30,4,delayed_coordination,-6.06460234631454,-91.8508039558637,-637.67752518845,1876
30,30,8,baseline,0,0,0,0
30,30,8,early_mover,-14.4504055024447,-69.6896594908608,-436.558776283078,1124
30,30,8,sequential,-19.370031040637,-65.5984449697899,-438.112575499166,983
30,30,8,coordinated,-20.5445439366197,-67.4051882864981,-392.471813919507,918
30,30,8,delayed_coordination,-17.5703928914748,-70.143530518806,-492.370947004029,1028
31,31,2,baseline,0,0,0,0
31,31,2,early_mover,-0.0682402685998511,-101.89964609374,-680.343498124149,2283
31,31,2,sequential,-1.59993037545902,-116.141383994157,-759.85530397866,2419
31,31,2,coordinated,-7.04348626841721,-108.391364195002,-682.388581530056,1997
31,31,2,delayed_coordination,-3.2196834190954,-108.157581205119,-723.765511811712,2339
31,31,4,baseline,0,0,0,0
31,31,4,early_mover,4.15249578607967,-105.369196761032,-747.262054122385,2406
31,31,4,sequential,-2.63329769480873,-105.679757215893,-765.848658226423,2346
31,31,4,coordinated,-9.67397497698568,-87.6696737180926,-660.607067594909,1681
31,31,4,delayed_coordination,-1.61957885903743,-111.172550599438,-779.872519098969,2389
31,31,8,baseline,0,0,0,0
31,31,8,early_mover,-8.28034039510079,-78.1894334576737,-579.002841084358,1709
31,31,8,sequential,-12.9066914427341,-74.1430426949873,-617.499873551198,1769
31,31,8,coordinated,-15.24172664023,-70.9421691179056,-573.655148831224,1621
31,31,8,delayed_coordination,-14.7185662794702,-72.581671295019,-584.861588873433,1638
32,32,2,baseline,0,0,0,0
32,32,2,early_mover,1.82162437135622,-89.4892286403412,-681.342849072738,2327
32,32,2,sequential,1.42682366304147,-112.820093886986,-785.692539938663,2274
32,32,2,coordinated,0.483611123847552,-120.954158960399,-712.266886352343,2095
32,32,2,delayed_coordination,3.13479783314483,-115.405620120173,-843.847510967182,2524
32,32,4,baseline,0,0,0,0
32,32,4,early_mover,-4.23945085174401,-108.143517498199,-648.749707122207,1829
32,32,4,sequential,-7.21244949986801,-112.284959553934,-694.042934233073,1729
32,32,4,coordinated,-8.09430378918258,-89.2890986861579,-613.114477857367,1576
32,32,4,delayed_coordination,-6.21454194191018,-111.684420749702,-718.310084458069,1811
32,32,8,baseline,0,0,0,0
32,32,8,early_mover,-10.5493603966734,-74.3193142974766,-583.1264188048,1681
32,32,8,sequential,-15.21871315326,-75.874404780674,-597.786095403442,1480
32,32,8,coordinated,-14.5503357501805,-81.1589584796137,-590.602481491144,1530
32,32,8,delayed_coordination,-16.1638760923714,-66.4186307795391,-563.795291923725,1519
33,33,2,baseline,0,0,0,0
33,33,2,early_mover,1.40930875912133,-124.33529071051,-743.41595536482,2504
33,33,2,sequential,-2.19868141607409,-140.774004258794,-807.464585094292,2396
33,33,2,coordinated,-3.39841297646728,-111.078968264085,-724.273291335358,2212
33,33,2,delayed_coordination,-1.23486882471792,-124.41489362413,-805.925051526807,2429
33,33,4,baseline,0,0,0,0
33,33,4,early_mover,-9.90618441431781,-104.791357556675,-630.759929487621,1924
33,33,4,sequential,-11.600552976172,-113.376142532966,-690.959302939052,1953
33,33,4,coordinated,-12.265517023292,-109.896762174416,-692.545736227056,1977
33,33,4,delayed_coordination,-13.1117425578445,-109.765381584251,-666.13671428046,1773
33,33,8,baseline,0,0,0,0
33,33,8,early_mover,-11.0771546386264,-83.4099343132334,-626.899377525703,1604
33,33,8,sequential,-18.8747997982552,-80.3489551429275,-589.282173354621,1290
33,33,8,coordinated,-19.2846117234026,-74.0195836138088,-555.128754695445,1240
33,33,8,delayed_coordination,-17.0090524842609,-81.7120920707744,-618.861037328204,1435
34,34,2,baseline,0,0,0,0
34,34,2,early_mover,6.22834084252551,-109.916958912622,-780.909247278275,2241
34,34,2,sequential,2.46260906248079,-110.486108381227,-772.724103587425,2218
34,34,2,coordinated,1.35917071106985,-111.184136369971,-740.001257446248,2126
34,34,2,delayed_coordination,3.87847468902442,-109.844604920885,-810.658724847845,2332
34,34,4,baseline,0,0,0,0
34,34,4,early_mover,-0.752047698714023,-85.0501539084279,-625.647692103906,1756
34,34,4,sequential,-3.10608524971059,-94.9312704922263,-675.468281556757,1831
34,34,4,coordinated,-4.00996607768387,-86.1591158292395,-634.067165492046,1743
34,34,4,delayed_coordination,-4.57812568579389,-90.3561754460388,-654.909567866343,1829
34,34,8,baseline,0,0,0,0
34,34,8,early_mover,-9.60610547540959,-61.3456851596107,-520.421396428303,1457
34,34,8,sequential,-13.4090746291032,-57.4832117889961,-499.318387214629,1224
34,34,8,coordinated,-13.6492110392036,-63.5928627552836,-524.637667841241,1471
34,34,8,delayed_coordination,-11.400192951824,-76.6516575771896,-553.98109602012,1501
35,35,2,baseline,0,0,0,0
35,35,2,early_mover,-3.4130852751474,-85.440996997793,-640.699255050492,1914
35,35,2,sequential,-7.1643570438417,-89.3403598939345,-661.464771626556,1961
35,35,2,coordinated,-5.69338722207543,-88.0453786243561,-691.818797870342,2182
35,35,2,delayed_coordination,-7.39459628758679,-90.1227596339182,-677.444195425515,2064
35,35,4,baseline,0,0,0,0
35,35,4,early_mover,-8.92551332747789,-83.825548696144,-531.231410966067,1528
35,35,4,sequential,-10.8084441695874,-86.2939457416416,-561.704215138331,1629
35,35,4,coordinated,-10.5040720986194,-95.3451767672099,-614.639216725821,1925
35,35,4,delayed_coordination,-12.8087571204244,-83.3071803164828,-542.636931277429,1601
35,35,8,baseline,0,0,0,0
35,35,8,early_mover,-13.1093514416601,-92.4290288667145,-508.428710780725,1432
35,35,8,sequential,-17.1019697898103,-90.1257920804792,-518.378755236035,1489
35,35,8,coordinated,-20.1069979640721,-83.6380544112837,-427.349919970307,1143
35,35,8,delayed_coordination,-16.0006975577372,-85.2223506800228,-502.704667765247,1441
36,36,2,baseline,0,0,0,0
36,36,2,early_mover,-5.64563952075935,-72.4154411405271,-547.346594849381,1712
36,36,2,sequential,-8.23838324872656,-76.360595287049,-580.600794873749,1637
36,36,2,coordinated,-14.7762491315558,-64.0713410573435,-473.216858005311,1269
36,36,2,delayed_coordination,-6.51183665091479,-87.8124809013295,-615.185837568773,1753
36,36,4,baseline,0,0,0,0
36,36,4,early_mover,-9.4386149594668,-87.2017018685113,-553.124074060486,1571
36,36,4,sequential,-12.3461454727495,-92.7259701040963,-569.438336524368,1529
36,36,4,coordinated,-13.4673238311178,-80.9221592061443,-530.077843997765,1571
36,36,4,delayed_coordination,-11.5725426957654,-97.4576856816789,-563.459283322911,1509
36,36,8,baseline,0,0,0,0
36,36,8,early_mover,-10.3763552520915,-76.5721339539381,-601.601906911605,1845
36,36,8,sequential,-14.6036516374594,-74.917022023952,-609.957196767922,1661
36,36,8,coordinated,-17.8209363638349,-74.3994618826502,-531.408174889211,1211
36,36,8,delayed_coordination,-14.4040339136347,-79.0180607672707,-625.987987872712,1625
37,37,2,baseline,0,0,0,0
37,37,2,early_mover,6.0764899439404,-124.308841504435,-727.046697821197,2545
37,37,2,sequential,6.83943558412159,-144.619136084176,-808.423797039997,2642
37,37,2,coordinated,2.51908311294932,-121.368840806916,-713.028359029707,2456
37,37,2,delayed_coordination,3.82886127367328,-139.353762770056,-786.862727936277,2598
37,37,4,baseline,0,0,0,0
37,37,4,early_mover,-5.30017298931062,-90.2764781813291,-594.409394717692,1895
37,37,4,sequential,-10.825075552203,-106.947811578002,-597.935754688997,1682
37,37,4,coordinated,-5.80282016957473,-116.237244459757,-684.405444594351,2185
37,37,4,delayed_coordination,-7.83844739519341,-101.781981644705,-619.396042570349,1861
37,37,8,baseline,0,0,0,0
37,37,8,early_mover,-18.0382459013834,-42.8006587274409,-352.896043675107,907
37,37,8,sequential,-19.5922365088244,-56.0773965199063,-421.314193998853,1045
37,37,8,coordinated,-25.0920581706852,-30.5968931559411,-284.067816456628,551
37,37,8,delayed_coordination,-18.8452456612386,-68.009229600232,-448.946963131993,1124
38,38,2,baseline,0,0,0,0
38,38,2,early_mover,1.05302244964295,-99.863373231381,-712.832447921114,2172
38,38,2,sequential,0.31734317442735,-112.437247851831,-771.088707041224,2286
38,38,2,coordinated,-1.85894382148004,-107.573971851051,-754.009251645766,2127
38,38,2,delayed_coordination,1.51492802518439,-113.476095948852,-800.235147879697,2246
38,38,4,baseline,0,0,0,0
38,38,4,early_mover,-1.28684427866105,-103.768964802098,-704.825545676875,2281
38,38,4,sequential,-2.99152104154906,-114.847299330723,-771.848752659904,2039
38,38,4,coordinated,-2.82873420745283,-109.233279378198,-733.172844713721,2019
38,38,4,delayed_coordination,-2.95049685866833,-110.354138677914,-757.485590057804,2108
38,38,8,baseline,0,0,0,0
38,38,8,early_mover,-6.71007352981569,-93.339459442059,-657.346541992703,1835
38,38,8,sequential,-7.7081635773785,-109.721952605703,-753.86829284935,1757
38,38,8,coordinated,-12.2906244789581,-89.5200464075761,-668.284183462446,1420
38,38,8,delayed_coordination,-10.6050856758195,-91.8269967463816,-688.677358197527,1627
39,39,2,baseline,0,0,0,0
39,39,2,early_mover,-12.0273471053145,-46.8330990239969,-435.792194362346,1328
39,39,2,sequential,-12.8679319897477,-55.500546652075,-484.703936719296,1397
39,39,2,coordinated,-9.05617004604508,-69.5786790384928,-540.953260784627,1562
39,39,2,delayed_coordination,-12.4579698055811,-54.4205138514581,-489.507125199996,1422
39,39,4,baseline,0,0,0,0
39,39,4,early_mover,-3.53557999207806,-122.755989160627,-690.636899592655,2275
39,39,4,sequential,-5.26692411024172,-129.174580606449,-730.048216660699,2226
39,39,4,coordinated,-8.85039603153513,-115.351155726041,-696.451405001835,2054
39,39,4,delayed_coordination,-5.19440109042303,-132.846810062627,-728.432349170136,2215
39,39,8,baseline,0,0,0,0
39,39,8,early_mover,-13.9140653833434,-98.5619404866787,-523.492630440459,1514
39,39,8,sequential,-15.3273515149365,-95.877650128043,-547.133367712758,1438
39,39,8,coordinated,-18.2116207101508,-95.2636962524959,-506.84877932173,1321
39,39,8,delayed_coordination,-17.3063935879435,-99.6739001631401,-507.473843150542,1378
40,40,2,baseline,0,0,0,0
40,40,2,early_mover,7.08912658746164,-108.852770272168,-818.790895140219,2653
40,40,2,sequential,4.99571517269942,-125.024393758546,-875.493730536344,2541
40,40,2,coordinated,6.97653428534534,-124.725390444199,-898.400853995133,2589
40,40,2,delayed_coordination,5.88860410343011,-123.519883005639,-891.620233541073,2691
40,40,4,baseline,0,0,0,0
40,40,4,early_mover,-0.546294730475083,-103.166029339023,-760.692982522664,2120
40,40,4,sequential,-5.79980274648705,-105.882402136312,-749.949241985387,2078
40,40,4,coordinated,-7.38338286761045,-93.0264888810603,-712.908552617507,2108
40,40,4,delayed_coordination,-5.09092091958468,-105.513789283196,-771.159592010443,2154
40,40,8,baseline,0,0,0,0
40,40,8,early_mover,-8.27849984700475,-78.2048137504516,-588.672236344437,1688
40,40,8,sequential,-14.2314825177421,-77.2472584338246,-582.353436541729,1478
40,40,8,coordinated,-19.4305761942452,-66.9845662027059,-499.781180268873,1222
40,40,8,delayed_coordination,-12.4226712916011,-91.2224642280487,-622.661478809127,1644
41,41,2,baseline,0,0,0,0
41,41,2,early_mover,3.17459765444383,-81.6936233887554,-671.957808266299,2404
41,41,2,sequential,4.07314169085208,-95.5786353977847,-722.135341319879,2408
41,41,2,coordinated,2.60432063611273,-101.834554778691,-692.063852886745,2388
41,41,2,delayed_coordination,2.73934128555635,-94.3904193605883,-722.737661701295,2416
41,41,4,baseline,0,0,0,0
41,41,4,early_mover,-0.0960983445615966,-84.7277468201191,-723.184736318533,2301
41,41,4,sequential,-3.14688920342898,-85.2870959692504,-703.062864547135,2163
41,41,4,coordinated,-5.13157481044999,-84.8066559223901,-649.213299529311,2018
41,41,4,delayed_coordination,-3.64561019341895,-85.8533603753407,-718.501362230958,2193
41,41,8,baseline,0,0,0,0
41,41,8,early_mover,-8.83917058493958,-83.1782644577361,-552.604806774714,1819
41,41,8,sequential,-8.01888676586523,-105.371234177448,-646.553198081225,1944
41,41,8,coordinated,-13.3265509431734,-89.2802488640172,-582.354216308109,1608
41,41,8,delayed_coordination,-6.79583732822022,-116.788696631281,-674.47469299769,1931
42,42,2,baseline,0,0,0,0
42,42,2,early_mover,3.09153609563248,-78.2005663369665,-670.460630746236,2379
42,42,2,sequential,5.76073376635495,-92.7317261533332,-769.427591029741,2431
42,42,2,coordinated,-2.02073834551942,-71.2080900886541,-623.728051364454,2052
42,42,2,delayed_coordination,4.55242312849634,-99.5928279898168,-760.412369821375,2411
42,42,4,baseline,0,0,0,0
42,42,4,early_mover,2.02821723045662,-91.5400342505205,-693.74631011202,2432
42,42,4,sequential,-1.13620329239197,-96.7019388079629,-715.200292565213,2397
42,42,4,coordinated,-1.51399971269717,-90.6208756853867,-666.240528605189,2308
42,42,4,delayed_coordination,0.71004399409793,-111.053861492748,-744.500824516106,2450
42,42,8,baseline,0,0,0,0
42,42,8,early_mover,-6.28437411647272,-85.5567178203782,-552.487323107261,1779
42,42,8,sequential,-7.7967005090178,-94.8131257063945,-560.258430760499,1716
42,42,8,coordinated,-9.61113721286236,-96.0345858048201,-541.210982610419,1530
42,42,8,delayed_coordination,-8.60586587603377,-93.8131442652905,-589.950509820793,1754
43,43,2,baseline,0,0,0,0
43,43,2,early_mover,4.28365163674272,-95.9546160378954,-727.731357226376,2388
43,43,2,sequential,1.7417771001858,-92.3206621528228,-768.420928443595,2336
43,43,2,coordinated,2.4937695612079,-85.1747277870703,-752.796038591074,2469
43,43,2,delayed_coordination,4.7714196245573,-102.259698770536,-787.687688640858,2549
43,43,4,baseline,0,0,0,0
43,43,4,early_mover,-5.89169776857187,-81.6058431994898,-653.377050320944,1955
43,43,4,sequential,-5.42329913054721,-104.701291882044,-731.028080705785,2142
43,43,4,coordinated,-8.45580285024178,-93.1687305419928,-659.406132179723,2031
43,43,4,delayed_coordination,-4.05008091719095,-100.971336487548,-742.404179129563,2150
43,43,8,baseline,0,0,0,0
43,43,8,early_mover,-11.9848447141391,-76.122339020194,-519.229209627453,1329
43,43,8,sequential,-15.2541358408024,-88.0897169128231,-538.876435588058,1347
43,43,8,coordinated,-16.849608960469,-83.3454763300016,-505.207468196046,1232
43,43,8,delayed_coordination,-15.5408198206751,-93.5936456196683,-541.148600297429,1337
44,44,2,baseline,0,0,0,0
44,44,2,early_mover,3.88271612331096,-125.330398692767,-784.764915940787,2568
44,44,2,sequential,-2.51998851365526,-126.384933880192,-791.728087263847,2424
44,44,2,coordinated,-2.83313472592177,-111.010960272604,-741.795627568504,2226
44,44,2,delayed_coordination,-0.00951758551343573,-127.49106929737,-815.421001072108,2633
44,44,4,baseline,0,0,0,0
44,44,4,early_mover,-6.29845947070771,-113.399786541662,-620.888161891455,1920
44,44,4,sequential,-9.78144554571713,-116.103251271117,-666.075844076114,2010
44,44,4,coordinated,-14.9011529751634,-65.1803886636615,-445.975075376478,1308
44,44,4,delayed_coordination,-9.713953392918,-113.429976437582,-674.995712858138,2020
44,44,8,baseline,0,0,0,0
44,44,8,early_mover,-5.83205672325083,-113.637116714855,-678.696692430633,1762
44,44,8,sequential,-11.5441422620372,-107.497338445863,-638.433640317638,1702
44,44,8,coordinated,-13.3220970377594,-89.139113906241,-606.94781284451,1694
44,44,8,delayed_coordination,-9.04475074303787,-111.571497461243,-725.383478211802,1847
45,45,2,baseline,0,0,0,0
45,45,2,early_mover,2.64162812065211,-72.4193906994685,-740.696271037948,2608
45,45,2,sequential,1.33395701003923,-83.824984928146,-844.015828590685,2794
45,45,2,coordinated,-1.73941329508446,-84.1073078766601,-769.880958993751,2819
45,45,2,delayed_coordination,1.30959714819534,-79.9969800419822,-810.959797159756,2778
45,45,4,baseline,0,0,0,0
45,45,4,early_mover,-7.84284244739425,-81.4707413520503,-670.40995011402,2055
45,45,4,sequential,-8.91695496152535,-90.8192037156446,-732.245051932013,2122
45,45,4,coordinated,-9.10478396700498,-99.8499864259613,-712.112220942804,2138
45,45,4,delayed_coordination,-10.0829027938167,-91.496855277753,-726.735452566653,2165
45,45,8,baseline,0,0,0,0
45,45,8,early_mover,-11.363848031317,-89.9089370723211,-633.87767202939,1739
45,45,8,sequential,-15.0797777497063,-91.7768343012945,-642.651053511657,1775
45,45,8,coordinated,-17.4902899467847,-86.0533432838699,-591.066919896956,1606
45,45,8,delayed_coordination,-16.9236031860312,-92.2518280157892,-601.139488093895,1608
46,46,2,baseline,0,0,0,0
46,46,2,early_mover,1.81661509178686,-111.144240470173,-686.637538886839,2144
46,46,2,sequential,-2.36148849114907,-104.836199201042,-682.551524117113,1978
46,46,2,coordinated,0.589951249323192,-118.735488134307,-711.663817833552,2252
46,46,2,delayed_coordination,1.47231293661626,-118.617062010049,-738.026501311976,2135
46,46,4,baseline,0,0,0,0
46,46,4,early_mover,-4.72809827728504,-96.0116553168992,-564.57616373794,1807
46,46,4,sequential,-5.19566415180125,-106.487126412301,-641.222517196788,1852
46,46,4,coordinated,-10.3717658860914,-90.2857010404664,-571.032083072783,1645
46,46,4,delayed_coordination,-7.05468168884086,-104.240419026841,-635.748168142523,1803
46,46,8,baseline,0,0,0,0
46,46,8,early_mover,-12.4165692244839,-83.4516517054468,-472.990670649022,1389
46,46,8,sequential,-13.6895190252328,-102.050934640786,-557.464132749555,1404
46,46,8,coordinated,-11.1369040293061,-87.8958393278449,-555.448994294299,1570
46,46,8,delayed_coordination,-15.2385054195247,-90.1592029772878,-509.392794523016,1365
47,47,2,baseline,0,0,0,0
47,47,2,early_mover,-2.23340378179577,-51.5006210536239,-621.633134615188,1869
47,47,2,sequential,-4.83256441457047,-55.6382474659375,-667.247512401184,1816
47,47,2,coordinated,-14.9787774124546,-56.0807174705133,-440.328930826162,1050
47,47,2,delayed_coordination,-5.09955260540961,-56.7117564736982,-683.944805602918,1683
47,47,4,baseline,0,0,0,0
47,47,4,early_mover,-2.16292439123944,-86.2267064781697,-679.469179205916,1958
47,47,4,sequential,-10.3549732464971,-85.194562243229,-598.459646088527,1629
47,47,4,coordinated,-11.2902358716474,-78.8945172990304,-537.226488799902,1387
47,47,4,delayed_coordination,-7.66575881702678,-85.684172747577,-620.095699455613,1730
47,47,8,baseline,0,0,0,0
47,47,8,early_mover,-12.1079778048642,-75.4770252406684,-526.670662857032,1390
47,47,8,sequential,-14.8860235683643,-84.6924183918096,-620.124424336072,1496
47,47,8,coordinated,-14.320888343344,-77.9946793131344,-593.589534606582,1351
47,47,8,delayed_coordination,-12.5877563132286,-92.478404222875,-652.665646798105,1571
48,48,2,baseline,0,0,0,0
48,48,2,early_mover,-5.68482467143038,-81.3388580656796,-585.33177953933,2065
48,48,2,sequential,-5.55255914862762,-102.172193334264,-652.848149783809,2203
48,48,2,coordinated,-1.05040245788967,-108.479523057673,-697.663899734437,2554
48,48,2,delayed_coordination,-4.88356264948838,-93.1432822192488,-655.208589278545,2209
48,48,4,baseline,0,0,0,0
48,48,4,early_mover,-9.00342975733383,-52.9791792140877,-526.549591704252,1717
48,48,4,sequential,-9.56608202069101,-67.8999034614744,-592.66070749665,1795
48,48,4,coordinated,-13.5946065316686,-63.9069539706548,-550.005801083446,1714
48,48,4,delayed_coordination,-9.71657253838211,-73.7083535386301,-594.242691540951,1779
48,48,8,baseline,0,0,0,0
48,48,8,early_mover,-11.6403818410365,-93.9864993566906,-609.049377265602,1793
48,48,8,sequential,-13.0351270767033,-107.133718286209,-649.161228220841,1832
48,48,8,coordinated,-12.7683745226433,-102.977526180554,-639.427915460051,1832
48,48,8,delayed_coordination,-11.443691273531,-121.173394082278,-708.207989241857,1976
49,49,2,baseline,0,0,0,0
49,49,2,early_mover,-6.42851431988035,-94.9728147580308,-555.989620519046,1550
49,49,2,sequential,-11.7697769408661,-101.484649823686,-558.806625521948,1365
49,49,2,coordinated,-13.3849278673166,-91.4006913821404,-477.404111436993,1364
49,49,2,delayed_coordination,-10.1470043143828,-103.634633251194,-584.471789565616,1524
49,49,4,baseline,0,0,0,0
49,49,4,early_mover,-8.81346799890704,-74.1680095045411,-534.209013799625,1671
49,49,4,sequential,-13.2059422007198,-82.9648250209339,-576.964958024325,1699
49,49,4,coordinated,-8.11139925516221,-100.233667209786,-642.68978502641,1945
49,49,4,delayed_coordination,-11.3408442362412,-81.6301777176876,-585.401398340668,1708
49,49,8,baseline,0,0,0,0
49,49,8,early_mover,-6.99524193693657,-89.0606464139177,-627.469016638958,1803
49,49,8,sequential,-11.05094786773,-95.2498295724588,-637.501124665419,1736
49,49,8,coordinated,-15.958567263872,-85.560660463914,-519.286239957123,1397
49,49,8,delayed_coordination,-10.135566754512,-98.1032727681538,-663.447242030022,1826
50,50,2,baseline,0,0,0,0
50,50,2,early_mover,-3.49419583432599,-88.2183607030764,-553.894242164023,2056
50,50,2,sequential,-5.92037167840598,-91.8695277057735,-623.296021599141,2023
50,50,2,coordinated,-10.6276152309843,-71.4685634471832,-555.83001548548,1895
50,50,2,delayed_coordination,-6.5849537618069,-91.7581914759501,-589.749701928177,1973
50,50,4,baseline,0,0,0,0
50,50,4,early_mover,-7.69638017454952,-88.1880284834696,-541.953293713175,1784
50,50,4,sequential,-7.98403439608565,-97.2633779921895,-587.167839728683,1799
50,50,4,coordinated,-6.8554735609614,-106.507276377891,-657.801957694998,1886
50,50,4,delayed_coordination,-7.21790091724893,-94.5146492094216,-613.391560910205,1871
50,50,8,baseline,0,0,0,0
50,50,8,early_mover,-14.7876849668725,-90.7825366738808,-473.993193159115,1440
50,50,8,sequential,-19.9525820695578,-77.2902160293439,-502.433067230967,1509
50,50,8,coordinated,-19.7056839623842,-81.3564974999265,-503.904745202853,1153
50,50,8,delayed_coordination,-16.1612286962876,-87.0758577960522,-533.681697406581,1563
51,51,2,baseline,0,0,0,0
51,51,2,early_mover,6.68526492299321,-125.692797078477,-753.882266068885,2636
51,51,2,sequential,1.77703577002825,-127.17908479927,-778.523563718833,2571
51,51,2,coordinated,2.56312525054022,-122.634320072916,-758.651319175401,2607
51,51,2,delayed_coordination,5.3584308044635,-136.950299611541,-818.984266765911,2703
51,51,4,baseline,0,0,0,0
51,51,4,early_mover,-2.31349222336152,-106.246315950454,-698.527977857358,2289
51,51,4,sequential,-5.44432534252195,-125.794316750469,-734.83021890617,2211
51,51,4,coordinated,-9.4105657395816,-115.137976186188,-669.975942613949,2108
51,51,4,delayed_coordination,-5.80324625227439,-126.676977267615,-745.211411652564,2233
51,51,8,baseline,0,0,0,0
51,51,8,early_mover,-11.9071959560246,-68.2547440264656,-530.575704260488,1662
51,51,8,sequential,-16.3211252936544,-70.5502410898358,-564.942191371136,1560
51,51,8,coordinated,-15.7188017657474,-68.1085856064733,-568.368995552026,1585
51,51,8,delayed_coordination,-17.3330155231461,-69.396274986434,-533.99816158803,1489
52,52,2,baseline,0,0,0,0
52,52,2,early_mover,-3.6302297463177,-86.178405401426,-472.350241649996,1685
52,52,2,sequential,-8.20477055628658,-90.5609232962011,-491.687027524098,1681
52,52,2,coordinated,1.37212505229948,-109.976069097158,-673.17729559095,2399
52,52,2,delayed_coordination,-5.34691302496213,-95.4308499707757,-516.32136249427,1770
52,52,4,baseline,0,0,0,0
52,52,4,early_mover,-3.07885048033238,-80.3579571368687,-523.627796126465,1890
52,52,4,sequential,-4.40305774142021,-99.4323452511196,-574.32857922893,1947
52,52,4,coordinated,-1.71424418480706,-79.8319116184532,-573.562992694541,1947
52,52,4,delayed_coordination,-4.34828152382832,-88.5014690609712,-573.635260550773,1998
52,52,8,baseline,0,0,0,0
52,52,8,early_mover,-7.37296973101631,-87.1313601903863,-530.162071515218,1711
52,52,8,sequential,-9.63710028884742,-93.3828160486584,-588.601534496658,1826
52,52,8,coordinated,-12.3010075062544,-58.3267946785692,-492.515799893623,1515
52,52,8,delayed_coordination,-10.7171097923952,-88.3159493092998,-550.427993364646,1723
53,53,2,baseline,0,0,0,0
53,53,2,early_mover,0.352542171850871,-81.6741867777791,-719.677526468629,2125
53,53,2,sequential,-3.79115312275481,-79.7382445764592,-715.154780536682,2082
53,53,2,coordinated,-0.997953371777086,-91.6044912645802,-722.920247939116,2157
53,53,2,delayed_coordination,-2.64966766264924,-94.5008551789861,-741.953028666532,2152
53,53,4,baseline,0,0,0,0
53,53,4,early_mover,-9.57144544771866,-94.2866307374062,-598.016968120693,1550
53,53,4,sequential,-13.8259437474314,-106.837893104522,-623.008293243916,1526
53,53,4,coordinated,-11.4288288784088,-90.8333718119212,-638.384109693748,1636
53,53,4,delayed_coordination,-13.4416410783684,-96.2559315687377,-603.169498569931,1576
53,53,8,baseline,0,0,0,0
53,53,8,early_mover,-10.5604582398227,-99.604546970399,-591.133777724676,1575
53,53,8,sequential,-13.2557899476336,-104.349121725926,-628.661457510362,1559
53,53,8,coordinated,-15.7868253781722,-99.9703460187636,-572.452660291993,1442
53,53,8,delayed_coordination,-9.60500837492221,-111.86901997205,-678.495428917168,1716
54,54,2,baseline,0,0,0,0
54,54,2,early_mover,2.88461725133419,-101.913259175942,-748.718247585699,2315
54,54,2,sequential,-1.96749895683786,-109.287231836848,-787.230729558467,2292
54,54,2,coordinated,-3.74994056496092,-109.686009762323,-762.022113561167,2274
54,54,2,delayed_coordination,-2.03332928176,-105.917512476111,-778.664512756467,2249
54,54,4,baseline,0,0,0,0
54,54,4,early_mover,-7.79122017564522,-89.6867624526212,-564.575492312506,1533
54,54,4,sequential,-8.58509285220441,-103.300001203852,-658.791575371542,1630
54,54,4,coordinated,-16.5880576102916,-83.5902534665536,-523.522549172973,1206
54,54,4,delayed_coordination,-10.812919106037,-88.5558966165223,-617.242911393058,1583
54,54,8,baseline,0,0,0,0
54,54,8,early_mover,-17.2738095500435,-75.0941176708146,-455.949876182299,1014
54,54,8,sequential,-25.2898854991149,-65.4600662883031,-386.339663262018,651
54,54,8,coordinated,-23.5847613826636,-70.9393202982392,-414.178788549788,860
54,54,8,delayed_coordination,-23.2817563696714,-75.0245845059745,-458.569144262025,897
55,55,2,baseline,0,0,0,0
55,55,2,early_mover,-7.41428772044361,-71.4642064537887,-576.637986715572,1609
55,55,2,sequential,-5.34017102511685,-105.271696050817,-703.377495966502,1890
55,55,2,coordinated,-4.80360421718528,-105.235101007949,-731.130071313065,2027
55,55,2,delayed_coordination,-7.59276425450768,-88.7180716520903,-651.958121999712,1767
55,55,4,baseline,0,0,0,0
55,55,4,early_mover,-7.70853394283527,-60.1507642229501,-586.474502082314,1570
55,55,4,sequential,-12.2339835478318,-71.4054653373615,-614.326131866353,1635
55,55,4,coordinated,-15.6810728823401,-70.2788767367031,-556.838243006549,1527
55,55,4,delayed_coordination,-10.0389254296731,-73.8428385600934,-648.502738704619,1733
55,55,8,baseline,0,0,0,0
55,55,8,early_mover,-14.0979628756323,-56.9432854483889,-525.779154083366,1277
55,55,8,sequential,-16.0935909118922,-96.6751065800879,-613.87564849321,1444
55,55,8,coordinated,-18.6963522050695,-80.7213309377227,-547.160084885458,1366
55,55,8,delayed_coordination,-15.5297386270275,-105.946292421916,-646.960662534959,1512
56,56,2,baseline,0,0,0,0
56,56,2,early_mover,-2.04099138805203,-75.6395579989806,-615.155088826944,2108
56,56,2,sequential,0.749160472475893,-85.7201962793881,-737.804838280486,2273
56,56,2,coordinated,-6.39186855687122,-68.1348165684936,-580.640072666619,1897
56,56,2,delayed_coordination,1.1540098891127,-85.6393304564143,-729.662307284349,2329
56,56,4,baseline,0,0,0,0
56,56,4,early_mover,-6.93203102464656,-79.0406636583706,-630.887515721011,1828
56,56,4,sequential,-5.70225091311515,-91.7031019453673,-715.208249283187,2051
56,56,4,coordinated,-8.42284082254248,-89.1196684942439,-654.582408321896,1777
56,56,4,delayed_coordination,-10.1313760294169,-72.3928251768875,-637.875696707031,1846
56,56,8,baseline,0,0,0,0
56,56,8,early_mover,-13.1869443590364,-82.0734634988571,-528.951642274154,1466
56,56,8,sequential,-19.4505044110459,-75.8323950421899,-527.556006398325,1226
56,56,8,coordinated,-16.4567831970942,-76.9963503864736,-562.950811849189,1325
56,56,8,delayed_coordination,-17.2201933759445,-79.6004895009942,-571.602102662575,1401
57,57,2,baseline,0,0,0,0
57,57,2,early_mover,1.99775794141104,-104.850167686765,-729.030227462886,2331
57,57,2,sequential,3.55148773299319,-120.639587158345,-810.882948972798,2446
57,57,2,coordinated,4.35018214784017,-119.941338925888,-810.890182136377,2503
57,57,2,delayed_coordination,0.833374880911066,-117.379142940967,-786.951481284374,2397
57,57,4,baseline,0,0,0,0
57,57,4,early_mover,-8.82658975135379,-80.475003547471,-521.731212864523,1270
57,57,4,sequential,-12.346429843421,-86.8001519983711,-556.886486204298,1354
57,57,4,coordinated,-11.7646939952351,-99.9649840667312,-583.97280837121,1383
57,57,4,delayed_coordination,-10.9440614896246,-83.5824825407597,-558.078110821279,1386
57,57,8,baseline,0,0,0,0
57,57,8,early_mover,-11.3136323340147,-115.807091797935,-544.878569118795,1192
57,57,8,sequential,-10.6763260394878,-131.409933047752,-666.716650800277,1403
57,57,8,coordinated,-14.8010677471192,-118.956763177648,-568.603923903271,1410
57,57,8,delayed_coordination,-14.635878976136,-121.415616048533,-562.311037016192,1292
58,58,2,baseline,0,0,0,0
58,58,2,early_mover,2.67228284491554,-136.533780611768,-728.474679841642,2439
58,58,2,sequential,2.38493372103591,-143.602011667793,-806.7504124659,2615
58,58,2,coordinated,0.791469768529169,-142.623191601081,-752.6787904066,2531
58,58,2,delayed_coordination,4.21221087471801,-154.462553293997,-826.063251680833,2580
58,58,4,baseline,0,0,0,0
58,58,4,early_mover,-4.26463466006783,-98.3106311060855,-664.513292756134,2273
58,58,4,sequential,-3.02817551355922,-110.575737502384,-728.004087114357,2261
58,58,4,coordinated,-3.45253635747461,-111.245975679755,-733.399492472387,2280
58,58,4,delayed_coordination,-3.48428149743069,-109.735429344883,-730.405387836225,2284
58,58,8,baseline,0,0,0,0
58,58,8,early_mover,-6.21574734901925,-104.627273391056,-679.088918059913,1952
58,58,8,sequential,-14.9117804081018,-102.012542909552,-647.762505983697,1662
58,58,8,coordinated,-9.90153439002994,-107.634999787885,-677.670089425702,1908
58,58,8,delayed_coordination,-9.94861379371446,-116.541107165866,-684.125903281976,1812
59,59,2,baseline,0,0,0,0
59,59,2,early_mover,-6.72033555560498,-107.226440176823,-637.073323606849,2209
59,59,2,sequential,-6.44708899438491,-119.240254310022,-701.925147803639,2243
59,59,2,coordinated,0.0346815963861928,-132.981551356872,-831.508471676271,2645
59,59,2,delayed_coordination,-6.12311864149979,-119.928256970113,-712.483878773926,2306
59,59,4,baseline,0,0,0,0
59,59,4,early_mover,-4.08532397517695,-93.7015393989965,-666.026489540883,1876
59,59,4,sequential,-12.1192782506036,-92.2088709732444,-575.471610325612,1617
59,59,4,coordinated,-18.8303826322752,-74.0034068799844,-411.765540396084,897
59,59,4,delayed_coordination,-12.334458772877,-97.4760430062116,-612.078035447594,1640
59,59,8,baseline,0,0,0,0
59,59,8,early_mover,-14.5415100893524,-77.4657724070601,-569.939406658526,1340
59,59,8,sequential,-18.6338076662815,-74.0263100738617,-561.542246185351,1268
59,59,8,coordinated,-18.7222191243265,-72.0844975566611,-541.906361937155,1300
59,59,8,delayed_coordination,-19.088261264796,-79.6651687336638,-566.440212733815,1108
60,60,2,baseline,0,0,0,0
60,60,2,early_mover,-9.41353840700408,-83.4961174154607,-442.207689780181,1414
60,60,2,sequential,-9.7873481655688,-97.9463282468786,-551.758983438771,1631
60,60,2,coordinated,-12.5900810120872,-95.1248476296085,-500.597717008053,1691
60,60,2,delayed_coordination,-12.4470056791228,-89.8754106170233,-499.840058723877,1535
60,60,4,baseline,0,0,0,0
60,60,4,early_mover,-0.379815341299476,-108.836437740626,-654.991338623129,1914
60,60,4,sequential,-6.82138293358302,-111.806816509497,-650.445937536698,1822
60,60,4,coordinated,-10.1716735796762,-90.1515453881514,-604.531178804211,1819
60,60,4,delayed_coordination,-6.1111131089754,-108.463745626086,-665.180376316622,1825
60,60,8,baseline,0,0,0,0
60,60,8,early_mover,-6.50136191884499,-82.8327581178666,-595.403357178383,1789
60,60,8,sequential,-12.5306176371121,-80.8198443163068,-615.504725306745,1676
60,60,8,coordinated,-12.0116762673302,-85.6857106049011,-607.092692430121,1782
60,60,8,delayed_coordination,-12.4401387708123,-98.1509028617735,-625.766298846245,1614
61,61,2,baseline,0,0,0,0
61,61,2,early_mover,1.05634886219575,-115.954581978176,-748.088905387347,2339
61,61,2,sequential,-1.60529469590801,-119.354676842608,-811.200449637096,2331
61,61,2,coordinated,-0.107287001567727,-119.188221589558,-782.410121524556,2439
61,61,2,delayed_coordination,2.06583996374901,-127.904996257378,-853.825233810947,2491
61,61,4,baseline,0,0,0,0
61,61,4,early_mover,-6.28007867574878,-102.033068060902,-679.759886046446,1841
61,61,4,sequential,-11.562741579719,-108.403596987541,-716.585932341673,1690
61,61,4,coordinated,-18.8350192094315,-86.1898953020757,-592.929999264432,1315
61,61,4,delayed_coordination,-8.60222190457115,-101.480969191491,-736.138743463945,1824
61,61,8,baseline,0,0,0,0
61,61,8,early_mover,-12.7741845795525,-101.954435627702,-603.898288967232,1607
61,61,8,sequential,-18.4428348820179,-94.476348672959,-604.942117888185,1463
61,61,8,coordinated,-21.2628714145109,-87.4208484767415,-518.887606112313,1194
61,61,8,delayed_coordination,-15.330904159407,-109.639142148336,-682.40328133218,1720
62,62,2,baseline,0,0,0,0
62,62,2,early_mover,2.4314122589704,-98.2956138142283,-741.934935592927,2351
62,62,2,sequential,3.08685202523873,-109.030139207582,-832.486861684424,2476
62,62,2,coordinated,-0.877177446423104,-102.934736233066,-776.617138404727,2439
62,62,2,delayed_coordination,2.39927712247052,-107.93645459222,-810.18060727182,2442
62,62,4,baseline,0,0,0,0
62,62,4,early_mover,-3.6033322441246,-98.9793757887466,-669.010761737021,2022
62,62,4,sequential,-6.77903594346047,-96.1090840640561,-703.550686199108,1948
62,62,4,coordinated,-9.2524556049818,-101.113003433562,-625.532456409429,1634
62,62,4,delayed_coordination,-2.77442120515096,-114.108220736618,-740.867029173501,2076
62,62,8,baseline,0,0,0,0
62,62,8,early_mover,-15.2330325822799,-69.5945887092577,-514.006965130041,1178
62,62,8,sequential,-15.5643783613809,-81.1848462859484,-583.504007691727,1287
62,62,8,coordinated,-15.8946702785088,-83.1133246393317,-588.104265650202,1502
62,62,8,delayed_coordination,-17.1528215528468,-74.4616039956526,-541.028849295758,1197
63,63,2,baseline,0,0,0,0
63,63,2,early_mover,-2.81939019926598,-112.578575847005,-681.85772917352,2225
63,63,2,sequential,-1.72169637204158,-114.851707487365,-749.945487956719,2438
63,63,2,coordinated,-1.08793711498448,-106.314712547133,-746.796547942096,2471
63,63,2,delayed_coordination,-2.74025869910386,-120.747718737073,-763.701575500528,2448
63,63,4,baseline,0,0,0,0
63,63,4,early_mover,-10.9835344310983,-82.6737721211994,-533.102977881973,1376
63,63,4,sequential,-14.2206344274653,-83.626802864834,-556.359804820033,1387
63,63,4,coordinated,-14.4111086629802,-91.2361610384158,-533.129722042156,1353
63,63,4,delayed_coordination,-14.1820580350814,-86.5399901438898,-553.342649212027,1357
63,63,8,baseline,0,0,0,0
63,63,8,early_mover,-12.7544727850841,-93.9928283867209,-563.50765758244,1556
63,63,8,sequential,-13.4956738751474,-107.0129592602,-631.226498388777,1633
63,63,8,coordinated,-14.7058915414009,-103.771927612053,-604.002678943987,1740
63,63,8,delayed_coordination,-13.4549963773155,-106.580982221809,-625.729150488283,1670
64,64,2,baseline,0,0,0,0
64,64,2,early_mover,1.31918477968341,-101.657320039384,-641.846082391658,2226
64,64,2,sequential,-0.62375731613767,-103.407691538833,-684.403523344554,2249
64,64,2,coordinated,-11.9644305353409,-90.2377517620469,-503.569584969337,1342
64,64,2,delayed_coordination,0.938853987776412,-104.318059294843,-689.535623964694,2265
64,64,4,baseline,0,0,0,0
64,64,4,early_mover,-0.962773747231338,-116.08617989861,-663.91404620409,2244
64,64,4,sequential,-3.25905648321569,-123.104612319193,-705.639381087724,2035
64,64,4,coordinated,-9.89282137979501,-102.126465293145,-610.165016899624,1788
64,64,4,delayed_coordination,-3.23028957382114,-115.395198176882,-715.343150645542,2118
64,64,8,baseline,0,0,0,0
64,64,8,early_mover,-3.24948363127579,-112.851731118293,-684.139390660938,1847
64,64,8,sequential,-10.6782574718497,-92.16745958243,-636.265056907926,1395
64,64,8,coordinated,-8.75744442611719,-111.517943628033,-673.60866762851,1748
64,64,8,delayed_coordination,-10.9629534948402,-110.854460311893,-658.556070313105,1608
65,65,2,baseline,0,0,0,0
65,65,2,early_mover,-0.375265293256263,-112.552765364656,-626.455512155417,2108
65,65,2,sequential,-0.278962455104278,-125.219432101879,-671.75324770763,2258
65,65,2,coordinated,3.22921630314852,-120.477256361288,-769.384335211416,2536
65,65,2,delayed_coordination,-0.68786979110601,-123.547798151866,-669.366315279878,2245
65,65,4,baseline,0,0,0,0
65,65,4,early_mover,-8.87063884306329,-83.2885079639486,-516.052296051036,1767
65,65,4,sequential,-8.04065060695517,-104.490531633845,-592.59154474885,1880
65,65,4,coordinated,-9.08993830604956,-99.6075196569155,-621.339763538962,1916
65,65,4,delayed_coordination,-8.30873600681656,-96.8394093000124,-577.996195086426,1871
65,65,8,baseline,0,0,0,0
65,65,8,early_mover,-14.9586715155526,-76.0372578233057,-431.792835843273,1225
65,65,8,sequential,-17.5386588057934,-77.0639980906421,-471.526010872201,1243
65,65,8,coordinated,-19.6933768643203,-73.6014464851686,-445.147088960935,1269
65,65,8,delayed_coordination,-18.1927917381296,-77.7209861010599,-429.635223037454,1149
66,66,2,baseline,0,0,0,0
66,66,2,early_mover,5.23706475564603,-122.050172016917,-760.291178854833,2539
66,66,2,sequential,6.26580638536282,-124.625067063106,-841.899429215707,2715
66,66,2,coordinated,-0.752045524990876,-111.581301772316,-696.263544133301,2352
66,66,2,delayed_coordination,6.192313360974,-131.302951368248,-854.556530922942,2687
66,66,4,baseline,0,0,0,0
66,66,4,early_mover,0.577759733950998,-122.752915887918,-719.423283879596,2218
66,66,4,sequential,-1.47261203632051,-126.370574941666,-757.363656527275,2223
66,66,4,coordinated,-3.74059215468209,-112.071398003477,-663.781956498462,2052
66,66,4,delayed_coordination,-1.0571018514913,-127.094419973147,-758.563552461874,2272
66,66,8,baseline,0,0,0,0
66,66,8,early_mover,-3.70221521108819,-116.854291337978,-692.902346255135,1940
66,66,8,sequential,-8.47247064928476,-101.738953207024,-651.992321132466,1884
66,66,8,coordinated,-10.9299453358308,-98.5233166629506,-631.635151525294,1801
66,66,8,delayed_coordination,-8.42461187507449,-114.038622382451,-684.492002373757,1912
67,67,2,baseline,0,0,0,0
67,67,2,early_mover,4.5545287085726,-103.954638912834,-732.420525306009,2496
67,67,2,sequential,-0.814873596418678,-95.535465432086,-730.677425010526,2510
67,67,2,coordinated,-13.278160706755,-75.7070784167346,-512.72496654218,1548
67,67,2,delayed_coordination,0.702798742528316,-99.3411940441395,-768.003989760487,2585
67,67,4,baseline,0,0,0,0
67,67,4,early_mover,-6.14891968812773,-113.921011325764,-630.427283511322,1939
67,67,4,sequential,-8.98152628604392,-116.947339831042,-675.766408667384,2087
67,67,4,coordinated,-6.86999286640548,-114.842242083262,-713.967517098704,2337
67,67,4,delayed_coordination,-8.61599395096806,-115.112146695763,-672.754364218495,2098
67,67,8,baseline,0,0,0,0
67,67,8,early_mover,-4.33091960139899,-105.366046179738,-689.649325371179,1993
67,67,8,sequential,-9.42563625081161,-114.27407653133,-726.05782131785,2015
67,67,8,coordinated,-13.4226135867282,-97.1643225610977,-656.418451905041,1866
67,67,8,delayed_coordination,-8.02722019749456,-119.624048026386,-749.612118663795,2100
68,68,2,baseline,0,0,0,0
68,68,2,early_mover,0.225735511085418,-113.022128368671,-695.599522272898,2397
68,68,2,sequential,-0.125982219776233,-128.433770320924,-804.17239942242,2562
68,68,2,coordinated,-4.2737622180845,-136.958642609734,-748.846609269329,2545
68,68,2,delayed_coordination,-1.01188154528759,-121.088969655606,-800.558510538012,2550
68,68,4,baseline,0,0,0,0
68,68,4,early_mover,-8.82324010571256,-100.806790059954,-637.75725968025,1900
68,68,4,sequential,-8.1078697249164,-105.286544941327,-743.136747367625,2086
68,68,4,coordinated,-11.5974490699007,-110.920214632503,-689.890162253125,2049
68,68,4,delayed_coordination,-9.06052583906316,-123.236904520934,-740.993956305763,1984
68,68,8,baseline,0,0,0,0
68,68,8,early_mover,-12.4063005337238,-105.781635582265,-567.2975862498,1559
68,68,8,sequential,-15.8803290147455,-115.653284431673,-645.360792319352,1545
68,68,8,coordinated,-14.3086645083238,-102.086458151221,-635.524944131037,1610
68,68,8,delayed_coordination,-11.216570378157,-118.838927902443,-705.048172553667,1644
69,69,2,baseline,0,0,0,0
69,69,2,early_mover,-3.13938455589656,-66.225308071915,-610.817393020598,2126
69,69,2,sequential,-2.03938419123182,-104.460859016949,-784.193125040915,2347
69,69,2,coordinated,1.93164475780705,-120.288493441471,-812.269863937584,2777
69,69,2,delayed_coordination,0.793981662408299,-108.834916002319,-819.168009475595,2367
69,69,4,baseline,0,0,0,0
69,69,4,early_mover,-10.709334627882,-45.896993788519,-546.998234986183,1747
69,69,4,sequential,-12.1692079634743,-88.0825657836232,-666.522545334155,1867
69,69,4,coordinated,-12.3325186801827,-74.6340598722572,-594.000539709119,1893
69,69,4,delayed_coordination,-9.39182491883209,-87.1651442037672,-705.47992938821,2013
69,69,8,baseline,0,0,0,0
69,69,8,early_mover,-10.3628968836334,-80.2378107655354,-554.886176825757,1642
69,69,8,sequential,-12.3624130940624,-81.6182712697888,-574.355813779312,1675
69,69,8,coordinated,-13.9375984583501,-78.7529373376007,-568.203888790987,1629
69,69,8,delayed_coordination,-11.3568136734724,-81.8843087721459,-590.966168085434,1666
70,70,2,baseline,0,0,0,0
70,70,2,early_mover,-2.47839647933721,-95.2187930761609,-700.009581464765,2395
70,70,2,sequential,1.00343069905824,-103.893783989089,-801.293338382847,2653
70,70,2,coordinated,3.12336555450217,-102.856557540736,-808.369931021756,2642
70,70,2,delayed_coordination,-1.20921546212503,-104.897662756555,-779.403530209652,2611
70,70,4,baseline,0,0,0,0
70,70,4,early_mover,-9.16903486112153,-74.6711544693698,-538.890053836474,1821
70,70,4,sequential,-9.0729374326275,-77.2849674818553,-624.380259069171,1795
70,70,4,coordinated,-13.5043860367127,-73.3232963865703,-563.567227795876,1558
70,70,4,delayed_coordination,-9.48697262865051,-78.9104342169018,-621.713259421186,1962
70,70,8,baseline,0,0,0,0
70,70,8,early_mover,-11.4691959596822,-73.4275675027777,-553.492418133464,1648
70,70,8,sequential,-13.6309383836614,-76.5814819973109,-559.315490436077,1624
70,70,8,coordinated,-7.96149061442721,-81.4623937573158,-639.643865138432,1982
70,70,8,delayed_coordination,-11.2847918682405,-83.2452445652011,-603.770399140704,1770
71,71,2,baseline,0,0,0,0
71,71,2,early_mover,-8.19612378181736,-79.3228998600951,-625.351847996692,1880
71,71,2,sequential,-10.960382649633,-94.0257573046206,-662.233867749163,1796
71,71,2,coordinated,-9.80531739524946,-98.2143661500042,-688.851515199464,2030
71,71,2,delayed_coordination,-8.88525242412736,-96.1835732450251,-698.474531648993,1867
71,71,4,baseline,0,0,0,0
71,71,4,early_mover,-15.9152563883114,-47.2219521793016,-491.473909036361,1351
71,71,4,sequential,-14.9489079821454,-62.1823900356631,-572.856454693936,1608
71,71,4,coordinated,-13.3510121281243,-95.4392518941775,-630.480075020183,1708
71,71,4,delayed_coordination,-14.967342201111,-60.6665424592984,-557.229150892001,1367
71,71,8,baseline,0,0,0,0
71,71,8,early_mover,-9.84611931835366,-92.9969813994109,-563.802415384796,1783
71,71,8,sequential,-13.7462866158865,-94.1335230683003,-569.679336845143,1717
71,71,8,coordinated,-11.4011411315626,-97.2300841295431,-606.44901069667,1863
71,71,8,delayed_coordination,-13.2768530949714,-96.1711380868597,-596.407033310936,1767
72,72,2,baseline,0,0,0,0
72,72,2,early_mover,5.68147045673278,-102.508665772946,-680.066118284341,2450
72,72,2,sequential,3.80501971306565,-107.091544831629,-704.973521562842,2262
72,72,2,coordinated,0.0934696842668075,-96.5895134073346,-617.213456532184,2137
72,72,2,delayed_coordination,1.63922801315486,-108.398611922864,-685.922831362236,2266
72,72,4,baseline,0,0,0,0
72,72,4,early_mover,-0.691775813587427,-93.7934352191719,-665.563673766279,2192
72,72,4,sequential,-1.42397948794073,-102.972692544786,-696.175219758513,2245
72,72,4,coordinated,-4.32665644390188,-96.9823936276539,-624.063972277352,2094
72,72,4,delayed_coordination,-2.25649073516148,-98.1729018357325,-688.658637975854,2258
72,72,8,baseline,0,0,0,0
72,72,8,early_mover,-8.02758025296703,-87.2707911001448,-614.165313060907,1728
72,72,8,sequential,-12.9125013051464,-90.3867109208183,-617.008819997596,1598
72,72,8,coordinated,-17.8769439578072,-52.354225221965,-489.816713819474,1329
72,72,8,delayed_coordination,-8.99137465218611,-99.2786313034403,-697.737907921311,1813
73,73,2,baseline,0,0,0,0
73,73,2,early_mover,-5.09723064953693,-106.958913640831,-637.893895385487,2196
73,73,2,sequential,-6.71216695735635,-110.381743598694,-674.810752096434,2270
73,73,2,coordinated,-0.630099547044011,-121.080817228432,-749.18012386384,2587
73,73,2,delayed_coordination,-5.62816213869985,-111.474299513994,-684.520942116789,2279
73,73,4,baseline,0,0,0,0
73,73,4,early_mover,-4.05824315886007,-113.937790566235,-693.846249107853,2105
73,73,4,sequential,-5.67861995232803,-122.118438232449,-744.234926034105,1980
73,73,4,coordinated,-11.7596716126657,-102.953089172858,-640.576448783068,1942
73,73,4,delayed_coordination,-6.87837008617898,-120.497736210012,-744.890100711455,2029
73,73,8,baseline,0,0,0,0
73,73,8,early_mover,-11.1702631939134,-101.338642877898,-600.078757483861,1741
73,73,8,sequential,-13.2808561761563,-111.652347525274,-635.44631838098,1728
73,73,8,coordinated,-18.0740270035729,-98.3659118803449,-521.094570054563,1359
73,73,8,delayed_coordination,-15.7769811776183,-105.005812430397,-616.104738915145,1662
74,74,2,baseline,0,0,0,0
74,74,2,early_mover,-8.87061176438482,-40.8836479139763,-480.098274073494,1606
74,74,2,sequential,-11.9660496815741,-43.9247407892379,-526.09837634901,1687
74,74,2,coordinated,-7.75725717775018,-82.264181552444,-608.34645995709,1985
74,74,2,delayed_coordination,-12.95781597004,-40.5053112730484,-496.893758832931,1681
74,74,4,baseline,0,0,0,0
74,74,4,early_mover,-5.00048857035394,-99.4737381043143,-610.69610530508,1676
74,74,4,sequential,-10.9562077643875,-99.0840328969215,-606.649293191693,1483
74,74,4,coordinated,-8.02827320704031,-92.1115509413609,-619.932704770646,1734
74,74,4,delayed_coordination,-9.80127081340964,-102.622432181624,-620.764721436613,1528
74,74,8,baseline,0,0,0,0
74,74,8,early_mover,-16.3984975739686,-69.254723583791,-389.795727360092,843
74,74,8,sequential,-20.2711176035125,-76.9959817481104,-422.099296471806,842
74,74,8,coordinated,-22.1772211757089,-82.078417407216,-384.699279663285,784
74,74,8,delayed_coordination,-19.729698376634,-80.3995673408485,-420.93799419641,841
75,75,2,baseline,0,0,0,0
75,75,2,early_mover,2.32227171658714,-124.611922341585,-754.010577897753,2319
75,75,2,sequential,0.855029273675129,-134.618896078981,-822.874740313332,2284
75,75,2,coordinated,-1.72199900096591,-117.959277746577,-811.07905257566,2280
75,75,2,delayed_coordination,2.24686191160283,-135.757458008283,-834.061594342657,2447
75,75,4,baseline,0,0,0,0
75,75,4,early_mover,1.56561907184684,-126.936360053287,-807.43283686581,2423
75,75,4,sequential,-7.03436483165885,-121.05253824735,-792.301947881701,2303
75,75,4,coordinated,-12.108307593839,-81.4957909267443,-555.572083635613,1594
75,75,4,delayed_coordination,-4.45780138524243,-121.453387370467,-815.096676328688,2320
75,75,8,baseline,0,0,0,0
75,75,8,early_mover,-3.84313272641684,-124.169667065112,-684.412417066272,1884
75,75,8,sequential,-9.59505007339322,-113.3611723246,-676.874610315408,1683
75,75,8,coordinated,-19.3652236727106,-78.1910498104464,-497.390389917454,1141
75,75,8,delayed_coordination,-13.1569395635908,-111.503973232823,-639.56301281189,1584
76,76,2,baseline,0,0,0,0
76,76,2,early_mover,6.12468274138203,-83.4793576113477,-653.450913037403,2400
76,76,2,sequential,1.65241286646807,-93.3173413743053,-678.612178065744,2373
76,76,2,coordinated,-0.8748599408991,-80.9651939138854,-664.813140002151,2336
76,76,2,delayed_coordination,2.3370774166894,-88.8240133841181,-710.579502921627,2410
76,76,4,baseline,0,0,0,0
76,76,4,early_mover,-5.67371251009956,-88.0451472554308,-598.857443488964,1952
76,76,4,sequential,-8.60782754884227,-93.4501311895251,-690.820400793071,2029
76,76,4,coordinated,-7.14900536838303,-108.21356458615,-668.523463422287,2130
76,76,4,delayed_coordination,-7.11821241131466,-109.338108164442,-695.823309704111,2078
76,76,8,baseline,0,0,0,0
76,76,8,early_mover,-8.26949946959641,-102.838328446899,-621.675620890324,1781
76,76,8,sequential,-12.0917680025882,-121.073739059594,-679.945815066131,1847
76,76,8,coordinated,-15.7632861141498,-92.176646300884,-571.29024222138,1585
76,76,8,delayed_coordination,-10.4499505955329,-108.423430032626,-689.753856670855,1750
77,77,2,baseline,0,0,0,0
77,77,2,early_mover,3.65520458686721,-95.8824764945069,-705.3284987855,2638
77,77,2,sequential,4.56917187713951,-97.8337475030751,-763.06533269308,2764
77,77,2,coordinated,8.58356362700708,-111.089336594458,-815.104419042083,2953
77,77,2,delayed_coordination,3.91525694118603,-104.094823337582,-768.150204503564,2762
77,77,4,baseline,0,0,0,0
77,77,4,early_mover,-5.8900654723984,-80.581871416619,-546.757044996736,1899
77,77,4,sequential,-4.24565250425077,-99.054021763015,-660.634814279634,2123
77,77,4,coordinated,-7.87674735017468,-95.9345656092047,-629.17944715896,2141
77,77,4,delayed_coordination,-6.32104488737514,-91.3623843833337,-643.349815083786,2014
77,77,8,baseline,0,0,0,0
77,77,8,early_mover,-6.17485171401376,-84.6457671271384,-652.035619265144,1944
77,77,8,sequential,-10.6250117935033,-88.9143334577292,-667.913368838183,1920
77,77,8,coordinated,-10.227283277202,-86.0580153078863,-649.042992405286,1966
77,77,8,delayed_coordination,-11.1228626119472,-84.4752667497104,-665.396062661701,1988
78,78,2,baseline,0,0,0,0
78,78,2,early_mover,-0.888547866064314,-115.137664030121,-645.879762679087,2296
78,78,2,sequential,-1.98675902983074,-115.260125024814,-695.826536316435,2369
78,78,2,coordinated,-4.17742112311926,-108.801878062698,-650.613225545663,2259
78,78,2,delayed_coordination,-0.336646380993827,-118.128006075907,-699.152121448686,2348
78,78,4,baseline,0,0,0,0
78,78,4,early_mover,-4.40603929823048,-95.3082122057313,-587.742806696126,1974
78,78,4,sequential,-13.5526481458935,-86.286572690335,-551.905928517132,1512
78,78,4,coordinated,-11.7748764380605,-101.276032419823,-551.49883298997,1338
78,78,4,delayed_coordination,-8.70061825267017,-96.3812264991591,-609.825119895333,1730
78,78,8,baseline,0,0,0,0
78,78,8,early_mover,-11.6989446935242,-88.8309198978704,-483.146297373675,1576
78,78,8,sequential,-16.19135751872,-79.946895781268,-489.006813966634,1540
78,78,8,coordinated,-19.1999024188151,-63.475403985694,-420.41715290384,1392
78,78,8,delayed_coordination,-15.6271107749163,-90.1612411344241,-490.640274108175,1434
79,79,2,baseline,0,0,0,0
79,79,2,early_mover,-1.55498242369652,-104.92839078985,-673.171977182168,2101
79,79,2,sequential,-4.85588042710445,-98.6441120460583,-700.560414611559,2005
79,79,2,coordinated,-0.312409740775962,-100.297037620528,-722.3961870418,2148
79,79,2,delayed_coordination,-5.29531865237682,-104.070368891697,-691.699476680892,2043
79,79,4,baseline,0,0,0,0
79,79,4,early_mover,2.98632222714218,-108.986962854701,-762.316341997538,2292
79,79,4,sequential,-0.996472281546716,-109.830627803132,-776.631164499228,2117
79,79,4,coordinated,-2.52979667550869,-110.617249967088,-760.108715414815,2093
79,79,4,delayed_coordination,1.17815673518569,-118.073157939835,-806.691067620201,2315
79,79,8,baseline,0,0,0,0
79,79,8,early_mover,-6.7105598329688,-110.834527206237,-677.157876440264,1913
79,79,8,sequential,-14.337121745402,-103.821029998855,-625.240954928764,1636
79,79,8,coordinated,-13.0811325259899,-83.8944789604388,-614.434387374483,1554
79,79,8,delayed_coordination,-11.4060192595167,-116.254093567361,-692.309777927875,1824
80,80,2,baseline,0,0,0,0
80,80,2,early_mover,2.25366099187471,-117.300800991649,-727.64479176171,2430
80,80,2,sequential,1.88782739910889,-124.267438746479,-776.755243898174,2494
80,80,2,coordinated,2.45439077745729,-124.101647415531,-724.884096053535,2440
80,80,2,delayed_coordination,1.87303937297639,-119.890433388239,-752.78056966379,2414
80,80,4,baseline,0,0,0,0
80,80,4,early_mover,-7.30698718014045,-102.28140547075,-618.734690400323,1979
80,80,4,sequential,-11.1863210114642,-95.9741623200756,-598.207152633863,1620
80,80,4,coordinated,-6.5362400681027,-115.411974045054,-678.679037073556,1969
80,80,4,delayed_coordination,-6.23640540505883,-106.850745510164,-694.718052464813,2013
80,80,8,baseline,0,0,0,0
80,80,8,early_mover,-13.6517698107851,-100.97517734346,-520.932808945386,1605
80,80,8,sequential,-15.5390841865608,-98.3070909020087,-552.209840193899,1453
80,80,8,coordinated,-16.4280467465401,-90.6088679589033,-498.348977015279,1496
80,80,8,delayed_coordination,-15.8495531881502,-101.946705328643,-567.962109439357,1542
81,81,2,baseline,0,0,0,0
81,81,2,early_mover,6.46982523730209,-95.0347669666468,-752.681149084695,2587
81,81,2,sequential,9.26433399479127,-104.357788066349,-860.737192455184,2794
81,81,2,coordinated,5.64141353009371,-95.2303203424804,-800.363503426568,2792
81,81,2,delayed_coordination,8.52506473595837,-104.207245333172,-832.955977290775,2755
81,81,4,baseline,0,0,0,0
81,81,4,early_mover,-3.20308061116779,-63.0452210303939,-619.691611476758,2071
81,81,4,sequential,-4.91736121292772,-73.5721391729994,-696.70126804239,2150
81,81,4,coordinated,-5.82322605584093,-48.5226515758828,-615.243914183163,2022
81,81,4,delayed_coordination,-5.06745335153353,-76.3427640922449,-681.425743884502,2054
81,81,8,baseline,0,0,0,0
81,81,8,early_mover,-5.75174581531144,-100.156561955138,-641.414504642593,2019
81,81,8,sequential,-7.78444807364255,-109.543339528705,-702.494619035115,2088
81,81,8,coordinated,-9.86147170540654,-96.1288299662419,-652.190341588922,1981
81,81,8,delayed_coordination,-8.26393901209451,-106.746469954587,-696.829024126481,2090
82,82,2,baseline,0,0,0,0
82,82,2,early_mover,-8.6279034338548,-79.733517121398,-499.74118335546,1711
82,82,2,sequential,-8.29657020108219,-83.5763780951227,-566.315080695198,1836
82,82,2,coordinated,-0.602558387739151,-97.3227609584341,-663.299179051631,2134
82,82,2,delayed_coordination,-7.98726745554642,-92.8325396547507,-564.971375156858,1884
82,82,4,baseline,0,0,0,0
82,82,4,early_mover,-3.26852448484019,-114.31509315763,-656.270639414806,1960
82,82,4,sequential,-3.72535203290417,-117.39192220402,-710.6073919496,1990
82,82,4,coordinated,-4.12927988699805,-107.404285781336,-639.620484296175,1936
82,82,4,delayed_coordination,-5.76834474143118,-114.714995201837,-681.650599753304,1846
82,82,8,baseline,0,0,0,0
82,82,8,early_mover,-12.4347536652398,-86.6557115042276,-563.980405160397,1576
82,82,8,sequential,-13.6251965253744,-92.2505175371932,-634.308804491385,1685
82,82,8,coordinated,-15.919210882479,-99.1910053739147,-566.708373486919,1396
82,82,8,delayed_coordination,-15.7601946853062,-91.9381610238624,-608.763173868108,1548
83,83,2,baseline,0,0,0,0
83,83,2,early_mover,4.82828812215607,-114.220155370186,-789.39810865754,2631
83,83,2,sequential,4.75073729978212,-125.237686278111,-856.303427045831,2734
83,83,2,coordinated,-1.52569634002997,-111.360922382391,-765.944249110287,2506
83,83,2,delayed_coordination,4.90955409218074,-130.897354281683,-877.631706838255,2767
83,83,4,baseline,0,0,0,0
83,83,4,early_mover,-4.1335630461343,-90.8709724191018,-671.232521458455,1973
83,83,4,sequential,-6.73259746663018,-99.8238271181895,-720.909035831914,1845
83,83,4,coordinated,-11.5044843574734,-94.6879718959549,-646.676644720602,1624
83,83,4,delayed_coordination,-3.29869269734782,-112.86743439606,-756.603281026817,2131
83,83,8,baseline,0,0,0,0
83,83,8,early_mover,-5.45392350146042,-97.2043178768576,-693.439115868315,1660
83,83,8,sequential,-11.7635086911029,-104.826913964305,-677.035911728502,1444
83,83,8,coordinated,-13.034813896022,-99.5242258579428,-679.35377799532,1538
83,83,8,delayed_coordination,-8.43973595807105,-101.980628887149,-708.866044927737,1564
84,84,2,baseline,0,0,0,0
84,84,2,early_mover,0.334205150996098,-97.8214104123035,-682.819559469448,2258
84,84,2,sequential,0.151267690877205,-109.465730795505,-743.318647958888,2414
84,84,2,coordinated,2.63075910823065,-111.237169153589,-768.610388378837,2613
84,84,2,delayed_coordination,1.72221076093842,-110.813598675532,-744.001200525436,2440
84,84,4,baseline,0,0,0,0
84,84,4,early_mover,-8.40097624751034,-89.7465669289855,-563.252123565946,1496
84,84,4,sequential,-5.83537636077513,-107.595535807388,-651.195960798984,1673
84,84,4,coordinated,-7.73493436695904,-90.3882424215866,-590.700531357064,1676
84,84,4,delayed_coordination,-9.10478537726409,-101.558484619129,-609.263122014188,1547
84,84,8,baseline,0,0,0,0
84,84,8,early_mover,-10.4729713217864,-65.0336668319965,-528.632044121483,1382
84,84,8,sequential,-11.2123154784194,-85.8953347050229,-620.340451533864,1454
84,84,8,coordinated,-10.3563837086619,-91.6867628705418,-614.170008983976,1656
84,84,8,delayed_coordination,-10.8253575057603,-82.5994075262817,-632.229083252075,1588
85,85,2,baseline,0,0,0,0
85,85,2,early_mover,1.15780661713725,-116.874672245868,-653.515306713045,2333
85,85,2,sequential,-1.51791075068319,-133.391790480203,-730.594742698226,2412
85,85,2,coordinated,-1.17768658261168,-118.637989738719,-682.67446965034,2391
85,85,2,delayed_coordination,-0.269539319627341,-130.999266112132,-720.562296040284,2415
85,85,4,baseline,0,0,0,0
85,85,4,early_mover,-1.79985787703887,-111.904444844717,-692.678158724484,2132
85,85,4,sequential,-5.01990224926908,-123.884962096075,-725.419864281891,2090
85,85,4,coordinated,-9.49119777197896,-102.001720946912,-603.624146095469,1695
85,85,4,delayed_coordination,-3.97110963276938,-120.77596654334,-748.388748545058,2180
85,85,8,baseline,0,0,0,0
85,85,8,early_mover,-16.5564735304675,-73.0330054873418,-421.261740531231,943
85,85,8,sequential,-15.8946789195899,-90.8043938157781,-537.257503983761,1133
85,85,8,coordinated,-18.1500857087115,-79.7997881256428,-474.30626929045,1215
85,85,8,delayed_coordination,-15.5138699222288,-90.4043754227771,-524.164799189781,1112
86,86,2,baseline,0,0,0,0
86,86,2,early_mover,2.94977525635247,-124.281177375722,-696.338219892683,2639
86,86,2,sequential,2.54965692770236,-137.071927895738,-751.914625148019,2730
86,86,2,coordinated,2.14991129492824,-133.288338281352,-743.824657027156,2730
86,86,2,delayed_coordination,3.48465184973614,-134.529869989346,-757.545652736771,2756
86,86,4,baseline,0,0,0,0
86,86,4,early_mover,-3.08432137300007,-98.9282461556872,-686.249721147088,2027
86,86,4,sequential,-6.91901568996541,-125.071745610587,-737.368187410231,2074
86,86,4,coordinated,-5.08194017287919,-125.350108245668,-738.785367067346,2341
86,86,4,delayed_coordination,-7.21399417972503,-94.3510849309193,-708.008241673969,2003
86,86,8,baseline,0,0,0,0
86,86,8,early_mover,-4.15705553718851,-102.73717264753,-712.704742488619,2178
86,86,8,sequential,-10.1003996015988,-103.835991590038,-684.425259780428,1869
86,86,8,coordinated,-13.235906155638,-94.2364738259971,-604.451338736161,1797
86,86,8,delayed_coordination,-9.51728349225678,-97.1516259409737,-702.360039203573,2056
87,87,2,baseline,0,0,0,0
87,87,2,early_mover,-4.6102101361179,-107.637158756491,-654.649171975153,1878
87,87,2,sequential,-7.08378838127709,-115.934915279894,-686.492286937631,1888
87,87,2,coordinated,-3.05852702207395,-134.707671711406,-726.467845763892,1919
87,87,2,delayed_coordination,-7.86026160784024,-118.021713141862,-677.860755489966,1830
87,87,4,baseline,0,0,0,0
87,87,4,early_mover,-9.91689656528229,-112.197948521024,-597.728688324658,1726
87,87,4,sequential,-12.3386266186661,-118.218201944142,-664.799367291205,1720
87,87,4,coordinated,-15.106219167341,-91.4993450726867,-570.656753690707,1450
87,87,4,delayed_coordination,-14.2025783824073,-115.738839480328,-624.891816850484,1512
87,87,8,baseline,0,0,0,0
87,87,8,early_mover,-13.3726787635134,-93.4742663207542,-539.134795930358,1418
87,87,8,sequential,-19.7930372446153,-97.1861735962082,-509.945414452304,1273
87,87,8,coordinated,-19.4401257649967,-90.5518504849691,-519.217085458323,1210
87,87,8,delayed_coordination,-19.2510569652687,-80.3739082340802,-500.444046871935,1244
88,88,2,baseline,0,0,0,0
88,88,2,early_mover,3.61063032215978,-123.896496863305,-670.097544903171,2249
88,88,2,sequential,-3.96208930843574,-125.529001297618,-620.428402054029,2166
88,88,2,coordinated,-5.24436379445153,-94.0414628725333,-575.607752731265,1880
88,88,2,delayed_coordination,1.16156378320909,-127.974689731563,-735.258758197085,2356
88,88,4,baseline,0,0,0,0
88,88,4,early_mover,-5.32379191269845,-94.3277954691955,-586.623940485516,1893
88,88,4,sequential,-7.62509511363889,-94.0786410143246,-620.866487809745,1968
88,88,4,coordinated,-13.3549198747245,-85.5853868877373,-537.392591516747,1658
88,88,4,delayed_coordination,-6.34504638240682,-100.478995329862,-657.872524722399,2048
88,88,8,baseline,0,0,0,0
88,88,8,early_mover,-9.10600340326204,-77.6482369113839,-547.850611706433,1712
88,88,8,sequential,-12.3059645637695,-80.5197274729511,-589.74297653814,1708
88,88,8,coordinated,-13.7541615021329,-67.1976746528495,-556.342970729788,1712
88,88,8,delayed_coordination,-11.1138974103254,-84.7192541257204,-609.65191206248,1816
89,89,2,baseline,0,0,0,0
89,89,2,early_mover,0.594045170636164,-121.915302673972,-663.16376419492,2342
89,89,2,sequential,1.75282514173308,-128.628107324658,-739.792074755734,2465
89,89,2,coordinated,-5.07814202430801,-90.5692067338155,-661.543055329076,2277
89,89,2,delayed_coordination,0.847888115962192,-128.109332428409,-757.854149344367,2509
89,89,4,baseline,0,0,0,0
89,89,4,early_mover,-7.58727213128272,-102.549739980616,-571.345650825273,1785
89,89,4,sequential,-8.60891101038028,-105.480041254338,-622.40179065713,1948
89,89,4,coordinated,-10.4824982821609,-107.449846381838,-627.854020225497,1967
89,89,4,delayed_coordination,-10.8703571609831,-107.296886174939,-613.318172220158,1854
89,89,8,baseline,0,0,0,0
89,89,8,early_mover,-11.8286065542442,-79.1212793262229,-516.638622682931,1688
89,89,8,sequential,-16.3008130624141,-101.095673568585,-578.612250550111,1595
89,89,8,coordinated,-18.7653635114929,-91.6079237892534,-526.095514980974,1393
89,89,8,delayed_coordination,-15.9996876400491,-87.8166081967219,-577.791677566719,1705
90,90,2,baseline,0,0,0,0
90,90,2,early_mover,0.878876612447954,-69.4730962015138,-603.278996256588,1952
90,90,2,sequential,-3.22883216602835,-80.3853525707527,-643.432980589943,1979
90,90,2,coordinated,-2.93053616674312,-80.5193612994786,-621.234330930419,1892
90,90,2,delayed_coordination,-0.940087089207339,-84.2501279011926,-655.826015420096,2127
90,90,4,baseline,0,0,0,0
90,90,4,early_mover,-8.48868748853434,-70.2253740969697,-537.957260812346,1704
90,90,4,sequential,-9.83645510635407,-79.4324437396263,-571.188073066092,1712
90,90,4,coordinated,-10.0011634115676,-70.2688899506994,-587.457277112112,1804
90,90,4,delayed_coordination,-9.27167860096679,-86.4739738639519,-620.656954697868,1795
90,90,8,baseline,0,0,0,0
90,90,8,early_mover,-10.8802294057037,-81.4513318510521,-522.468221794313,1488
90,90,8,sequential,-12.8949821119025,-83.9633710239864,-564.133699133877,1442
90,90,8,coordinated,-14.0281271870225,-84.2113642250122,-531.589039294582,1470
90,90,8,delayed_coordination,-14.4831969355092,-81.8594417535572,-521.047635915952,1352
91,91,2,baseline,0,0,0,0
91,91,2,early_mover,2.18714839415901,-104.041230194068,-668.852717203081,2207
91,91,2,sequential,0.470877486492725,-103.520455723868,-691.095083675825,2273
91,91,2,coordinated,4.13898671155007,-112.934152809634,-718.932651070868,2387
91,91,2,delayed_coordination,1.41289714486496,-112.063735954974,-737.044311582436,2308
91,91,4,baseline,0,0,0,0
91,91,4,early_mover,0.506839161014994,-101.940897476166,-691.973301254611,1966
91,91,4,sequential,-3.22526990778388,-98.7370464632784,-707.917691345069,1774
91,91,4,coordinated,-13.1248861972022,-76.6295106944881,-493.936487727193,1104
91,91,4,delayed_coordination,-0.866889137573963,-107.561721202371,-748.398818872775,1943
91,91,8,baseline,0,0,0,0
91,91,8,early_mover,-6.91987832516352,-94.6542160755777,-616.896472902099,1886
91,91,8,sequential,-6.50889867612437,-103.550236972385,-704.077272036827,1948
91,91,8,coordinated,-12.0759550387183,-94.1764008866147,-598.68226410787,1454
91,91,8,delayed_coordination,-9.24446609724978,-98.5790601178827,-651.596934875156,1905
92,92,2,baseline,0,0,0,0
92,92,2,early_mover,-6.11796366881769,-47.6424592382277,-521.523199220395,1780
92,92,2,sequential,-7.56215854502389,-51.0685658158683,-566.946496065858,1930
92,92,2,coordinated,-9.85961009046106,-54.7520015826752,-521.980012217189,1807
92,92,2,delayed_coordination,-6.69961048600113,-50.3625617626747,-570.901179337115,1825
92,92,4,baseline,0,0,0,0
92,92,4,early_mover,-9.62918164807961,-68.452899509075,-512.265807268484,1537
92,92,4,sequential,-11.891661767782,-63.0514240965158,-540.972751798048,1447
92,92,4,coordinated,-8.54031864377225,-85.7438626925011,-619.077079889085,1876
92,92,4,delayed_coordination,-13.9613744264101,-69.1459191749631,-528.620713273275,1468
92,92,8,baseline,0,0,0,0
92,92,8,early_mover,-14.3081722114561,-63.2531597630974,-493.51938994239,1381
92,92,8,sequential,-16.7575246010457,-71.0631129298254,-543.129704304338,1498
92,92,8,coordinated,-13.2130035215121,-68.1561062994561,-579.394681025444,1558
92,92,8,delayed_coordination,-16.8886945046449,-68.91041458914,-550.460084185241,1431
93,93,2,baseline,0,0,0,0
93,93,2,early_mover,6.98841792357955,-117.361064351646,-755.037556447758,2621
93,93,2,sequential,5.96168127752041,-127.423473768208,-816.406409845066,2656
93,93,2,coordinated,-4.0087273218533,-104.81112706638,-652.89472252442,2148
93,93,2,delayed_coordination,5.41805930874425,-127.808678823322,-806.892658008512,2662
93,93,4,baseline,0,0,0,0
93,93,4,early_mover,-8.84383136755736,-75.0644303836902,-566.884661522964,1674
93,93,4,sequential,-12.9690375927181,-76.9442177418953,-559.607917099834,1616
93,93,4,coordinated,-19.0899495116329,-61.8657797191164,-397.242459050924,1135
93,93,4,delayed_coordination,-12.6698700717387,-76.7966774661958,-550.942953566017,1553
93,93,8,baseline,0,0,0,0
93,93,8,early_mover,-11.6002306351019,-68.6690882501871,-519.127435064458,1347
93,93,8,sequential,-17.5560503011674,-52.525207486456,-440.735529195751,1082
93,93,8,coordinated,-19.6531231363256,-42.970861962054,-434.730027128616,1008
93,93,8,delayed_coordination,-17.3940667652315,-52.9675970884454,-447.648521537911,1104
94,94,2,baseline,0,0,0,0
94,94,2,early_mover,6.43540938422194,-130.638355216026,-794.987299818098,2226
94,94,2,sequential,1.46379887118323,-132.196274926369,-790.047998319453,2216
94,94,2,coordinated,1.26993768962495,-106.543907175398,-782.522905929206,2294
94,94,2,delayed_coordination,1.82416621657225,-127.27978996181,-802.273219141836,2244
94,94,4,baseline,0,0,0,0
94,94,4,early_mover,-0.280200714006071,-93.1668612691676,-701.680245049199,1772
94,94,4,sequential,-8.50461469639941,-96.5411926971964,-683.029085119512,1589
94,94,4,coordinated,-9.15752461940733,-88.020918436972,-654.722018201991,1505
94,94,4,delayed_coordination,-6.32207444418007,-92.0558236020308,-714.334570785862,1658
94,94,8,baseline,0,0,0,0
94,94,8,early_mover,-8.76832946706769,-72.8585904987752,-610.044849516638,1506
94,94,8,sequential,-14.1334570629309,-70.5435441001536,-607.88585399256,1562
94,94,8,coordinated,-11.0987585741951,-71.5731941199479,-623.573702777325,1652
94,94,8,delayed_coordination,-14.2182381086724,-72.6164658435673,-620.004634469877,1482
95,95,2,baseline,0,0,0,0
95,95,2,early_mover,7.58718747188144,-109.067003572271,-764.142034891258,2650
95,95,2,sequential,5.81867902525275,-119.424473556434,-807.99000110392,2659
95,95,2,coordinated,1.93266168875908,-113.725550319514,-740.857527335201,2548
95,95,2,delayed_coordination,5.75914761181153,-111.386867205168,-786.956651269154,2659
95,95,4,baseline,0,0,0,0
95,95,4,early_mover,-3.77274909549294,-78.0953713001961,-629.332420508035,2033
95,95,4,sequential,-5.05649671678994,-92.9162574085374,-707.263645883572,2080
95,95,4,coordinated,-10.8730508540542,-80.0052049066957,-569.089879437856,1756
95,95,4,delayed_coordination,-4.69992257009514,-95.3707388538441,-718.17485718556,2135
95,95,8,baseline,0,0,0,0
95,95,8,early_mover,-11.6311570339947,-78.9326333564151,-569.897097092742,1694
95,95,8,sequential,-14.7443501393685,-77.1574166664552,-580.488728772691,1573
95,95,8,coordinated,-14.5120075480644,-80.0559428087763,-569.585200334523,1665
95,95,8,delayed_coordination,-14.859534327672,-74.8623878297355,-575.111903782206,1658
96,96,2,baseline,0,0,0,0
96,96,2,early_mover,3.67476019051304,-119.105329852107,-761.252575913726,2568
96,96,2,sequential,1.55293509940685,-124.541817784109,-818.32355800477,2602
96,96,2,coordinated,0.56785443199368,-119.580536392667,-786.555516362822,2453
96,96,2,delayed_coordination,2.5047102017765,-125.664419966168,-819.031707616741,2633
96,96,4,baseline,0,0,0,0
96,96,4,early_mover,-4.14678869322248,-104.397308762797,-610.101909513042,1774
96,96,4,sequential,-7.32476843646896,-107.803516519194,-654.70588780574,1854
96,96,4,coordinated,-5.77581375139131,-113.490884793623,-708.838382575861,1953
96,96,4,delayed_coordination,-4.98469917105504,-121.374722028251,-697.449321874382,1882
96,96,8,baseline,0,0,0,0
96,96,8,early_mover,-9.79515067852351,-80.0245630455968,-596.421933555596,1736
96,96,8,sequential,-14.2035715625947,-91.7725213725579,-646.370683496867,1591
96,96,8,coordinated,-14.9869172835266,-90.494586143238,-607.209025679753,1557
96,96,8,delayed_coordination,-14.3628541813757,-86.8228824829138,-647.910551364223,1708
97,97,2,baseline,0,0,0,0
97,97,2,early_mover,-0.142300755382266,-107.048166803138,-658.248724565789,2105
97,97,2,sequential,-5.49205119257361,-99.6857202078648,-668.892405095473,2131
97,97,2,coordinated,-8.74479568224378,-98.6388712609759,-598.144507849951,1625
97,97,2,delayed_coordination,-0.0990454102703353,-134.400649656505,-764.239064049668,2337
97,97,4,baseline,0,0,0,0
97,97,4,early_mover,-11.150805023209,-61.2067714829717,-536.49250570226,1542
97,97,4,sequential,-17.5396969908325,-60.4627914911365,-524.638480122146,1375
97,97,4,coordinated,-18.81611951447,-41.3820983779074,-444.854229714849,920
97,97,4,delayed_coordination,-18.4483456121427,-55.9203172096148,-498.643433940022,1378
97,97,8,baseline,0,0,0,0
97,97,8,early_mover,-11.4577576214792,-80.453775047533,-550.239018728711,1533
97,97,8,sequential,-14.690556561008,-85.8019120283038,-606.952336876966,1531
97,97,8,coordinated,-19.6516441129233,-58.6951043176267,-497.995607067759,1229
97,97,8,delayed_coordination,-17.4253531703562,-78.0261432637765,-539.914576976063,1345
98,98,2,baseline,0,0,0,0
98,98,2,early_mover,2.18473331136903,-100.215910027208,-754.326933206575,2405
98,98,2,sequential,2.55840405906474,-116.103737428197,-814.047935972441,2535
98,98,2,coordinated,-4.14358269477495,-100.109566264719,-699.692111030542,2363
98,98,2,delayed_coordination,2.40004775683937,-117.956910075266,-827.448565265553,2509
98,98,4,baseline,0,0,0,0
98,98,4,early_mover,-5.52782894470178,-102.799694338824,-654.631694942808,1866
98,98,4,sequential,-10.5205285176092,-92.5020719191742,-636.205036753964,1691
98,98,4,coordinated,-9.07821820458071,-106.699355566272,-656.431918993094,1904
98,98,4,delayed_coordination,-5.95208771806017,-114.537008473196,-715.532069921928,1961
98,98,8,baseline,0,0,0,0
98,98,8,early_mover,-10.1141949679233,-97.6849030570098,-621.009593186799,1664
98,98,8,sequential,-13.7452677915545,-115.599018022902,-667.21283096048,1600
98,98,8,coordinated,-14.7873567404436,-101.012371361156,-627.754458846794,1726
98,98,8,delayed_coordination,-15.883751744743,-107.982352208036,-605.916339823685,1410
99,99,2,baseline,0,0,0,0
99,99,2,early_mover,-3.7950302662386,-102.476905429437,-607.450241343823,2285
99,99,2,sequential,-1.1572727163184,-111.312614264222,-737.23172601384,2433
99,99,2,coordinated,-8.55273529299382,-83.2236581319709,-535.502584922556,2025
99,99,2,delayed_coordination,-1.11815070096893,-108.963712587572,-723.985876372992,2453
99,99,4,baseline,0,0,0,0
99,99,4,early_mover,-10.0414037998036,-95.9876792612013,-488.043184257824,1657
99,99,4,sequential,-9.24019789051475,-103.848180488171,-595.91624673496,1804
99,99,4,coordinated,-12.1053300338158,-101.034612560505,-561.364455279043,1629
99,99,4,delayed_coordination,-9.83803236611411,-102.540411769291,-606.125212900103,1830
99,99,8,baseline,0,0,0,0
99,99,8,early_mover,-8.39903878759476,-121.443842194073,-653.407831949154,1870
99,99,8,sequential,-11.3268915186425,-121.136145585659,-675.324591614065,1766
99,99,8,coordinated,-12.8026205804696,-109.742454269675,-648.412502344203,1715
99,99,8,delayed_coordination,-11.8860318673116,-114.524115510068,-659.201588964321,1790
100,100,2,baseline,0,0,0,0
100,100,2,early_mover,2.78173503691086,-114.900308517427,-750.800808302604,2421
100,100,2,sequential,-0.366434585637151,-123.337335483634,-787.745694526299,2450
100,100,2,coordinated,-2.85302320291663,-117.203475801154,-731.964253363539,2370
100,100,2,delayed_coordination,-3.03829683285527,-116.372343584361,-735.545948599256,2298
100,100,4,baseline,0,0,0,0
100,100,4,early_mover,-8.9824073373663,-80.0453553486661,-555.764187951233,1485
100,100,4,sequential,-12.3647596778986,-92.7524593254399,-580.047426520389,1583
100,100,4,coordinated,-8.94933067048883,-91.4860148582383,-657.70501483077,1742
100,100,4,delayed_coordination,-12.8139733900957,-79.7707880168106,-549.474141615222,1443
100,100,8,baseline,0,0,0,0
100,100,8,early_mover,-12.0715037930958,-82.5772872114913,-522.566229245735,1289
100,100,8,sequential,-11.342029204051,-88.5810075431531,-638.264811679268,1632
100,100,8,coordinated,-16.3842165610978,-76.7242784229437,-525.880548748347,1316
100,100,8,delayed_coordination,-15.8589584148145,-82.0686880215958,-539.488490609227,1326
