replication,seed,beta,scenario_id,scenario_name,final_fitness,final_risk,final_trade,final_recovering_links,total_switches,local_switches,global_switches
1,1,2,baseline,Baseline,123.900796651557,380.077424328917,2604.69023306253,79,1539,530,1009
1,1,2,early_mover,Early Mover,123.112147589114,310.273484814602,2012.59342610094,187,3296,869,2427
1,1,2,sequential,Sequential,123.795805903734,268.308695429027,1800.47175267284,253,3570,957,2613
1,1,2,coordinated,Coordinated,122.540296060141,289.508937872813,1861.18478112144,215,3422,886,2536
1,1,2,delayed_coordination,Delayed Coordination,127.649239801376,263.159062315866,1755.41980549407,245,3733,968,2765
1,1,4,baseline,Baseline,123.409902094528,388.905688852563,2626.28447587375,77,1531,594,937
1,1,4,early_mover,Early Mover,122.312911826272,276.857362878702,1906.95515763826,223,3466,1063,2403
1,1,4,sequential,Sequential,123.149814504869,244.232515342964,1755.9857980025,245,3612,1112,2500
1,1,4,coordinated,Coordinated,117.270733718121,288.737803641952,1905.1838276424,207,3485,1102,2383
1,1,4,delayed_coordination,Delayed Coordination,122.572753333865,252.632127155263,1790.17362975759,243,3668,1117,2551
1,1,8,baseline,Baseline,122.172452677243,380.03850437311,2639.6302195189,74,1385,512,873
1,1,8,early_mover,Early Mover,112.320567403818,331.022737302774,2156.70180698574,163,2782,896,1886
1,1,8,sequential,Sequential,108.019353554668,320.76531750692,2062.31445853407,188,2885,959,1926
1,1,8,coordinated,Coordinated,110.154366072788,290.58949244774,1974.55527582431,184,3098,933,2165
1,1,8,delayed_coordination,Delayed Coordination,112.138174615926,308.294947573943,1981.64586652849,202,3006,970,2036
2,2,2,baseline,Baseline,123.568693558464,402.417260602935,2587.14240940591,90,1818,652,1166
2,2,2,early_mover,Early Mover,126.780043802122,268.427230712458,1679.5719834657,269,4626,1201,3425
2,2,2,sequential,Sequential,126.406703799615,250.392532386796,1595.46508671966,287,4731,1217,3514
2,2,2,coordinated,Coordinated,123.617805635303,244.960825662006,1628.10579852693,270,4716,1218,3498
2,2,2,delayed_coordination,Delayed Coordination,125.324153023126,253.059495088066,1617.68861155204,283,4709,1176,3533
2,2,4,baseline,Baseline,122.62599675657,393.21231572829,2604.53433086301,83,1741,638,1103
2,2,4,early_mover,Early Mover,124.70203551947,257.853408134083,1738.25049385161,261,4276,1226,3050
2,2,4,sequential,Sequential,121.897330502215,248.414320038528,1679.93733086594,280,4310,1297,3013
2,2,4,coordinated,Coordinated,121.671496601204,251.422633144648,1686.98449866941,254,4264,1174,3090
2,2,4,delayed_coordination,Delayed Coordination,121.585454017342,261.69632978306,1702.26697877439,265,4327,1270,3057
2,2,8,baseline,Baseline,121.497760585566,388.199636730729,2617.86502580483,95,1643,623,1020
2,2,8,early_mover,Early Mover,116.786924202183,264.372959651526,1820.53199069879,229,3726,1211,2515
2,2,8,sequential,Sequential,111.788711746556,286.513187709427,1855.97870635215,225,3610,1174,2436
2,2,8,coordinated,Coordinated,111.657786998201,278.573499591494,1879.15647668648,233,3603,1179,2424
2,2,8,delayed_coordination,Delayed Coordination,111.907437197046,280.590427485378,1849.64888495359,245,3681,1196,2485
3,3,2,baseline,Baseline,126.753235765219,407.478757231677,2581.50850381706,86,1671,595,1076
3,3,2,early_mover,Early Mover,130.426861387195,269.046825491372,1692.03311888595,257,4189,1129,3060
3,3,2,sequential,Sequential,128.008437394396,265.672136803329,1678.14698463794,263,4139,1119,3020
3,3,2,coordinated,Coordinated,128.957204950629,290.147152795905,1669.75269301168,260,4304,1156,3148
3,3,2,delayed_coordination,Delayed Coordination,130.048543945803,270.262945147298,1618.82093326213,248,4078,1092,2986
3,3,4,baseline,Baseline,127.376172453757,413.161971118621,2590.35879427508,82,1645,630,1015
3,3,4,early_mover,Early Mover,124.954933359321,296.37321999332,1833.18529342646,234,3773,1205,2568
3,3,4,sequential,Sequential,124.394326365786,277.430256894128,1754.00612631805,255,3835,1264,2571
3,3,4,coordinated,Coordinated,121.107439854344,292.677760004236,1773.24690828007,243,3877,1197,2680
3,3,4,delayed_coordination,Delayed Coordination,126.952231124834,277.039505705663,1685.19326665208,267,3979,1247,2732
3,3,8,baseline,Baseline,122.757494484828,422.189207279083,2704.11810837864,57,1168,434,734
3,3,8,early_mover,Early Mover,115.649571524898,314.848313939494,1971.48720819744,219,3171,1049,2122
3,3,8,sequential,Sequential,113.815635368504,301.510342791495,1930.46804200144,213,3172,1062,2110
3,3,8,coordinated,Coordinated,113.444881037843,300.173314912386,1917.03366724089,225,3345,1098,2247
3,3,8,delayed_coordination,Delayed Coordination,114.086193317757,299.256974354091,1925.22338166482,213,3164,1051,2113
4,4,2,baseline,Baseline,121.989153924868,388.93615422609,2568.56971243624,97,1884,526,1358
4,4,2,early_mover,Early Mover,124.914238341564,257.700617855741,1677.50232995565,278,4605,951,3654
4,4,2,sequential,Sequential,125.138982654679,248.64054932785,1584.58275314288,284,4721,1091,3630
4,4,2,coordinated,Coordinated,123.09523006586,288.059919754957,1689.49846989899,265,4298,1139,3159
4,4,2,delayed_coordination,Delayed Coordination,125.919850347561,245.690423899055,1549.65386708452,299,4738,1029,3709
4,4,4,baseline,Baseline,122.444222007046,388.222152444097,2567.15396998536,99,1891,525,1366
4,4,4,early_mover,Early Mover,125.078081098137,252.555685790038,1637.3771543941,268,4371,1062,3309
4,4,4,sequential,Sequential,121.494910688604,259.702654476614,1617.15460857784,280,4321,1131,3190
4,4,4,coordinated,Coordinated,117.437990668408,299.556569288894,1746.75276000042,253,4071,1131,2940
4,4,4,delayed_coordination,Delayed Coordination,122.440420067639,241.929156999902,1581.88206601595,285,4520,1160,3360
4,4,8,baseline,Baseline,122.069023994015,388.647109153855,2590.13679665617,90,1832,547,1285
4,4,8,early_mover,Early Mover,115.779484307452,293.918925950519,1837.39066604599,246,3832,1092,2740
4,4,8,sequential,Sequential,112.685022612827,272.876902108894,1767.38710799399,263,3857,1152,2705
4,4,8,coordinated,Coordinated,110.568605777755,288.885057432889,1838.01515291118,224,3584,1137,2447
4,4,8,delayed_coordination,Delayed Coordination,111.104588199863,287.579671716779,1805.62112444797,241,3768,1128,2640
5,5,2,baseline,Baseline,123.859101236689,378.867428548774,2480.66400563407,110,2272,510,1762
5,5,2,early_mover,Early Mover,131.966203879348,254.993860915858,1658.96975257776,270,4760,1016,3744
5,5,2,sequential,Sequential,129.813003140023,246.62524836962,1627.06077694049,258,4617,1052,3565
5,5,2,coordinated,Coordinated,128.367417745531,268.569391677121,1691.56001920659,241,4303,1139,3164
5,5,2,delayed_coordination,Delayed Coordination,129.499905262287,247.989317464078,1624.69668598085,262,4659,1026,3633
5,5,4,baseline,Baseline,122.999682145179,375.753072594,2500.85760980198,97,2156,480,1676
5,5,4,early_mover,Early Mover,118.895829097692,275.995270092931,1851.0569143788,227,3791,1078,2713
5,5,4,sequential,Sequential,112.559154489061,281.056372629668,1901.3216047123,218,3623,1114,2509
5,5,4,coordinated,Coordinated,110.70512797609,305.843030416939,1966.26207469496,174,3422,1063,2359
5,5,4,delayed_coordination,Delayed Coordination,113.833006391221,294.830909747808,1908.52551284766,203,3595,1094,2501
5,5,8,baseline,Baseline,121.363987375228,382.366866337903,2530.18553129942,93,2006,449,1557
5,5,8,early_mover,Early Mover,111.213235228948,273.519246323745,1930.56270328293,229,3616,1132,2484
5,5,8,sequential,Sequential,108.830410418155,277.543177606175,1887.33014772377,218,3556,1206,2350
5,5,8,coordinated,Coordinated,109.231562990437,310.117362758831,1955.78773327881,196,3544,1179,2365
5,5,8,delayed_coordination,Delayed Coordination,106.599926034627,284.967957051378,1934.29689032832,209,3570,1175,2395
6,6,2,baseline,Baseline,122.973017955959,361.28936532571,2491.03433709052,106,2042,639,1403
6,6,2,early_mover,Early Mover,134.150320770557,243.899965508605,1579.09810512196,275,4642,1124,3518
6,6,2,sequential,Sequential,130.346055173126,239.298294998675,1567.00227576952,268,4554,1200,3354
6,6,2,coordinated,Coordinated,126.857533662326,231.245331007687,1670.84192709131,264,4031,1075,2956
6,6,2,delayed_coordination,Delayed Coordination,131.00517453819,232.833135391489,1550.57809973332,273,4612,1148,3464
6,6,4,baseline,Baseline,121.975141289964,365.804511914658,2527.51690733263,96,1959,588,1371
6,6,4,early_mover,Early Mover,127.576854112926,254.933320135202,1672.51067823722,274,4362,1062,3300
6,6,4,sequential,Sequential,125.573045433173,248.224015472931,1651.62986315284,267,4351,1192,3159
6,6,4,coordinated,Coordinated,122.172575091648,257.18997343435,1678.96425575928,244,4238,1246,2992
6,6,4,delayed_coordination,Delayed Coordination,125.235227105998,247.560838443848,1662.12651273848,264,4293,1186,3107
6,6,8,baseline,Baseline,121.786605078524,366.268516563087,2518.41099336718,96,1927,615,1312
6,6,8,early_mover,Early Mover,121.388581731859,261.133857460729,1766.30269400219,249,3937,1184,2753
6,6,8,sequential,Sequential,115.348912378673,257.392653730722,1768.99287087065,227,3879,1222,2657
6,6,8,coordinated,Coordinated,107.383862036167,283.71826263686,1984.92669686425,205,3322,1082,2240
6,6,8,delayed_coordination,Delayed Coordination,113.613326499904,272.136341359971,1809.84402236614,229,3835,1173,2662
7,7,2,baseline,Baseline,126.26414266446,333.105302820742,2341.12451463068,130,2583,598,1985
7,7,2,early_mover,Early Mover,134.723361472687,203.689047982124,1443.12338556802,311,5047,1125,3922
7,7,2,sequential,Sequential,133.397187008891,196.071228783834,1399.6585949624,324,5207,1179,4028
7,7,2,coordinated,Coordinated,130.973372643485,191.688195377986,1476.37440473731,295,4926,1119,3807
7,7,2,delayed_coordination,Delayed Coordination,133.044269627854,197.185661739397,1412.51490588063,314,5132,1125,4007
7,7,4,baseline,Baseline,126.285880825954,335.424054168838,2353.91426159706,123,2547,619,1928
7,7,4,early_mover,Early Mover,119.142988874797,258.462191299714,1726.10463400483,226,4078,1077,3001
7,7,4,sequential,Sequential,117.81399162947,252.208906749522,1678.80086512606,245,4218,1112,3106
7,7,4,coordinated,Coordinated,118.805611715615,238.468990244378,1639.1037261194,257,4416,1135,3281
7,7,4,delayed_coordination,Delayed Coordination,114.575273335396,259.938565703739,1719.0633709251,229,4101,1065,3036
7,7,8,baseline,Baseline,123.06958020452,358.739825882805,2421.93473670764,115,2265,505,1760
7,7,8,early_mover,Early Mover,113.865385378637,275.559612908619,1763.18163657234,238,3834,1061,2773
7,7,8,sequential,Sequential,112.684792125267,261.2397395333,1690.48082699676,256,4005,1127,2878
7,7,8,coordinated,Coordinated,107.16761606293,276.427487344007,1843.93153502861,231,3739,1037,2702
7,7,8,delayed_coordination,Delayed Coordination,110.338720892942,270.305420439887,1765.39786519329,245,3882,1090,2792
8,8,2,baseline,Baseline,123.870317532769,334.823086070873,2410.87506211693,111,2208,514,1694
8,8,2,early_mover,Early Mover,124.806896044722,229.590848361681,1596.65486034236,278,4593,1060,3533
8,8,2,sequential,Sequential,122.246774580903,218.44021336727,1564.32973209222,274,4688,1097,3591
8,8,2,coordinated,Coordinated,125.118193436209,216.499108676454,1534.97399375695,279,4854,1122,3732
8,8,2,delayed_coordination,Delayed Coordination,121.176116575595,222.989546317397,1572.14344986732,277,4677,1113,3564
8,8,4,baseline,Baseline,124.411283169884,344.552030241259,2373.25748789315,115,2261,551,1710
8,8,4,early_mover,Early Mover,121.304060658927,231.665043898074,1622.71959232611,271,4371,1149,3222
8,8,4,sequential,Sequential,115.499857908592,234.378745888268,1653.78500417996,261,4294,1171,3123
8,8,4,coordinated,Coordinated,115.767971592379,237.377304898262,1697.90192502208,248,4227,1173,3054
8,8,4,delayed_coordination,Delayed Coordination,117.883489259908,229.822180146449,1617.73904854042,264,4358,1172,3186
8,8,8,baseline,Baseline,123.226902329535,343.012861300922,2429.22498485241,107,2104,531,1573
8,8,8,early_mover,Early Mover,109.722111721578,260.923462154853,1862.90118734694,226,3504,990,2514
8,8,8,sequential,Sequential,106.704030785555,252.074560179482,1833.17868016583,210,3483,1062,2421
8,8,8,coordinated,Coordinated,106.602121988065,259.642012001432,1814.83883494614,232,3636,1075,2561
8,8,8,delayed_coordination,Delayed Coordination,107.593419647432,255.418128790042,1809.29630984679,229,3565,1034,2531
9,9,2,baseline,Baseline,124.368075578415,381.314619703499,2540.76071126313,105,2094,711,1383
9,9,2,early_mover,Early Mover,135.248560772521,244.034998917026,1577.64774652886,295,4977,1245,3732
9,9,2,sequential,Sequential,135.861882057288,232.151937421681,1508.22029732345,308,5076,1270,3806
9,9,2,coordinated,Coordinated,126.330883014612,291.591960153416,1745.70661263287,264,4186,1188,2998
9,9,2,delayed_coordination,Delayed Coordination,134.283687960791,235.504354172133,1520.13368161956,306,5054,1222,3832
9,9,4,baseline,Baseline,126.134336117382,382.651208075247,2533.70637661774,102,2140,723,1417
9,9,4,early_mover,Early Mover,120.957762088491,262.874877904633,1756.3419483951,267,4176,1204,2972
9,9,4,sequential,Sequential,116.781642670766,260.378744118661,1795.72899660208,264,4113,1321,2792
9,9,4,coordinated,Coordinated,119.173098364895,268.676482254043,1741.29442952014,244,4152,1265,2887
9,9,4,delayed_coordination,Delayed Coordination,118.844664856434,259.289461261696,1708.31321384727,259,4244,1257,2987
9,9,8,baseline,Baseline,123.380699772768,388.299242911523,2576.77377323328,95,2022,641,1381
9,9,8,early_mover,Early Mover,114.503489923874,296.590711089797,1966.79273830398,217,3613,1196,2417
9,9,8,sequential,Sequential,111.594410912904,304.331208176195,1929.54670813076,221,3552,1245,2307
9,9,8,coordinated,Coordinated,111.330418007762,284.515884673884,1884.88190867941,214,3654,1217,2437
9,9,8,delayed_coordination,Delayed Coordination,113.155305244205,294.244581603973,1922.42701008469,215,3590,1227,2363
10,10,2,baseline,Baseline,121.273622119848,376.6959039758,2612.72031292726,87,1788,549,1239
10,10,2,early_mover,Early Mover,130.712204487607,249.630819267511,1702.96776466461,272,4666,944,3722
10,10,2,sequential,Sequential,130.134642890685,244.656467091036,1578.4017064065,291,4905,989,3916
10,10,2,coordinated,Coordinated,127.003739226502,251.631147736533,1632.64683843056,281,4905,1060,3845
10,10,2,delayed_coordination,Delayed Coordination,132.170100486008,239.472801731595,1538.76054849017,296,4984,972,4012
10,10,4,baseline,Baseline,121.12507650568,377.312450933345,2611.49638986085,87,1773,548,1225
10,10,4,early_mover,Early Mover,122.017903050189,269.116308479342,1830.55598704268,240,4265,977,3288
10,10,4,sequential,Sequential,121.872879253166,256.047833224991,1695.83250306106,269,4478,1031,3447
10,10,4,coordinated,Coordinated,121.812759230717,261.490199460016,1722.62174709098,273,4528,1120,3408
10,10,4,delayed_coordination,Delayed Coordination,122.184603967106,258.900664659112,1695.17254554805,274,4486,1092,3394
10,10,8,baseline,Baseline,120.938967095387,382.977735422677,2627.12535005859,83,1752,572,1180
10,10,8,early_mover,Early Mover,113.38516876919,284.301608036504,1911.28275427011,241,3715,1110,2605
10,10,8,sequential,Sequential,112.288637130215,282.438278245365,1808.15815859768,246,3817,1158,2659
10,10,8,coordinated,Coordinated,109.161513179944,283.725562328223,1920.99663759801,222,3723,1171,2552
10,10,8,delayed_coordination,Delayed Coordination,115.923656103521,269.430204925059,1764.21826982195,252,3942,1242,2700
11,11,2,baseline,Baseline,123.677760606044,356.089683538838,2511.8743934599,109,2142,519,1623
11,11,2,early_mover,Early Mover,127.911846701854,244.298402418786,1709.63401724203,272,4619,867,3752
11,11,2,sequential,Sequential,126.485592198494,229.49288082756,1640.41305888562,290,4651,948,3703
11,11,2,coordinated,Coordinated,127.574190573236,226.743251651225,1751.29687373248,271,4540,968,3572
11,11,2,delayed_coordination,Delayed Coordination,128.834726033622,228.832261912055,1616.43957888595,295,4747,930,3817
11,11,4,baseline,Baseline,122.538837882093,365.505860819239,2526.48078579143,107,2006,467,1539
11,11,4,early_mover,Early Mover,118.958112789984,271.051925374149,1899.99982054976,239,3863,906,2957
11,11,4,sequential,Sequential,120.06595640572,263.090725743482,1751.64306621395,256,4126,985,3141
11,11,4,coordinated,Coordinated,116.304090557919,263.573258379985,1824.60917131536,255,3996,953,3043
11,11,4,delayed_coordination,Delayed Coordination,119.239300542657,258.06742376554,1785.40466901081,249,3947,924,3023
11,11,8,baseline,Baseline,121.03053042904,367.176771972584,2555.31403421031,96,1898,454,1444
11,11,8,early_mover,Early Mover,107.736881011217,282.207083265284,2049.12187627269,198,3308,803,2505
11,11,8,sequential,Sequential,103.785343732361,277.272110424253,2040.83513231985,206,3309,822,2487
11,11,8,coordinated,Coordinated,107.816305983742,268.023384072411,1924.80617080643,238,3486,913,2573
11,11,8,delayed_coordination,Delayed Coordination,104.921704058809,274.030510292596,2035.69129587104,202,3269,824,2445
12,12,2,baseline,Baseline,126.004331579204,307.982069496203,2302.46491041496,144,2876,565,2311
12,12,2,early_mover,Early Mover,120.427160266736,247.771188211879,1649.51824241328,251,4609,942,3667
12,12,2,sequential,Sequential,124.246439596393,224.913618433145,1535.50604247364,286,4839,1030,3809
12,12,2,coordinated,Coordinated,126.115502133663,211.726947619274,1518.61628124057,295,5121,1136,3985
12,12,2,delayed_coordination,Delayed Coordination,118.989150534275,244.530945259395,1617.38856960282,258,4626,973,3653
12,12,4,baseline,Baseline,124.307217503296,331.763044993455,2367.7325189163,133,2709,545,2164
12,12,4,early_mover,Early Mover,117.251908989849,235.844539155758,1697.78157869462,253,4609,1082,3527
12,12,4,sequential,Sequential,117.814575683454,226.244614942255,1600.74997558391,264,4646,1135,3511
12,12,4,coordinated,Coordinated,119.328826163881,233.360795434952,1602.78675655517,292,4730,1154,3576
12,12,4,delayed_coordination,Delayed Coordination,118.900851897125,225.895532715774,1585.28815437803,268,4674,1119,3555
12,12,8,baseline,Baseline,121.651872139583,339.839430943937,2419.27857998816,112,2457,535,1922
12,12,8,early_mover,Early Mover,109.886166819255,265.770260673328,1843.88644307943,231,3857,1112,2745
12,12,8,sequential,Sequential,103.543399937098,264.698532360095,1852.05998366516,213,3734,1122,2612
12,12,8,coordinated,Coordinated,106.007929642062,271.206807090836,1840.36663885703,222,3807,1151,2656
12,12,8,delayed_coordination,Delayed Coordination,103.10970723677,274.16646137879,1892.979027394,190,3685,1108,2577
13,13,2,baseline,Baseline,122.575506990828,397.415424759169,2537.70434278234,109,2177,483,1694
13,13,2,early_mover,Early Mover,129.835737644134,222.699806376874,1526.32431750531,302,5042,1010,4032
13,13,2,sequential,Sequential,131.232008144144,222.266081720145,1392.56847774024,318,5153,1102,4051
13,13,2,coordinated,Coordinated,127.627887609256,236.387584983857,1486.64750363427,307,5094,1200,3894
13,13,2,delayed_coordination,Delayed Coordination,132.373287529454,216.291632585597,1380.62077279855,320,5183,1095,4088
13,13,4,baseline,Baseline,124.243023609303,377.687743761073,2454.8957992683,119,2364,514,1850
13,13,4,early_mover,Early Mover,120.847734091098,249.186874198747,1667.53457003904,280,4565,1212,3353
13,13,4,sequential,Sequential,120.20140661086,239.166262779787,1569.60241921477,309,4669,1318,3351
13,13,4,coordinated,Coordinated,116.783487151579,252.421879739488,1625.92295867292,261,4315,1281,3034
13,13,4,delayed_coordination,Delayed Coordination,119.737545883678,242.049734340509,1606.19914645275,283,4580,1297,3283
13,13,8,baseline,Baseline,120.363604128115,392.482938026313,2574.28077898759,89,1926,454,1472
13,13,8,early_mover,Early Mover,110.591842160026,272.667383255567,1863.06878673355,233,3779,1168,2611
13,13,8,sequential,Sequential,106.114495407128,274.674641108524,1826.50667647171,215,3671,1173,2498
13,13,8,coordinated,Coordinated,105.082476692952,274.769925098641,1862.19749213424,214,3526,1112,2414
13,13,8,delayed_coordination,Delayed Coordination,105.607021147818,271.420208767926,1854.02431118172,230,3656,1121,2535
14,14,2,baseline,Baseline,125.615609524137,351.044300149298,2499.81068527495,98,1892,514,1378
14,14,2,early_mover,Early Mover,127.805376105757,258.593888806962,1699.64362678643,257,4402,1072,3330
14,14,2,sequential,Sequential,126.264856904642,250.372348108614,1631.85285302282,265,4487,1097,3390
14,14,2,coordinated,Coordinated,132.30008846723,218.610107367736,1518.59918265148,291,4653,1216,3437
14,14,2,delayed_coordination,Delayed Coordination,126.173533737881,239.55513698814,1625.44166405518,276,4494,1117,3377
14,14,4,baseline,Baseline,123.875449154238,359.58021065883,2555.11600260768,87,1738,486,1252
14,14,4,early_mover,Early Mover,120.724760998912,255.727853800537,1805.59777208237,219,3732,1138,2594
14,14,4,sequential,Sequential,117.559176377306,254.048609814001,1777.74349913543,202,3657,1129,2528
14,14,4,coordinated,Coordinated,121.595032099686,239.966326459186,1678.73349408287,248,3869,1168,2701
14,14,4,delayed_coordination,Delayed Coordination,114.565827971312,282.036754452373,1855.20618800299,191,3542,1097,2445
14,14,8,baseline,Baseline,123.566623592819,357.003640246519,2556.02203890755,79,1672,447,1225
14,14,8,early_mover,Early Mover,117.953013519052,258.159955601023,1831.39412714402,233,3601,1117,2484
14,14,8,sequential,Sequential,113.432068053311,261.215536927591,1796.58849140048,230,3525,1045,2480
14,14,8,coordinated,Coordinated,111.04268254189,265.054449373732,1870.20223609992,216,3328,1048,2280
14,14,8,delayed_coordination,Delayed Coordination,114.779382862491,254.858506819752,1806.33735034873,227,3552,1129,2423
15,15,2,baseline,Baseline,124.17218066227,370.562819118866,2577.53840628728,99,1911,557,1354
15,15,2,early_mover,Early Mover,125.27675347833,229.117876935394,1775.68743860114,249,4005,900,3105
15,15,2,sequential,Sequential,123.575885948776,217.884690631112,1695.9474553803,265,4183,1022,3161
15,15,2,coordinated,Coordinated,124.961679585071,237.127585513445,1737.45767392795,262,4155,1114,3041
15,15,2,delayed_coordination,Delayed Coordination,125.381166325281,212.045210457325,1705.52904539621,250,4152,934,3218
15,15,4,baseline,Baseline,123.695300625095,369.101920317739,2565.16332384631,99,1896,513,1383
15,15,4,early_mover,Early Mover,120.776963739994,253.012198389068,1868.90036909945,223,3856,1058,2798
15,15,4,sequential,Sequential,119.394404160417,244.167126160611,1793.08643045997,251,3973,1127,2846
15,15,4,coordinated,Coordinated,120.671890069632,235.089836208596,1727.56532346342,238,4100,1117,2983
15,15,4,delayed_coordination,Delayed Coordination,119.82562739298,233.862223462918,1780.43505083674,238,3952,1135,2817
15,15,8,baseline,Baseline,122.999535673309,365.792595088048,2612.61932824521,87,1804,480,1324
15,15,8,early_mover,Early Mover,113.475235709964,280.056192443376,2035.07649593705,205,3340,1106,2234
15,15,8,sequential,Sequential,110.077439242188,271.047321988722,1975.18315814143,190,3323,1174,2149
15,15,8,coordinated,Coordinated,110.901446423568,260.001942555588,1931.20062920517,233,3500,1136,2364
15,15,8,delayed_coordination,Delayed Coordination,110.368237914509,262.922220310111,1959.93435897065,201,3423,1122,2301
16,16,2,baseline,Baseline,127.059315270299,329.812386092474,2344.31932862186,131,2494,638,1856
16,16,2,early_mover,Early Mover,128.718167536622,225.12919172471,1677.73088537143,237,4291,1214,3077
16,16,2,sequential,Sequential,125.933860969627,209.26766725319,1651.25703920656,247,4306,1192,3114
16,16,2,coordinated,Coordinated,121.157543619299,229.447335568559,1681.22501171988,251,4126,1213,2913
16,16,2,delayed_coordination,Delayed Coordination,130.787036062564,203.041389728799,1557.15162904632,278,4585,1213,3372
16,16,4,baseline,Baseline,124.373982222118,349.242642682057,2409.87022510275,117,2295,548,1747
16,16,4,early_mover,Early Mover,120.612719385895,265.159154081374,1862.64893338528,210,3645,1190,2455
16,16,4,sequential,Sequential,120.083274614578,245.303050847697,1802.55775446332,222,3774,1227,2547
16,16,4,coordinated,Coordinated,115.207392595186,250.575065213304,1854.92754518827,234,3742,1154,2588
16,16,4,delayed_coordination,Delayed Coordination,121.123040482823,244.903789352344,1787.51282176038,232,3788,1224,2564
16,16,8,baseline,Baseline,123.505905201207,341.83270383297,2427.7869672702,115,2131,596,1535
16,16,8,early_mover,Early Mover,108.430908944771,275.707388448356,1975.86844484382,202,3198,1059,2139
16,16,8,sequential,Sequential,105.501208022847,269.598293280208,1975.45864082442,176,3077,1038,2039
16,16,8,coordinated,Coordinated,101.19432485556,279.428242960056,2062.78442043403,176,2886,980,1906
16,16,8,delayed_coordination,Delayed Coordination,103.950483135436,269.188446125093,1986.18766856748,198,3128,1077,2051
17,17,2,baseline,Baseline,122.891989711205,379.861150923712,2537.17573749099,109,2226,438,1788
17,17,2,early_mover,Early Mover,129.9323912179,247.017490116298,1651.43021278237,288,4981,902,4079
17,17,2,sequential,Sequential,131.636461362605,235.043129176075,1547.86802292204,320,5128,995,4133
17,17,2,coordinated,Coordinated,132.829552154216,228.88408310002,1537.46426755145,310,5051,1064,3987
17,17,2,delayed_coordination,Delayed Coordination,130.219161087727,234.770973491231,1551.47361410479,302,5075,969,4106
17,17,4,baseline,Baseline,121.114785143167,383.40364612281,2576.56413544104,100,2086,398,1688
17,17,4,early_mover,Early Mover,120.640135458793,267.47349203927,1791.88962290524,248,4497,1077,3420
17,17,4,sequential,Sequential,118.943168618327,259.494317003325,1698.52372284901,269,4543,1191,3352
17,17,4,coordinated,Coordinated,116.560892408434,251.779193379,1763.27997962853,256,4362,1112,3250
17,17,4,delayed_coordination,Delayed Coordination,119.909318794966,244.594672163343,1690.68649840038,270,4541,1122,3419
17,17,8,baseline,Baseline,120.679751680446,385.053120848387,2600.39809573106,93,1971,390,1581
17,17,8,early_mover,Early Mover,112.256824264108,271.836646496397,1889.40576752152,252,3962,1062,2900
17,17,8,sequential,Sequential,109.401165649609,262.677302481828,1830.65214964432,259,3926,1122,2804
17,17,8,coordinated,Coordinated,104.208903622108,267.682003643797,2001.13684058482,180,3425,1087,2338
17,17,8,delayed_coordination,Delayed Coordination,110.727009659199,258.242301529022,1797.38919606101,242,3927,1107,2820
18,18,2,baseline,Baseline,124.535794314008,337.110469732126,2387.17223373132,117,2300,594,1706
18,18,2,early_mover,Early Mover,128.391520570314,236.399629962447,1512.45169337447,304,4925,1091,3834
18,18,2,sequential,Sequential,130.088417284846,227.649301605971,1480.85202578874,313,5077,1157,3920
18,18,2,coordinated,Coordinated,136.621257922054,213.325706196659,1436.89721494777,319,5354,1153,4201
18,18,2,delayed_coordination,Delayed Coordination,132.516238255776,225.617621330294,1448.74142446671,316,5054,1136,3918
18,18,4,baseline,Baseline,123.383552995967,347.590988160746,2418.31657658367,106,2137,591,1546
18,18,4,early_mover,Early Mover,122.694925819787,251.04153264618,1625.95985753568,274,4622,1179,3443
18,18,4,sequential,Sequential,124.790067988986,238.408107472954,1548.10305498924,287,4786,1276,3510
18,18,4,coordinated,Coordinated,123.888137202173,239.713276628113,1591.67341805511,291,4710,1227,3483
18,18,4,delayed_coordination,Delayed Coordination,126.092267653718,232.6263173716,1567.24390096756,302,4771,1202,3569
18,18,8,baseline,Baseline,122.204376729422,353.954138414895,2455.06810483828,105,2046,565,1481
18,18,8,early_mover,Early Mover,116.31678834925,274.939106538008,1738.83165648372,258,4116,1100,3016
18,18,8,sequential,Sequential,114.013190335823,264.441438237908,1714.36248513833,261,4099,1189,2910
18,18,8,coordinated,Coordinated,109.782651360639,275.83403618873,1852.03124543706,233,3772,1184,2588
18,18,8,delayed_coordination,Delayed Coordination,115.373323947713,261.313103267447,1668.35423910638,263,4251,1185,3066
19,19,2,baseline,Baseline,123.358944415551,351.920694641263,2483.12820472115,98,2102,601,1501
19,19,2,early_mover,Early Mover,126.06142626278,241.007814590731,1736.81277997083,265,4520,1115,3405
19,19,2,sequential,Sequential,124.953114409925,236.387414993769,1676.8920805277,272,4590,1154,3436
19,19,2,coordinated,Coordinated,126.759548460393,231.662030937306,1673.88762413912,271,4717,1224,3493
19,19,2,delayed_coordination,Delayed Coordination,125.003335637656,237.239849201012,1679.57243999124,268,4567,1108,3459
19,19,4,baseline,Baseline,123.762129921536,352.624674775641,2498.6291195112,102,2007,555,1452
19,19,4,early_mover,Early Mover,117.849598980091,268.42598095807,1877.79458047444,207,3637,1036,2601
19,19,4,sequential,Sequential,117.480791502563,262.842568317618,1810.66281029064,245,3803,1116,2687
19,19,4,coordinated,Coordinated,116.986586807054,248.364990738939,1805.44186786609,225,3919,1089,2830
19,19,4,delayed_coordination,Delayed Coordination,115.099228467207,268.975833243601,1881.61942944642,213,3695,1087,2608
19,19,8,baseline,Baseline,121.585367229709,366.059228392299,2548.9884968474,84,1829,489,1340
19,19,8,early_mover,Early Mover,117.541670465533,265.856293896716,1846.5470363806,228,3689,968,2721
19,19,8,sequential,Sequential,113.415283137857,265.549551115591,1825.39209277727,230,3705,1052,2653
19,19,8,coordinated,Coordinated,112.641377248362,248.80861023956,1805.52561124351,240,3831,1198,2633
19,19,8,delayed_coordination,Delayed Coordination,112.69245131235,266.070295008821,1811.00830240145,228,3710,1005,2705
20,20,2,baseline,Baseline,126.580127720568,333.978918518485,2384.14105391434,125,2441,586,1855
20,20,2,early_mover,Early Mover,127.301157955987,251.371678163021,1677.2628901251,257,4588,943,3645
20,20,2,sequential,Sequential,123.306666396306,245.719984641549,1675.91952432305,253,4497,952,3545
20,20,2,coordinated,Coordinated,127.390247447761,237.083219569891,1635.26190897617,266,4676,945,3731
20,20,2,delayed_coordination,Delayed Coordination,124.305499500757,246.575162955971,1654.60147563293,260,4564,911,3653
20,20,4,baseline,Baseline,124.905690147808,340.092483468099,2417.11303483285,125,2322,558,1764
20,20,4,early_mover,Early Mover,128.024132176978,239.588289406905,1634.8416520532,276,4550,1004,3546
20,20,4,sequential,Sequential,123.002720365693,239.811331460789,1627.52536763852,260,4489,1027,3462
20,20,4,coordinated,Coordinated,115.206110396705,259.708541397764,1843.2588076616,214,3921,911,3010
20,20,4,delayed_coordination,Delayed Coordination,122.404290330145,251.341994297433,1666.10371202958,263,4466,1004,3462
20,20,8,baseline,Baseline,122.976362705774,368.536212070466,2483.62252809552,112,2176,566,1610
20,20,8,early_mover,Early Mover,106.850320299131,288.721960585697,2011.23234112248,176,3243,891,2352
20,20,8,sequential,Sequential,101.581297203699,292.716707223645,2031.77086295361,172,3155,881,2274
20,20,8,coordinated,Coordinated,105.607046028239,265.222755003768,1909.68378240831,201,3364,882,2482
20,20,8,delayed_coordination,Delayed Coordination,103.657350107736,290.965289376326,2004.58218787953,170,3255,876,2379
21,21,2,baseline,Baseline,122.28121204934,386.662490776207,2567.47500420604,90,1977,525,1452
21,21,2,early_mover,Early Mover,129.532128672147,262.662148482122,1734.07986061889,256,4550,980,3570
21,21,2,sequential,Sequential,128.941617840333,246.179415178022,1658.45599899348,257,4446,992,3454
21,21,2,coordinated,Coordinated,126.549848715656,283.526120182951,1696.04467354932,254,4421,1082,3339
21,21,2,delayed_coordination,Delayed Coordination,130.965074377345,246.969065760705,1610.6329146396,283,4633,1037,3596
21,21,4,baseline,Baseline,122.069413653323,392.819814427912,2569.53673767079,89,1936,565,1371
21,21,4,early_mover,Early Mover,117.512501605939,298.793053907179,1904.18351828957,233,3879,1052,2827
21,21,4,sequential,Sequential,116.830416830135,285.28397737668,1815.80279194973,233,3942,1030,2912
21,21,4,coordinated,Coordinated,119.139359869121,275.181757246019,1800.73561008454,233,4125,1217,2908
21,21,4,delayed_coordination,Delayed Coordination,117.145906206166,285.663424171632,1812.63515303371,245,4022,1015,3007
21,21,8,baseline,Baseline,121.425144979219,390.100828413946,2589.4408883381,88,1860,568,1292
21,21,8,early_mover,Early Mover,112.823170354956,286.355920673093,1919.39954513218,235,3645,1117,2528
21,21,8,sequential,Sequential,109.596141253553,285.086692559648,1881.05922600157,231,3637,1130,2507
21,21,8,coordinated,Coordinated,103.15496483675,335.310669944787,2088.36722595242,141,2896,1004,1892
21,21,8,delayed_coordination,Delayed Coordination,109.330361447464,287.726308929169,1879.45665387321,203,3578,1166,2412
22,22,2,baseline,Baseline,125.232884003142,366.836560018727,2365.32844667147,129,2484,684,1800
22,22,2,early_mover,Early Mover,130.594550266018,248.653542422902,1557.88506755094,295,4950,1067,3883
22,22,2,sequential,Sequential,131.330798864646,238.01809880324,1474.8834811041,317,5126,1080,4046
22,22,2,coordinated,Coordinated,121.541710960901,260.152456747643,1719.25429669953,266,4654,985,3669
22,22,2,delayed_coordination,Delayed Coordination,129.170806726012,230.347000812568,1487.57878988674,313,5037,1089,3948
22,22,4,baseline,Baseline,123.838041390419,374.045860159719,2412.9909957533,117,2313,571,1742
22,22,4,early_mover,Early Mover,116.472124410815,260.098263089054,1807.4775106658,218,3970,914,3056
22,22,4,sequential,Sequential,111.352977136558,260.99535340219,1825.9855847871,205,3708,935,2773
22,22,4,coordinated,Coordinated,115.335883381478,254.241738133646,1767.79857213825,222,4169,1001,3168
22,22,4,delayed_coordination,Delayed Coordination,115.700391876891,242.936026985303,1757.74750649891,231,4025,921,3104
22,22,8,baseline,Baseline,121.881814518507,378.764500421331,2453.89280469471,101,2034,543,1491
22,22,8,early_mover,Early Mover,112.629789178872,274.429041636147,1856.81674677814,227,3490,1094,2396
22,22,8,sequential,Sequential,107.807352756665,277.353516025565,1865.47473119218,211,3450,1056,2394
22,22,8,coordinated,Coordinated,108.38022114065,272.821438670895,1864.71523022717,212,3536,1002,2534
22,22,8,delayed_coordination,Delayed Coordination,110.059104341123,271.74657140717,1828.7440672382,220,3514,1061,2453
23,23,2,baseline,Baseline,126.232470869232,368.353129583143,2414.29225520963,114,2239,667,1572
23,23,2,early_mover,Early Mover,123.914550933001,251.926259486365,1730.44750881002,246,4247,1157,3090
23,23,2,sequential,Sequential,124.632122037531,244.166616511504,1647.84690802483,262,4346,1191,3155
23,23,2,coordinated,Coordinated,129.068152722514,236.515704179557,1552.35853281667,287,4733,1346,3387
23,23,2,delayed_coordination,Delayed Coordination,125.348221094349,236.300266692281,1627.30029639623,266,4371,1232,3139
23,23,4,baseline,Baseline,124.430330110819,383.570648273512,2492.86880677941,98,2000,705,1295
23,23,4,early_mover,Early Mover,120.716132685015,264.807329242934,1705.96467808458,261,4236,1270,2966
23,23,4,sequential,Sequential,121.261171851284,248.968470540011,1607.34906394029,282,4382,1365,3017
23,23,4,coordinated,Coordinated,120.013522684445,254.392294395647,1686.39328910855,253,4079,1296,2783
23,23,4,delayed_coordination,Delayed Coordination,118.717481797913,252.967442198565,1641.74248333344,260,4288,1284,3004
23,23,8,baseline,Baseline,123.549383221586,380.037232881515,2496.19976818789,98,1915,668,1247
23,23,8,early_mover,Early Mover,113.706554806447,275.125194013345,1817.4975581142,243,3703,1236,2467
23,23,8,sequential,Sequential,109.821978926139,271.348756663597,1778.105982413,238,3698,1257,2441
23,23,8,coordinated,Coordinated,111.262029408825,268.340667889819,1789.63031808204,203,3532,1224,2308
23,23,8,delayed_coordination,Delayed Coordination,111.416080230711,267.371698506554,1791.6018988981,226,3646,1262,2384
24,24,2,baseline,Baseline,123.643341144501,343.961651880474,2401.86102562772,119,2425,502,1923
24,24,2,early_mover,Early Mover,130.941514705902,221.702023069367,1554.53895431069,300,5218,972,4246
24,24,2,sequential,Sequential,134.504605608442,204.736082267115,1430.63791540405,321,5360,1077,4283
24,24,2,coordinated,Coordinated,132.047739322961,207.676575721679,1465.96626037254,309,5292,1080,4212
24,24,2,delayed_coordination,Delayed Coordination,134.864260130611,203.671598307914,1435.7819934204,311,5379,1079,4300
24,24,4,baseline,Baseline,123.234960931557,342.156953752131,2406.73077717014,114,2367,497,1870
24,24,4,early_mover,Early Mover,123.914065154766,233.824034288651,1617.17725683468,273,4692,1075,3617
24,24,4,sequential,Sequential,125.192003037116,222.536025941022,1535.76162642467,289,4754,1181,3573
24,24,4,coordinated,Coordinated,120.317175440524,225.125720564626,1644.10851416603,268,4579,1163,3416
24,24,4,delayed_coordination,Delayed Coordination,125.030777397505,220.573103991188,1526.84861824271,299,4779,1165,3614
24,24,8,baseline,Baseline,123.026931199836,338.393474163604,2411.05360347792,110,2260,470,1790
24,24,8,early_mover,Early Mover,111.567833621322,245.070961798031,1789.00626572272,245,4109,1087,3022
24,24,8,sequential,Sequential,111.986464925423,234.349183488713,1697.4509763755,254,4168,1194,2974
24,24,8,coordinated,Coordinated,106.225512386828,254.935186087899,1779.63458704536,242,4052,1185,2867
24,24,8,delayed_coordination,Delayed Coordination,115.123155403804,228.181948990864,1616.19117348116,267,4303,1213,3090
25,25,2,baseline,Baseline,126.364947847856,341.014023847841,2390.36773235553,138,2692,651,2041
25,25,2,early_mover,Early Mover,127.884421601822,216.245932722875,1661.03158101851,279,4439,1060,3379
25,25,2,sequential,Sequential,125.656292270219,206.814560332105,1584.26929331198,305,4557,1076,3481
25,25,2,coordinated,Coordinated,128.763418907443,198.317404537442,1552.910149108,290,4775,1027,3748
25,25,2,delayed_coordination,Delayed Coordination,128.632033987149,202.96621238526,1538.65119836117,317,4645,1098,3547
25,25,4,baseline,Baseline,124.267889561608,344.914842392407,2409.57083030262,131,2539,588,1951
25,25,4,early_mover,Early Mover,120.666515085244,242.74650289454,1762.71765969719,242,4155,1141,3014
25,25,4,sequential,Sequential,117.509546209534,252.756931033016,1738.4664660267,245,4157,1152,3005
25,25,4,coordinated,Coordinated,115.129149118304,257.062582481129,1798.849625135,241,4123,1110,3013
25,25,4,delayed_coordination,Delayed Coordination,118.136605810193,243.397319565104,1724.3367488196,245,4183,1093,3090
25,25,8,baseline,Baseline,120.994252232143,366.586062235049,2511.29093840764,99,2154,553,1601
25,25,8,early_mover,Early Mover,110.277209710234,265.708741678807,1924.12945186849,213,3590,1149,2441
25,25,8,sequential,Sequential,107.884956201962,252.086477613449,1841.44123700498,222,3635,1168,2467
25,25,8,coordinated,Coordinated,108.601195463029,255.778600183822,1831.75885461604,228,3760,1178,2582
25,25,8,delayed_coordination,Delayed Coordination,110.013413188919,248.781668871178,1809.80180799831,240,3757,1183,2574
26,26,2,baseline,Baseline,124.053372015457,389.10688721146,2599.13710073471,87,1817,472,1345
26,26,2,early_mover,Early Mover,125.350963576214,263.609565868581,1834.2867447191,235,3929,975,2954
26,26,2,sequential,Sequential,129.623691213819,247.469361319779,1626.43054785292,292,4397,1079,3318
26,26,2,coordinated,Coordinated,131.622359589638,244.679289432327,1616.02867567066,293,4458,1212,3246
26,26,2,delayed_coordination,Delayed Coordination,125.71601115951,253.910134760695,1763.90976703621,247,4106,1019,3087
26,26,4,baseline,Baseline,122.794667434974,394.835168064089,2632.75547953005,91,1776,462,1314
26,26,4,early_mover,Early Mover,121.517838671557,262.378847755485,1815.70653118003,246,3896,1129,2767
26,26,4,sequential,Sequential,122.798194575647,259.606907364545,1714.72164813565,271,4015,1157,2858
26,26,4,coordinated,Coordinated,120.58788056317,265.596671420771,1743.93101829442,258,4002,1094,2908
26,26,4,delayed_coordination,Delayed Coordination,123.54893461304,259.134875224235,1734.85502583269,271,4074,1142,2932
26,26,8,baseline,Baseline,123.284293190266,376.822033089011,2618.17631306803,82,1798,493,1305
26,26,8,early_mover,Early Mover,116.124325178655,260.701536197825,1930.04129876818,236,3402,1105,2297
26,26,8,sequential,Sequential,116.144800883594,261.071665926802,1870.74983658113,223,3434,1099,2335
26,26,8,coordinated,Coordinated,109.566611562109,267.212803219892,1976.13391509368,200,3315,1117,2198
26,26,8,delayed_coordination,Delayed Coordination,115.105171642641,265.479600007278,1876.24077787782,227,3483,1097,2386
27,27,2,baseline,Baseline,126.473274092666,350.841921847711,2416.14834676685,116,2513,473,2040
27,27,2,early_mover,Early Mover,137.606915441204,210.487513414249,1499.48073766503,300,5341,1104,4237
27,27,2,sequential,Sequential,133.262977355876,216.398558193311,1439.69669189837,312,5354,1225,4129
27,27,2,coordinated,Coordinated,131.006032289705,217.718855241118,1462.76777029361,306,5353,1201,4152
27,27,2,delayed_coordination,Delayed Coordination,136.246075794192,204.162879197871,1409.36587357448,326,5466,1164,4302
27,27,4,baseline,Baseline,123.484148831971,354.950461734877,2485.3260833099,106,2314,395,1919
27,27,4,early_mover,Early Mover,125.822505915966,226.755769144439,1643.15696288158,265,4796,1093,3703
27,27,4,sequential,Sequential,126.282287868792,222.486083379042,1533.59727158169,283,4771,1177,3594
27,27,4,coordinated,Coordinated,121.628337103572,251.132860819633,1625.54520729583,249,4419,1139,3280
27,27,4,delayed_coordination,Delayed Coordination,122.084769490352,233.801518788864,1580.9092070057,284,4811,1167,3644
27,27,8,baseline,Baseline,121.758251701884,369.366654394495,2513.2049062161,97,2237,368,1869
27,27,8,early_mover,Early Mover,120.275148060279,248.38249722049,1713.14435772273,266,4341,1149,3192
27,27,8,sequential,Sequential,114.929834146286,240.768050137988,1690.16852168606,248,4286,1176,3110
27,27,8,coordinated,Coordinated,108.265424173572,268.837849746173,1811.46357445309,222,3962,1081,2881
27,27,8,delayed_coordination,Delayed Coordination,114.367362965379,248.037903237317,1700.53346571359,254,4274,1187,3087
28,28,2,baseline,Baseline,125.439052218761,335.598436777855,2495.61291082158,107,2232,491,1741
28,28,2,early_mover,Early Mover,129.495680266556,187.437711555775,1557.40498953596,278,4974,1129,3845
28,28,2,sequential,Sequential,128.794753347878,185.909891274682,1483.29658666746,296,5077,1197,3880
28,28,2,coordinated,Coordinated,132.692058789993,194.627956465667,1461.24699879067,319,5292,1236,4056
28,28,2,delayed_coordination,Delayed Coordination,129.400900832679,182.192991764485,1459.10201133971,309,5179,1169,4010
28,28,4,baseline,Baseline,123.934316562996,348.346477928763,2507.68635842833,103,2183,443,1740
28,28,4,early_mover,Early Mover,117.963015996936,248.577210867119,1786.75182866457,260,4312,1085,3227
28,28,4,sequential,Sequential,119.437686011607,240.785502165615,1662.06855899733,279,4483,1134,3349
28,28,4,coordinated,Coordinated,114.560932939789,247.461441826165,1721.14770249242,272,4190,1014,3176
28,28,4,delayed_coordination,Delayed Coordination,117.179516268576,238.387391703469,1687.72083657792,282,4434,1088,3346
28,28,8,baseline,Baseline,121.88470842897,356.300575226919,2559.05082316813,89,1982,457,1525
28,28,8,early_mover,Early Mover,109.03761049324,266.666827965421,1876.1150148137,252,3832,1063,2769
28,28,8,sequential,Sequential,108.512789455228,256.185577176243,1806.61398843863,243,3906,1081,2825
28,28,8,coordinated,Coordinated,110.516138111469,258.861412399608,1805.75792406499,245,4037,1093,2944
28,28,8,delayed_coordination,Delayed Coordination,107.816874637018,261.465027279826,1850.44868794025,227,3867,1072,2795
29,29,2,baseline,Baseline,124.350229935817,339.071006067768,2416.22897457061,112,2249,532,1717
29,29,2,early_mover,Early Mover,119.603919222052,276.341183629873,1821.51763590255,211,3762,917,2845
29,29,2,sequential,Sequential,121.12696920671,261.249855257843,1732.20755136575,221,3845,983,2862
29,29,2,coordinated,Coordinated,125.375198500441,235.147104259969,1650.5012919709,260,4292,1138,3154
29,29,2,delayed_coordination,Delayed Coordination,121.106725316002,254.659139044653,1720.21715620696,231,3882,1044,2838
29,29,4,baseline,Baseline,122.311664000477,352.660497117094,2472.58628109562,98,2055,474,1581
29,29,4,early_mover,Early Mover,121.926515644545,273.315203268911,1750.78190722369,240,3969,1074,2895
29,29,4,sequential,Sequential,120.005624472645,254.226210134687,1672.26842107193,252,3991,1148,2843
29,29,4,coordinated,Coordinated,116.278263180047,243.583476351812,1710.64853864346,257,3907,1194,2713
29,29,4,delayed_coordination,Delayed Coordination,120.46769158865,249.058979702184,1687.22340086963,270,4057,1125,2932
29,29,8,baseline,Baseline,121.959128085589,355.415627126863,2473.97800360144,97,2011,530,1481
29,29,8,early_mover,Early Mover,112.029641158641,276.45433819682,1891.696332241,207,3487,1019,2468
29,29,8,sequential,Sequential,109.860135874159,255.663491439414,1813.60685657334,234,3515,1070,2445
29,29,8,coordinated,Coordinated,109.708707983661,255.795078764061,1851.68457152301,217,3481,1141,2340
29,29,8,delayed_coordination,Delayed Coordination,113.364387382387,241.927883078278,1708.7574062639,280,3787,1136,2651
30,30,2,baseline,Baseline,128.633325359579,350.875125805885,2368.29424388798,116,2329,644,1685
30,30,2,early_mover,Early Mover,132.340889214464,229.804168763086,1591.81596435491,277,4885,1117,3768
30,30,2,sequential,Sequential,134.428826092501,210.732109635282,1468.79572544552,309,5094,1222,3872
30,30,2,coordinated,Coordinated,133.337832065759,211.972477989966,1497.8992297959,298,5252,1207,4045
30,30,2,delayed_coordination,Delayed Coordination,132.967168040296,215.362772794276,1493.1648507959,300,5043,1159,3884
30,30,4,baseline,Baseline,127.051171193614,343.379555524151,2442.23337820158,102,2148,613,1535
30,30,4,early_mover,Early Mover,122.006903811516,257.245291121238,1816.46388029038,235,3976,1088,2888
30,30,4,sequential,Sequential,121.07997686861,238.809366144557,1730.17580956723,257,4089,1209,2880
30,30,4,coordinated,Coordinated,122.792371990847,234.784855554986,1691.38527252803,262,4351,1247,3104
30,30,4,delayed_coordination,Delayed Coordination,121.368591433473,241.958278976926,1732.64972213599,236,4022,1171,2851
30,30,8,baseline,Baseline,122.689907993479,374.424340078214,2528.60090072336,98,1847,510,1337
30,30,8,early_mover,Early Mover,115.73380927826,263.829901372509,1839.00910231078,229,3939,1087,2852
30,30,8,sequential,Sequential,112.072106018787,261.27359251456,1784.0067058356,230,3918,1147,2771
30,30,8,coordinated,Coordinated,117.219092816492,248.993392405325,1728.01532972681,257,4218,1215,3003
30,30,8,delayed_coordination,Delayed Coordination,114.415889823708,252.281527107415,1751.09965658475,258,4022,1173,2849
31,31,2,baseline,Baseline,126.29150160095,363.109059220853,2508.89819254374,109,2142,477,1665
31,31,2,early_mover,Early Mover,133.285873180852,254.86486031023,1651.29969420325,281,4848,1026,3822
31,31,2,sequential,Sequential,133.586646404433,237.742306653713,1508.4518904004,314,5176,1055,4121
31,31,2,coordinated,Coordinated,130.404627570286,240.955078983515,1549.51586909088,296,5026,1198,3828
31,31,2,delayed_coordination,Delayed Coordination,131.319163411138,239.946290388774,1586.16134152966,295,4990,1070,3920
31,31,4,baseline,Baseline,123.758900905518,383.774031746938,2588.60387813359,93,1801,434,1367
31,31,4,early_mover,Early Mover,128.125673158697,275.094887933357,1696.79425533014,285,4420,1028,3392
31,31,4,sequential,Sequential,123.412772301216,263.640616369215,1665.08832988836,278,4436,1077,3359
31,31,4,coordinated,Coordinated,122.960789650408,266.249974032033,1673.88390830761,286,4621,1141,3480
31,31,4,delayed_coordination,Delayed Coordination,124.94669834021,256.996811148948,1641.12700268894,279,4411,1132,3279
31,31,8,baseline,Baseline,122.65321958723,376.776801068858,2611.16138893551,86,1757,424,1333
31,31,8,early_mover,Early Mover,120.435753432075,273.430807878283,1803.76769912718,253,4034,1064,2970
31,31,8,sequential,Sequential,116.459642759953,263.707853946628,1751.36926909711,273,4088,1179,2909
31,31,8,coordinated,Coordinated,112.890228928629,290.028711234204,1871.6883619318,245,3918,1158,2760
31,31,8,delayed_coordination,Delayed Coordination,116.169620051174,267.273827941209,1773.31454564978,257,4019,1115,2904
32,32,2,baseline,Baseline,124.220459118633,368.239707003578,2463.38985484088,116,2358,506,1852
32,32,2,early_mover,Early Mover,129.806962128307,240.329453132155,1582.95702913416,297,4955,1020,3935
32,32,2,sequential,Sequential,131.433753264279,236.100405630027,1528.09943004157,286,4881,1067,3814
32,32,2,coordinated,Coordinated,129.832769661864,249.857847126581,1581.65308241129,300,4967,1169,3798
32,32,2,delayed_coordination,Delayed Coordination,132.525925209504,231.338359014154,1507.4913837613,299,5070,1092,3978
32,32,4,baseline,Baseline,123.918006068336,359.156379924508,2469.56518852925,106,2301,475,1826
32,32,4,early_mover,Early Mover,121.403012633456,267.796400823115,1711.10336178357,271,4330,1098,3232
32,32,4,sequential,Sequential,120.686054560295,258.315472912402,1644.09993733405,285,4416,1186,3230
32,32,4,coordinated,Coordinated,114.830872553886,278.02579630049,1759.1098035002,226,4068,1189,2879
32,32,4,delayed_coordination,Delayed Coordination,121.242349522779,255.547368523813,1638.43348358277,262,4402,1206,3196
32,32,8,baseline,Baseline,123.289632035687,365.694915841197,2503.45873681332,98,2203,478,1725
32,32,8,early_mover,Early Mover,113.985463237191,284.756138957088,1847.04247637094,239,3820,1054,2766
32,32,8,sequential,Sequential,109.847910267786,274.696779848714,1811.24843321904,237,3708,1088,2620
32,32,8,coordinated,Coordinated,107.987981653472,285.96059537706,1856.47855519475,224,3753,1078,2675
32,32,8,delayed_coordination,Delayed Coordination,109.987833942117,276.784588983859,1818.48637610478,230,3742,1117,2625
33,33,2,baseline,Baseline,123.770638072521,351.433352660727,2527.50517901943,94,2048,602,1446
33,33,2,early_mover,Early Mover,124.350884968737,248.397661391038,1702.99820289498,268,4519,1224,3295
33,33,2,sequential,Sequential,127.421237254012,231.817170220311,1607.62159020844,292,4677,1252,3425
33,33,2,coordinated,Coordinated,127.276231961974,222.636755128534,1646.33112670136,277,4775,1179,3596
33,33,2,delayed_coordination,Delayed Coordination,124.852871508,238.829045166968,1634.40934895353,283,4679,1268,3411
33,33,4,baseline,Baseline,124.189427074348,357.401105600908,2517.63038189174,104,2092,607,1485
33,33,4,early_mover,Early Mover,119.214875188275,260.334712654563,1785.3706922904,218,3983,1134,2849
33,33,4,sequential,Sequential,120.490979060846,249.118615986281,1667.50857968144,282,4295,1192,3103
33,33,4,coordinated,Coordinated,115.740411258082,254.819287164821,1793.07348934572,252,4220,1152,3068
33,33,4,delayed_coordination,Delayed Coordination,118.818173063701,250.232496948461,1715.05330712472,255,4144,1157,2987
33,33,8,baseline,Baseline,122.214969099597,384.854350111719,2599.94247550706,88,1785,538,1247
33,33,8,early_mover,Early Mover,108.027419397763,299.119734102622,2030.31478370939,200,3155,1070,2085
33,33,8,sequential,Sequential,107.179128822026,281.544692441633,1968.06957638111,199,3236,1118,2118
33,33,8,coordinated,Coordinated,108.919455070586,274.874672836492,1901.56338762207,210,3703,1109,2594
33,33,8,delayed_coordination,Delayed Coordination,108.182262441921,283.980322720671,1941.42651653583,218,3353,1112,2241
34,34,2,baseline,Baseline,127.567642625936,377.529024018728,2463.78479050155,121,2378,733,1645
34,34,2,early_mover,Early Mover,138.431207073271,242.155005268419,1608.05358329398,293,5077,1004,4073
34,34,2,sequential,Sequential,138.534801553748,226.966903825415,1524.82870049465,314,5167,1151,4016
34,34,2,coordinated,Coordinated,127.434126443691,236.531525018399,1669.72868615293,253,4545,1138,3407
34,34,2,delayed_coordination,Delayed Coordination,139.320197516577,221.964655708804,1520.09580956791,316,5205,1109,4096
34,34,4,baseline,Baseline,126.037768596746,381.451362974249,2507.78705760914,112,2224,648,1576
34,34,4,early_mover,Early Mover,129.640703242244,245.420724218592,1694.25929063948,269,4716,1123,3593
34,34,4,sequential,Sequential,128.955740538696,248.502981995967,1624.44980629283,281,4782,1239,3543
34,34,4,coordinated,Coordinated,131.569368736889,224.294586238702,1607.17909166184,280,4778,1296,3482
34,34,4,delayed_coordination,Delayed Coordination,127.901182034766,250.565852632208,1643.52912259674,281,4764,1216,3548
34,34,8,baseline,Baseline,123.023354703239,385.642113836691,2554.10663738243,101,2010,580,1430
34,34,8,early_mover,Early Mover,121.415941087379,252.341564375032,1797.31622220847,247,4163,1173,2990
34,34,8,sequential,Sequential,115.919879799523,263.802018911112,1791.68660796225,243,4053,1204,2849
34,34,8,coordinated,Coordinated,111.532652790258,283.764676000853,1884.04079420594,234,3739,1128,2611
34,34,8,delayed_coordination,Delayed Coordination,115.852601343564,260.921948286972,1773.81154858935,249,4141,1187,2954
35,35,2,baseline,Baseline,123.199762339457,314.944983708237,2374.66892275907,126,2563,598,1965
35,35,2,early_mover,Early Mover,118.833540141207,229.015817379474,1712.94242889123,238,4375,940,3435
35,35,2,sequential,Sequential,119.529903814714,218.66783988443,1628.17886080205,253,4562,946,3616
35,35,2,coordinated,Coordinated,114.780925582732,219.61582116553,1689.22185502647,251,4635,983,3652
35,35,2,delayed_coordination,Delayed Coordination,117.38623379858,218.294526851445,1637.55102142842,258,4547,960,3587
35,35,4,baseline,Baseline,122.203400557974,317.438713879936,2443.41639706945,125,2358,468,1890
35,35,4,early_mover,Early Mover,115.79921097368,239.623065940737,1772.31057094365,258,4203,1107,3096
35,35,4,sequential,Sequential,113.323299066658,233.785882690197,1706.23907204881,271,4334,1128,3206
35,35,4,coordinated,Coordinated,114.245101512383,241.18511374903,1680.26083587959,272,4443,1194,3249
35,35,4,delayed_coordination,Delayed Coordination,114.250876758107,237.532714064181,1682.79136241123,258,4363,1138,3225
35,35,8,baseline,Baseline,118.902703310144,342.877814162895,2548.38395472704,100,1972,446,1526
35,35,8,early_mover,Early Mover,106.498523937053,262.520351991084,1983.91388825485,209,3319,951,2368
35,35,8,sequential,Sequential,103.418975895361,256.604708115318,1893.58657211603,208,3389,1043,2346
35,35,8,coordinated,Coordinated,104.276875943403,255.720813427256,1940.80029457686,227,3662,1142,2520
35,35,8,delayed_coordination,Delayed Coordination,101.788656141278,257.787173821146,1958.33578264498,203,3397,1020,2377
36,36,2,baseline,Baseline,124.369635192615,363.852914521374,2395.34309099218,126,2561,589,1972
36,36,2,early_mover,Early Mover,129.374779275378,240.140257919228,1578.42197182661,283,5038,1111,3927
36,36,2,sequential,Sequential,126.391846938676,233.597481973431,1521.24541751991,283,4900,1159,3741
36,36,2,coordinated,Coordinated,128.451125514235,234.756289474591,1529.16025776945,294,5022,1218,3804
36,36,2,delayed_coordination,Delayed Coordination,130.909134209256,223.60773901817,1472.11768086256,309,5196,1187,4009
36,36,4,baseline,Baseline,123.181266346022,366.845130165577,2422.66650620485,122,2474,503,1971
36,36,4,early_mover,Early Mover,121.42783059204,266.670324149878,1705.73282346968,275,4406,1218,3188
36,36,4,sequential,Sequential,118.364351917689,249.895566546648,1651.02590492376,273,4391,1234,3157
36,36,4,coordinated,Coordinated,114.813338979095,255.925922826244,1689.28181872114,267,4295,1188,3107
36,36,4,delayed_coordination,Delayed Coordination,118.176270428458,247.128080847031,1614.44883872328,292,4364,1287,3077
36,36,8,baseline,Baseline,121.606785610306,378.872485230683,2467.07732719934,109,2303,471,1832
36,36,8,early_mover,Early Mover,111.99528266855,286.45267429854,1842.97355844394,236,3813,1162,2651
36,36,8,sequential,Sequential,108.65649373226,295.850752427041,1819.52646175522,223,3753,1205,2548
36,36,8,coordinated,Coordinated,105.245750228874,295.314625661542,1898.37893398661,203,3627,1095,2532
36,36,8,delayed_coordination,Delayed Coordination,108.826408245199,285.75543747842,1793.77992273028,238,3833,1256,2577
37,37,2,baseline,Baseline,123.998840144684,340.111736324447,2553.8747176544,99,1947,503,1444
37,37,2,early_mover,Early Mover,133.234759915996,244.656455742753,1650.34567552425,279,4685,964,3721
37,37,2,sequential,Sequential,132.771722683887,232.37562383726,1561.39281024334,308,4786,1056,3730
37,37,2,coordinated,Coordinated,128.927518447241,234.113006303237,1692.17946029858,277,4590,1090,3500
37,37,2,delayed_coordination,Delayed Coordination,134.547856847195,223.301044446592,1552.73205154607,299,4831,1075,3756
37,37,4,baseline,Baseline,120.995397386235,367.487287669611,2622.66849804464,73,1613,368,1245
37,37,4,early_mover,Early Mover,117.516855382807,275.443904869321,1946.33542987968,210,3677,968,2709
37,37,4,sequential,Sequential,115.410818834227,263.222249280135,1879.74183028804,231,3773,1035,2738
37,37,4,coordinated,Coordinated,116.744726998338,266.253992560534,1905.07836661321,228,3632,990,2642
37,37,4,delayed_coordination,Delayed Coordination,115.722756959546,268.851777891778,1883.33018653267,229,3738,1021,2717
37,37,8,baseline,Baseline,121.775362440915,353.065575521283,2576.68403418658,94,1831,494,1337
37,37,8,early_mover,Early Mover,118.974807462265,256.622044904584,1835.98210462868,254,4002,1040,2962
37,37,8,sequential,Sequential,116.188109683755,245.627682340573,1770.09176708287,263,4034,1127,2907
37,37,8,coordinated,Coordinated,115.173766949616,250.84857421827,1817.81353388572,244,3903,1142,2761
37,37,8,delayed_coordination,Delayed Coordination,113.506166539593,257.480072555388,1809.55120578922,252,3961,1086,2875
38,38,2,baseline,Baseline,127.521294890917,377.664701452322,2441.15390571908,101,2045,664,1381
38,38,2,early_mover,Early Mover,132.375154534728,267.837863820858,1651.51521786994,268,4475,1266,3209
38,38,2,sequential,Sequential,131.164954426715,259.671996864289,1588.09685154853,271,4522,1313,3209
38,38,2,coordinated,Coordinated,124.130071521896,286.171422017788,1694.8008168958,247,4200,1245,2955
38,38,2,delayed_coordination,Delayed Coordination,132.604677592713,256.819951364363,1571.32620251392,275,4557,1279,3278
38,38,4,baseline,Baseline,127.577206101062,377.630307914947,2433.66280019806,106,2075,698,1377
38,38,4,early_mover,Early Mover,119.566694187291,304.697612588866,1836.8599741115,212,3420,1203,2217
38,38,4,sequential,Sequential,120.661834630137,294.007586852754,1738.23570417538,237,3523,1251,2272
38,38,4,coordinated,Coordinated,119.402228955766,300.463825554451,1786.95600147747,226,3557,1214,2343
38,38,4,delayed_coordination,Delayed Coordination,121.793700416324,293.520116198464,1719.48065031468,229,3492,1221,2271
38,38,8,baseline,Baseline,125.055912858935,385.507302003912,2497.9560956956,88,1793,601,1192
38,38,8,early_mover,Early Mover,121.664191874286,282.654219414197,1754.18836605949,233,3756,1363,2393
38,38,8,sequential,Sequential,113.980956224839,290.943484874678,1823.35327280399,227,3507,1357,2150
38,38,8,coordinated,Coordinated,111.858398004162,295.988184673705,1871.50537493275,189,3246,1265,1981
38,38,8,delayed_coordination,Delayed Coordination,119.698621933684,277.934903791007,1733.41337090177,236,3685,1379,2306
39,39,2,baseline,Baseline,124.410152117065,358.434053268872,2377.36196826898,125,2583,419,2164
39,39,2,early_mover,Early Mover,117.271332156464,241.265480919547,1734.38575543505,247,4442,1146,3296
39,39,2,sequential,Sequential,117.767983756491,224.395166913106,1664.22418857739,270,4584,1227,3357
39,39,2,coordinated,Coordinated,117.720815984007,224.985067947277,1660.87978812881,276,4598,1170,3428
39,39,2,delayed_coordination,Delayed Coordination,117.877061622706,228.097470977348,1673.62549042792,257,4490,1161,3329
39,39,4,baseline,Baseline,124.09745148445,349.706748933333,2385.84488505604,123,2552,466,2086
39,39,4,early_mover,Early Mover,119.909524840907,233.170911049493,1643.64385712784,272,4687,1154,3533
39,39,4,sequential,Sequential,116.322213704427,225.906552974351,1616.97320868304,245,4579,1166,3413
39,39,4,coordinated,Coordinated,110.575180390509,238.942935561754,1700.12843147033,268,4379,1142,3237
39,39,4,delayed_coordination,Delayed Coordination,117.960073854653,221.598702585887,1590.82890869075,262,4631,1156,3475
39,39,8,baseline,Baseline,122.742389960107,360.442197439559,2426.78472891317,116,2289,482,1807
39,39,8,early_mover,Early Mover,109.007247374963,264.551001793152,1818.20291613105,253,3868,1188,2680
39,39,8,sequential,Sequential,104.612685665934,262.604811397455,1791.70486602483,241,3934,1145,2789
39,39,8,coordinated,Coordinated,104.502206703817,253.277086920003,1827.25836288129,223,3873,1119,2754
39,39,8,delayed_coordination,Delayed Coordination,107.309140855151,256.156732131603,1759.88031768343,249,3943,1149,2794
40,40,2,baseline,Baseline,125.523263977682,341.327055650171,2502.00673276098,106,2090,506,1584
40,40,2,early_mover,Early Mover,131.578833198458,238.228707875527,1675.32027538895,277,4632,950,3682
40,40,2,sequential,Sequential,130.430583524483,223.249106280741,1576.58049449636,292,4702,1033,3669
40,40,2,coordinated,Coordinated,130.042382217572,225.30968031095,1607.40966136118,287,4738,1001,3737
40,40,2,delayed_coordination,Delayed Coordination,128.404638563342,227.531804226143,1626.20323796613,278,4622,997,3625
40,40,4,baseline,Baseline,123.819788928621,360.968161058056,2572.53020639491,95,1878,426,1452
40,40,4,early_mover,Early Mover,123.558538954213,254.059425718854,1758.80683192076,256,4087,958,3129
40,40,4,sequential,Sequential,119.501888572982,246.694804838266,1723.36709662898,258,4046,1044,3002
40,40,4,coordinated,Coordinated,117.25397593932,255.415351632177,1749.78919766207,268,3956,1007,2949
40,40,4,delayed_coordination,Delayed Coordination,118.667784344548,246.451859214319,1715.92837550753,269,4038,1009,3029
40,40,8,baseline,Baseline,123.157232228253,351.646232267094,2586.9786974087,81,1754,410,1344
40,40,8,early_mover,Early Mover,118.686839306593,265.496583794199,1852.49354389337,241,3759,1043,2716
40,40,8,sequential,Sequential,110.455473489104,260.778755675925,1895.04015927232,225,3491,1010,2481
40,40,8,coordinated,Coordinated,112.195514461438,264.026577402553,1870.02498592274,220,3496,959,2537
40,40,8,delayed_coordination,Delayed Coordination,112.022664441942,268.217919382156,1861.12679110717,212,3497,1045,2452
41,41,2,baseline,Baseline,127.529087377148,355.200329827028,2490.28313976466,109,2246,538,1708
41,41,2,early_mover,Early Mover,138.176378723605,236.539859175143,1564.13168430203,287,4831,1092,3739
41,41,2,sequential,Sequential,136.111655195181,222.214065303423,1580.74143835327,295,4703,1143,3560
41,41,2,coordinated,Coordinated,132.22834702318,241.188782174883,1675.07266930981,279,4577,1029,3548
41,41,2,delayed_coordination,Delayed Coordination,139.335540860434,215.9182717617,1488.15517332153,302,4907,1188,3719
41,41,4,baseline,Baseline,125.096454364417,367.146473867274,2533.26219593657,102,2101,507,1594
41,41,4,early_mover,Early Mover,123.693398431525,271.863989755452,1804.42371158643,248,4190,1107,3083
41,41,4,sequential,Sequential,124.255493192566,266.847385300932,1754.61878242671,251,4140,1123,3017
41,41,4,coordinated,Coordinated,122.787220216572,263.213099143906,1817.09972701902,226,3994,1085,2909
41,41,4,delayed_coordination,Delayed Coordination,126.620298027422,254.126049837351,1666.65172719731,237,4241,1094,3147
41,41,8,baseline,Baseline,124.263351394479,379.279106095584,2556.95831263409,89,1984,488,1496
41,41,8,early_mover,Early Mover,114.903554617114,296.615214332236,1951.62581097184,225,3433,1096,2337
41,41,8,sequential,Sequential,108.438435834713,306.144932618697,1971.20041850167,193,3262,1088,2174
41,41,8,coordinated,Coordinated,110.762426472791,301.973694758635,1982.59998815373,217,3431,1122,2309
41,41,8,delayed_coordination,Delayed Coordination,112.331491449687,289.782869351941,1949.09597186818,211,3406,1122,2284
42,42,2,baseline,Baseline,126.70774195869,376.406289290382,2471.95572713523,99,2198,642,1556
42,42,2,early_mover,Early Mover,131.096974982419,243.79172913657,1601.00100010445,276,4755,1149,3606
42,42,2,sequential,Sequential,125.335775195571,241.068557020004,1577.62551988718,253,4407,1193,3214
42,42,2,coordinated,Coordinated,130.083718827969,242.652105383036,1584.34523064811,285,4523,1151,3372
42,42,2,delayed_coordination,Delayed Coordination,128.698618571676,231.746117957303,1547.78613639278,284,4707,1216,3491
42,42,4,baseline,Baseline,127.504293027151,369.163174821464,2425.67829103309,115,2254,671,1583
42,42,4,early_mover,Early Mover,122.820473982711,253.376209787905,1751.76421075873,253,4137,1200,2937
42,42,4,sequential,Sequential,115.330968669979,263.746294467847,1816.74701582196,207,3634,1134,2500
42,42,4,coordinated,Coordinated,116.482259744511,276.406184943323,1870.23689866511,223,3647,1104,2543
42,42,4,delayed_coordination,Delayed Coordination,115.439342254392,254.931478989715,1814.58243044983,192,3671,1148,2523
42,42,8,baseline,Baseline,123.879479068483,380.055818202048,2546.14376596684,91,1874,527,1347
42,42,8,early_mover,Early Mover,115.997161551536,276.128899721264,1880.17282472171,250,3551,1246,2305
42,42,8,sequential,Sequential,111.094679897085,288.040725777386,1903.00860524287,239,3375,1223,2152
42,42,8,coordinated,Coordinated,106.790916113069,304.926921382216,2002.06866370055,183,3084,1120,1964
42,42,8,delayed_coordination,Delayed Coordination,111.290158560615,268.89787440164,1875.06426778485,227,3458,1215,2243
43,43,2,baseline,Baseline,123.220494797575,341.645618197677,2379.91312186288,122,2489,550,1939
43,43,2,early_mover,Early Mover,121.36357341593,240.203146541391,1665.43088848616,270,4645,1136,3509
43,43,2,sequential,Sequential,118.717999145253,240.661790021337,1626.25934821585,257,4471,1195,3276
43,43,2,coordinated,Coordinated,125.815086213553,236.181766004265,1511.08623695482,283,4905,1252,3653
43,43,2,delayed_coordination,Delayed Coordination,119.055235357639,231.237717524574,1602.38650658397,268,4596,1208,3388
43,43,4,baseline,Baseline,122.103532834207,354.874177332574,2431.87942593581,114,2383,577,1806
43,43,4,early_mover,Early Mover,119.711034198337,247.214783002907,1649.8527003769,284,4531,1193,3338
43,43,4,sequential,Sequential,118.713691408208,238.421491821186,1591.78894829012,285,4582,1285,3297
43,43,4,coordinated,Coordinated,116.872683544186,243.023285015984,1637.37106051674,281,4467,1201,3266
43,43,4,delayed_coordination,Delayed Coordination,117.154097627006,248.05779400645,1593.59500626329,283,4575,1201,3374
43,43,8,baseline,Baseline,120.676334683249,358.561883809023,2480.12975061581,103,2088,503,1585
43,43,8,early_mover,Early Mover,111.418769016227,272.8906390434,1785.79138646183,261,3876,1161,2715
43,43,8,sequential,Sequential,106.56074997771,275.979419703801,1814.88962829619,239,3696,1122,2574
43,43,8,coordinated,Coordinated,107.185600987483,277.389307481301,1800.11984590628,230,3723,1012,2711
43,43,8,delayed_coordination,Delayed Coordination,108.259341046249,268.740958488853,1772.92977681178,244,3803,1163,2640
44,44,2,baseline,Baseline,125.122215836971,360.132446590568,2468.3905582446,111,2232,618,1614
44,44,2,early_mover,Early Mover,122.331609534767,267.49480702523,1837.99832995249,246,4226,1111,3115
44,44,2,sequential,Sequential,123.650124900994,250.889946000955,1693.82510293287,268,4475,1129,3346
44,44,2,coordinated,Coordinated,122.7778656006,245.828756657216,1707.33123880227,262,4463,1143,3320
44,44,2,delayed_coordination,Delayed Coordination,119.090781686698,266.765468345349,1812.00991854548,248,4289,1108,3181
44,44,4,baseline,Baseline,124.299708475963,360.445373311897,2496.21071910777,108,2074,561,1513
44,44,4,early_mover,Early Mover,118.983745353967,272.136533593999,1845.73278599103,226,3753,1078,2675
44,44,4,sequential,Sequential,113.516670984987,268.239825726587,1847.81934951339,233,3712,1128,2584
44,44,4,coordinated,Coordinated,118.68321824962,257.963832083336,1771.51369862946,249,4071,1165,2906
44,44,4,delayed_coordination,Delayed Coordination,114.189259623171,270.576656354259,1839.77552023401,225,3728,1106,2622
44,44,8,baseline,Baseline,121.456489105691,377.180602667138,2570.68868575125,92,1821,565,1256
44,44,8,early_mover,Early Mover,117.684765296183,264.709547246443,1852.40955657864,239,3999,1222,2777
44,44,8,sequential,Sequential,112.25230811812,270.964373468996,1874.66466970475,208,3808,1233,2575
44,44,8,coordinated,Coordinated,112.924087880197,274.832678269554,1874.03619486798,247,3908,1233,2675
44,44,8,delayed_coordination,Delayed Coordination,114.267144450474,262.098388523624,1812.75706468313,230,3987,1266,2721
45,45,2,baseline,Baseline,127.189769494323,370.728506901507,2536.53949617549,105,2150,472,1678
45,45,2,early_mover,Early Mover,131.621274121632,246.387228456717,1686.83782857,281,4823,958,3865
45,45,2,sequential,Sequential,126.115045524377,240.176152294797,1630.96307386221,287,4872,1035,3837
45,45,2,coordinated,Coordinated,124.10747910067,234.801857314388,1700.62645009239,272,4636,1140,3496
45,45,2,delayed_coordination,Delayed Coordination,129.103277897076,232.425116152653,1602.8692091444,292,4928,971,3957
45,45,4,baseline,Baseline,124.759221726618,378.385170862158,2569.29021130521,98,1979,480,1499
45,45,4,early_mover,Early Mover,121.637058915049,256.819313959445,1800.67429178137,248,4044,1138,2906
45,45,4,sequential,Sequential,116.190548729353,261.871110014759,1760.39661068923,247,4039,1134,2905
45,45,4,coordinated,Coordinated,114.600380634453,275.149191991674,1793.78494615451,260,4121,1142,2979
45,45,4,delayed_coordination,Delayed Coordination,118.472213599389,256.701461859219,1716.73780777395,261,4132,1142,2990
45,45,8,baseline,Baseline,122.65582780551,385.223846215425,2626.02905331274,84,1793,486,1307
45,45,8,early_mover,Early Mover,113.630889084181,272.161879734136,1944.30151508501,235,3650,1027,2623
45,45,8,sequential,Sequential,110.393092599957,263.705307459072,1838.20236830503,247,3734,1120,2614
45,45,8,coordinated,Coordinated,108.164003101965,283.130553161596,1885.21762977672,243,3703,1044,2659
45,45,8,delayed_coordination,Delayed Coordination,110.493688031982,271.357873199317,1857.14142108804,226,3686,1086,2600
46,46,2,baseline,Baseline,124.863467280486,360.752893738088,2485.45727357331,104,2105,538,1567
46,46,2,early_mover,Early Mover,123.500934770142,245.417395562633,1725.46855209551,265,4367,995,3372
46,46,2,sequential,Sequential,127.188555607407,240.702191169757,1661.84187113387,269,4410,1045,3365
46,46,2,coordinated,Coordinated,131.229446655771,236.931346495777,1586.48801691156,297,4792,1089,3703
46,46,2,delayed_coordination,Delayed Coordination,126.365468787567,236.725159294946,1644.8807692631,257,4356,1012,3344
46,46,4,baseline,Baseline,123.914326956905,368.616702472674,2520.61889905657,98,2038,527,1511
46,46,4,early_mover,Early Mover,121.010489945205,276.675703939022,1787.09841529763,246,4072,1017,3055
46,46,4,sequential,Sequential,121.816462086298,255.875952752415,1670.63567140728,275,4158,1129,3029
46,46,4,coordinated,Coordinated,114.351191599712,287.494123201867,1875.48425064708,225,3854,1084,2770
46,46,4,delayed_coordination,Delayed Coordination,120.144672595488,265.202443165473,1713.60005045532,263,4118,1120,2998
46,46,8,baseline,Baseline,122.521402843966,368.519304652413,2547.58791061512,94,1913,534,1379
46,46,8,early_mover,Early Mover,112.501880510393,272.467832381193,1880.7235907083,228,3619,1029,2590
46,46,8,sequential,Sequential,108.071095768244,278.264226004238,1913.40861241354,209,3465,985,2480
46,46,8,coordinated,Coordinated,108.047725496795,274.327510877915,1915.05979978256,199,3423,977,2446
46,46,8,delayed_coordination,Delayed Coordination,111.87573290422,273.002554773704,1833.69749224665,223,3722,1075,2647
47,47,2,baseline,Baseline,125.505633369953,330.746389220514,2422.32481482802,129,2354,643,1711
47,47,2,early_mover,Early Mover,127.764189207789,217.456600504616,1665.10347116141,287,4739,1131,3608
47,47,2,sequential,Sequential,131.152817262161,202.81641163532,1527.27942853706,303,4939,1212,3727
47,47,2,coordinated,Coordinated,129.023108764142,225.263702341073,1572.32633817543,300,4959,1133,3826
47,47,2,delayed_coordination,Delayed Coordination,127.660565572962,206.94413613783,1576.30196372165,279,4792,1181,3611
47,47,4,baseline,Baseline,123.169355189242,337.108112885398,2485.14014823711,107,2125,550,1575
47,47,4,early_mover,Early Mover,127.142123964936,218.884634912414,1683.11292711107,271,4553,1111,3442
47,47,4,sequential,Sequential,125.45050841985,220.089112319239,1591.18173558539,292,4607,1195,3412
47,47,4,coordinated,Coordinated,118.509253516782,238.436662813351,1693.21702918893,266,4337,1149,3188
47,47,4,delayed_coordination,Delayed Coordination,126.060737500913,225.125576902314,1600.05676438774,278,4560,1158,3402
47,47,8,baseline,Baseline,121.81300509787,349.953331900029,2527.86055020261,96,1953,480,1473
47,47,8,early_mover,Early Mover,112.672446701687,267.660828430793,1875.52328729392,226,3746,1143,2603
47,47,8,sequential,Sequential,111.467664214225,263.426937959517,1812.49698958753,247,3743,1209,2534
47,47,8,coordinated,Coordinated,114.558839758791,261.770913248752,1778.7833878786,248,4034,1297,2737
47,47,8,delayed_coordination,Delayed Coordination,112.037013169894,263.57483284719,1810.24350108426,229,3763,1184,2579
48,48,2,baseline,Baseline,122.100223782816,368.229910347156,2592.41433050118,87,1815,604,1211
48,48,2,early_mover,Early Mover,128.338641950343,233.167077787909,1645.3293060198,283,4684,1055,3629
48,48,2,sequential,Sequential,126.795598786913,227.306670121172,1576.93431200013,292,4657,1070,3587
48,48,2,coordinated,Coordinated,121.352668714288,271.237292076411,1716.18347934787,239,3944,1042,2902
48,48,2,delayed_coordination,Delayed Coordination,127.7785727371,226.988017598473,1569.32265698105,285,4675,1092,3583
48,48,4,baseline,Baseline,122.10791954081,374.821510868769,2590.74409504504,90,1823,612,1211
48,48,4,early_mover,Early Mover,117.487549335315,267.020678157038,1807.81414657243,249,3959,1119,2840
48,48,4,sequential,Sequential,112.795557615179,277.644850793231,1812.63944758717,229,3718,1069,2649
48,48,4,coordinated,Coordinated,110.66989101277,294.723081361617,1903.6391212238,167,3279,976,2303
48,48,4,delayed_coordination,Delayed Coordination,115.944208266786,265.556975137101,1760.26607520725,241,3889,1094,2795
48,48,8,baseline,Baseline,119.636338511947,376.735021554163,2661.37129884055,77,1537,541,996
48,48,8,early_mover,Early Mover,108.067772805233,294.715165974564,1995.12169934734,213,3297,1112,2185
48,48,8,sequential,Sequential,106.503124650599,297.25658124583,1973.0506648372,190,3120,1046,2074
48,48,8,coordinated,Coordinated,106.530195642135,283.296708065229,1959.24929584211,223,3286,1063,2223
48,48,8,delayed_coordination,Delayed Coordination,106.037917583934,296.584932264334,1961.6821250449,205,3172,1091,2081
49,49,2,baseline,Baseline,126.420914839679,305.900855514495,2379.34987965268,121,2293,655,1638
49,49,2,early_mover,Early Mover,129.381457878323,232.74347221783,1690.6723804996,247,4372,1003,3369
49,49,2,sequential,Sequential,124.982465456704,234.81865326435,1668.67220553126,255,4398,1032,3366
49,49,2,coordinated,Coordinated,125.700858891628,232.812647886581,1641.5242262129,263,4399,998,3401
49,49,2,delayed_coordination,Delayed Coordination,128.353291428748,222.645824662032,1602.79580777919,271,4503,1084,3419
49,49,4,baseline,Baseline,125.5455032382,315.655058958907,2404.0907749784,123,2309,647,1662
49,49,4,early_mover,Early Mover,118.178785206819,265.732453191793,1855.29890168288,206,3663,1056,2607
49,49,4,sequential,Sequential,114.307342994956,261.564893495406,1816.57155893332,196,3600,1070,2530
49,49,4,coordinated,Coordinated,113.965492017137,260.135717756227,1819.87194780833,220,3849,1114,2735
49,49,4,delayed_coordination,Delayed Coordination,113.974971560088,262.129885741438,1850.07633213151,201,3676,1076,2600
49,49,8,baseline,Baseline,122.811704454033,326.030423425883,2419.4086728757,118,2051,618,1433
49,49,8,early_mover,Early Mover,109.400191884928,289.025671262766,2001.51167515882,188,3118,959,2159
49,49,8,sequential,Sequential,105.896759491612,280.533648982214,1956.42394756205,200,3170,951,2219
49,49,8,coordinated,Coordinated,106.361106086505,267.416923577795,1986.5519667057,179,3212,990,2222
49,49,8,delayed_coordination,Delayed Coordination,104.227685440601,284.89074224159,1992.90106294323,184,3079,957,2122
50,50,2,baseline,Baseline,127.888540044676,346.294048976712,2441.71029262173,120,2350,664,1686
50,50,2,early_mover,Early Mover,131.189053664544,234.066589054712,1685.35668166032,269,4486,1304,3182
50,50,2,sequential,Sequential,131.297017735781,222.199063596217,1627.88690812178,283,4723,1298,3425
50,50,2,coordinated,Coordinated,124.564105544081,241.271407814654,1709.87485163989,263,4438,1104,3334
50,50,2,delayed_coordination,Delayed Coordination,130.111699047302,226.934788229221,1645.27704533028,261,4578,1241,3337
50,50,4,baseline,Baseline,126.293308402581,350.200206957506,2478.55805462828,111,2189,608,1581
50,50,4,early_mover,Early Mover,122.369788736546,239.172039261039,1808.3326537051,257,4066,1221,2845
50,50,4,sequential,Sequential,119.161743912052,236.019391218585,1790.88186547102,259,4015,1264,2751
50,50,4,coordinated,Coordinated,116.340295494206,247.015700788197,1887.65145963191,239,3854,1239,2615
50,50,4,delayed_coordination,Delayed Coordination,120.296298733159,229.332562238895,1761.0047411114,271,4058,1234,2824
50,50,8,baseline,Baseline,125.226529426166,347.445936765523,2514.49270970316,106,2088,603,1485
50,50,8,early_mover,Early Mover,113.48083709122,266.591321215912,1958.18289315678,227,3556,1188,2368
50,50,8,sequential,Sequential,110.079353398445,266.207279893535,1954.73133169128,231,3536,1168,2368
50,50,8,coordinated,Coordinated,107.080073578756,277.945011761476,2034.87393085868,187,3350,1041,2309
50,50,8,delayed_coordination,Delayed Coordination,110.721323156865,269.076743284633,1957.99973219122,203,3487,1150,2337
51,51,2,baseline,Baseline,122.209967251787,377.50689201035,2531.04717067305,107,2192,607,1585
51,51,2,early_mover,Early Mover,130.283243351711,221.979823461866,1638.45958949851,286,4871,1069,3802
51,51,2,sequential,Sequential,129.259665071619,207.229532213192,1531.12966580512,305,5015,1144,3871
51,51,2,coordinated,Coordinated,125.187604353817,213.284190783609,1641.7743900508,281,4656,1082,3574
51,51,2,delayed_coordination,Delayed Coordination,128.61134959094,214.933299560753,1553.92136712236,295,4979,1121,3858
51,51,4,baseline,Baseline,121.398304223386,381.822678488842,2567.41180017882,99,2018,549,1469
51,51,4,early_mover,Early Mover,115.664347949662,263.80541015241,1892.52175571234,230,3903,1097,2806
51,51,4,sequential,Sequential,114.466270368739,241.525264663135,1836.77265615292,233,3870,1118,2752
51,51,4,coordinated,Coordinated,123.500281056134,216.085908535556,1652.92152826777,291,4513,1215,3298
51,51,4,delayed_coordination,Delayed Coordination,114.856762525779,241.45308781169,1824.19115917075,249,3968,1114,2854
51,51,8,baseline,Baseline,120.546431978676,388.158010125574,2578.24471319285,101,1915,541,1374
51,51,8,early_mover,Early Mover,110.45972259396,278.562054873166,1987.42237812236,223,3578,1040,2538
51,51,8,sequential,Sequential,112.091490543937,260.54627849542,1847.02595398287,234,3681,1101,2580
51,51,8,coordinated,Coordinated,114.249341556385,248.439669989544,1784.75194117829,254,4165,1202,2963
51,51,8,delayed_coordination,Delayed Coordination,108.493761218889,274.850022389066,1917.68268662579,223,3569,1088,2481
52,52,2,baseline,Baseline,128.518375663661,371.862479074805,2449.37202339192,121,2374,590,1784
52,52,2,early_mover,Early Mover,132.725644500861,254.792145448945,1684.21231080001,257,4626,1040,3586
52,52,2,sequential,Sequential,129.634749146031,247.579121717243,1643.19792342317,256,4498,1062,3436
52,52,2,coordinated,Coordinated,128.983529324469,265.639040007368,1691.82446218068,247,4346,1043,3303
52,52,2,delayed_coordination,Delayed Coordination,129.254464316691,249.484759867892,1649.1472001055,249,4540,1037,3503
52,52,4,baseline,Baseline,127.705157333736,369.28361146561,2468.09164463911,114,2296,549,1747
52,52,4,early_mover,Early Mover,120.584459259205,266.316376094104,1873.87189393694,221,3904,1131,2773
52,52,4,sequential,Sequential,116.096765759717,276.410658426555,1873.11475983201,213,3760,1128,2632
52,52,4,coordinated,Coordinated,113.358121601418,283.298483816298,1894.52618187503,207,3461,1024,2437
52,52,4,delayed_coordination,Delayed Coordination,116.842997862579,267.227780335469,1848.08020132544,216,3800,1148,2652
52,52,8,baseline,Baseline,127.270746519694,368.566274246288,2453.26576241844,118,2265,500,1765
52,52,8,early_mover,Early Mover,115.635174486579,279.34444899228,1925.36325403248,208,3451,1075,2376
52,52,8,sequential,Sequential,107.778687021996,283.996389241188,1979.46266515562,163,3164,1021,2143
52,52,8,coordinated,Coordinated,102.94787703772,315.181716625331,2076.71280391636,141,2872,948,1924
52,52,8,delayed_coordination,Delayed Coordination,107.814062059285,282.398106884321,1963.98983269444,159,3169,1024,2145
53,53,2,baseline,Baseline,124.203388689925,327.636831916676,2346.31577690962,128,2611,664,1947
53,53,2,early_mover,Early Mover,126.477318191529,220.948842893663,1588.33155909454,282,4848,1121,3727
53,53,2,sequential,Sequential,124.457483663787,218.835102152644,1557.28555909392,288,4873,1195,3678
53,53,2,coordinated,Coordinated,121.623919450057,225.425153954861,1659.64272255361,271,4645,1139,3506
53,53,2,delayed_coordination,Delayed Coordination,123.555586096403,215.645829822024,1553.86539111729,293,4953,1127,3826
53,53,4,baseline,Baseline,121.943142381239,346.688670172948,2387.7162702576,115,2381,575,1806
53,53,4,early_mover,Early Mover,116.335214380135,226.848272156861,1697.06174588647,272,4200,1098,3102
53,53,4,sequential,Sequential,116.744884164052,223.714161652761,1676.84573020927,267,4324,1140,3184
53,53,4,coordinated,Coordinated,115.721497113707,224.263263417752,1620.21595873503,282,4445,1124,3321
53,53,4,delayed_coordination,Delayed Coordination,114.349866929065,227.487918344182,1717.52722622941,256,4215,1102,3113
53,53,8,baseline,Baseline,121.845807630546,337.326169745335,2399.79966976403,112,2274,603,1671
53,53,8,early_mover,Early Mover,111.911647840949,241.943510707075,1794.87437514922,247,3961,1141,2820
53,53,8,sequential,Sequential,112.660587789218,228.702655264975,1699.64709494042,254,4058,1236,2822
53,53,8,coordinated,Coordinated,108.157007644601,245.659759602888,1789.21597627117,241,3966,1203,2763
53,53,8,delayed_coordination,Delayed Coordination,112.171602117852,229.750791012007,1693.86687156873,266,4110,1211,2899
54,54,2,baseline,Baseline,125.883045856757,352.684802635863,2478.90123595543,115,2254,696,1558
54,54,2,early_mover,Early Mover,123.480057536315,251.562577325717,1763.73254740185,260,4224,1164,3060
54,54,2,sequential,Sequential,114.851633459688,260.05712023668,1791.89431196577,245,4028,1127,2901
54,54,2,coordinated,Coordinated,125.415565661392,235.941110929705,1567.00681528306,285,4712,1220,3492
54,54,2,delayed_coordination,Delayed Coordination,120.964102228415,244.040825127112,1700.72718771373,251,4227,1198,3029
54,54,4,baseline,Baseline,124.588828871826,357.889736470548,2511.14128804655,113,2153,727,1426
54,54,4,early_mover,Early Mover,120.871824509912,254.731709865038,1747.5986111225,223,4182,1081,3101
54,54,4,sequential,Sequential,118.644488544794,237.566073085591,1611.62444097235,257,4345,1187,3158
54,54,4,coordinated,Coordinated,116.524304864817,253.116889969779,1710.49940989696,251,4093,1200,2893
54,54,4,delayed_coordination,Delayed Coordination,115.477175784629,245.861281822907,1696.54641224306,224,4100,1087,3013
54,54,8,baseline,Baseline,123.795797787584,361.303533415764,2536.25556301887,100,2032,715,1317
54,54,8,early_mover,Early Mover,114.142362405541,276.1922164473,1863.98830913923,217,3766,1174,2592
54,54,8,sequential,Sequential,110.112561237149,261.456885730626,1799.54810943514,216,3632,1189,2443
54,54,8,coordinated,Coordinated,112.091760843459,264.535259411873,1785.63700290768,250,3817,1214,2603
54,54,8,delayed_coordination,Delayed Coordination,111.572008664813,256.005977471404,1758.93553957034,238,3806,1204,2602
55,55,2,baseline,Baseline,126.167230223739,367.062493706948,2511.18953395692,105,2066,630,1436
55,55,2,early_mover,Early Mover,132.750013784177,238.320785112413,1581.68317836009,293,4779,1139,3640
55,55,2,sequential,Sequential,133.052495402508,226.142809169493,1480.93243533677,291,4688,1188,3500
55,55,2,coordinated,Coordinated,130.065516904897,253.476006961561,1595.79420332471,293,4503,1269,3234
55,55,2,delayed_coordination,Delayed Coordination,131.370334622409,232.310689576496,1503.56940245422,259,4517,1160,3357
55,55,4,baseline,Baseline,125.591206911265,364.572262315941,2522.15984650322,104,1997,650,1347
55,55,4,early_mover,Early Mover,124.731509417373,245.30085273305,1697.51207577012,255,4314,1277,3037
55,55,4,sequential,Sequential,123.231669913194,239.433389920727,1622.6802813665,290,4389,1321,3068
55,55,4,coordinated,Coordinated,121.796305420194,255.022661273267,1671.50833383638,280,4245,1252,2993
55,55,4,delayed_coordination,Delayed Coordination,123.831483757056,231.056643659542,1603.16694639628,279,4446,1291,3155
55,55,8,baseline,Baseline,123.059736718469,375.880125831742,2559.07194365432,92,1843,619,1224
55,55,8,early_mover,Early Mover,110.741389446076,262.13650162122,1930.48327084052,209,3549,1178,2371
55,55,8,sequential,Sequential,109.979927354692,268.801400128991,1865.47746753679,236,3592,1207,2385
55,55,8,coordinated,Coordinated,110.689864420196,273.972377978878,1841.37363467495,239,3782,1266,2516
55,55,8,delayed_coordination,Delayed Coordination,111.302500159563,259.299110316963,1826.48596650733,232,3701,1173,2528
56,56,2,baseline,Baseline,125.88943167622,360.692832202039,2424.49203561276,116,2372,562,1810
56,56,2,early_mover,Early Mover,130.925678768054,233.308214371544,1589.46082032821,286,4761,1212,3549
56,56,2,sequential,Sequential,124.695270616313,249.415554787554,1589.88545439596,265,4500,1216,3284
56,56,2,coordinated,Coordinated,119.647740983577,272.282496741899,1748.94270649659,213,3900,1126,2774
56,56,2,delayed_coordination,Delayed Coordination,124.093857166454,235.216013964379,1591.69512682755,253,4530,1197,3333
56,56,4,baseline,Baseline,124.548312553382,363.304036232974,2442.58528145174,113,2297,621,1676
56,56,4,early_mover,Early Mover,111.997897749039,312.372828820699,1989.04784748551,194,3344,1121,2223
56,56,4,sequential,Sequential,107.163134035311,307.471100420889,1959.18151551147,183,3174,1077,2097
56,56,4,coordinated,Coordinated,106.757970279647,311.246412713022,1999.83402191748,186,3284,1048,2236
56,56,4,delayed_coordination,Delayed Coordination,107.198395392882,307.758264391766,1980.6193548954,180,3159,1058,2101
56,56,8,baseline,Baseline,122.884403023285,373.593296558056,2485.55877423403,102,2094,633,1461
56,56,8,early_mover,Early Mover,110.882183554677,281.032135058392,1898.84488633476,223,3428,1129,2299
56,56,8,sequential,Sequential,106.619016405524,283.28408045322,1899.84632426421,217,3248,1098,2150
56,56,8,coordinated,Coordinated,107.318611951521,290.115631718929,1931.72200074781,185,3311,1055,2256
56,56,8,delayed_coordination,Delayed Coordination,106.860971884704,282.014421750711,1892.79948534579,223,3374,1111,2263
57,57,2,baseline,Baseline,128.08811543182,368.540197636912,2427.9129533841,121,2408,454,1954
57,57,2,early_mover,Early Mover,131.883994641631,257.275371534314,1646.06204806205,265,4808,1083,3725
57,57,2,sequential,Sequential,130.554019820357,241.963141060876,1569.17405637098,290,4903,1093,3810
57,57,2,coordinated,Coordinated,129.538591957967,249.662609059613,1577.50745890808,292,4914,1152,3762
57,57,2,delayed_coordination,Delayed Coordination,133.380721356174,230.598598213752,1530.05492385422,289,4966,1088,3878
57,57,4,baseline,Baseline,126.141976716695,381.660266349182,2474.53264964,115,2313,470,1843
57,57,4,early_mover,Early Mover,122.941740219548,278.534053895906,1760.65692771639,254,4208,1118,3090
57,57,4,sequential,Sequential,122.025885465516,249.206467415775,1662.28719807723,271,4328,1201,3127
57,57,4,coordinated,Coordinated,121.832098792421,248.401730422892,1685.10443028838,278,4360,1223,3137
57,57,4,delayed_coordination,Delayed Coordination,122.582490890687,260.659943171863,1641.2604203553,275,4399,1172,3227
57,57,8,baseline,Baseline,124.286556870045,380.827258132485,2518.5635218834,97,2118,407,1711
57,57,8,early_mover,Early Mover,116.635870086405,285.270101923864,1845.47499607261,238,3703,1059,2644
57,57,8,sequential,Sequential,110.781922987675,268.896362749181,1790.71915003381,249,3746,1092,2654
57,57,8,coordinated,Coordinated,112.532462638135,267.855440192178,1821.592293947,232,3585,1015,2570
57,57,8,delayed_coordination,Delayed Coordination,114.203356280075,256.119151766421,1758.51543349923,234,3775,1085,2690
58,58,2,baseline,Baseline,126.817323961982,339.053732359203,2411.00041000308,113,2354,551,1803
58,58,2,early_mover,Early Mover,127.063422120808,216.248757393082,1572.99362894365,290,4924,1118,3806
58,58,2,sequential,Sequential,129.392529550837,203.963258667577,1464.15277496996,293,4984,1160,3824
58,58,2,coordinated,Coordinated,131.389158506175,198.757113341179,1453.75525298681,304,5186,1131,4055
58,58,2,delayed_coordination,Delayed Coordination,128.340502623625,203.18126047853,1472.25093328123,307,5028,1167,3861
58,58,4,baseline,Baseline,124.668455530396,347.798210249246,2480.97145333531,104,2125,462,1663
58,58,4,early_mover,Early Mover,122.231763887987,229.877834454465,1678.71945509008,248,4469,1047,3422
58,58,4,sequential,Sequential,120.455045289273,215.635157961391,1588.01780555195,262,4518,1139,3379
58,58,4,coordinated,Coordinated,120.287723720729,227.540364330766,1634.53927398229,273,4469,1083,3386
58,58,4,delayed_coordination,Delayed Coordination,119.745139411581,222.311045230974,1603.63629461614,270,4543,1149,3394
58,58,8,baseline,Baseline,124.383535804195,345.674613912142,2466.66488675706,104,2104,575,1529
58,58,8,early_mover,Early Mover,112.892748937968,268.385238685188,1825.12035215966,233,3698,926,2772
58,58,8,sequential,Sequential,108.22908444912,271.104386508306,1849.70092299238,217,3524,932,2592
58,58,8,coordinated,Coordinated,102.183658427742,294.711859096571,1994.12826325026,172,3063,833,2230
58,58,8,delayed_coordination,Delayed Coordination,107.509932400174,269.367699337747,1842.84584883438,207,3543,965,2578
59,59,2,baseline,Baseline,122.731501659468,346.575930742634,2413.8989837091,128,2407,667,1740
59,59,2,early_mover,Early Mover,124.78112054115,241.710706486392,1637.62200318481,282,4770,1268,3502
59,59,2,sequential,Sequential,125.798564347715,222.264630184228,1554.66292487333,296,4934,1312,3622
59,59,2,coordinated,Coordinated,132.683536476953,215.241613850903,1485.75543307344,297,5150,1339,3811
59,59,2,delayed_coordination,Delayed Coordination,127.323577607656,220.403559481852,1524.90108263945,302,4902,1316,3586
59,59,4,baseline,Baseline,123.239344067742,359.915174216756,2395.31713185643,122,2429,570,1859
59,59,4,early_mover,Early Mover,120.391921412271,242.112821428552,1691.60954701447,271,4279,1213,3066
59,59,4,sequential,Sequential,121.72493178895,215.695518544416,1575.0000839833,280,4274,1393,2881
59,59,4,coordinated,Coordinated,123.657947285998,231.601527693443,1608.13108066154,271,4324,1398,2926
59,59,4,delayed_coordination,Delayed Coordination,117.166351423763,222.68400029307,1610.24527216016,267,4252,1276,2976
59,59,8,baseline,Baseline,121.558935291369,357.884873246876,2420.20245010414,117,2285,615,1670
59,59,8,early_mover,Early Mover,110.922371896948,271.502740834167,1857.01928394605,215,3717,1183,2534
59,59,8,sequential,Sequential,107.103293583915,262.264512125586,1852.89729620491,243,3756,1270,2486
59,59,8,coordinated,Coordinated,111.623134933742,261.14927253949,1752.18827120363,249,3967,1264,2703
59,59,8,delayed_coordination,Delayed Coordination,109.500715716088,264.543008849433,1805.41987434566,254,3887,1276,2611
60,60,2,baseline,Baseline,123.786770189046,368.002018317987,2486.75415894228,112,2325,497,1828
60,60,2,early_mover,Early Mover,126.644722549979,243.972127062697,1611.27342059545,287,4922,1048,3874
60,60,2,sequential,Sequential,125.347357908602,237.864284876011,1549.52457870474,302,4941,1099,3842
60,60,2,coordinated,Coordinated,122.893997961352,240.053428557938,1621.0755150455,286,4873,1201,3672
60,60,2,delayed_coordination,Delayed Coordination,124.330259275558,237.79762783363,1570.79188298488,295,4938,1100,3838
60,60,4,baseline,Baseline,121.214190982886,374.836436712824,2552.32998897754,102,2118,472,1646
60,60,4,early_mover,Early Mover,119.076287779493,254.073908821125,1743.65934580523,264,4338,1090,3248
60,60,4,sequential,Sequential,117.118090229236,240.58929903968,1710.93865320481,267,4264,1187,3077
60,60,4,coordinated,Coordinated,108.633351454861,277.874183186816,1859.54649287938,214,3612,1009,2603
60,60,4,delayed_coordination,Delayed Coordination,113.790352326248,254.381429920142,1750.12639706244,252,4269,1158,3111
60,60,8,baseline,Baseline,121.492987603612,363.033779934612,2520.57468424108,103,2123,499,1624
60,60,8,early_mover,Early Mover,112.095619276856,287.309119308535,1881.03300690933,232,3776,1081,2695
60,60,8,sequential,Sequential,103.180941794461,303.176591806487,1933.28129768449,220,3569,1068,2501
60,60,8,coordinated,Coordinated,107.447250269284,278.02907504138,1838.08150722723,236,3760,1112,2648
60,60,8,delayed_coordination,Delayed Coordination,107.716615798475,290.544535184263,1896.02243305313,205,3685,1095,2590
61,61,2,baseline,Baseline,123.999957303789,336.128332150819,2355.5986645966,139,2744,507,2237
61,61,2,early_mover,Early Mover,128.966863335539,212.008372000454,1518.80424548901,310,5259,1094,4165
61,61,2,sequential,Sequential,129.770712485882,209.245733118676,1443.77041649833,304,5316,1197,4119
61,61,2,coordinated,Coordinated,130.162347057577,220.99645111622,1415.17078446353,312,5553,1159,4394
61,61,2,delayed_coordination,Delayed Coordination,131.379270422355,220.259983217691,1441.43377682604,325,5389,1176,4213
61,61,4,baseline,Baseline,123.06487274691,343.897694927733,2368.63974280316,126,2664,476,2188
61,61,4,early_mover,Early Mover,120.574431144819,232.65717165032,1602.06291744855,282,4863,1223,3640
61,61,4,sequential,Sequential,121.754074286549,213.897202291304,1532.86482026623,291,4968,1255,3713
61,61,4,coordinated,Coordinated,118.02703424633,218.706724476628,1608.4349795526,272,4741,1233,3508
61,61,4,delayed_coordination,Delayed Coordination,119.735079733688,231.76950765619,1563.99623538927,277,4898,1302,3596
61,61,8,baseline,Baseline,123.454383836521,342.960656298279,2363.1182044885,123,2520,507,2013
61,61,8,early_mover,Early Mover,112.944053227373,242.202558046349,1739.08845608436,246,4169,1192,2977
61,61,8,sequential,Sequential,110.513653562409,240.774238565838,1708.44838226671,253,4140,1280,2860
61,61,8,coordinated,Coordinated,113.453973054599,229.805308811324,1655.33663193596,269,4416,1375,3041
61,61,8,delayed_coordination,Delayed Coordination,111.794427870592,240.94715328511,1687.16897809954,257,4252,1237,3015
62,62,2,baseline,Baseline,125.478346600241,344.3894620866,2409.68595732342,122,2484,440,2044
62,62,2,early_mover,Early Mover,122.938599857416,271.307153360008,1742.83605569496,248,4340,860,3480
62,62,2,sequential,Sequential,120.874997411455,262.522260925036,1684.78022133362,258,4377,928,3449
62,62,2,coordinated,Coordinated,110.506288961638,288.58953246261,1956.78618182095,203,3533,781,2752
62,62,2,delayed_coordination,Delayed Coordination,122.498447249155,258.039832768917,1649.16625059695,261,4462,927,3535
62,62,4,baseline,Baseline,124.993593815148,337.484797323248,2390.89790928518,123,2460,484,1976
62,62,4,early_mover,Early Mover,121.082649305696,246.017157299307,1713.73881787054,239,4264,1085,3179
62,62,4,sequential,Sequential,117.74753891757,243.833918001976,1688.57221835314,245,4292,1081,3211
62,62,4,coordinated,Coordinated,114.342542613264,275.55860684426,1773.6650245062,255,4082,1052,3030
62,62,4,delayed_coordination,Delayed Coordination,117.080212524753,241.712116627199,1721.4720965591,244,4236,1099,3137
62,62,8,baseline,Baseline,123.304918434476,353.484959119263,2438.84614295588,116,2309,447,1862
62,62,8,early_mover,Early Mover,110.875506913811,274.557909800856,1882.84612648016,236,3615,1014,2601
62,62,8,sequential,Sequential,106.797091438612,266.168894846494,1855.76683631249,232,3447,1036,2411
62,62,8,coordinated,Coordinated,104.705430986083,267.786178055056,1919.65364304309,218,3264,874,2390
62,62,8,delayed_coordination,Delayed Coordination,106.801646891945,266.454749179698,1878.56766599047,212,3476,1020,2456
63,63,2,baseline,Baseline,125.026580892622,351.961206128798,2393.84946305229,119,2396,453,1943
63,63,2,early_mover,Early Mover,112.241180391666,268.456104356739,1855.41939801826,220,3968,1017,2951
63,63,2,sequential,Sequential,111.86903285088,253.389908612472,1771.67264857271,233,4091,1026,3065
63,63,2,coordinated,Coordinated,112.402946736403,259.507536522535,1766.34501275431,213,4071,974,3097
63,63,2,delayed_coordination,Delayed Coordination,112.632635167409,253.771711108133,1763.99261148174,230,4104,1021,3083
63,63,4,baseline,Baseline,122.196611871315,360.991759284303,2481.09017600919,98,2086,381,1705
63,63,4,early_mover,Early Mover,115.660863454671,241.638999341479,1753.64985738232,259,4222,1044,3178
63,63,4,sequential,Sequential,114.62663564416,228.585332706094,1684.49712054997,265,4235,1107,3128
63,63,4,coordinated,Coordinated,115.398586237619,231.112916896744,1747.90046874112,259,4355,1145,3210
63,63,4,delayed_coordination,Delayed Coordination,116.695453301433,224.672695843958,1631.70835543757,286,4426,1105,3321
63,63,8,baseline,Baseline,121.051222563887,368.623383884761,2503.92663650399,93,1943,361,1582
63,63,8,early_mover,Early Mover,109.863995743061,277.709544994052,1862.68750133088,230,3694,1002,2692
63,63,8,sequential,Sequential,106.788847943477,263.579756900401,1853.43060658907,217,3604,1021,2583
63,63,8,coordinated,Coordinated,105.262252279809,274.390131688432,1886.89296211163,194,3538,957,2581
63,63,8,delayed_coordination,Delayed Coordination,108.044456193998,271.676809808596,1819.14966976449,229,3700,1025,2675
64,64,2,baseline,Baseline,126.476643368123,361.284528182013,2425.85202473814,115,2271,633,1638
64,64,2,early_mover,Early Mover,132.087448693577,241.637447711098,1607.37204159969,280,4579,1132,3447
64,64,2,sequential,Sequential,126.718122511502,238.44814468454,1604.81171165362,253,4227,1128,3099
64,64,2,coordinated,Coordinated,122.572751005878,249.803261079462,1827.59383004929,210,3560,1108,2452
64,64,2,delayed_coordination,Delayed Coordination,130.982181282668,227.20069173211,1571.87069171771,267,4438,1191,3247
64,64,4,baseline,Baseline,125.442163520397,368.535873589824,2449.41737307218,102,2106,676,1430
64,64,4,early_mover,Early Mover,119.026670333063,264.561564768625,1872.10667172178,211,3413,1078,2335
64,64,4,sequential,Sequential,113.907181291304,264.934951611581,1863.09540051881,182,3201,1026,2175
64,64,4,coordinated,Coordinated,111.222730764318,273.989781744671,1928.56225727973,169,3073,992,2081
64,64,4,delayed_coordination,Delayed Coordination,113.195402101701,257.611496833967,1874.1737667825,180,3247,1001,2246
64,64,8,baseline,Baseline,122.964012451008,381.740910249778,2526.6983695644,94,1864,595,1269
64,64,8,early_mover,Early Mover,110.645980017575,293.18743935371,2034.26177627598,176,3007,1145,1862
64,64,8,sequential,Sequential,107.953781029675,283.845383752603,1998.69602396511,178,3063,1190,1873
64,64,8,coordinated,Coordinated,105.068018237399,288.784750119064,1966.59457079394,190,3206,1132,2074
64,64,8,delayed_coordination,Delayed Coordination,107.394332134047,280.671364224584,1985.77741848496,168,3046,1138,1908
65,65,2,baseline,Baseline,123.99582521771,385.272161042247,2479.6073268754,103,2109,489,1620
65,65,2,early_mover,Early Mover,136.490293647801,218.603017440539,1526.43318376051,287,4957,979,3978
65,65,2,sequential,Sequential,136.695061039598,204.297984022274,1415.86673874383,314,5054,1130,3924
65,65,2,coordinated,Coordinated,119.815129371685,269.967778497445,1713.05793174369,250,4053,999,3054
65,65,2,delayed_coordination,Delayed Coordination,138.908677426242,197.385557517707,1395.87269252079,312,5087,1102,3985
65,65,4,baseline,Baseline,122.781354871532,391.278525139383,2531.45910782441,95,1949,384,1565
65,65,4,early_mover,Early Mover,122.011746617047,241.178460213714,1671.51768409484,260,4260,987,3273
65,65,4,sequential,Sequential,115.993674517108,250.507094019297,1640.35666670548,228,4019,1050,2969
65,65,4,coordinated,Coordinated,112.74113593715,261.278383571164,1730.95346352,211,3850,1014,2836
65,65,4,delayed_coordination,Delayed Coordination,121.123254944373,225.244075690062,1569.13201691359,261,4245,1067,3178
65,65,8,baseline,Baseline,121.157848765612,368.22295575175,2533.64614497361,89,1846,431,1415
65,65,8,early_mover,Early Mover,110.83925738657,276.92730318966,1857.49631370568,228,3590,1010,2580
65,65,8,sequential,Sequential,109.72538539649,264.677577615819,1764.99134619414,230,3588,1041,2547
65,65,8,coordinated,Coordinated,105.051093026296,275.737245496615,1890.15754221358,210,3247,988,2259
65,65,8,delayed_coordination,Delayed Coordination,109.671201613743,260.348384192481,1789.93889146724,212,3539,1048,2491
66,66,2,baseline,Baseline,123.820375258437,350.069439698038,2422.89280365922,110,2271,548,1723
66,66,2,early_mover,Early Mover,131.125060316843,212.894248275628,1567.45997035892,296,5026,1028,3998
66,66,2,sequential,Sequential,132.514881806773,199.068535326017,1495.9630477458,307,5139,1137,4002
66,66,2,coordinated,Coordinated,131.739562684285,197.080855486274,1515.00040566024,291,5012,1271,3741
66,66,2,delayed_coordination,Delayed Coordination,130.508455987545,210.443714416248,1521.00735036249,301,5120,1106,4014
66,66,4,baseline,Baseline,122.122966190991,345.120175692554,2450.64675561296,103,2162,566,1596
66,66,4,early_mover,Early Mover,127.124098034739,207.231497125994,1603.09472799822,262,4689,1166,3523
66,66,4,sequential,Sequential,121.92110301393,201.687375357161,1562.48590571758,263,4567,1187,3380
66,66,4,coordinated,Coordinated,117.154961890565,224.133939248207,1698.15026011194,251,4344,1286,3058
66,66,4,delayed_coordination,Delayed Coordination,121.960460163706,206.100551406701,1581.85280638237,253,4651,1216,3435
66,66,8,baseline,Baseline,122.404537323288,346.797955372187,2446.06758092522,99,2080,590,1490
66,66,8,early_mover,Early Mover,114.808656474682,247.883111637871,1807.28203633422,217,3788,1110,2678
66,66,8,sequential,Sequential,114.25660202853,234.981809600008,1743.49109772088,248,3854,1205,2649
66,66,8,coordinated,Coordinated,116.291646803865,231.215095837243,1672.49324965727,261,4193,1286,2907
66,66,8,delayed_coordination,Delayed Coordination,112.530399022349,245.613443372978,1749.95179823253,234,3847,1167,2680
67,67,2,baseline,Baseline,122.818108363156,384.518265116623,2535.50066997604,101,2069,508,1561
67,67,2,early_mover,Early Mover,132.902345432444,251.172253606058,1594.21305744658,291,4978,958,4020
67,67,2,sequential,Sequential,130.571559883993,243.764288924939,1552.9204300629,304,5035,1047,3988
67,67,2,coordinated,Coordinated,130.102466679137,230.933724445874,1573.66984550934,291,5042,1222,3820
67,67,2,delayed_coordination,Delayed Coordination,130.861024562782,242.683273605256,1533.20967013043,304,5085,1038,4047
67,67,4,baseline,Baseline,121.657265709083,384.258998914857,2572.88776075311,98,1934,490,1444
67,67,4,early_mover,Early Mover,124.986198788328,259.058313110903,1694.35935276499,262,4526,1003,3523
67,67,4,sequential,Sequential,121.832995142519,256.665282581532,1664.30971267448,266,4568,1151,3417
67,67,4,coordinated,Coordinated,120.838724649517,256.467572271376,1665.14071953581,267,4545,1148,3397
67,67,4,delayed_coordination,Delayed Coordination,123.540284202594,252.442424385809,1636.21350058687,274,4624,1104,3520
67,67,8,baseline,Baseline,120.746266754756,384.961886852177,2594.28596570928,85,1819,519,1300
67,67,8,early_mover,Early Mover,117.9534698419,279.713521249897,1827.52048136445,231,4030,1172,2858
67,67,8,sequential,Sequential,113.772662820279,272.898084331665,1778.93718423041,214,4012,1281,2731
67,67,8,coordinated,Coordinated,110.833759241207,269.503919477173,1827.64327361902,245,3901,1216,2685
67,67,8,delayed_coordination,Delayed Coordination,114.906920839893,278.183281513504,1786.06360506867,228,3967,1271,2696
68,68,2,baseline,Baseline,125.424004259547,347.068664199167,2427.53727994289,125,2505,540,1965
68,68,2,early_mover,Early Mover,130.768562872632,225.432499472053,1557.67074467282,295,4999,1082,3917
68,68,2,sequential,Sequential,134.055553732246,207.561346636944,1435.26235308029,309,5200,1094,4106
68,68,2,coordinated,Coordinated,129.753685040863,219.571392572649,1443.71558735881,321,5182,1124,4058
68,68,2,delayed_coordination,Delayed Coordination,130.861871028488,211.284019031728,1455.08214240044,302,5150,1087,4063
68,68,4,baseline,Baseline,125.141755156698,349.851810072568,2429.36553911372,119,2489,472,2017
68,68,4,early_mover,Early Mover,124.550739554935,251.737392550284,1611.93864025057,280,4691,1253,3438
68,68,4,sequential,Sequential,123.37310611145,231.247553663818,1491.55251940278,310,4861,1338,3523
68,68,4,coordinated,Coordinated,119.815892743283,239.289405673708,1584.27438995856,304,4616,1256,3360
68,68,4,delayed_coordination,Delayed Coordination,123.613712783964,237.343654320367,1519.04069564245,278,4744,1343,3401
68,68,8,baseline,Baseline,124.225192563063,356.733755442251,2457.3438658033,108,2422,507,1915
68,68,8,early_mover,Early Mover,115.443181864573,264.728031202955,1753.93476244933,268,4225,1157,3068
68,68,8,sequential,Sequential,114.360116236428,256.357182370377,1695.46429234675,267,4317,1179,3138
68,68,8,coordinated,Coordinated,111.377841376707,254.528409313849,1722.55039702661,245,4364,1211,3153
68,68,8,delayed_coordination,Delayed Coordination,113.550482564999,254.766132308144,1678.96914094491,282,4245,1188,3057
69,69,2,baseline,Baseline,122.844950324735,344.261701950649,2431.14750803258,119,2449,586,1863
69,69,2,early_mover,Early Mover,126.313632200168,231.441154967147,1551.66417974278,294,5013,1051,3962
69,69,2,sequential,Sequential,125.307033554966,214.321844135134,1478.70445498882,308,5010,1127,3883
69,69,2,coordinated,Coordinated,125.98526927856,211.279295283521,1496.3561274307,311,5249,1136,4113
69,69,2,delayed_coordination,Delayed Coordination,127.157347358883,216.727864628171,1467.63710640784,299,5097,1101,3996
69,69,4,baseline,Baseline,123.322063383934,346.62292674835,2425.4033803533,127,2439,580,1859
69,69,4,early_mover,Early Mover,123.165771707948,232.738996172801,1573.44981533527,278,4821,1069,3752
69,69,4,sequential,Sequential,122.796348876555,218.407352624846,1503.89194006146,299,4884,1250,3634
69,69,4,coordinated,Coordinated,120.42638004997,221.414846213524,1534.069564103,301,4708,1147,3561
69,69,4,delayed_coordination,Delayed Coordination,123.608216098699,213.598536683638,1476.62069725131,301,4998,1255,3743
69,69,8,baseline,Baseline,121.492650479333,345.747350230266,2445.53501117033,114,2276,533,1743
69,69,8,early_mover,Early Mover,117.706161872607,246.533426875732,1667.26675677595,260,4245,1127,3118
69,69,8,sequential,Sequential,115.236195148907,246.125101155633,1648.40358126336,266,4137,1167,2970
69,69,8,coordinated,Coordinated,109.177748871989,254.380266698024,1716.38783097843,235,3959,1095,2864
69,69,8,delayed_coordination,Delayed Coordination,115.615714827617,242.346978525885,1629.4251991699,263,4237,1178,3059
70,70,2,baseline,Baseline,122.711982778925,331.051496055452,2466.60314938121,92,1911,641,1270
70,70,2,early_mover,Early Mover,120.734464258363,231.059968331983,1737.09014518468,262,4240,1117,3123
70,70,2,sequential,Sequential,123.54446854682,222.494909823303,1660.95835586414,268,4388,1174,3214
70,70,2,coordinated,Coordinated,120.796298030916,268.112485014235,1712.91517392172,259,4178,992,3186
70,70,2,delayed_coordination,Delayed Coordination,126.347398593261,217.553857959606,1580.24861377975,289,4493,1187,3306
70,70,4,baseline,Baseline,121.629816127759,329.995175370353,2449.60797195475,106,1972,664,1308
70,70,4,early_mover,Early Mover,121.04581046694,263.481277471864,1729.4828193087,246,4229,1104,3125
70,70,4,sequential,Sequential,122.235171113188,240.744727142788,1603.08325310321,262,4448,1109,3339
70,70,4,coordinated,Coordinated,120.963562270862,245.468228202482,1622.73917314519,268,4466,1168,3298
70,70,4,delayed_coordination,Delayed Coordination,119.675684856777,257.849252669786,1644.86249430644,265,4319,1092,3227
70,70,8,baseline,Baseline,121.46153047071,329.407169182264,2490.62370797323,101,1924,668,1256
70,70,8,early_mover,Early Mover,113.032480771206,293.632761014059,1902.75115096867,216,3610,1120,2490
70,70,8,sequential,Sequential,111.523740766801,284.476242144051,1831.91057618052,228,3645,1132,2513
70,70,8,coordinated,Coordinated,110.718395067773,278.590709795871,1840.57812535546,225,3750,1136,2614
70,70,8,delayed_coordination,Delayed Coordination,113.404300980512,283.990965642416,1819.31040263261,241,3715,1139,2576
71,71,2,baseline,Baseline,125.296909255654,322.610742606608,2320.49972987213,132,2693,642,2051
71,71,2,early_mover,Early Mover,127.279947336979,220.275573169193,1548.55776323658,291,5129,1041,4088
71,71,2,sequential,Sequential,125.098340510554,213.940939147477,1470.19814558267,288,5095,1166,3929
71,71,2,coordinated,Coordinated,127.579872073406,216.67085413143,1427.84194882735,296,5181,1218,3963
71,71,2,delayed_coordination,Delayed Coordination,127.704844351545,203.038122124347,1426.76852545067,292,5103,1110,3993
71,71,4,baseline,Baseline,124.296754707297,328.802696202771,2335.14366176455,127,2654,601,2053
71,71,4,early_mover,Early Mover,116.181907398361,246.5095957154,1687.66234531638,269,4562,1115,3447
71,71,4,sequential,Sequential,115.365927903123,240.337068098671,1629.96432080017,276,4593,1185,3408
71,71,4,coordinated,Coordinated,113.763160018685,251.245049140845,1672.6327370082,252,4472,1186,3286
71,71,4,delayed_coordination,Delayed Coordination,114.808284770339,245.609450613823,1634.65602922455,272,4548,1157,3391
71,71,8,baseline,Baseline,121.359027105174,339.359371213322,2393.84356262606,123,2278,501,1777
71,71,8,early_mover,Early Mover,109.464804832578,268.508460824956,1855.20169755142,229,3757,973,2784
71,71,8,sequential,Sequential,106.492572342987,261.098455024721,1810.07443182289,221,3722,1036,2686
71,71,8,coordinated,Coordinated,102.957952990445,296.798686640237,1905.41633545271,201,3539,1020,2519
71,71,8,delayed_coordination,Delayed Coordination,107.223356372285,265.834303608767,1806.46819719454,225,3726,1014,2712
72,72,2,baseline,Baseline,124.232616435254,377.279702208944,2522.30333926234,109,2206,621,1585
72,72,2,early_mover,Early Mover,129.132943924766,279.673653652612,1635.12924938448,282,4824,1041,3783
72,72,2,sequential,Sequential,129.147287754293,262.06939590798,1546.39283743939,271,4805,1089,3716
72,72,2,coordinated,Coordinated,133.943437637042,249.097574801713,1502.44471300612,308,5188,1224,3964
72,72,2,delayed_coordination,Delayed Coordination,130.7627318782,253.746489722065,1499.00277286396,310,4972,1096,3876
72,72,4,baseline,Baseline,123.584797435207,376.155450647838,2535.99596996849,103,2162,582,1580
72,72,4,early_mover,Early Mover,124.7464772581,253.296177823579,1683.66577095334,262,4462,1167,3295
72,72,4,sequential,Sequential,119.65042444625,250.397145603086,1689.54491917842,239,4252,1173,3079
72,72,4,coordinated,Coordinated,117.093646973037,252.692206352709,1741.46230083075,247,4132,1191,2941
72,72,4,delayed_coordination,Delayed Coordination,125.986881611313,230.91427920271,1573.43377971516,280,4624,1238,3386
72,72,8,baseline,Baseline,121.57854177296,379.7064954909,2566.08763724311,94,1957,544,1413
72,72,8,early_mover,Early Mover,113.502626163511,289.586328446686,1848.02040087505,235,3830,1081,2749
72,72,8,sequential,Sequential,111.923894617282,262.9219540537,1760.44579316974,236,3877,1102,2775
72,72,8,coordinated,Coordinated,106.862812321236,281.387453712979,1900.43765040133,181,3519,1021,2498
72,72,8,delayed_coordination,Delayed Coordination,111.290458810235,275.015824208121,1780.7072979107,239,3834,1100,2734
73,73,2,baseline,Baseline,128.419155302554,326.784186210405,2258.99240373647,144,2958,671,2287
73,73,2,early_mover,Early Mover,130.165595726324,201.514129685187,1511.34049455594,298,5227,1194,4033
73,73,2,sequential,Sequential,128.249331271454,197.85696293813,1453.41514269254,303,5266,1216,4050
73,73,2,coordinated,Coordinated,116.443660830125,251.279889409497,1705.58452185754,256,4505,1102,3403
73,73,2,delayed_coordination,Delayed Coordination,128.781004964398,192.424372438638,1443.48628122746,315,5285,1216,4069
73,73,4,baseline,Baseline,126.024905246215,334.647935943198,2294.32508591037,132,2742,673,2069
73,73,4,early_mover,Early Mover,112.749160830878,297.934587352743,1832.02477474257,220,4111,1178,2933
73,73,4,sequential,Sequential,112.624610178558,292.988455391795,1749.80720771118,242,4191,1194,2997
73,73,4,coordinated,Coordinated,110.426545872173,297.440245846922,1834.57329976914,230,4144,1212,2932
73,73,4,delayed_coordination,Delayed Coordination,110.346533794688,294.759345044677,1784.50371026527,225,4067,1142,2925
73,73,8,baseline,Baseline,124.704830159823,335.415756773679,2326.94310590344,132,2662,700,1962
73,73,8,early_mover,Early Mover,113.548257207211,257.045356266845,1766.82497489768,240,4200,1240,2960
73,73,8,sequential,Sequential,109.059491945195,262.836994994598,1762.51093570345,235,4094,1181,2913
73,73,8,coordinated,Coordinated,105.835247834859,286.030629027684,1885.10439255817,210,3786,1126,2660
73,73,8,delayed_coordination,Delayed Coordination,107.886059924812,264.738356699221,1735.69887835893,248,4161,1184,2977
74,74,2,baseline,Baseline,123.733761856386,369.734979386559,2562.63794908082,105,2057,683,1374
74,74,2,early_mover,Early Mover,129.612537034454,254.24807489706,1659.18310821987,284,4615,1151,3464
74,74,2,sequential,Sequential,129.218980080858,231.192510072372,1558.23248338723,291,4735,1187,3548
74,74,2,coordinated,Coordinated,121.67371332233,286.175139360528,1787.93615362785,242,4161,1097,3064
74,74,2,delayed_coordination,Delayed Coordination,124.398800487888,249.534936738881,1631.83780815949,271,4514,1159,3355
74,74,4,baseline,Baseline,122.640868227524,373.05173672127,2576.33988978672,102,1937,580,1357
74,74,4,early_mover,Early Mover,119.159447352433,265.799304058975,1821.21410115982,239,4030,1060,2970
74,74,4,sequential,Sequential,114.965716987655,280.634886594922,1834.48863632053,223,3796,1078,2718
74,74,4,coordinated,Coordinated,115.800899960006,266.405507850961,1761.52871761929,257,4014,1101,2913
74,74,4,delayed_coordination,Delayed Coordination,116.894240300503,258.815196512895,1754.61690310075,265,4177,1099,3078
74,74,8,baseline,Baseline,121.631370785074,381.785605365007,2628.19390499148,95,1747,547,1200
74,74,8,early_mover,Early Mover,114.50633461077,298.647488580267,1919.06501121569,224,3537,1039,2498
74,74,8,sequential,Sequential,109.561201936584,304.640619218539,1903.5028455949,229,3357,991,2366
74,74,8,coordinated,Coordinated,108.806612318822,280.099537362054,1873.87039054218,240,3614,1021,2593
74,74,8,delayed_coordination,Delayed Coordination,108.974692339878,301.038092392341,1929.95910137098,218,3420,976,2444
75,75,2,baseline,Baseline,123.806969822483,368.669391898463,2402.01035564273,110,2270,589,1681
75,75,2,early_mover,Early Mover,127.892597464868,245.448838279503,1652.67395920128,273,4670,999,3671
75,75,2,sequential,Sequential,127.25594651402,231.173697536255,1563.36463507763,289,4775,1124,3651
75,75,2,coordinated,Coordinated,125.988344714089,241.247191109287,1577.04485906787,292,4844,1146,3698
75,75,2,delayed_coordination,Delayed Coordination,125.649150456438,234.444142505233,1599.79793119693,284,4727,1096,3631
75,75,4,baseline,Baseline,122.478907474524,378.871050383297,2463.92470325732,95,2068,540,1528
75,75,4,early_mover,Early Mover,122.866875941142,267.903413377595,1722.26892619659,253,4250,1167,3083
75,75,4,sequential,Sequential,120.882023214836,257.432772153442,1673.37815843491,247,4279,1299,2980
75,75,4,coordinated,Coordinated,120.963264749083,250.928504971317,1636.26074038922,274,4472,1269,3203
75,75,4,delayed_coordination,Delayed Coordination,118.155259356992,265.834557652931,1714.46067165169,248,4161,1258,2903
75,75,8,baseline,Baseline,120.303972728439,393.139766241719,2507.46429876235,90,1875,484,1391
75,75,8,early_mover,Early Mover,107.381940448081,309.281232359195,2036.52432503134,174,2972,1005,1967
75,75,8,sequential,Sequential,102.933077080878,301.537541867334,1984.87622620801,174,2905,1033,1872
75,75,8,coordinated,Coordinated,102.381785347571,302.542585087154,2016.83742508153,171,3044,1023,2021
75,75,8,delayed_coordination,Delayed Coordination,102.102595828982,312.600367129179,2005.71978672884,177,2854,1018,1836
76,76,2,baseline,Baseline,124.628064676432,359.855979322096,2454.15476927652,119,2421,677,1744
76,76,2,early_mover,Early Mover,132.846870534379,244.311145953068,1729.72821683435,252,4534,972,3562
76,76,2,sequential,Sequential,130.368901894151,234.437400185086,1673.73949916171,260,4655,1018,3637
76,76,2,coordinated,Coordinated,129.356709994715,223.815629635212,1689.89435864133,249,4554,1005,3549
76,76,2,delayed_coordination,Delayed Coordination,130.078084720812,235.953853279346,1690.23748367143,256,4617,1004,3613
76,76,4,baseline,Baseline,122.80043810822,369.865741078293,2514.70602048922,111,2168,538,1630
76,76,4,early_mover,Early Mover,124.549906188658,256.242004410355,1752.85326149394,232,4239,1081,3158
76,76,4,sequential,Sequential,122.12276933359,236.633642546891,1690.04990770011,274,4413,1220,3193
76,76,4,coordinated,Coordinated,118.340395702227,249.785935552664,1769.9383073617,242,4213,1103,3110
76,76,4,delayed_coordination,Delayed Coordination,121.412009791184,246.036130185737,1710.47686711679,258,4362,1170,3192
76,76,8,baseline,Baseline,121.667004742017,377.652615773944,2531.43899308198,105,2047,493,1554
76,76,8,early_mover,Early Mover,111.516948911271,291.709126533668,1961.30005423779,210,3527,1114,2413
76,76,8,sequential,Sequential,105.775531660295,291.844020704444,1949.92651823253,209,3478,1089,2389
76,76,8,coordinated,Coordinated,105.148039598629,312.350945976341,2024.81828693587,177,3195,1071,2124
76,76,8,delayed_coordination,Delayed Coordination,107.017736658044,291.153438823299,1914.43374162224,215,3531,1119,2412
77,77,2,baseline,Baseline,124.012702827679,384.054405425194,2460.93973363109,110,2251,675,1576
77,77,2,early_mover,Early Mover,127.593261622078,262.198671791053,1588.88312370072,272,4655,1190,3465
77,77,2,sequential,Sequential,125.027210421263,246.340445425656,1543.52143107432,291,4737,1241,3496
77,77,2,coordinated,Coordinated,127.318196729974,256.475849806898,1541.50964356633,284,4777,1262,3515
77,77,2,delayed_coordination,Delayed Coordination,123.054710935711,266.05076285294,1559.25701738233,269,4610,1263,3347
77,77,4,baseline,Baseline,121.901483722514,392.186387077521,2516.25620815098,103,2039,650,1389
77,77,4,early_mover,Early Mover,119.916474797422,272.908426884408,1754.25377147935,249,4107,1255,2852
77,77,4,sequential,Sequential,116.828600706909,261.121181591774,1707.34151248969,265,4225,1276,2949
77,77,4,coordinated,Coordinated,117.091803515801,279.792829105799,1738.48218259523,262,4128,1290,2838
77,77,4,delayed_coordination,Delayed Coordination,117.478660511107,267.581746096083,1688.63161427554,243,4102,1293,2809
77,77,8,baseline,Baseline,120.344015379711,406.946450280546,2563.92727728937,93,1826,607,1219
77,77,8,early_mover,Early Mover,114.082335706656,292.695083899373,1847.9366337953,232,3719,1076,2643
77,77,8,sequential,Sequential,108.74864367002,297.176856923081,1836.08239331534,230,3617,1099,2518
77,77,8,coordinated,Coordinated,107.581022317435,292.202168757026,1842.52415766781,252,3678,1110,2568
77,77,8,delayed_coordination,Delayed Coordination,109.965603691801,288.38075348873,1823.38985849655,252,3696,1112,2584
78,78,2,baseline,Baseline,123.551910642068,369.547234112112,2423.09149714401,123,2488,500,1988
78,78,2,early_mover,Early Mover,123.041079280569,244.575083775095,1657.45582874228,269,4874,982,3892
78,78,2,sequential,Sequential,124.147971477828,234.959057870284,1568.61366623614,285,4964,1062,3902
78,78,2,coordinated,Coordinated,125.219539150815,240.757510237367,1558.36546296642,307,5087,1089,3998
78,78,2,delayed_coordination,Delayed Coordination,124.025728237674,231.33881204899,1561.31519769057,298,5016,1026,3990
78,78,4,baseline,Baseline,122.292713842599,375.176698648158,2474.89887584027,110,2309,526,1783
78,78,4,early_mover,Early Mover,110.298864920898,280.754298949572,1921.40229813483,211,3889,942,2947
78,78,4,sequential,Sequential,109.169757964341,263.891327925144,1858.80779339974,229,3927,1033,2894
78,78,4,coordinated,Coordinated,107.443143456723,275.015893927078,1918.29123819748,209,3849,1016,2833
78,78,4,delayed_coordination,Delayed Coordination,107.289498837871,270.987470092865,1903.7072343462,225,3885,966,2919
78,78,8,baseline,Baseline,121.467845851037,372.584686525119,2470.92667986058,108,2227,482,1745
78,78,8,early_mover,Early Mover,106.456455803367,294.532337405991,1958.99689401634,223,3774,1040,2734
78,78,8,sequential,Sequential,102.098727134944,285.234516751154,1924.46760557816,193,3665,1077,2588
78,78,8,coordinated,Coordinated,97.5947588749764,307.596949588307,2105.19786791282,161,3218,884,2334
78,78,8,delayed_coordination,Delayed Coordination,106.302357981932,262.958593400457,1827.97526258096,234,3939,1111,2828
79,79,2,baseline,Baseline,124.199553329955,385.908113331467,2593.05279032482,92,1898,521,1377
79,79,2,early_mover,Early Mover,130.002476790352,263.320907731658,1724.03187747586,267,4565,990,3575
79,79,2,sequential,Sequential,128.832856925872,242.954245890567,1655.04441854961,265,4519,1051,3468
79,79,2,coordinated,Coordinated,132.513752986835,240.811011866928,1604.59358805951,272,4511,1027,3484
79,79,2,delayed_coordination,Delayed Coordination,128.025714038587,258.076677600478,1701.67466753752,266,4462,1064,3398
79,79,4,baseline,Baseline,125.260971645592,374.308676069199,2562.35197809865,100,2025,588,1437
79,79,4,early_mover,Early Mover,125.309451486144,248.460312169492,1706.0330333413,258,4270,1007,3263
79,79,4,sequential,Sequential,121.180137884685,236.435046127864,1676.14652240363,266,4120,1058,3062
79,79,4,coordinated,Coordinated,114.565942457785,254.578447080755,1807.120381079,236,3621,954,2667
79,79,4,delayed_coordination,Delayed Coordination,122.622100785428,237.754756968166,1661.18633867779,262,4264,1066,3198
79,79,8,baseline,Baseline,122.868708745516,390.736158772499,2607.7659040095,91,1780,536,1244
79,79,8,early_mover,Early Mover,113.488966489367,285.129712417247,1938.07857141769,214,3451,915,2536
79,79,8,sequential,Sequential,110.129949837557,280.514015901449,1908.93706629905,217,3401,984,2417
79,79,8,coordinated,Coordinated,104.241734838203,314.338168607295,2055.83968751894,173,3042,861,2181
79,79,8,delayed_coordination,Delayed Coordination,112.075669135937,271.183646760894,1855.49570773115,207,3508,1025,2483
80,80,2,baseline,Baseline,123.423773820512,376.343302244638,2484.91323186756,106,2099,493,1606
80,80,2,early_mover,Early Mover,132.686152720801,215.706836520224,1550.50846864976,306,4940,1042,3898
80,80,2,sequential,Sequential,128.005482781499,213.477913196535,1515.58607732223,296,4883,1087,3796
80,80,2,coordinated,Coordinated,132.716697847058,221.972349830061,1530.04534923134,284,4888,1069,3819
80,80,2,delayed_coordination,Delayed Coordination,134.525913300313,199.759030075492,1442.90610856175,316,5044,1105,3939
80,80,4,baseline,Baseline,121.972860375058,382.804133630701,2522.68162372281,97,1995,453,1542
80,80,4,early_mover,Early Mover,122.905473660594,232.340824488814,1695.21965315084,255,4377,1141,3236
80,80,4,sequential,Sequential,123.844514338687,218.288763650782,1570.096301995,290,4407,1195,3212
80,80,4,coordinated,Coordinated,117.859334447418,247.458555426,1675.15544046987,286,4265,1109,3156
80,80,4,delayed_coordination,Delayed Coordination,123.30840460385,225.50102190121,1608.86515121727,282,4564,1209,3355
80,80,8,baseline,Baseline,120.025785876768,387.118474274376,2573.1846686571,76,1795,421,1374
80,80,8,early_mover,Early Mover,118.82029656078,244.289681310386,1809.37828833822,253,3930,1088,2842
80,80,8,sequential,Sequential,118.990788206503,240.9954791844,1703.12835392949,271,4118,1189,2929
80,80,8,coordinated,Coordinated,112.268346477517,262.600483203639,1789.39746193333,244,4094,1118,2976
80,80,8,delayed_coordination,Delayed Coordination,115.39280487898,251.490084310158,1766.27937833554,256,3958,1173,2785
81,81,2,baseline,Baseline,125.153474736405,366.733493919623,2558.73299493678,98,2014,375,1639
81,81,2,early_mover,Early Mover,133.23898530119,233.376656586077,1606.09314539641,273,4808,1119,3689
81,81,2,sequential,Sequential,133.000791753645,221.191620825144,1544.23890200348,303,4838,1186,3652
81,81,2,coordinated,Coordinated,124.779491401349,251.811134681782,1699.92736574098,263,4433,1176,3257
81,81,2,delayed_coordination,Delayed Coordination,133.239874341675,220.964152900677,1523.86259946805,299,4963,1209,3754
81,81,4,baseline,Baseline,124.161773878851,370.34615973172,2582.28795750304,85,1955,365,1590
81,81,4,early_mover,Early Mover,121.73153201101,252.687144474112,1764.42094185659,255,4283,1263,3020
81,81,4,sequential,Sequential,123.142398123877,227.923811916192,1621.08158893007,280,4342,1332,3010
81,81,4,coordinated,Coordinated,119.733439622608,250.450159947413,1755.89200617392,268,4199,1225,2974
81,81,4,delayed_coordination,Delayed Coordination,120.476079648951,232.919370694148,1671.65497800962,269,4341,1292,3049
81,81,8,baseline,Baseline,123.281695009276,371.433089948052,2607.26209981449,81,1813,386,1427
81,81,8,early_mover,Early Mover,116.090293600007,268.899253175945,1874.16890032777,234,3767,1231,2536
81,81,8,sequential,Sequential,114.263230746355,258.01705989502,1777.12310593729,242,3874,1228,2646
81,81,8,coordinated,Coordinated,110.810754896311,267.049916381969,1876.70941591703,245,3650,1241,2409
81,81,8,delayed_coordination,Delayed Coordination,113.183218729592,260.974052263761,1795.91734024849,248,3800,1225,2575
82,82,2,baseline,Baseline,126.350295403427,365.049655338583,2424.11469484248,109,2396,391,2005
82,82,2,early_mover,Early Mover,123.302368752533,247.698359214651,1687.82914869141,267,4640,1175,3465
82,82,2,sequential,Sequential,118.609426051307,240.023969963781,1683.47835588251,268,4452,1289,3163
82,82,2,coordinated,Coordinated,125.114616707238,244.467025489388,1624.75662882624,275,4705,1206,3499
82,82,2,delayed_coordination,Delayed Coordination,121.439760397389,236.439489321375,1639.26363440415,280,4716,1221,3495
82,82,4,baseline,Baseline,125.275086880404,360.585160139149,2446.88526520105,109,2295,395,1900
82,82,4,early_mover,Early Mover,125.761081021307,244.967196819033,1608.59264436694,264,4547,1343,3204
82,82,4,sequential,Sequential,119.615633476332,241.690484714168,1619.09073426534,261,4351,1382,2969
82,82,4,coordinated,Coordinated,116.757868476525,254.764155212225,1666.427240991,260,4305,1383,2922
82,82,4,delayed_coordination,Delayed Coordination,121.300086325233,234.351098655906,1575.84422251072,278,4574,1396,3178
82,82,8,baseline,Baseline,123.856625257052,370.626362428729,2455.11486837246,97,2163,429,1734
82,82,8,early_mover,Early Mover,114.460395906846,262.895008957276,1800.27046512899,252,3891,1300,2591
82,82,8,sequential,Sequential,109.352369477553,267.515368715375,1792.84293869621,251,3850,1289,2561
82,82,8,coordinated,Coordinated,110.219505241901,266.279090739984,1802.60496433875,244,3897,1323,2574
82,82,8,delayed_coordination,Delayed Coordination,110.385931576378,258.368441669573,1747.46950160276,244,3935,1292,2643
83,83,2,baseline,Baseline,124.852799323192,355.012644191813,2437.86957619833,117,2363,559,1804
83,83,2,early_mover,Early Mover,125.521887173882,250.507692683516,1784.00392101902,241,4348,1032,3316
83,83,2,sequential,Sequential,127.057052262522,232.158094240965,1669.02304838376,259,4592,1080,3512
83,83,2,coordinated,Coordinated,124.814404840057,235.262806031732,1688.13124096567,263,4680,1068,3612
83,83,2,delayed_coordination,Delayed Coordination,128.744024231342,230.553187467878,1625.12800648706,275,4623,1096,3527
83,83,4,baseline,Baseline,123.277085500418,374.808632819193,2489.53603342903,105,2204,451,1753
83,83,4,early_mover,Early Mover,119.812118959156,278.975039932141,1743.96029265127,248,4337,1023,3314
83,83,4,sequential,Sequential,115.401405437056,262.020886962239,1722.68667198533,230,4108,1032,3076
83,83,4,coordinated,Coordinated,116.965407796333,257.535853746621,1799.99960788768,229,4045,953,3092
83,83,4,delayed_coordination,Delayed Coordination,118.533820892917,258.811480390935,1664.89361222929,228,4232,1046,3186
83,83,8,baseline,Baseline,121.647546335698,383.248678745137,2526.79650796011,93,2015,469,1546
83,83,8,early_mover,Early Mover,109.102952403747,286.549176999626,1941.20605284742,187,3375,1010,2365
83,83,8,sequential,Sequential,107.275357499956,276.012347268218,1901.71984240195,197,3407,1063,2344
83,83,8,coordinated,Coordinated,109.20914850612,278.729078133326,1829.46326185288,226,3714,1141,2573
83,83,8,delayed_coordination,Delayed Coordination,105.266920765408,281.606234946374,1905.65447272029,191,3367,1012,2355
84,84,2,baseline,Baseline,124.343263626332,377.991896249216,2463.72853083611,95,2005,516,1489
84,84,2,early_mover,Early Mover,125.768983574385,295.114255846357,1728.1185130303,237,4217,876,3341
84,84,2,sequential,Sequential,135.982821203253,204.052911611729,1383.10043146379,317,4618,991,3627
84,84,2,coordinated,Coordinated,133.495055258212,215.789383195793,1530.14363619015,291,4840,1085,3755
84,84,2,delayed_coordination,Delayed Coordination,132.304547400882,211.671786416684,1463.76956442772,322,4633,988,3645
84,84,4,baseline,Baseline,122.382220403805,384.611755633274,2494.95503142493,93,1825,511,1314
84,84,4,early_mover,Early Mover,117.21895041423,316.082448204883,1868.39739433735,224,3617,959,2658
84,84,4,sequential,Sequential,120.188427497743,250.72101037405,1644.19551378063,269,3838,1074,2764
84,84,4,coordinated,Coordinated,119.252591706526,234.376769025243,1726.51741873969,261,4094,1166,2928
84,84,4,delayed_coordination,Delayed Coordination,120.876587352197,236.476250096146,1641.63974349926,259,3890,1092,2798
84,84,8,baseline,Baseline,119.98791917281,390.530238838397,2541.46321206441,77,1650,468,1182
84,84,8,early_mover,Early Mover,111.751414983996,327.113300539792,1968.31955594564,196,3278,1027,2251
84,84,8,sequential,Sequential,111.243487958854,271.104397284431,1781.42130197755,215,3335,1106,2229
84,84,8,coordinated,Coordinated,112.756334940246,262.870943889753,1777.26858437662,240,3608,1118,2490
84,84,8,delayed_coordination,Delayed Coordination,113.715267993537,266.836074001852,1772.20069972267,232,3495,1110,2385
85,85,2,baseline,Baseline,125.764273133298,336.854031286003,2441.35111444924,121,2317,635,1682
85,85,2,early_mover,Early Mover,125.671573948214,221.096503071404,1657.43196107327,267,4574,1022,3552
85,85,2,sequential,Sequential,120.261898719438,221.177929095186,1654.89968868162,265,4415,918,3497
85,85,2,coordinated,Coordinated,120.77680434478,217.668586979082,1673.33636623887,268,4639,1110,3529
85,85,2,delayed_coordination,Delayed Coordination,121.337457021,213.286679518982,1599.18352573074,284,4595,1016,3579
85,85,4,baseline,Baseline,124.930595785233,337.809753779667,2437.627732152,121,2308,573,1735
85,85,4,early_mover,Early Mover,116.60315494339,243.743631689583,1804.5778050273,252,4046,1123,2923
85,85,4,sequential,Sequential,111.61653658344,242.486360254581,1796.3174471505,212,3823,1092,2731
85,85,4,coordinated,Coordinated,113.701984594612,247.813823363454,1788.16898622516,226,3982,1155,2827
85,85,4,delayed_coordination,Delayed Coordination,113.404827815671,239.753015897196,1771.40098086807,237,3969,1132,2837
85,85,8,baseline,Baseline,121.661330182249,345.29602100728,2522.90126481272,101,2050,562,1488
85,85,8,early_mover,Early Mover,109.082408042768,285.353564088255,1965.03752069225,192,3563,1129,2434
85,85,8,sequential,Sequential,105.669988656669,284.082528692459,1971.44333577987,211,3480,1136,2344
85,85,8,coordinated,Coordinated,109.805514964448,264.815504871701,1887.96223309446,210,3668,1199,2469
85,85,8,delayed_coordination,Delayed Coordination,106.18731975884,282.654851617229,1926.48844988651,201,3544,1106,2438
86,86,2,baseline,Baseline,125.667767817246,411.813223563219,2601.71003433937,89,1768,420,1348
86,86,2,early_mover,Early Mover,127.452395549261,306.782667343174,1818.10997551634,251,4161,963,3198
86,86,2,sequential,Sequential,128.08335412725,278.070861498819,1674.30438819478,276,4364,1036,3328
86,86,2,coordinated,Coordinated,132.966198538219,291.684149533665,1668.7774273019,284,4464,1120,3344
86,86,2,delayed_coordination,Delayed Coordination,126.605926596534,292.994072733852,1720.11375171995,274,4173,1013,3160
86,86,4,baseline,Baseline,124.489326992393,413.496681892735,2632.63421941163,85,1666,416,1250
86,86,4,early_mover,Early Mover,120.508677469624,287.673103918755,1852.5623068583,255,3706,1018,2688
86,86,4,sequential,Sequential,114.378213505845,306.915276999738,1870.09412685431,236,3605,1043,2562
86,86,4,coordinated,Coordinated,112.953924867774,317.351337305861,1935.94525204525,211,3536,1003,2533
86,86,4,delayed_coordination,Delayed Coordination,117.313058208177,279.194073839854,1810.10887712686,251,3716,1024,2692
86,86,8,baseline,Baseline,123.642851989509,417.213421407187,2640.49589561123,81,1595,416,1179
86,86,8,early_mover,Early Mover,108.213179247076,337.352087108992,2114.08810348273,182,2882,877,2005
86,86,8,sequential,Sequential,101.925517925987,333.464684565871,2134.01494573664,166,2736,845,1891
86,86,8,coordinated,Coordinated,96.9390784239035,346.646255436539,2268.50806006672,131,2376,735,1641
86,86,8,delayed_coordination,Delayed Coordination,102.548237554995,316.39332639316,2078.71348703611,170,2672,844,1828
87,87,2,baseline,Baseline,124.100260993593,385.24148750639,2607.87637595613,93,1609,596,1013
87,87,2,early_mover,Early Mover,118.637438451825,301.567370805491,1991.12735793661,216,3615,1005,2610
87,87,2,sequential,Sequential,119.508136772289,281.181849554264,1871.6154444383,244,3817,1083,2734
87,87,2,coordinated,Coordinated,118.831143028359,291.827734770518,1857.81638808695,237,3874,1032,2842
87,87,2,delayed_coordination,Delayed Coordination,118.570153368125,297.28688136814,1930.58825782544,230,3721,1053,2668
87,87,4,baseline,Baseline,121.418985134136,400.783435125497,2682.01457983065,67,1341,496,845
87,87,4,early_mover,Early Mover,116.484705234245,291.181586591661,2044.59502613979,206,3185,992,2193
87,87,4,sequential,Sequential,118.451980962751,264.274392986887,1852.99917589119,240,3418,1121,2297
87,87,4,coordinated,Coordinated,119.084427098475,252.215737383037,1826.42131367927,245,3670,1116,2554
87,87,4,delayed_coordination,Delayed Coordination,116.063293359614,277.580719447846,1890.79433790262,237,3339,1080,2259
87,87,8,baseline,Baseline,122.325149450264,384.887919493644,2628.47348701694,79,1484,536,948
87,87,8,early_mover,Early Mover,114.337885737807,279.404295940501,1968.42172652527,218,3241,1077,2164
87,87,8,sequential,Sequential,110.602258907992,278.437317775988,2005.38883772015,202,3188,1110,2078
87,87,8,coordinated,Coordinated,112.006061152435,280.545981583959,1914.92432342928,230,3211,1091,2120
87,87,8,delayed_coordination,Delayed Coordination,112.704044796912,278.310541624991,1954.74661443912,209,3248,1116,2132
88,88,2,baseline,Baseline,123.673237131844,365.98258921827,2494.5291938581,96,2046,578,1468
88,88,2,early_mover,Early Mover,122.451532576545,246.135510418698,1847.12984477972,245,4085,1183,2902
88,88,2,sequential,Sequential,123.006590622295,234.958749501802,1751.48701756535,239,4099,1220,2879
88,88,2,coordinated,Coordinated,122.461817484796,261.661423766066,1800.26570814092,229,4082,1152,2930
88,88,2,delayed_coordination,Delayed Coordination,121.414508070369,232.724189006884,1754.69476090675,221,4021,1210,2811
88,88,4,baseline,Baseline,123.358877201516,368.297700493625,2524.95541174584,89,1968,619,1349
88,88,4,early_mover,Early Mover,114.031610897692,276.888773470224,1965.48059575698,196,3456,1073,2383
88,88,4,sequential,Sequential,113.983653932627,269.448411783347,1863.76629384124,224,3636,1119,2517
88,88,4,coordinated,Coordinated,113.444971166613,263.265372421963,1889.90702474254,218,3706,1181,2525
88,88,4,delayed_coordination,Delayed Coordination,111.761516751929,269.222459995245,1913.48024227011,200,3460,1058,2402
88,88,8,baseline,Baseline,122.095751129703,369.265933679671,2533.15969714213,90,1866,620,1246
88,88,8,early_mover,Early Mover,110.091893681991,298.361649817909,2008.2905584557,188,3236,1098,2138
88,88,8,sequential,Sequential,104.886366916247,299.404842414366,2013.82695065585,168,3095,1070,2025
88,88,8,coordinated,Coordinated,110.195840677228,266.036473335896,1910.10118521983,232,3546,1181,2365
88,88,8,delayed_coordination,Delayed Coordination,106.514736342109,303.923420423361,1978.80024321777,167,3135,1065,2070
89,89,2,baseline,Baseline,124.491831284794,351.523457131329,2397.08157657506,113,2323,523,1800
89,89,2,early_mover,Early Mover,121.382057904153,263.193514039232,1696.8751681224,249,4313,1070,3243
89,89,2,sequential,Sequential,121.401356607669,240.811417570273,1599.32770845034,283,4514,1184,3330
89,89,2,coordinated,Coordinated,124.356831470176,226.277869040583,1564.88300297393,285,4736,1223,3513
89,89,2,delayed_coordination,Delayed Coordination,119.622841370129,243.417958368254,1621.37566878052,259,4423,1138,3285
89,89,4,baseline,Baseline,125.161425539448,358.03341690049,2385.98506582655,116,2333,582,1751
89,89,4,early_mover,Early Mover,116.716458042325,274.525996139353,1746.14412742244,246,4049,1178,2871
89,89,4,sequential,Sequential,110.24191083062,271.766615959005,1786.59818672074,245,3915,1166,2749
89,89,4,coordinated,Coordinated,117.589876045476,251.509526716823,1630.2091001369,264,4465,1319,3146
89,89,4,delayed_coordination,Delayed Coordination,114.887495579205,261.393378953821,1658.7084070735,253,4164,1204,2960
89,89,8,baseline,Baseline,122.948909968602,357.60890718652,2434.68185966051,99,2086,578,1508
89,89,8,early_mover,Early Mover,109.449370507416,298.969806561769,1955.77373316667,186,3218,1097,2121
89,89,8,sequential,Sequential,107.201978825977,299.832954952418,1910.88380205412,208,3274,1161,2113
89,89,8,coordinated,Coordinated,104.43075686056,283.777339961718,1919.61887364246,193,3418,1129,2289
89,89,8,delayed_coordination,Delayed Coordination,106.517193551359,297.443324418226,1885.8224492665,217,3280,1166,2114
90,90,2,baseline,Baseline,126.563269886983,389.137540289632,2550.03212375558,105,2178,614,1564
90,90,2,early_mover,Early Mover,135.823413650233,230.024492247504,1570.29321745145,288,4848,1185,3663
90,90,2,sequential,Sequential,132.400014774682,220.319322602624,1510.39342689025,297,4877,1221,3656
90,90,2,coordinated,Coordinated,130.720947403929,216.887694832366,1507.73622660489,296,4751,1207,3544
90,90,2,delayed_coordination,Delayed Coordination,131.683424334788,217.886273772106,1529.7460715001,292,4877,1237,3640
90,90,4,baseline,Baseline,125.150602127758,390.122755307945,2574.01700730986,98,2086,538,1548
90,90,4,early_mover,Early Mover,124.239326338134,266.600517423875,1710.70362263743,259,4252,1196,3056
90,90,4,sequential,Sequential,119.480686348954,262.615430948095,1720.18554878778,253,4058,1213,2845
90,90,4,coordinated,Coordinated,117.192362506359,275.785903016914,1754.75972897463,244,4078,1111,2967
90,90,4,delayed_coordination,Delayed Coordination,121.35873355395,257.200875854643,1674.43084872795,257,4223,1118,3105
90,90,8,baseline,Baseline,123.767111939219,391.110545075697,2611.94561000109,88,1934,530,1404
90,90,8,early_mover,Early Mover,114.973656105937,286.897265172566,1895.55759268154,231,3484,1030,2454
90,90,8,sequential,Sequential,107.089867179548,294.684941071773,2020.30249324995,190,3108,944,2164
90,90,8,coordinated,Coordinated,105.872071159727,310.004264252749,2026.53541021758,187,3175,1034,2141
90,90,8,delayed_coordination,Delayed Coordination,111.406356689927,280.953068138608,1930.62781032132,206,3338,1009,2329
91,91,2,baseline,Baseline,124.067794377595,386.194591353311,2594.92218391522,99,1987,681,1306
91,91,2,early_mover,Early Mover,132.95340677177,248.194918527226,1664.23250570583,275,4863,992,3871
91,91,2,sequential,Sequential,135.426115006315,231.815822169786,1564.1659211939,301,5043,1016,4027
91,91,2,coordinated,Coordinated,131.716981753652,254.761589024807,1661.81756997474,289,4823,1122,3701
91,91,2,delayed_coordination,Delayed Coordination,132.531585467539,242.586876619312,1614.79141048361,301,4961,1075,3886
91,91,4,baseline,Baseline,124.366945692891,371.848259915583,2595.42635025199,108,2088,709,1379
91,91,4,early_mover,Early Mover,126.634088426912,273.859540158338,1794.83346469723,253,4387,1147,3240
91,91,4,sequential,Sequential,122.287923845656,269.80426376753,1776.27555815364,258,4300,1187,3113
91,91,4,coordinated,Coordinated,127.917300854519,249.281860590835,1674.65648671362,283,4688,1240,3448
91,91,4,delayed_coordination,Delayed Coordination,122.701632593721,272.535787677571,1777.25667636975,247,4270,1161,3109
91,91,8,baseline,Baseline,121.875237036193,391.492965986582,2657.25508752825,84,1854,640,1214
91,91,8,early_mover,Early Mover,117.975411558978,281.328443365079,1927.67288074043,245,3871,1119,2752
91,91,8,sequential,Sequential,115.836503030114,270.785155713814,1874.35243041939,247,3909,1150,2759
91,91,8,coordinated,Coordinated,115.47471529011,280.499368626946,1912.64350036146,235,3764,1073,2691
91,91,8,delayed_coordination,Delayed Coordination,117.655844973161,281.165365041639,1855.65379185036,256,3949,1156,2793
92,92,2,baseline,Baseline,124.957843949757,346.415034199483,2343.2747975688,115,2429,497,1932
92,92,2,early_mover,Early Mover,127.636724512249,212.784665335,1592.10251361372,263,4561,1018,3543
92,92,2,sequential,Sequential,126.699305975819,205.011060824798,1510.16013644828,272,4575,1050,3525
92,92,2,coordinated,Coordinated,120.945432700334,215.210901055382,1600.15182543932,246,4456,1031,3425
92,92,2,delayed_coordination,Delayed Coordination,127.973379898754,207.363705522035,1509.93041598043,263,4588,1020,3568
92,92,4,baseline,Baseline,122.459361623281,345.426779138657,2383.87147088819,98,2129,432,1697
92,92,4,early_mover,Early Mover,117.543807657152,237.114203708288,1752.80308157758,226,3916,874,3042
92,92,4,sequential,Sequential,114.865131649842,228.92869311577,1704.99198742511,235,3953,930,3023
92,92,4,coordinated,Coordinated,111.109592143295,242.718280729803,1737.39158084432,225,3855,940,2915
92,92,4,delayed_coordination,Delayed Coordination,115.996701026231,225.519572343309,1689.63613832408,222,4006,909,3097
92,92,8,baseline,Baseline,121.038136116641,356.458339881379,2417.53053030011,97,2055,410,1645
92,92,8,early_mover,Early Mover,107.555893889344,262.979656411975,1885.34766456259,205,3482,950,2532
92,92,8,sequential,Sequential,105.465119230709,245.089800526732,1812.98152391415,201,3500,978,2522
92,92,8,coordinated,Coordinated,106.694378844982,255.693612694947,1840.30373628356,208,3590,992,2598
92,92,8,delayed_coordination,Delayed Coordination,104.41514475236,257.489953063075,1852.32599923023,181,3380,961,2419
93,93,2,baseline,Baseline,121.58121198314,376.177461981579,2525.59481896876,110,2110,581,1529
93,93,2,early_mover,Early Mover,131.306872011338,224.871926104101,1569.0885761635,264,4689,1062,3627
93,93,2,sequential,Sequential,130.477712822839,222.418880911924,1513.78972087035,275,4644,1152,3492
93,93,2,coordinated,Coordinated,127.469384940495,233.226585375007,1590.07981874263,290,4626,1169,3457
93,93,2,delayed_coordination,Delayed Coordination,133.540655144376,214.326827097402,1461.79919857048,304,4969,1170,3799
93,93,4,baseline,Baseline,121.822841630677,377.720201571613,2508.69696981082,104,2120,460,1660
93,93,4,early_mover,Early Mover,120.491839808923,256.530037037867,1745.61090690683,265,4353,1154,3199
93,93,4,sequential,Sequential,116.166819538629,255.732370979049,1721.68427847271,241,4138,1229,2909
93,93,4,coordinated,Coordinated,114.422730244053,273.399375603941,1799.30555229492,248,4003,1184,2819
93,93,4,delayed_coordination,Delayed Coordination,119.206515220401,244.379755670665,1679.63611028797,275,4352,1246,3106
93,93,8,baseline,Baseline,120.929785625478,375.539923000849,2555.16370224261,98,1944,572,1372
93,93,8,early_mover,Early Mover,111.827312999162,276.89732663799,1837.09973851508,225,3755,1161,2594
93,93,8,sequential,Sequential,110.243792899748,273.03305948718,1790.21720762363,243,3733,1218,2515
93,93,8,coordinated,Coordinated,109.560078759676,274.064876787349,1838.50896177331,242,3761,1251,2510
93,93,8,delayed_coordination,Delayed Coordination,110.270149656974,269.784006332673,1785.70223134786,235,3767,1215,2552
94,94,2,baseline,Baseline,125.942031766631,378.030939482576,2487.12525811712,94,1973,490,1483
94,94,2,early_mover,Early Mover,133.510373986872,284.401193880374,1689.99500127208,260,4629,1039,3590
94,94,2,sequential,Sequential,130.582139987433,280.306958587273,1625.3485294468,269,4694,1126,3568
94,94,2,coordinated,Coordinated,131.810457209649,245.343778663275,1578.74758326571,273,4823,1249,3574
94,94,2,delayed_coordination,Delayed Coordination,129.843025645748,275.678921582331,1633.61590072774,273,4717,1095,3622
94,94,4,baseline,Baseline,124.536688118596,380.440820874373,2500.32680469769,90,1852,519,1333
94,94,4,early_mover,Early Mover,126.631136277787,262.522175649533,1692.85510495483,255,4264,1057,3207
94,94,4,sequential,Sequential,122.632897040965,257.08666470933,1694.5141560015,258,4267,1159,3108
94,94,4,coordinated,Coordinated,124.943255449556,258.91111073492,1669.69798650561,261,4326,1198,3128
94,94,4,delayed_coordination,Delayed Coordination,123.819348790146,260.34267881744,1662.0205420707,260,4319,1140,3179
94,94,8,baseline,Baseline,123.40958398949,389.181006641684,2535.17916239743,78,1720,543,1177
94,94,8,early_mover,Early Mover,120.068846403368,273.591492177244,1821.04759916267,231,3777,1150,2627
94,94,8,sequential,Sequential,115.655545998795,273.181405799166,1782.922292358,227,3838,1232,2606
94,94,8,coordinated,Coordinated,116.996634022609,270.317751644121,1785.15301968112,237,3928,1261,2667
94,94,8,delayed_coordination,Delayed Coordination,116.507570253542,265.831176051446,1772.65495287367,239,3878,1226,2652
95,95,2,baseline,Baseline,128.957414727743,361.290593155969,2439.36201342929,112,2247,693,1554
95,95,2,early_mover,Early Mover,136.514073137419,228.884323157813,1528.23550673269,303,5015,1303,3712
95,95,2,sequential,Sequential,136.802379821738,209.814045607574,1458.35602950938,319,5153,1381,3772
95,95,2,coordinated,Coordinated,132.600788014942,217.828367581552,1549.61558431516,301,4968,1457,3511
95,95,2,delayed_coordination,Delayed Coordination,135.164136300861,217.361147052488,1476.31897095592,324,5082,1410,3672
95,95,4,baseline,Baseline,127.264144576925,381.937551516144,2498.40150307596,104,2094,636,1458
95,95,4,early_mover,Early Mover,127.864093556112,252.603054136321,1633.13617250146,284,4514,1215,3299
95,95,4,sequential,Sequential,126.347526365368,247.398264267453,1581.96999756119,281,4544,1346,3198
95,95,4,coordinated,Coordinated,120.402533508692,258.863892999346,1718.19407423668,237,4251,1256,2995
95,95,4,delayed_coordination,Delayed Coordination,129.626825581916,240.019158514166,1549.24146968693,304,4719,1319,3400
95,95,8,baseline,Baseline,124.665528206429,382.777648126842,2529.77875637972,95,1986,570,1416
95,95,8,early_mover,Early Mover,118.751109469225,266.906242618864,1818.39908425774,240,3680,1173,2507
95,95,8,sequential,Sequential,114.308556129143,258.348116789813,1779.35793340517,242,3661,1228,2433
95,95,8,coordinated,Coordinated,116.471072655577,261.908156260977,1766.47115812115,259,3787,1293,2494
95,95,8,delayed_coordination,Delayed Coordination,117.337988560921,259.432087994129,1750.35580983627,257,3769,1239,2530
96,96,2,baseline,Baseline,121.654778904949,361.73003035868,2491.9400312899,101,2048,562,1486
96,96,2,early_mover,Early Mover,132.204410290192,257.64476095909,1652.52814128864,276,4660,990,3670
96,96,2,sequential,Sequential,130.419097367072,248.083701213502,1608.37328196119,279,4628,1052,3576
96,96,2,coordinated,Coordinated,130.225694408364,236.094778237867,1597.76881927195,287,4688,1116,3572
96,96,2,delayed_coordination,Delayed Coordination,129.670264989156,251.618129586072,1608.81247794969,269,4576,1087,3489
96,96,4,baseline,Baseline,120.88222279939,363.386772031506,2509.15184939891,98,1993,528,1465
96,96,4,early_mover,Early Mover,119.048813666044,287.063768373575,1821.60897668037,232,3946,1114,2832
96,96,4,sequential,Sequential,118.115186518354,282.675550502329,1769.82164161219,231,3968,1085,2883
96,96,4,coordinated,Coordinated,116.645591799776,276.458311330768,1796.02283326552,230,3999,1141,2858
96,96,4,delayed_coordination,Delayed Coordination,116.701497647288,263.896928771889,1741.54606270961,238,3942,1081,2861
96,96,8,baseline,Baseline,119.351505047642,364.276147052961,2546.29316017769,90,1761,467,1294
96,96,8,early_mover,Early Mover,116.267041914396,261.018765324484,1807.44332540975,245,3690,1098,2592
96,96,8,sequential,Sequential,111.031942877575,263.448527552706,1832.91381547604,226,3542,1117,2425
96,96,8,coordinated,Coordinated,114.653910049849,250.751888533055,1769.15925235114,240,3796,1166,2630
96,96,8,delayed_coordination,Delayed Coordination,111.575198756937,256.743870261212,1784.8391464796,247,3675,1111,2564
97,97,2,baseline,Baseline,124.105998344819,341.946890007766,2476.05279904991,120,2526,579,1947
97,97,2,early_mover,Early Mover,135.251422806572,198.917780529333,1501.32667384017,308,5271,1122,4149
97,97,2,sequential,Sequential,132.047104992352,197.700988272849,1460.51579427031,297,5187,1200,3987
97,97,2,coordinated,Coordinated,123.384598777611,219.845945217887,1543.89634553391,287,5002,1157,3845
97,97,2,delayed_coordination,Delayed Coordination,131.450794799545,198.8870551255,1479.09162309755,297,5152,1146,4006
97,97,4,baseline,Baseline,123.443892012537,342.707249631367,2495.22599334016,117,2461,508,1953
97,97,4,early_mover,Early Mover,122.338053591317,212.451608119559,1664.06768628071,278,4446,1241,3205
97,97,4,sequential,Sequential,117.269794974868,207.291825208756,1622.97118869282,271,4365,1255,3110
97,97,4,coordinated,Coordinated,110.481123486135,252.589210104657,1739.34783113605,239,4008,1166,2842
97,97,4,delayed_coordination,Delayed Coordination,118.140261416804,207.663804309298,1618.64562374192,263,4270,1296,2974
97,97,8,baseline,Baseline,122.307517131367,356.986317714509,2532.34991913338,101,2310,492,1818
97,97,8,early_mover,Early Mover,112.778903143397,241.878158768113,1790.67917389428,248,4034,1181,2853
97,97,8,sequential,Sequential,104.208835850709,247.164961154019,1841.40661462843,224,3780,1112,2668
97,97,8,coordinated,Coordinated,93.3587990440762,273.492481861704,2105.2992541484,138,2835,974,1861
97,97,8,delayed_coordination,Delayed Coordination,103.989047151028,247.208685734505,1853.8866872375,196,3691,1113,2578
98,98,2,baseline,Baseline,124.170505276662,369.491170978773,2345.69084087624,134,2467,660,1807
98,98,2,early_mover,Early Mover,126.054375576671,255.01885720207,1573.10952839305,291,4872,1140,3732
98,98,2,sequential,Sequential,125.216242609572,233.815397962962,1530.21137557213,292,4892,1119,3773
98,98,2,coordinated,Coordinated,119.806588673969,258.513078009966,1653.75021806603,255,4460,1122,3338
98,98,2,delayed_coordination,Delayed Coordination,127.724277365029,237.589178948731,1516.36566696959,300,4968,1114,3854
98,98,4,baseline,Baseline,122.414644025495,378.254738517727,2396.08950673789,115,2255,587,1668
98,98,4,early_mover,Early Mover,116.789807963199,298.304924455181,1714.04300687193,250,4068,1133,2935
98,98,4,sequential,Sequential,115.616563782206,268.907244450951,1680.08774109177,270,4076,1163,2913
98,98,4,coordinated,Coordinated,115.391059001769,262.325565210558,1633.90759556603,271,4324,1175,3149
98,98,4,delayed_coordination,Delayed Coordination,116.523546005984,258.429811900926,1648.79392000309,264,4151,1204,2947
98,98,8,baseline,Baseline,119.832046391212,375.30478684435,2469.06975776488,105,2043,498,1545
98,98,8,early_mover,Early Mover,113.707283221425,281.837855973297,1793.01336453651,243,3987,1183,2804
98,98,8,sequential,Sequential,111.597223629475,273.811818751722,1737.96094160538,247,4027,1214,2813
98,98,8,coordinated,Coordinated,107.64991763155,278.197424081144,1834.96539713481,230,3661,1152,2509
98,98,8,delayed_coordination,Delayed Coordination,111.331476099928,254.092303526993,1730.56886409968,250,4056,1193,2863
99,99,2,baseline,Baseline,124.999379094561,367.706245023502,2649.2291815257,86,1706,442,1264
99,99,2,early_mover,Early Mover,126.256724018674,239.270125343574,1798.45150301261,261,4262,1042,3220
99,99,2,sequential,Sequential,133.58286294025,210.387533332489,1563.65489028224,298,4545,1138,3407
99,99,2,coordinated,Coordinated,126.111355905514,243.653067562731,1724.25996396083,268,4508,1044,3464
99,99,2,delayed_coordination,Delayed Coordination,129.686479281163,231.139256317361,1642.22083705582,276,4386,1113,3273
99,99,4,baseline,Baseline,124.131801211366,370.657942371323,2653.91846267098,83,1672,424,1248
99,99,4,early_mover,Early Mover,126.231206806591,233.105791845694,1725.70795595923,257,4170,1086,3084
99,99,4,sequential,Sequential,125.753419448229,226.317958415217,1660.02711802142,265,4085,1140,2945
99,99,4,coordinated,Coordinated,124.061407836279,241.453834521378,1747.40242997901,261,4184,1149,3035
99,99,4,delayed_coordination,Delayed Coordination,125.680273818408,224.847869872952,1628.05494897425,285,4171,1171,3000
99,99,8,baseline,Baseline,123.206091810096,377.850341049971,2690.51261331029,74,1522,426,1096
99,99,8,early_mover,Early Mover,114.137583874894,264.18205464647,1953.53941274946,238,3561,1080,2481
99,99,8,sequential,Sequential,112.967365107247,268.35148793616,1882.50003845341,240,3557,1124,2433
99,99,8,coordinated,Coordinated,111.28352747628,274.338883327285,1930.89216976867,248,3513,995,2518
99,99,8,delayed_coordination,Delayed Coordination,114.867834793236,261.235356711392,1845.99367718946,254,3633,1120,2513
100,100,2,baseline,Baseline,123.664012796428,349.857454924133,2396.565443821,120,2474,610,1864
100,100,2,early_mover,Early Mover,123.905035075557,234.77446257605,1588.17313881895,270,4708,1167,3541
100,100,2,sequential,Sequential,122.601866628776,231.445585978365,1544.74101809113,284,4714,1231,3483
100,100,2,coordinated,Coordinated,127.870427640771,221.869901912811,1464.17769233988,280,5003,1240,3763
100,100,2,delayed_coordination,Delayed Coordination,122.816558832213,236.75978114347,1547.60782279827,277,4724,1171,3553
100,100,4,baseline,Baseline,121.659077184905,364.422206982611,2459.38025859286,112,2253,627,1626
100,100,4,early_mover,Early Mover,118.468116015034,255.631217092207,1721.27312341213,258,4364,1222,3142
100,100,4,sequential,Sequential,112.881193724542,252.056162476945,1719.39133277483,238,4104,1204,2900
100,100,4,coordinated,Coordinated,111.346119170507,236.200134778751,1723.9478600159,242,4159,1115,3044
100,100,4,delayed_coordination,Delayed Coordination,116.613125981761,228.597308535232,1637.51740921582,262,4316,1187,3129
100,100,8,baseline,Baseline,120.890107543114,372.713309080839,2488.49411541487,103,2143,568,1575
100,100,8,early_mover,Early Mover,111.524807987455,264.064733748544,1810.17434253305,239,3878,1135,2743
100,100,8,sequential,Sequential,104.932504263765,274.290614652645,1847.56780360788,231,3627,1098,2529
100,100,8,coordinated,Coordinated,105.75899823822,271.978258613915,1805.52590359986,242,3845,1134,2711
100,100,8,delayed_coordination,Delayed Coordination,106.715639037624,274.353978538135,1845.58075473856,218,3723,1082,2641
