replication,seed,cost_regime,eL,eG,scenario_id,delta_final_fitness_vs_baseline,delta_final_risk_vs_baseline,delta_final_trade_vs_baseline,delta_total_switches_vs_baseline
1,1,low,0.05,0.1,baseline,0,0,0,0
1,1,low,0.05,0.1,early_mover,9.37575759701221,-124.605590591222,-836.57733462366,2337
1,1,low,0.05,0.1,sequential,6.86450515070956,-139.504296164519,-899.776585721787,2337
1,1,low,0.05,0.1,coordinated,-5.89551361668438,-118.438978530584,-677.071618109279,1855
1,1,low,0.05,0.1,delayed_coordination,5.27866372949202,-139.158307562998,-880.501520062179,2376
1,1,baseline,0.1,0.2,baseline,0,0,0,0
1,1,baseline,0.1,0.2,early_mover,-9.2700169738528,-104.233546737453,-542.654332041675,1492
1,1,baseline,0.1,0.2,sequential,-13.5063767302676,-108.017094521981,-555.235506801216,1396
1,1,baseline,0.1,0.2,coordinated,-14.1872051994781,-104.662276622977,-477.427922721922,1268
1,1,baseline,0.1,0.2,delayed_coordination,-12.6308874955035,-113.745538785668,-567.217096147391,1519
1,1,high,0.2,0.4,baseline,0,0,0,0
1,1,high,0.2,0.4,early_mover,-15.9289396329303,-65.5450376896665,-337.300193461343,923
1,1,high,0.2,0.4,sequential,-18.0730151165149,-85.4496100351901,-434.275344680402,1115
1,1,high,0.2,0.4,coordinated,-23.0679417224715,-61.7135083376733,-298.660542352866,701
1,1,high,0.2,0.4,delayed_coordination,-18.1821099017243,-83.2495978094802,-397.603626712665,1074
2,2,low,0.05,0.1,baseline,0,0,0,0
2,2,low,0.05,0.1,early_mover,9.65494504082508,-135.231809679066,-846.289420550787,2585
2,2,low,0.05,0.1,sequential,8.80286735892668,-140.126056622558,-911.58707385327,2583
2,2,low,0.05,0.1,coordinated,0.975526249919113,-119.168984419868,-801.809525362373,2285
2,2,low,0.05,0.1,delayed_coordination,6.08842779757168,-139.741830279416,-897.51392574165,2533
2,2,baseline,0.1,0.2,baseline,0,0,0,0
2,2,baseline,0.1,0.2,early_mover,-5.15597811462122,-90.7939010929196,-682.37271986005,1988
2,2,baseline,0.1,0.2,sequential,-7.87359381042137,-93.1381449661166,-739.502983429134,2089
2,2,baseline,0.1,0.2,coordinated,-9.27047043474522,-95.6768587923528,-693.686423834307,2135
2,2,baseline,0.1,0.2,delayed_coordination,-5.01634924375277,-102.159778735289,-777.030595032111,2112
2,2,high,0.2,0.4,baseline,0,0,0,0
2,2,high,0.2,0.4,early_mover,-19.1163715719181,-38.0468339168586,-305.191314638305,1099
2,2,high,0.2,0.4,sequential,-22.1173072117932,-44.6409299780101,-322.745386410862,1150
2,2,high,0.2,0.4,coordinated,-21.816283770204,-41.5306116805751,-323.905940505438,1099
2,2,high,0.2,0.4,delayed_coordination,-22.5887184527441,-43.7041348855787,-314.354878390293,1144
3,3,low,0.05,0.1,baseline,0,0,0,0
3,3,low,0.05,0.1,early_mover,12.2851378991603,-122.826259847181,-852.055854965428,2676
3,3,low,0.05,0.1,sequential,9.60816064218972,-129.98624175811,-899.732213199166,2695
3,3,low,0.05,0.1,coordinated,7.36729450482775,-131.83857675033,-871.385759774629,2567
3,3,low,0.05,0.1,delayed_coordination,10.5213777023888,-125.153207592686,-896.659754421903,2761
3,3,baseline,0.1,0.2,baseline,0,0,0,0
3,3,baseline,0.1,0.2,early_mover,-11.9617869488977,-83.2920162415857,-514.804432430337,1523
3,3,baseline,0.1,0.2,sequential,-12.2483966068277,-89.8212688625817,-606.11397446306,1553
3,3,baseline,0.1,0.2,coordinated,-10.6723507058884,-88.4922548314283,-593.335279768354,1632
3,3,baseline,0.1,0.2,delayed_coordination,-14.2114680569206,-79.4342449284686,-565.535442726926,1562
3,3,high,0.2,0.4,baseline,0,0,0,0
3,3,high,0.2,0.4,early_mover,-20.5799336996375,-48.2544404427953,-220.129433664543,551
3,3,high,0.2,0.4,sequential,-22.5045800982728,-53.1249961491438,-275.252975241583,650
3,3,high,0.2,0.4,coordinated,-21.6331369290746,-53.0838766443037,-272.723852796848,756
3,3,high,0.2,0.4,delayed_coordination,-22.4807236177658,-51.6232860945381,-266.590452640844,648
4,4,low,0.05,0.1,baseline,0,0,0,0
4,4,low,0.05,0.1,early_mover,12.0774950160013,-131.841706450369,-839.138006007457,2469
4,4,low,0.05,0.1,sequential,7.29057984191274,-140.502539433762,-938.392351555232,2583
4,4,low,0.05,0.1,coordinated,-1.43240782956144,-122.026316692349,-830.313651487961,2142
4,4,low,0.05,0.1,delayed_coordination,7.29381921455928,-137.212022785819,-910.856223213825,2536
4,4,baseline,0.1,0.2,baseline,0,0,0,0
4,4,baseline,0.1,0.2,early_mover,-2.40152584482388,-98.7354573486889,-674.682527428699,1761
4,4,baseline,0.1,0.2,sequential,-9.26230632461844,-74.0054845829126,-614.704043057839,1633
4,4,baseline,0.1,0.2,coordinated,-9.08725776016709,-89.4509983710812,-612.680903934442,1647
4,4,baseline,0.1,0.2,delayed_coordination,-4.95531425471489,-100.895563413081,-713.617833283087,1854
4,4,high,0.2,0.4,baseline,0,0,0,0
4,4,high,0.2,0.4,early_mover,-17.3307801027209,-43.4805520526733,-313.107557489791,879
4,4,high,0.2,0.4,sequential,-19.1197026619094,-62.1438291760185,-395.966658011456,1034
4,4,high,0.2,0.4,coordinated,-22.7864660931638,-36.8819619007427,-273.521197925392,812
4,4,high,0.2,0.4,delayed_coordination,-22.2750280545733,-40.0849574949921,-309.921554210497,870
5,5,low,0.05,0.1,baseline,0,0,0,0
5,5,low,0.05,0.1,early_mover,0.453606357607015,-101.403994675461,-684.378141094111,2062
5,5,low,0.05,0.1,sequential,-2.64738614010815,-114.466852518023,-743.429811926225,2077
5,5,low,0.05,0.1,coordinated,-9.40749802522149,-100.671329763447,-658.033770865292,1860
5,5,low,0.05,0.1,delayed_coordination,-3.6836882119415,-108.543518867596,-730.269135280704,2055
5,5,baseline,0.1,0.2,baseline,0,0,0,0
5,5,baseline,0.1,0.2,early_mover,-3.36445469842485,-93.613710401036,-667.670125724165,1836
5,5,baseline,0.1,0.2,sequential,-4.11766399101948,-106.027488363189,-739.253453294835,1988
5,5,baseline,0.1,0.2,coordinated,-10.005182693378,-95.4031753439266,-614.390730770093,1555
5,5,baseline,0.1,0.2,delayed_coordination,-3.2555305942129,-105.318990837968,-734.005580649379,1971
5,5,high,0.2,0.4,baseline,0,0,0,0
5,5,high,0.2,0.4,early_mover,-23.9355842255455,-21.2337086203117,-186.974026481978,419
5,5,high,0.2,0.4,sequential,-25.5339779064952,-45.0671361326367,-251.057882632605,559
5,5,high,0.2,0.4,coordinated,-26.3843340025367,-27.2814074531952,-207.732769092971,523
5,5,high,0.2,0.4,delayed_coordination,-24.7469090210287,-45.1024489055632,-248.698840037539,567
6,6,low,0.05,0.1,baseline,0,0,0,0
6,6,low,0.05,0.1,early_mover,12.9725103433521,-105.923930257984,-784.647116137608,2641
6,6,low,0.05,0.1,sequential,9.32588073830121,-104.330389113822,-802.942846890571,2577
6,6,low,0.05,0.1,coordinated,4.92995617791547,-105.144324985032,-763.997917869578,2460
6,6,low,0.05,0.1,delayed_coordination,11.0941358879632,-116.067807519073,-838.567785699329,2626
6,6,baseline,0.1,0.2,baseline,0,0,0,0
6,6,baseline,0.1,0.2,early_mover,1.1709350042487,-91.608296930661,-704.366951379088,2165
6,6,baseline,0.1,0.2,sequential,-2.77451754073735,-104.665689285718,-759.190805777084,2166
6,6,baseline,0.1,0.2,coordinated,-10.5856230431845,-72.3475083414783,-597.691892548191,1930
6,6,baseline,0.1,0.2,delayed_coordination,-2.73476898623976,-96.2478288528851,-725.383965878586,2162
6,6,high,0.2,0.4,baseline,0,0,0,0
6,6,high,0.2,0.4,early_mover,-18.4845596689277,-46.2466349421603,-319.646905345053,1117
6,6,high,0.2,0.4,sequential,-21.9107250025323,-48.4834892311767,-362.654882088282,1137
6,6,high,0.2,0.4,coordinated,-20.3932675797841,-52.4587665912996,-370.061367289377,1193
6,6,high,0.2,0.4,delayed_coordination,-21.3861491205025,-51.7039653553113,-359.649900150681,1195
7,7,low,0.05,0.1,baseline,0,0,0,0
7,7,low,0.05,0.1,early_mover,6.83329182144362,-106.289686175528,-739.691183649581,2514
7,7,low,0.05,0.1,sequential,4.8787839785233,-110.733507292687,-787.006981233252,2557
7,7,low,0.05,0.1,coordinated,3.82206689083881,-105.09735500235,-753.113712391913,2487
7,7,low,0.05,0.1,delayed_coordination,3.3652220478358,-104.597606105895,-754.046286424792,2562
7,7,baseline,0.1,0.2,baseline,0,0,0,0
7,7,baseline,0.1,0.2,early_mover,-1.50670828241607,-66.4565101928742,-621.006737945915,2167
7,7,baseline,0.1,0.2,sequential,-4.31190055043859,-76.1521454051792,-678.962619988779,2151
7,7,baseline,0.1,0.2,coordinated,-4.88596480509622,-74.0622167121532,-677.289462133623,2152
7,7,baseline,0.1,0.2,delayed_coordination,-5.37149067644393,-69.4118681074999,-662.43060048833,2168
7,7,high,0.2,0.4,baseline,0,0,0,0
7,7,high,0.2,0.4,early_mover,-20.651008805153,-12.3804436708209,-232.248777291089,573
7,7,high,0.2,0.4,sequential,-23.7572461208636,-17.5999312468473,-277.482707078304,603
7,7,high,0.2,0.4,coordinated,-25.1602831592924,-12.8362141075248,-237.43175586004,664
7,7,high,0.2,0.4,delayed_coordination,-22.6702301546375,-27.291432878956,-304.158239660465,716
8,8,low,0.05,0.1,baseline,0,0,0,0
8,8,low,0.05,0.1,early_mover,6.37393564517578,-121.758592619735,-800.676210429926,2533
8,8,low,0.05,0.1,sequential,2.30399352227596,-126.871655304183,-825.842072142639,2479
8,8,low,0.05,0.1,coordinated,1.66433084230417,-127.63039756828,-804.564289233744,2485
8,8,low,0.05,0.1,delayed_coordination,3.39345867685057,-125.897707215505,-842.202399978664,2556
8,8,baseline,0.1,0.2,baseline,0,0,0,0
8,8,baseline,0.1,0.2,early_mover,-4.4116223540637,-95.0400921419345,-708.105223947755,2219
8,8,baseline,0.1,0.2,sequential,-6.99778936634547,-97.1696400884534,-737.098033726259,2172
8,8,baseline,0.1,0.2,coordinated,-6.70831690403841,-105.756667954379,-756.602037302672,2141
8,8,baseline,0.1,0.2,delayed_coordination,-6.93546495305372,-99.8244366607054,-736.801498709686,2239
8,8,high,0.2,0.4,baseline,0,0,0,0
8,8,high,0.2,0.4,early_mover,-17.2000386925842,-59.2008964120542,-329.047182919886,1067
8,8,high,0.2,0.4,sequential,-19.6411008254973,-70.7578790189835,-389.388745614468,1184
8,8,high,0.2,0.4,coordinated,-20.757170309308,-54.0415938080487,-388.109687113908,1129
8,8,high,0.2,0.4,delayed_coordination,-21.5781636661827,-59.0436214177221,-354.529717446879,1129
9,9,low,0.05,0.1,baseline,0,0,0,0
9,9,low,0.05,0.1,early_mover,3.64461969776531,-106.37831682619,-796.036822692972,2514
9,9,low,0.05,0.1,sequential,4.32483470585342,-120.640846702145,-865.754707568419,2552
9,9,low,0.05,0.1,coordinated,0.37430861727708,-112.441022179114,-797.450387863619,2551
9,9,low,0.05,0.1,delayed_coordination,4.47882046674849,-116.610435414445,-860.478573186262,2609
9,9,baseline,0.1,0.2,baseline,0,0,0,0
9,9,baseline,0.1,0.2,early_mover,-1.63109087785352,-96.4672543732333,-687.565245406903,1920
9,9,baseline,0.1,0.2,sequential,-5.67488832336203,-98.8877443877467,-717.000016916948,1866
9,9,baseline,0.1,0.2,coordinated,-9.82656087463552,-83.103115439401,-634.087058317889,1811
9,9,baseline,0.1,0.2,delayed_coordination,-7.09369394827162,-91.7459628555991,-693.043750935502,1803
9,9,high,0.2,0.4,baseline,0,0,0,0
9,9,high,0.2,0.4,early_mover,-17.1040558254087,-54.6996314446405,-301.38534008447,909
9,9,high,0.2,0.4,sequential,-18.3377637938619,-65.5342831734409,-362.749170810907,1025
9,9,high,0.2,0.4,coordinated,-18.6000593393113,-51.7282377374859,-352.684127180269,1122
9,9,high,0.2,0.4,delayed_coordination,-18.5895477962824,-63.6846701481163,-360.070054248784,1015
10,10,low,0.05,0.1,baseline,0,0,0,0
10,10,low,0.05,0.1,early_mover,4.40180135260294,-109.196096149732,-738.805663451924,2189
10,10,low,0.05,0.1,sequential,3.11719293796207,-117.079628390613,-793.093410700813,2123
10,10,low,0.05,0.1,coordinated,-1.24584127809302,-111.286416861953,-764.508472900197,2227
10,10,low,0.05,0.1,delayed_coordination,-2.40855724733692,-101.558772402178,-692.361866288706,2052
10,10,baseline,0.1,0.2,baseline,0,0,0,0
10,10,baseline,0.1,0.2,early_mover,-8.91176054490273,-82.7730882543181,-532.277899559797,1388
10,10,baseline,0.1,0.2,sequential,-12.6176082673751,-70.7466519345382,-577.923852628935,1345
10,10,baseline,0.1,0.2,coordinated,-10.3151716029157,-84.6764503798273,-580.517035992158,1682
10,10,baseline,0.1,0.2,delayed_coordination,-11.105218298646,-83.5071537982347,-581.526328207798,1534
10,10,high,0.2,0.4,baseline,0,0,0,0
10,10,high,0.2,0.4,early_mover,-19.4204057545073,-34.3622554223913,-267.248908200321,920
10,10,high,0.2,0.4,sequential,-21.4204598897392,-52.6012338134389,-377.397694262253,1255
10,10,high,0.2,0.4,coordinated,-21.3575914070326,-54.4104990945855,-350.755092952192,1198
10,10,high,0.2,0.4,delayed_coordination,-21.692325777003,-56.6768024070682,-362.512169466362,1201
11,11,low,0.05,0.1,baseline,0,0,0,0
11,11,low,0.05,0.1,early_mover,3.14271303742828,-94.9971264236909,-703.492350719419,2304
11,11,low,0.05,0.1,sequential,3.47829151493747,-109.180634375254,-765.257245880346,2327
11,11,low,0.05,0.1,coordinated,-0.134903464069282,-104.847400665097,-719.77399337386,2231
11,11,low,0.05,0.1,delayed_coordination,4.02668527015152,-102.191405734812,-761.392174411282,2257
11,11,baseline,0.1,0.2,baseline,0,0,0,0
11,11,baseline,0.1,0.2,early_mover,-9.28377704714551,-85.448663109995,-560.95426533768,1783
11,11,baseline,0.1,0.2,sequential,-11.1546631404557,-90.4821513470634,-576.72042726566,1773
11,11,baseline,0.1,0.2,coordinated,-9.58598067696354,-91.0842657344511,-575.046816086084,1925
11,11,baseline,0.1,0.2,delayed_coordination,-11.072532710196,-88.9146413189342,-595.137952828522,1810
11,11,high,0.2,0.4,baseline,0,0,0,0
11,11,high,0.2,0.4,early_mover,-19.9258046528237,-47.1039823448591,-269.6788372611,908
11,11,high,0.2,0.4,sequential,-22.2843958385331,-53.5000639248241,-315.980249346255,959
11,11,high,0.2,0.4,coordinated,-21.6961782284871,-40.8206464781196,-315.714573427595,1133
11,11,high,0.2,0.4,delayed_coordination,-21.6814342567409,-52.6991002947159,-319.872044263781,1042
12,12,low,0.05,0.1,baseline,0,0,0,0
12,12,low,0.05,0.1,early_mover,-3.81614625572277,-94.1888323628442,-612.072686481693,1589
12,12,low,0.05,0.1,sequential,0.196718372626947,-104.219866975608,-737.925117030387,1893
12,12,low,0.05,0.1,coordinated,-8.58024323472642,-78.6472674518472,-594.271280596911,1396
12,12,low,0.05,0.1,delayed_coordination,-8.02070231555467,-93.1026388200533,-622.733471217568,1568
12,12,baseline,0.1,0.2,baseline,0,0,0,0
12,12,baseline,0.1,0.2,early_mover,-6.04750790587083,-97.9135527258766,-617.095836611094,1962
12,12,baseline,0.1,0.2,sequential,-8.04403643804496,-111.188474015715,-691.598897698571,2146
12,12,baseline,0.1,0.2,coordinated,-11.0170645055877,-96.7050764095196,-586.449955276273,1917
12,12,baseline,0.1,0.2,delayed_coordination,-9.14802930871059,-114.346778400376,-682.939702814175,2039
12,12,high,0.2,0.4,baseline,0,0,0,0
12,12,high,0.2,0.4,early_mover,-17.6875059543737,-51.6037019918723,-343.665310502019,957
12,12,high,0.2,0.4,sequential,-20.7920471191981,-64.3676030704569,-397.08021346548,1055
12,12,high,0.2,0.4,coordinated,-21.8613525908803,-59.5830635970344,-347.846161466494,869
12,12,high,0.2,0.4,delayed_coordination,-21.5190201798484,-55.3934718353154,-376.242578688005,1002
13,13,low,0.05,0.1,baseline,0,0,0,0
13,13,low,0.05,0.1,early_mover,0.834696492934967,-113.08146894304,-742.586140207116,2360
13,13,low,0.05,0.1,sequential,2.24690732880492,-120.880937933586,-800.709899390783,2451
13,13,low,0.05,0.1,coordinated,3.74280767043621,-122.23632863987,-818.22591126158,2471
13,13,low,0.05,0.1,delayed_coordination,0.778551063012969,-115.267192780203,-792.800435152094,2355
13,13,baseline,0.1,0.2,baseline,0,0,0,0
13,13,baseline,0.1,0.2,early_mover,-6.96082949329558,-100.368961414981,-610.193688877763,1963
13,13,baseline,0.1,0.2,sequential,-7.91865606113539,-112.017788858234,-663.486740137933,2089
13,13,baseline,0.1,0.2,coordinated,-6.99230551629215,-112.595467473921,-676.165929769289,2040
13,13,baseline,0.1,0.2,delayed_coordination,-8.95977951031408,-107.386712026489,-652.155567409457,2024
13,13,high,0.2,0.4,baseline,0,0,0,0
13,13,high,0.2,0.4,early_mover,-20.1689992866512,-25.6746738244605,-196.446073797337,743
13,13,high,0.2,0.4,sequential,-23.9795875601635,-28.6058005517023,-210.474656035607,762
13,13,high,0.2,0.4,coordinated,-25.5919172684347,-21.7122793063436,-222.505967833671,826
13,13,high,0.2,0.4,delayed_coordination,-23.5932425017737,-32.1954157151483,-230.678478402917,761
14,14,low,0.05,0.1,baseline,0,0,0,0
14,14,low,0.05,0.1,early_mover,8.60838401861315,-102.146862203569,-773.179644309225,2443
14,14,low,0.05,0.1,sequential,1.40147351173198,-100.383398760686,-741.078686971115,2306
14,14,low,0.05,0.1,coordinated,-5.3935692351734,-89.0844458300939,-657.529429905524,1762
14,14,low,0.05,0.1,delayed_coordination,2.68192159168433,-102.689038846881,-773.503275972829,2375
14,14,baseline,0.1,0.2,baseline,0,0,0,0
14,14,baseline,0.1,0.2,early_mover,-5.42231148600987,-85.6115542883341,-559.925734233298,1874
14,14,baseline,0.1,0.2,sequential,-11.3577410390899,-84.3289487943392,-559.631517384505,1800
14,14,baseline,0.1,0.2,coordinated,-9.63695239487927,-84.8360311957554,-580.125131236097,1915
14,14,baseline,0.1,0.2,delayed_coordination,-8.5760836304827,-88.772216505771,-593.682287608281,1931
14,14,high,0.2,0.4,baseline,0,0,0,0
14,14,high,0.2,0.4,early_mover,-18.9031551213145,-43.3766247512391,-253.330007184957,667
14,14,high,0.2,0.4,sequential,-20.7736203419177,-51.5088618564137,-323.98730443589,915
14,14,high,0.2,0.4,coordinated,-16.5642765070343,-57.7847979276521,-402.689873572901,1348
14,14,high,0.2,0.4,delayed_coordination,-21.8022132219722,-49.2986347244453,-284.935125781441,726
15,15,low,0.05,0.1,baseline,0,0,0,0
15,15,low,0.05,0.1,early_mover,9.73946816406661,-132.022565456632,-875.588931270208,2569
15,15,low,0.05,0.1,sequential,5.37621490667945,-138.376113841846,-882.239440184896,2554
15,15,low,0.05,0.1,coordinated,2.30291103513977,-119.178730200365,-815.011045998894,2209
15,15,low,0.05,0.1,delayed_coordination,4.97561133368114,-136.371732653529,-869.878923010293,2527
15,15,baseline,0.1,0.2,baseline,0,0,0,0
15,15,baseline,0.1,0.2,early_mover,-3.34234384397294,-86.5772606729905,-644.24375608899,2121
15,15,baseline,0.1,0.2,sequential,-2.7885425562019,-106.167491756264,-722.137740359469,2239
15,15,baseline,0.1,0.2,coordinated,-4.41031382484474,-103.135090781354,-696.852386935578,2174
15,15,baseline,0.1,0.2,delayed_coordination,-4.14972674227462,-99.2492730390977,-706.805222764974,2212
15,15,high,0.2,0.4,baseline,0,0,0,0
15,15,high,0.2,0.4,early_mover,-19.9667196871565,-7.56098121398236,-229.097151043194,662
15,15,high,0.2,0.4,sequential,-24.5154724572767,-19.3374754711677,-249.710734561994,718
15,15,high,0.2,0.4,coordinated,-21.1539711392045,-28.1288058362731,-338.783377744106,948
15,15,high,0.2,0.4,delayed_coordination,-23.3305672132701,-28.7327764305633,-312.783292630792,887
16,16,low,0.05,0.1,baseline,0,0,0,0
16,16,low,0.05,0.1,early_mover,0.00263393626869401,-76.9035163986491,-616.514524090318,2123
16,16,low,0.05,0.1,sequential,-3.77196550002995,-76.3043832681226,-641.303798525957,2114
16,16,low,0.05,0.1,coordinated,-1.47277152634288,-81.7453254505793,-664.431794956554,2090
16,16,low,0.05,0.1,delayed_coordination,-1.04308647838027,-78.268160596717,-678.054130066055,2172
16,16,baseline,0.1,0.2,baseline,0,0,0,0
16,16,baseline,0.1,0.2,early_mover,-0.272616451296102,-76.9635685669395,-640.210314925696,2145
16,16,baseline,0.1,0.2,sequential,-1.65270159127518,-82.2626463575994,-700.515334253965,2202
16,16,baseline,0.1,0.2,coordinated,-10.1065552710955,-75.0523386492245,-599.952677840528,1526
16,16,baseline,0.1,0.2,delayed_coordination,0.333054511899405,-89.4452894864029,-731.778847493604,2296
16,16,high,0.2,0.4,baseline,0,0,0,0
16,16,high,0.2,0.4,early_mover,-17.4906405558358,-35.9432810480764,-287.959340836768,824
16,16,high,0.2,0.4,sequential,-18.2145515257157,-50.3247422169963,-346.126097194073,980
16,16,high,0.2,0.4,coordinated,-20.1013951265757,-38.0414118516062,-312.974503008106,1011
16,16,high,0.2,0.4,delayed_coordination,-18.3229321504038,-44.3467512050147,-355.260075094287,975
17,17,low,0.05,0.1,baseline,0,0,0,0
17,17,low,0.05,0.1,early_mover,2.36348298926004,-111.934259236618,-708.072781010304,2384
17,17,low,0.05,0.1,sequential,-0.441340431822795,-116.125823639143,-742.157751188849,2257
17,17,low,0.05,0.1,coordinated,6.38622470552903,-120.403114717876,-781.042182960213,2551
17,17,low,0.05,0.1,delayed_coordination,1.39958232670372,-111.251534673441,-735.646531389138,2099
17,17,baseline,0.1,0.2,baseline,0,0,0,0
17,17,baseline,0.1,0.2,early_mover,-2.24101669586672,-120.963167396846,-754.337308937538,2246
17,17,baseline,0.1,0.2,sequential,-2.5340681867971,-124.331001085585,-812.230852213328,2280
17,17,baseline,0.1,0.2,coordinated,-9.61024638062784,-125.113959914887,-689.714361565241,2002
17,17,baseline,0.1,0.2,delayed_coordination,0.706552092519644,-129.316582435015,-823.01730304248,2356
17,17,high,0.2,0.4,baseline,0,0,0,0
17,17,high,0.2,0.4,early_mover,-15.4048199159324,-55.7375066907744,-322.825616017004,952
17,17,high,0.2,0.4,sequential,-20.2461192782019,-57.2219420663552,-324.05143581686,908
17,17,high,0.2,0.4,coordinated,-19.6045804142349,-70.6538347044758,-320.210738314669,901
17,17,high,0.2,0.4,delayed_coordination,-18.1401421269914,-61.9750736958479,-372.565701255015,1029
18,18,low,0.05,0.1,baseline,0,0,0,0
18,18,low,0.05,0.1,early_mover,2.0630250354032,-94.8220797120011,-692.601040436209,2307
18,18,low,0.05,0.1,sequential,0.353446499849383,-97.7647456538722,-720.019102139916,2143
18,18,low,0.05,0.1,coordinated,-4.82309796616374,-76.3156525322837,-625.178343297596,1904
18,18,low,0.05,0.1,delayed_coordination,2.01941364526553,-100.962072425938,-741.945778151533,2283
18,18,baseline,0.1,0.2,baseline,0,0,0,0
18,18,baseline,0.1,0.2,early_mover,-10.6128310509641,-56.4193565539755,-525.903862753731,1736
18,18,baseline,0.1,0.2,sequential,-14.7813794581059,-58.866605208132,-540.805453269208,1467
18,18,baseline,0.1,0.2,coordinated,-12.2388294889369,-79.5769346685371,-588.608824831986,1687
18,18,baseline,0.1,0.2,delayed_coordination,-13.1421102409452,-71.5948566221169,-593.443383715514,1597
18,18,high,0.2,0.4,baseline,0,0,0,0
18,18,high,0.2,0.4,early_mover,-23.0616554244262,-42.4273759218177,-189.325902695273,454
18,18,high,0.2,0.4,sequential,-25.5957085495875,-44.8667986557539,-221.881315381257,476
18,18,high,0.2,0.4,coordinated,-22.1208827093699,-74.1897663686526,-309.59609671154,945
18,18,high,0.2,0.4,delayed_coordination,-26.6959531685113,-36.6455596286702,-213.382738039537,450
19,19,low,0.05,0.1,baseline,0,0,0,0
19,19,low,0.05,0.1,early_mover,-0.570901088446561,-89.1060288239854,-651.478868355578,1987
19,19,low,0.05,0.1,sequential,-3.99485522797417,-88.8094485925425,-670.823510306376,1984
19,19,low,0.05,0.1,coordinated,-4.71579328661088,-85.4623161411351,-647.675742536441,1961
19,19,low,0.05,0.1,delayed_coordination,-0.819150560224841,-97.436089748176,-714.39922602035,2052
19,19,baseline,0.1,0.2,baseline,0,0,0,0
19,19,baseline,0.1,0.2,early_mover,-3.07303673491832,-106.994599451573,-565.805564472956,1939
19,19,baseline,0.1,0.2,sequential,-7.43585728213442,-107.827399484529,-594.711212223352,1951
19,19,baseline,0.1,0.2,coordinated,-9.15730708929084,-107.980220589796,-537.94615011946,1678
19,19,baseline,0.1,0.2,delayed_coordination,-6.44166115978854,-111.734683669648,-596.94417553138,1982
19,19,high,0.2,0.4,baseline,0,0,0,0
19,19,high,0.2,0.4,early_mover,-16.6501715735254,-46.366191433002,-259.668403474247,929
19,19,high,0.2,0.4,sequential,-20.178015480232,-47.8584724627153,-286.074208116518,941
19,19,high,0.2,0.4,coordinated,-19.0504637946834,-55.1191642860023,-304.149480260605,1169
19,19,high,0.2,0.4,delayed_coordination,-18.0273660436994,-53.5210242710869,-337.806017870068,1097
20,20,low,0.05,0.1,baseline,0,0,0,0
20,20,low,0.05,0.1,early_mover,-1.19444579618158,-108.26079616853,-696.885895822538,2061
20,20,low,0.05,0.1,sequential,-4.4063613797268,-113.741844511201,-712.371561148142,1993
20,20,low,0.05,0.1,coordinated,-9.09910629956991,-110.13311009163,-603.942414134876,1740
20,20,low,0.05,0.1,delayed_coordination,-1.6732910081825,-110.105126984067,-721.095015649361,2016
20,20,baseline,0.1,0.2,baseline,0,0,0,0
20,20,baseline,0.1,0.2,early_mover,-11.4449626259986,-57.3421459079762,-502.34841446687,1409
20,20,baseline,0.1,0.2,sequential,-9.98775781122619,-67.441334849934,-567.913221222715,1570
20,20,baseline,0.1,0.2,coordinated,-15.5682804660163,-63.212278133673,-433.143556371465,1326
20,20,baseline,0.1,0.2,delayed_coordination,-15.6924466372812,-57.707123115264,-499.895729700294,1410
20,20,high,0.2,0.4,baseline,0,0,0,0
20,20,high,0.2,0.4,early_mover,-19.6272969909088,-40.9961550486086,-269.041684297878,838
20,20,high,0.2,0.4,sequential,-21.2637135508453,-44.9369019288752,-306.092382635828,919
20,20,high,0.2,0.4,coordinated,-22.1697629369418,-44.0901079909938,-294.277055089296,910
20,20,high,0.2,0.4,delayed_coordination,-21.540517718567,-44.6760361115558,-298.254481697628,928
21,21,low,0.05,0.1,baseline,0,0,0,0
21,21,low,0.05,0.1,early_mover,6.94448308618834,-136.423044824101,-721.361307465687,2487
21,21,low,0.05,0.1,sequential,5.00840885758942,-150.965453453833,-778.106833549356,2512
21,21,low,0.05,0.1,coordinated,5.47573609242912,-156.998122093885,-772.306644453335,2468
21,21,low,0.05,0.1,delayed_coordination,5.07531097329266,-150.334734505712,-780.376887172019,2483
21,21,baseline,0.1,0.2,baseline,0,0,0,0
21,21,baseline,0.1,0.2,early_mover,-5.12805185151737,-111.532904214537,-566.522278329331,2043
21,21,baseline,0.1,0.2,sequential,-5.39084933062125,-104.87003030694,-607.792008610822,2063
21,21,baseline,0.1,0.2,coordinated,-1.64810610441032,-117.842134889197,-643.52436544241,2220
21,21,baseline,0.1,0.2,delayed_coordination,-7.07154653481309,-102.829734132191,-600.407438594441,2059
21,21,high,0.2,0.4,baseline,0,0,0,0
21,21,high,0.2,0.4,early_mover,-19.1697860491242,-53.873222842333,-316.321486314528,1094
21,21,high,0.2,0.4,sequential,-21.5904195791842,-48.9293657842806,-345.29675067295,1061
21,21,high,0.2,0.4,coordinated,-22.398903467077,-50.766978474691,-325.231340498981,994
21,21,high,0.2,0.4,delayed_coordination,-21.5226615422698,-56.8396500323512,-352.025326358455,1190
22,22,low,0.05,0.1,baseline,0,0,0,0
22,22,low,0.05,0.1,early_mover,-3.60403734804319,-102.122507331604,-714.700198119931,1845
22,22,low,0.05,0.1,sequential,-2.24816763635886,-106.622620776844,-771.952154268717,1907
22,22,low,0.05,0.1,coordinated,-5.66710436186059,-87.0484783560073,-752.479664148039,1894
22,22,low,0.05,0.1,delayed_coordination,-3.06799129937582,-106.603250475176,-750.083077263828,1906
22,22,baseline,0.1,0.2,baseline,0,0,0,0
22,22,baseline,0.1,0.2,early_mover,-2.06024092511694,-112.64975413661,-760.781518004333,2308
22,22,baseline,0.1,0.2,sequential,-3.22268406408233,-110.608442014234,-784.824888424426,2404
22,22,baseline,0.1,0.2,coordinated,-3.27221194546362,-116.297552399313,-793.610996856388,2442
22,22,baseline,0.1,0.2,delayed_coordination,-2.85817758561998,-117.197980927359,-808.722080587421,2396
22,22,high,0.2,0.4,baseline,0,0,0,0
22,22,high,0.2,0.4,early_mover,-18.6014240322869,-46.9868380308999,-286.335760717519,901
22,22,high,0.2,0.4,sequential,-20.2338359816903,-45.6895721835206,-318.980975958811,995
22,22,high,0.2,0.4,coordinated,-17.295453977568,-57.0119115827647,-358.815853022374,1346
22,22,high,0.2,0.4,delayed_coordination,-19.7148710907366,-45.2435231812585,-326.179690672405,1023
23,23,low,0.05,0.1,baseline,0,0,0,0
23,23,low,0.05,0.1,early_mover,8.34943372519024,-129.896461540281,-845.835766596766,2661
23,23,low,0.05,0.1,sequential,10.2580825328111,-137.486113210461,-902.573572132333,2727
23,23,low,0.05,0.1,coordinated,5.23902027491548,-116.004820179797,-812.659099864854,2537
23,23,low,0.05,0.1,delayed_coordination,7.39414617408323,-133.746569132045,-877.705533604689,2607
23,23,baseline,0.1,0.2,baseline,0,0,0,0
23,23,baseline,0.1,0.2,early_mover,-4.81780104906261,-68.8765204294194,-647.331502594238,2150
23,23,baseline,0.1,0.2,sequential,-3.70626700031281,-79.4702930230861,-722.947664820894,2202
23,23,baseline,0.1,0.2,coordinated,-5.7115804075919,-85.4738814994631,-706.941753991134,2161
23,23,baseline,0.1,0.2,delayed_coordination,-4.11430053909393,-79.8079895589375,-725.276330059869,2234
23,23,high,0.2,0.4,baseline,0,0,0,0
23,23,high,0.2,0.4,early_mover,-21.5266167195855,-19.9807926712207,-200.402743052352,660
23,23,high,0.2,0.4,sequential,-23.9984185223616,-30.7899086861378,-259.600250697591,762
23,23,high,0.2,0.4,coordinated,-26.0337512729638,-26.0736804419584,-215.963396974807,733
23,23,high,0.2,0.4,delayed_coordination,-24.6790490350251,-37.2822233105643,-287.414568748145,794
24,24,low,0.05,0.1,baseline,0,0,0,0
24,24,low,0.05,0.1,early_mover,7.45406985272646,-133.867937537689,-747.23147120592,2359
24,24,low,0.05,0.1,sequential,6.050869736918,-131.501639601654,-783.745281197169,2354
24,24,low,0.05,0.1,coordinated,0.174704661742368,-121.756126709784,-701.107211948971,2005
24,24,low,0.05,0.1,delayed_coordination,6.68504528334844,-142.008338777802,-790.042164196103,2367
24,24,baseline,0.1,0.2,baseline,0,0,0,0
24,24,baseline,0.1,0.2,early_mover,-3.9907866546352,-99.7019208278578,-640.081738966343,2016
24,24,baseline,0.1,0.2,sequential,-6.5460810268246,-102.937470528032,-680.59715529344,1824
24,24,baseline,0.1,0.2,coordinated,-11.8014310825671,-90.7284108166322,-589.519110741937,1546
24,24,baseline,0.1,0.2,delayed_coordination,-6.30648061656495,-110.077834910366,-698.76773598634,1973
24,24,high,0.2,0.4,baseline,0,0,0,0
24,24,high,0.2,0.4,early_mover,-17.2544046842316,-59.0578611396603,-348.734184278426,1085
24,24,high,0.2,0.4,sequential,-20.0422398414971,-71.9107641108864,-441.998418192456,1209
24,24,high,0.2,0.4,coordinated,-20.7298747478937,-67.5114984981416,-369.630223738391,877
24,24,high,0.2,0.4,delayed_coordination,-16.4123339200746,-77.3019380546407,-501.447930807601,1414
25,25,low,0.05,0.1,baseline,0,0,0,0
25,25,low,0.05,0.1,early_mover,3.59938357789656,-77.7917654519106,-663.921079861991,1775
25,25,low,0.05,0.1,sequential,1.87178988058247,-80.4357709907043,-692.776964976895,1914
25,25,low,0.05,0.1,coordinated,-0.454544101268027,-71.2777562918367,-634.639124738403,1677
25,25,low,0.05,0.1,delayed_coordination,-3.73282631775501,-67.043653749638,-616.806831217852,1611
25,25,baseline,0.1,0.2,baseline,0,0,0,0
25,25,baseline,0.1,0.2,early_mover,-7.87614331704087,-61.4914130783636,-497.640456849482,1439
25,25,baseline,0.1,0.2,sequential,-8.17954948421323,-70.112134501069,-585.727294819201,1561
25,25,baseline,0.1,0.2,coordinated,-6.62717607703934,-59.7525203427187,-562.469892256589,1508
25,25,baseline,0.1,0.2,delayed_coordination,-11.3877274693518,-64.3227776060345,-525.760251388225,1347
25,25,high,0.2,0.4,baseline,0,0,0,0
25,25,high,0.2,0.4,early_mover,-16.5679318353251,-45.4634357137527,-278.286115781606,640
25,25,high,0.2,0.4,sequential,-20.6522688104986,-53.2111502881449,-279.782699087615,593
25,25,high,0.2,0.4,coordinated,-21.8277827247143,-35.4951155515158,-246.835650141349,738
25,25,high,0.2,0.4,delayed_coordination,-20.767569973572,-47.2619507240001,-254.009847085585,594
26,26,low,0.05,0.1,baseline,0,0,0,0
26,26,low,0.05,0.1,early_mover,13.2720486857152,-129.37021635375,-838.300603124638,2595
26,26,low,0.05,0.1,sequential,13.302228104199,-141.876591432385,-896.361813283434,2656
26,26,low,0.05,0.1,coordinated,9.11755647373323,-137.176048874185,-836.378187031246,2586
26,26,low,0.05,0.1,delayed_coordination,14.3581785960848,-141.6514202905,-916.686503593275,2695
26,26,baseline,0.1,0.2,baseline,0,0,0,0
26,26,baseline,0.1,0.2,early_mover,-2.65669522742873,-102.514183494294,-692.468902060586,1935
26,26,baseline,0.1,0.2,sequential,-2.74535137526425,-122.842885342442,-786.113139701103,2119
26,26,baseline,0.1,0.2,coordinated,-4.31288363210683,-119.234586276597,-738.315628984708,1990
26,26,baseline,0.1,0.2,delayed_coordination,-0.374816370247871,-118.221885567608,-788.850062995405,2177
26,26,high,0.2,0.4,baseline,0,0,0,0
26,26,high,0.2,0.4,early_mover,-19.4112741201086,-21.2282009344785,-238.257036042271,937
26,26,high,0.2,0.4,sequential,-19.477688693036,-38.3552249112685,-316.273130586598,1085
26,26,high,0.2,0.4,coordinated,-17.236414882493,-61.3539691129571,-397.294046296455,1264
26,26,high,0.2,0.4,delayed_coordination,-19.8289410802119,-40.852044669942,-340.417100626872,1049
27,27,low,0.05,0.1,baseline,0,0,0,0
27,27,low,0.05,0.1,early_mover,13.6708765876975,-129.887361278775,-825.392790069377,2694
27,27,low,0.05,0.1,sequential,7.94314602724288,-130.612692175883,-852.804167348309,2439
27,27,low,0.05,0.1,coordinated,5.65134400233543,-123.764273972509,-801.726912012607,2507
27,27,low,0.05,0.1,delayed_coordination,9.76443755323515,-133.89544773663,-866.745304777071,2658
27,27,baseline,0.1,0.2,baseline,0,0,0,0
27,27,baseline,0.1,0.2,early_mover,-2.27603375383988,-104.405323496226,-635.532894608391,2068
27,27,baseline,0.1,0.2,sequential,-7.68156532786527,-108.166785569147,-661.442619378088,1897
27,27,baseline,0.1,0.2,coordinated,-10.7567539792548,-92.3620877318907,-634.704257418507,1867
27,27,baseline,0.1,0.2,delayed_coordination,-7.74222190483061,-106.175761099747,-669.310595229703,2021
27,27,high,0.2,0.4,baseline,0,0,0,0
27,27,high,0.2,0.4,early_mover,-19.1675963211055,-44.4622267259217,-265.774091570938,832
27,27,high,0.2,0.4,sequential,-21.5358868122097,-51.3056776752827,-349.89559596226,991
27,27,high,0.2,0.4,coordinated,-25.2852456926207,-38.6121130416158,-260.208394524838,828
27,27,high,0.2,0.4,delayed_coordination,-21.4170416330947,-56.7934801109215,-358.959781488257,1041
28,28,low,0.05,0.1,baseline,0,0,0,0
28,28,low,0.05,0.1,early_mover,-0.838990422778778,-100.263539594113,-721.523102182578,2199
28,28,low,0.05,0.1,sequential,-1.07446770801434,-107.587614462885,-763.853809437463,2279
28,28,low,0.05,0.1,coordinated,-2.94242818894122,-104.36891609926,-719.986260301352,2081
28,28,low,0.05,0.1,delayed_coordination,-1.72776440313754,-98.8349943959341,-766.532365431543,2275
28,28,baseline,0.1,0.2,baseline,0,0,0,0
28,28,baseline,0.1,0.2,early_mover,-5.38093729575725,-97.1420241297304,-679.736778886466,1998
28,28,baseline,0.1,0.2,sequential,-4.90265801012106,-109.061679616315,-769.04880926506,2198
28,28,baseline,0.1,0.2,coordinated,-10.0460739413212,-101.636379552333,-675.866977847042,1999
28,28,baseline,0.1,0.2,delayed_coordination,-7.42006891330925,-103.3296097158,-713.376860564409,1984
28,28,high,0.2,0.4,baseline,0,0,0,0
28,28,high,0.2,0.4,early_mover,-18.6710441263154,-46.2319083786289,-282.693409987511,821
28,28,high,0.2,0.4,sequential,-19.6979994448311,-57.6714276518662,-334.412837658776,896
28,28,high,0.2,0.4,coordinated,-24.6818855604259,-33.4201653785335,-231.835291792283,519
28,28,high,0.2,0.4,delayed_coordination,-20.0222163195747,-56.591864840448,-330.136463037117,923
29,29,low,0.05,0.1,baseline,0,0,0,0
29,29,low,0.05,0.1,early_mover,5.15406494975252,-96.5250624780846,-771.834491005299,2131
29,29,low,0.05,0.1,sequential,3.71780569925878,-101.385413093991,-826.964317986474,2111
29,29,low,0.05,0.1,coordinated,-2.3230514565021,-90.1440297366813,-642.264542867114,1628
29,29,low,0.05,0.1,delayed_coordination,2.61106527228233,-107.832021005242,-837.429456681104,2190
29,29,baseline,0.1,0.2,baseline,0,0,0,0
29,29,baseline,0.1,0.2,early_mover,-2.57799129105493,-88.6311842034859,-622.048872314138,1953
29,29,baseline,0.1,0.2,sequential,-3.19023282138519,-90.3360549610338,-710.702039590871,1979
29,29,baseline,0.1,0.2,coordinated,-5.77530591305421,-85.8304259372078,-665.141965350243,1964
29,29,baseline,0.1,0.2,delayed_coordination,-6.03087150713779,-90.1459247688067,-673.192134655905,1991
29,29,high,0.2,0.4,baseline,0,0,0,0
29,29,high,0.2,0.4,early_mover,-19.7903444897243,-33.8685193680633,-251.445077600541,700
29,29,high,0.2,0.4,sequential,-23.9260939862374,-40.6966345381263,-271.752271520805,709
29,29,high,0.2,0.4,coordinated,-24.1246494133042,-43.2603848732921,-244.677252187825,790
29,29,high,0.2,0.4,delayed_coordination,-21.3444238225745,-48.5336620751996,-358.502677740203,884
30,30,low,0.05,0.1,baseline,0,0,0,0
30,30,low,0.05,0.1,early_mover,0.171075296548395,-85.7500862144344,-628.885344811439,2116
30,30,low,0.05,0.1,sequential,-5.8957715540773,-75.0474942537757,-601.493764827385,1900
30,30,low,0.05,0.1,coordinated,-1.51851899268121,-102.479800935167,-660.850361239166,2048
30,30,low,0.05,0.1,delayed_coordination,-1.39864333924805,-90.2904606406197,-684.023709394943,2116
30,30,baseline,0.1,0.2,baseline,0,0,0,0
30,30,baseline,0.1,0.2,early_mover,-7.29238783618629,-81.5387785703878,-519.66708462957,1623
30,30,baseline,0.1,0.2,sequential,-9.14534172301924,-83.6662607011953,-592.304382265536,1709
30,30,baseline,0.1,0.2,coordinated,-11.3621389586348,-83.1400421213918,-535.699399609682,1694
30,30,baseline,0.1,0.2,delayed_coordination,-6.06460234631454,-91.8508039558637,-637.67752518845,1876
30,30,high,0.2,0.4,baseline,0,0,0,0
30,30,high,0.2,0.4,early_mover,-19.2771036752591,-36.423425829806,-242.187986427769,603
30,30,high,0.2,0.4,sequential,-22.0859296851022,-48.7386674259081,-288.539590443652,698
30,30,high,0.2,0.4,coordinated,-25.3748476248131,-35.9321227675596,-227.562376826571,574
30,30,high,0.2,0.4,delayed_coordination,-22.0724213696687,-48.2648782030016,-289.952358102591,725
31,31,low,0.05,0.1,baseline,0,0,0,0
31,31,low,0.05,0.1,early_mover,14.8576700116435,-122.916756980754,-859.435683241069,2713
31,31,low,0.05,0.1,sequential,7.84015148180507,-125.843762362363,-886.4061860478,2654
31,31,low,0.05,0.1,coordinated,7.02338644167295,-120.036836525336,-871.822555291352,2506
31,31,low,0.05,0.1,delayed_coordination,8.44560270057951,-123.757309848323,-886.364576856463,2668
31,31,baseline,0.1,0.2,baseline,0,0,0,0
31,31,baseline,0.1,0.2,early_mover,4.15249578607967,-105.369196761032,-747.262054122385,2406
31,31,baseline,0.1,0.2,sequential,-2.63329769480873,-105.679757215893,-765.848658226423,2346
31,31,baseline,0.1,0.2,coordinated,-9.67397497698568,-87.6696737180926,-660.607067594909,1681
31,31,baseline,0.1,0.2,delayed_coordination,-1.61957885903743,-111.172550599438,-779.872519098969,2389
31,31,high,0.2,0.4,baseline,0,0,0,0
31,31,high,0.2,0.4,early_mover,-16.5406940727984,-49.268894693682,-266.744480269308,834
31,31,high,0.2,0.4,sequential,-21.1945139997499,-56.4101295365465,-287.19057067785,859
31,31,high,0.2,0.4,coordinated,-22.8820138648716,-43.4631749294766,-256.923980620087,850
31,31,high,0.2,0.4,delayed_coordination,-21.2392103940221,-53.8466443750625,-276.602624863958,874
32,32,low,0.05,0.1,baseline,0,0,0,0
32,32,low,0.05,0.1,early_mover,8.5394459461601,-111.584273260206,-742.912905016217,2232
32,32,low,0.05,0.1,sequential,6.82014859319531,-122.354771253504,-771.974144047821,2110
32,32,low,0.05,0.1,coordinated,3.83880465201943,-112.587395651004,-768.362713550576,2147
32,32,low,0.05,0.1,delayed_coordination,8.90624517082799,-123.94965921169,-814.465310207964,2321
32,32,baseline,0.1,0.2,baseline,0,0,0,0
32,32,baseline,0.1,0.2,early_mover,-4.23945085174401,-108.143517498199,-648.749707122207,1829
32,32,baseline,0.1,0.2,sequential,-7.21244949986801,-112.284959553934,-694.042934233073,1729
32,32,baseline,0.1,0.2,coordinated,-8.09430378918258,-89.2890986861579,-613.114477857367,1576
32,32,baseline,0.1,0.2,delayed_coordination,-6.21454194191018,-111.684420749702,-718.310084458069,1811
32,32,high,0.2,0.4,baseline,0,0,0,0
32,32,high,0.2,0.4,early_mover,-17.7614082844733,-59.5867442814063,-315.637280819016,988
32,32,high,0.2,0.4,sequential,-22.5947584848783,-58.9379657639719,-329.892968362546,870
32,32,high,0.2,0.4,coordinated,-22.5995610469031,-36.9217299447222,-283.479829025869,751
32,32,high,0.2,0.4,delayed_coordination,-21.9748401215708,-65.1763875071323,-351.613862993323,1004
33,33,low,0.05,0.1,baseline,0,0,0,0
33,33,low,0.05,0.1,early_mover,8.42008598722575,-132.507266162266,-871.66854311176,2605
33,33,low,0.05,0.1,sequential,9.92221517205226,-135.516692508572,-922.202166395725,2649
33,33,low,0.05,0.1,coordinated,5.16307347677682,-130.579472308904,-912.19009153467,2482
33,33,low,0.05,0.1,delayed_coordination,7.30669056795438,-135.391383130706,-918.961684058823,2632
33,33,baseline,0.1,0.2,baseline,0,0,0,0
33,33,baseline,0.1,0.2,early_mover,-9.90618441431781,-104.791357556675,-630.759929487621,1924
33,33,baseline,0.1,0.2,sequential,-11.600552976172,-113.376142532966,-690.959302939052,1953
33,33,baseline,0.1,0.2,coordinated,-12.265517023292,-109.896762174416,-692.545736227056,1977
33,33,baseline,0.1,0.2,delayed_coordination,-13.1117425578445,-109.765381584251,-666.13671428046,1773
33,33,high,0.2,0.4,baseline,0,0,0,0
33,33,high,0.2,0.4,early_mover,-24.3999089265965,-27.2512163404583,-162.934114176508,437
33,33,high,0.2,0.4,sequential,-26.9287885765426,-31.4240839977172,-195.840110789734,446
33,33,high,0.2,0.4,coordinated,-25.4102250240566,-32.6605118872056,-219.238924730053,613
33,33,high,0.2,0.4,delayed_coordination,-26.9725690352809,-30.1588854206837,-185.856544682352,467
34,34,low,0.05,0.1,baseline,0,0,0,0
34,34,low,0.05,0.1,early_mover,8.43535344802146,-104.320137482114,-720.970873615891,2378
34,34,low,0.05,0.1,sequential,13.4321830827844,-131.762858345564,-857.189273130237,2438
34,34,low,0.05,0.1,coordinated,8.7953912052339,-127.627318783334,-806.73187473354,2359
34,34,low,0.05,0.1,delayed_coordination,8.95901930100683,-122.083353509243,-814.877857741915,2323
34,34,baseline,0.1,0.2,baseline,0,0,0,0
34,34,baseline,0.1,0.2,early_mover,-0.752047698714023,-85.0501539084279,-625.647692103906,1756
34,34,baseline,0.1,0.2,sequential,-3.10608524971059,-94.9312704922263,-675.468281556757,1831
34,34,baseline,0.1,0.2,coordinated,-4.00996607768387,-86.1591158292395,-634.067165492046,1743
34,34,baseline,0.1,0.2,delayed_coordination,-4.57812568579389,-90.3561754460388,-654.909567866343,1829
34,34,high,0.2,0.4,baseline,0,0,0,0
34,34,high,0.2,0.4,early_mover,-17.6336068742451,-52.5887296039539,-293.962333040817,846
34,34,high,0.2,0.4,sequential,-20.5087119698454,-56.34470271197,-321.506273327771,903
34,34,high,0.2,0.4,coordinated,-24.5833571499836,-36.827807560356,-202.598361339335,618
34,34,high,0.2,0.4,delayed_coordination,-20.6579591113472,-57.213376239396,-317.895440589027,925
35,35,low,0.05,0.1,baseline,0,0,0,0
35,35,low,0.05,0.1,early_mover,4.15340315745524,-119.044945121459,-727.333092139578,2264
35,35,low,0.05,0.1,sequential,1.84043051214641,-129.353563073217,-767.826851393794,2316
35,35,low,0.05,0.1,coordinated,3.08831345060673,-142.607080485197,-789.871459550124,2413
35,35,low,0.05,0.1,delayed_coordination,0.462926793809714,-124.760329126695,-746.97883896641,2212
35,35,baseline,0.1,0.2,baseline,0,0,0,0
35,35,baseline,0.1,0.2,early_mover,-8.92551332747789,-83.825548696144,-531.231410966067,1528
35,35,baseline,0.1,0.2,sequential,-10.8084441695874,-86.2939457416416,-561.704215138331,1629
35,35,baseline,0.1,0.2,coordinated,-10.5040720986194,-95.3451767672099,-614.639216725821,1925
35,35,baseline,0.1,0.2,delayed_coordination,-12.8087571204244,-83.3071803164828,-542.636931277429,1601
35,35,high,0.2,0.4,baseline,0,0,0,0
35,35,high,0.2,0.4,early_mover,-18.1509781472639,-39.7602570072329,-321.685281875179,1106
35,35,high,0.2,0.4,sequential,-22.4313799644989,-61.3564305912653,-374.535239084013,1178
35,35,high,0.2,0.4,coordinated,-20.5451748373661,-55.7239380061736,-341.499194827516,1190
35,35,high,0.2,0.4,delayed_coordination,-19.9347950538238,-65.5341797579131,-402.428643634923,1268
36,36,low,0.05,0.1,baseline,0,0,0,0
36,36,low,0.05,0.1,early_mover,9.03051380273016,-113.376363266837,-811.483982926387,2239
36,36,low,0.05,0.1,sequential,4.64910443121437,-101.370175684986,-798.66651797093,2230
36,36,low,0.05,0.1,coordinated,0.570346780995834,-105.490977971663,-748.541834171278,1994
36,36,low,0.05,0.1,delayed_coordination,10.2865968443275,-118.254982836227,-880.451509331139,2335
36,36,baseline,0.1,0.2,baseline,0,0,0,0
36,36,baseline,0.1,0.2,early_mover,-9.4386149594668,-87.2017018685113,-553.124074060486,1571
36,36,baseline,0.1,0.2,sequential,-12.3461454727495,-92.7259701040963,-569.438336524368,1529
36,36,baseline,0.1,0.2,coordinated,-13.4673238311178,-80.9221592061443,-530.077843997765,1571
36,36,baseline,0.1,0.2,delayed_coordination,-11.5725426957654,-97.4576856816789,-563.459283322911,1509
36,36,high,0.2,0.4,baseline,0,0,0,0
36,36,high,0.2,0.4,early_mover,-18.3048200940832,-41.4407960772293,-317.388767813683,932
36,36,high,0.2,0.4,sequential,-18.6942490192273,-48.6646257881946,-389.467206924014,993
36,36,high,0.2,0.4,coordinated,-16.7335815583098,-62.5631936610495,-453.261358544129,1268
36,36,high,0.2,0.4,delayed_coordination,-18.6524910161819,-66.6868628197142,-426.74992684705,1104
37,37,low,0.05,0.1,baseline,0,0,0,0
37,37,low,0.05,0.1,early_mover,6.79236430216031,-115.742819610492,-713.019779327994,2368
37,37,low,0.05,0.1,sequential,9.08179667600893,-126.207597521196,-741.334097664403,2384
37,37,low,0.05,0.1,coordinated,1.98818114161691,-109.396252625662,-660.433857437154,2243
37,37,low,0.05,0.1,delayed_coordination,7.65055340801698,-125.499710948766,-753.776468112197,2480
37,37,baseline,0.1,0.2,baseline,0,0,0,0
37,37,baseline,0.1,0.2,early_mover,-5.30017298931062,-90.2764781813291,-594.409394717692,1895
37,37,baseline,0.1,0.2,sequential,-10.825075552203,-106.947811578002,-597.935754688997,1682
37,37,baseline,0.1,0.2,coordinated,-5.80282016957473,-116.237244459757,-684.405444594351,2185
37,37,baseline,0.1,0.2,delayed_coordination,-7.83844739519341,-101.781981644705,-619.396042570349,1861
37,37,high,0.2,0.4,baseline,0,0,0,0
37,37,high,0.2,0.4,early_mover,-17.1202273760816,-50.7682936272787,-255.954976100982,845
37,37,high,0.2,0.4,sequential,-16.404924789552,-67.320817555325,-336.182095833554,1066
37,37,high,0.2,0.4,coordinated,-20.4944139621093,-51.0943723580164,-300.575349924199,892
37,37,high,0.2,0.4,delayed_coordination,-19.291199940188,-60.1584293676754,-318.161251683798,1064
38,38,low,0.05,0.1,baseline,0,0,0,0
38,38,low,0.05,0.1,early_mover,12.6218545863447,-138.146016559634,-810.314394877287,2540
38,38,low,0.05,0.1,sequential,5.54240543955163,-131.934730813586,-799.889542648441,2322
38,38,low,0.05,0.1,coordinated,2.5778344878843,-128.165503928836,-762.327685875247,1869
38,38,low,0.05,0.1,delayed_coordination,12.0632735956178,-144.955836045194,-858.664728004201,2541
38,38,baseline,0.1,0.2,baseline,0,0,0,0
38,38,baseline,0.1,0.2,early_mover,-1.28684427866105,-103.768964802098,-704.825545676875,2281
38,38,baseline,0.1,0.2,sequential,-2.99152104154906,-114.847299330723,-771.848752659904,2039
38,38,baseline,0.1,0.2,coordinated,-2.82873420745283,-109.233279378198,-733.172844713721,2019
38,38,baseline,0.1,0.2,delayed_coordination,-2.95049685866833,-110.354138677914,-757.485590057804,2108
38,38,high,0.2,0.4,baseline,0,0,0,0
38,38,high,0.2,0.4,early_mover,-18.9774926248043,-45.3988922422891,-260.256026101218,834
38,38,high,0.2,0.4,sequential,-19.4476414971432,-61.6231025990799,-331.439340985705,855
38,38,high,0.2,0.4,coordinated,-22.3020785361523,-52.899359716901,-293.96807154399,817
38,38,high,0.2,0.4,delayed_coordination,-20.0509669328764,-56.0441496561225,-328.987009537573,822
39,39,low,0.05,0.1,baseline,0,0,0,0
39,39,low,0.05,0.1,early_mover,2.01033124845054,-107.143340642756,-744.64430001307,2263
39,39,low,0.05,0.1,sequential,3.44216927002967,-124.586987368978,-812.101454272812,2276
39,39,low,0.05,0.1,coordinated,-3.79882796113984,-110.287429168033,-737.086470638087,2055
39,39,low,0.05,0.1,delayed_coordination,-0.354165305804713,-112.297452273398,-779.316639219317,2158
39,39,baseline,0.1,0.2,baseline,0,0,0,0
39,39,baseline,0.1,0.2,early_mover,-3.53557999207806,-122.755989160627,-690.636899592655,2275
39,39,baseline,0.1,0.2,sequential,-5.26692411024172,-129.174580606449,-730.048216660699,2226
39,39,baseline,0.1,0.2,coordinated,-8.85039603153513,-115.351155726041,-696.451405001835,2054
39,39,baseline,0.1,0.2,delayed_coordination,-5.19440109042303,-132.846810062627,-728.432349170136,2215
39,39,high,0.2,0.4,baseline,0,0,0,0
39,39,high,0.2,0.4,early_mover,-22.2216300457847,-36.6103592435209,-201.229344900151,444
39,39,high,0.2,0.4,sequential,-26.7353076468505,-37.9829168198535,-189.907377040003,440
39,39,high,0.2,0.4,coordinated,-24.8059022688921,-43.5274636229443,-230.628527033899,641
39,39,high,0.2,0.4,delayed_coordination,-25.1205505452039,-39.9991579560371,-219.695848968839,456
40,40,low,0.05,0.1,baseline,0,0,0,0
40,40,low,0.05,0.1,early_mover,9.60383079416548,-99.630810025407,-890.484874603139,2549
40,40,low,0.05,0.1,sequential,2.11803960997364,-99.1548237166809,-905.831932062249,2430
40,40,low,0.05,0.1,coordinated,-9.52061810884362,-64.9751769739829,-739.640157387047,1639
40,40,low,0.05,0.1,delayed_coordination,1.51075634848684,-102.076125752218,-874.527123613342,2411
40,40,baseline,0.1,0.2,baseline,0,0,0,0
40,40,baseline,0.1,0.2,early_mover,-0.546294730475083,-103.166029339023,-760.692982522664,2120
40,40,baseline,0.1,0.2,sequential,-5.79980274648705,-105.882402136312,-749.949241985387,2078
40,40,baseline,0.1,0.2,coordinated,-7.38338286761045,-93.0264888810603,-712.908552617507,2108
40,40,baseline,0.1,0.2,delayed_coordination,-5.09092091958468,-105.513789283196,-771.159592010443,2154
40,40,high,0.2,0.4,baseline,0,0,0,0
40,40,high,0.2,0.4,early_mover,-21.8100642671786,-30.5568549449382,-245.607954254172,680
40,40,high,0.2,0.4,sequential,-24.9709961999987,-50.2815375680228,-283.662991623538,775
40,40,high,0.2,0.4,coordinated,-26.3083025327475,-44.3555199090351,-239.839527614392,876
40,40,high,0.2,0.4,delayed_coordination,-24.4200291500122,-43.3966552868225,-259.893680611559,764
41,41,low,0.05,0.1,baseline,0,0,0,0
41,41,low,0.05,0.1,early_mover,11.7538294023339,-123.37420665097,-867.705392086198,2525
41,41,low,0.05,0.1,sequential,9.62060200795838,-124.417832172736,-831.418652844265,2436
41,41,low,0.05,0.1,coordinated,13.3224034399799,-122.652936551878,-899.393372197371,2598
41,41,low,0.05,0.1,delayed_coordination,8.23584183913368,-121.008588600859,-841.361682242371,2455
41,41,baseline,0.1,0.2,baseline,0,0,0,0
41,41,baseline,0.1,0.2,early_mover,-0.0960983445615966,-84.7277468201191,-723.184736318533,2301
41,41,baseline,0.1,0.2,sequential,-3.14688920342898,-85.2870959692504,-703.062864547135,2163
41,41,baseline,0.1,0.2,coordinated,-5.13157481044999,-84.8066559223901,-649.213299529311,2018
41,41,baseline,0.1,0.2,delayed_coordination,-3.64561019341895,-85.8533603753407,-718.501362230958,2193
41,41,high,0.2,0.4,baseline,0,0,0,0
41,41,high,0.2,0.4,early_mover,-20.8066356755725,-32.0933989005964,-228.822938673413,580
41,41,high,0.2,0.4,sequential,-21.4491936456982,-44.4048684531665,-274.14071263082,596
41,41,high,0.2,0.4,coordinated,-22.2116433393351,-47.2550276563393,-254.012315303907,716
41,41,high,0.2,0.4,delayed_coordination,-23.2478616074736,-33.4099586593083,-246.909777102392,559
42,42,low,0.05,0.1,baseline,0,0,0,0
42,42,low,0.05,0.1,early_mover,9.02137711614347,-125.629958692011,-775.61504472075,2489
42,42,low,0.05,0.1,sequential,8.23146794543729,-143.524905349504,-819.985383311309,2536
42,42,low,0.05,0.1,coordinated,-0.0464253438879041,-109.707288976778,-698.55287963051,2233
42,42,low,0.05,0.1,delayed_coordination,6.06077065687526,-131.434841988834,-797.832025230386,2532
42,42,baseline,0.1,0.2,baseline,0,0,0,0
42,42,baseline,0.1,0.2,early_mover,2.02821723045662,-91.5400342505205,-693.74631011202,2432
42,42,baseline,0.1,0.2,sequential,-1.13620329239197,-96.7019388079629,-715.200292565213,2397
42,42,baseline,0.1,0.2,coordinated,-1.51399971269717,-90.6208756853867,-666.240528605189,2308
42,42,baseline,0.1,0.2,delayed_coordination,0.71004399409793,-111.053861492748,-744.500824516106,2450
42,42,high,0.2,0.4,baseline,0,0,0,0
42,42,high,0.2,0.4,early_mover,-15.8074731016878,-29.9369472510452,-292.886505221102,972
42,42,high,0.2,0.4,sequential,-20.9427168541427,-30.9158465644701,-299.979798199652,823
42,42,high,0.2,0.4,coordinated,-19.0286771679703,-37.0243048584206,-293.624924529635,906
42,42,high,0.2,0.4,delayed_coordination,-20.6434035215662,-33.2205223291498,-312.919150799266,928
43,43,low,0.05,0.1,baseline,0,0,0,0
43,43,low,0.05,0.1,early_mover,5.7806269058301,-107.314090169408,-754.834472745843,2398
43,43,low,0.05,0.1,sequential,3.15605397168247,-102.123465775886,-779.844402323385,2353
43,43,low,0.05,0.1,coordinated,0.471852103537572,-121.501360615586,-789.012264222491,2009
43,43,low,0.05,0.1,delayed_coordination,2.44079224850108,-104.253240002152,-757.789907206668,2325
43,43,baseline,0.1,0.2,baseline,0,0,0,0
43,43,baseline,0.1,0.2,early_mover,-5.89169776857187,-81.6058431994898,-653.377050320944,1955
43,43,baseline,0.1,0.2,sequential,-5.42329913054721,-104.701291882044,-731.028080705785,2142
43,43,baseline,0.1,0.2,coordinated,-8.45580285024178,-93.1687305419928,-659.406132179723,2031
43,43,baseline,0.1,0.2,delayed_coordination,-4.05008091719095,-100.971336487548,-742.404179129563,2150
43,43,high,0.2,0.4,baseline,0,0,0,0
43,43,high,0.2,0.4,early_mover,-20.4396459748322,-30.5434922295864,-263.210610838343,910
43,43,high,0.2,0.4,sequential,-22.2173407521889,-36.6669517563312,-322.440695840249,1072
43,43,high,0.2,0.4,coordinated,-23.2176113501636,-45.543437191178,-276.258158528312,1013
43,43,high,0.2,0.4,delayed_coordination,-21.8536798867521,-37.2173622241625,-327.820869303072,1072
44,44,low,0.05,0.1,baseline,0,0,0,0
44,44,low,0.05,0.1,early_mover,5.01300026665245,-110.273417453842,-806.129012719307,2284
44,44,low,0.05,0.1,sequential,2.12341014217475,-125.046875960507,-857.486048756602,2313
44,44,low,0.05,0.1,coordinated,0.846469810096579,-117.960942044812,-801.900430657939,1977
44,44,low,0.05,0.1,delayed_coordination,0.359525844785708,-114.717132570429,-822.671504344053,2230
44,44,baseline,0.1,0.2,baseline,0,0,0,0
44,44,baseline,0.1,0.2,early_mover,-6.29845947070771,-113.399786541662,-620.888161891455,1920
44,44,baseline,0.1,0.2,sequential,-9.78144554571713,-116.103251271117,-666.075844076114,2010
44,44,baseline,0.1,0.2,coordinated,-14.9011529751634,-65.1803886636615,-445.975075376478,1308
44,44,baseline,0.1,0.2,delayed_coordination,-9.713953392918,-113.429976437582,-674.995712858138,2020
44,44,high,0.2,0.4,baseline,0,0,0,0
44,44,high,0.2,0.4,early_mover,-20.6440437842743,-33.424357664035,-251.309154446933,627
44,44,high,0.2,0.4,sequential,-24.0699789354509,-33.9898536578317,-265.548366063765,654
44,44,high,0.2,0.4,coordinated,-23.3043477781857,-29.7008444640706,-255.037717912927,723
44,44,high,0.2,0.4,delayed_coordination,-23.7622004703067,-31.9474290276764,-275.640955703027,672
45,45,low,0.05,0.1,baseline,0,0,0,0
45,45,low,0.05,0.1,early_mover,0.429228446672766,-98.3037574302349,-696.835374549689,2154
45,45,low,0.05,0.1,sequential,-2.69822222222359,-100.989563589638,-749.023154431314,2201
45,45,low,0.05,0.1,coordinated,-9.1730024186005,-108.830943995719,-650.910593543887,1781
45,45,low,0.05,0.1,delayed_coordination,-2.01115726744672,-111.752159785619,-759.121852236512,2232
45,45,baseline,0.1,0.2,baseline,0,0,0,0
45,45,baseline,0.1,0.2,early_mover,-7.84284244739425,-81.4707413520503,-670.40995011402,2055
45,45,baseline,0.1,0.2,sequential,-8.91695496152535,-90.8192037156446,-732.245051932013,2122
45,45,baseline,0.1,0.2,coordinated,-9.10478396700498,-99.8499864259613,-712.112220942804,2138
45,45,baseline,0.1,0.2,delayed_coordination,-10.0829027938167,-91.496855277753,-726.735452566653,2165
45,45,high,0.2,0.4,baseline,0,0,0,0
45,45,high,0.2,0.4,early_mover,-22.8957295823603,-25.3031053631361,-169.519185260717,640
45,45,high,0.2,0.4,sequential,-26.2536934656222,-37.6925048921092,-223.675226923334,693
45,45,high,0.2,0.4,coordinated,-25.7718163486152,-29.0675861903621,-212.027716725454,683
45,45,high,0.2,0.4,delayed_coordination,-25.9296664570486,-34.2197291673257,-210.983316024392,712
46,46,low,0.05,0.1,baseline,0,0,0,0
46,46,low,0.05,0.1,early_mover,-3.58647887310661,-96.441734006337,-636.136112764218,1903
46,46,low,0.05,0.1,sequential,-6.61548389898741,-100.328469524287,-675.059696448239,1851
46,46,low,0.05,0.1,coordinated,-4.86990561248024,-90.9470203280347,-623.591635496617,1846
46,46,low,0.05,0.1,delayed_coordination,-6.87004328574506,-95.5219647897077,-666.922209359668,1837
46,46,baseline,0.1,0.2,baseline,0,0,0,0
46,46,baseline,0.1,0.2,early_mover,-4.72809827728504,-96.0116553168992,-564.57616373794,1807
46,46,baseline,0.1,0.2,sequential,-5.19566415180125,-106.487126412301,-641.222517196788,1852
46,46,baseline,0.1,0.2,coordinated,-10.3717658860914,-90.2857010404664,-571.032083072783,1645
46,46,baseline,0.1,0.2,delayed_coordination,-7.05468168884086,-104.240419026841,-635.748168142523,1803
46,46,high,0.2,0.4,baseline,0,0,0,0
46,46,high,0.2,0.4,early_mover,-18.8323263482562,-31.3360604987731,-220.268918262069,698
46,46,high,0.2,0.4,sequential,-22.3610614225645,-38.1147974477705,-251.992127413946,746
46,46,high,0.2,0.4,coordinated,-22.9144359943411,-38.565426721696,-231.118126430681,771
46,46,high,0.2,0.4,delayed_coordination,-22.0873003127709,-40.9372587136083,-252.345458420427,775
47,47,low,0.05,0.1,baseline,0,0,0,0
47,47,low,0.05,0.1,early_mover,7.59621949276865,-126.582323099486,-764.181242662996,2317
47,47,low,0.05,0.1,sequential,10.1894099601451,-139.693518521023,-858.317268112099,2459
47,47,low,0.05,0.1,coordinated,2.66449880114266,-125.279060987411,-762.522331824568,2208
47,47,low,0.05,0.1,delayed_coordination,7.54522059110559,-130.816420950838,-821.440522743055,2420
47,47,baseline,0.1,0.2,baseline,0,0,0,0
47,47,baseline,0.1,0.2,early_mover,-2.16292439123944,-86.2267064781697,-679.469179205916,1958
47,47,baseline,0.1,0.2,sequential,-10.3549732464971,-85.194562243229,-598.459646088527,1629
47,47,baseline,0.1,0.2,coordinated,-11.2902358716474,-78.8945172990304,-537.226488799902,1387
47,47,baseline,0.1,0.2,delayed_coordination,-7.66575881702678,-85.684172747577,-620.095699455613,1730
47,47,high,0.2,0.4,baseline,0,0,0,0
47,47,high,0.2,0.4,early_mover,-15.3492455862511,-70.0586278087076,-361.49694895673,1084
47,47,high,0.2,0.4,sequential,-19.8133359954744,-66.3009265495488,-375.290184344614,1059
47,47,high,0.2,0.4,coordinated,-18.655243547027,-44.7801175582214,-396.871799516099,1134
47,47,high,0.2,0.4,delayed_coordination,-17.8861940835108,-72.7383919609974,-408.418981983687,1171
48,48,low,0.05,0.1,baseline,0,0,0,0
48,48,low,0.05,0.1,early_mover,0.434617098218098,-121.298479150957,-779.185308590638,2129
48,48,low,0.05,0.1,sequential,0.326027856197271,-115.789077019841,-789.732857335293,2072
48,48,low,0.05,0.1,coordinated,3.18423369404258,-129.124103961222,-839.964959599764,2333
48,48,low,0.05,0.1,delayed_coordination,3.15629756043066,-145.560727549986,-845.868219183734,2218
48,48,baseline,0.1,0.2,baseline,0,0,0,0
48,48,baseline,0.1,0.2,early_mover,-9.00342975733383,-52.9791792140877,-526.549591704252,1717
48,48,baseline,0.1,0.2,sequential,-9.56608202069101,-67.8999034614744,-592.66070749665,1795
48,48,baseline,0.1,0.2,coordinated,-13.5946065316686,-63.9069539706548,-550.005801083446,1714
48,48,baseline,0.1,0.2,delayed_coordination,-9.71657253838211,-73.7083535386301,-594.242691540951,1779
48,48,high,0.2,0.4,baseline,0,0,0,0
48,48,high,0.2,0.4,early_mover,-23.1910944284646,-24.7010664850355,-160.385989419381,453
48,48,high,0.2,0.4,sequential,-25.1533008386552,-34.2610397539146,-230.045631953704,618
48,48,high,0.2,0.4,coordinated,-25.2262149281256,-20.7757466874477,-189.330806734795,687
48,48,high,0.2,0.4,delayed_coordination,-23.8703866185177,-38.942773927098,-237.66018520635,626
49,49,low,0.05,0.1,baseline,0,0,0,0
49,49,low,0.05,0.1,early_mover,-6.22985178172874,-108.254257845605,-634.739144285706,1396
49,49,low,0.05,0.1,sequential,-7.55796093902524,-99.1678020419802,-680.135504181106,1533
49,49,low,0.05,0.1,coordinated,-0.669477370649361,-121.247366023053,-773.248100473561,2133
49,49,low,0.05,0.1,delayed_coordination,-10.7782589122487,-102.116149442934,-627.113265991719,1139
49,49,baseline,0.1,0.2,baseline,0,0,0,0
49,49,baseline,0.1,0.2,early_mover,-8.81346799890704,-74.1680095045411,-534.209013799625,1671
49,49,baseline,0.1,0.2,sequential,-13.2059422007198,-82.9648250209339,-576.964958024325,1699
49,49,baseline,0.1,0.2,coordinated,-8.11139925516221,-100.233667209786,-642.68978502641,1945
49,49,baseline,0.1,0.2,delayed_coordination,-11.3408442362412,-81.6301777176876,-585.401398340668,1708
49,49,high,0.2,0.4,baseline,0,0,0,0
49,49,high,0.2,0.4,early_mover,-18.3335090532887,-46.7332823142137,-308.70738105789,899
49,49,high,0.2,0.4,sequential,-23.0173179176198,-52.1641735046197,-318.960019102221,850
49,49,high,0.2,0.4,coordinated,-22.6558780924196,-48.0032467754847,-311.878494140894,800
49,49,high,0.2,0.4,delayed_coordination,-21.7593744003959,-54.2601394952048,-350.347555234111,882
50,50,low,0.05,0.1,baseline,0,0,0,0
50,50,low,0.05,0.1,early_mover,7.31980569199419,-120.859356591675,-745.965064915096,2422
50,50,low,0.05,0.1,sequential,0.562731623654514,-121.154175878703,-773.263896066036,2118
50,50,low,0.05,0.1,coordinated,-1.41482317091055,-116.139404550893,-724.763617233251,2235
50,50,low,0.05,0.1,delayed_coordination,6.23184136298403,-126.250289616963,-833.849358152177,2498
50,50,baseline,0.1,0.2,baseline,0,0,0,0
50,50,baseline,0.1,0.2,early_mover,-7.69638017454952,-88.1880284834696,-541.953293713175,1784
50,50,baseline,0.1,0.2,sequential,-7.98403439608565,-97.2633779921895,-587.167839728683,1799
50,50,baseline,0.1,0.2,coordinated,-6.8554735609614,-106.507276377891,-657.801957694998,1886
50,50,baseline,0.1,0.2,delayed_coordination,-7.21790091724893,-94.5146492094216,-613.391560910205,1871
50,50,high,0.2,0.4,baseline,0,0,0,0
50,50,high,0.2,0.4,early_mover,-22.4512424076466,-24.731673094767,-199.357968415394,394
50,50,high,0.2,0.4,sequential,-23.9815352767518,-36.28835295818,-255.076687962033,514
50,50,high,0.2,0.4,coordinated,-20.3303910267663,-57.3749265933168,-349.602320278341,958
50,50,high,0.2,0.4,delayed_coordination,-23.2735526524873,-33.9195968812021,-267.320112780395,521
51,51,low,0.05,0.1,baseline,0,0,0,0
51,51,low,0.05,0.1,early_mover,3.95495763939411,-129.578034622594,-792.387392683394,2427
51,51,low,0.05,0.1,sequential,-1.40869599392465,-131.200410958595,-796.442413198967,2295
51,51,low,0.05,0.1,coordinated,-1.54171294801245,-120.610221513384,-776.8965061257,2226
51,51,low,0.05,0.1,delayed_coordination,-0.0925512630983292,-132.735389269294,-809.521272058169,2358
51,51,baseline,0.1,0.2,baseline,0,0,0,0
51,51,baseline,0.1,0.2,early_mover,-2.31349222336152,-106.246315950454,-698.527977857358,2289
51,51,baseline,0.1,0.2,sequential,-5.44432534252195,-125.794316750469,-734.83021890617,2211
51,51,baseline,0.1,0.2,coordinated,-9.4105657395816,-115.137976186188,-669.975942613949,2108
51,51,baseline,0.1,0.2,delayed_coordination,-5.80324625227439,-126.676977267615,-745.211411652564,2233
51,51,high,0.2,0.4,baseline,0,0,0,0
51,51,high,0.2,0.4,early_mover,-18.6846387061012,-51.0105823396885,-269.718250655403,839
51,51,high,0.2,0.4,sequential,-20.2082323203506,-72.4025281389685,-351.140356888829,974
51,51,high,0.2,0.4,coordinated,-24.9110731492538,-59.7099845919356,-228.541715108921,605
51,51,high,0.2,0.4,delayed_coordination,-21.5147265829653,-70.7328120794916,-345.026304227384,859
52,52,low,0.05,0.1,baseline,0,0,0,0
52,52,low,0.05,0.1,early_mover,5.26426445707551,-107.70597212548,-622.259141258947,2220
52,52,low,0.05,0.1,sequential,4.577348457043,-117.840014659652,-658.072311162568,2253
52,52,low,0.05,0.1,coordinated,7.3114792056794,-104.025044480634,-684.016259573212,2433
52,52,low,0.05,0.1,delayed_coordination,4.18162493234962,-120.321725919804,-648.945647238988,2285
52,52,baseline,0.1,0.2,baseline,0,0,0,0
52,52,baseline,0.1,0.2,early_mover,-3.07885048033238,-80.3579571368687,-523.627796126465,1890
52,52,baseline,0.1,0.2,sequential,-4.40305774142021,-99.4323452511196,-574.32857922893,1947
52,52,baseline,0.1,0.2,coordinated,-1.71424418480706,-79.8319116184532,-573.562992694541,1947
52,52,baseline,0.1,0.2,delayed_coordination,-4.34828152382832,-88.5014690609712,-573.635260550773,1998
52,52,high,0.2,0.4,baseline,0,0,0,0
52,52,high,0.2,0.4,early_mover,-19.870755130917,-34.243645705931,-208.687487226228,794
52,52,high,0.2,0.4,sequential,-22.8887219657533,-39.7131312024313,-231.843939736137,731
52,52,high,0.2,0.4,coordinated,-25.3414441859213,-21.711522176911,-197.32848262894,673
52,52,high,0.2,0.4,delayed_coordination,-22.2655734493222,-40.6171166632591,-245.595976823216,810
53,53,low,0.05,0.1,baseline,0,0,0,0
53,53,low,0.05,0.1,early_mover,3.90081438252096,-124.805361071694,-794.422472902183,2235
53,53,low,0.05,0.1,sequential,5.84810491706193,-130.73507525091,-871.187174265696,2336
53,53,low,0.05,0.1,coordinated,0.187202396101839,-112.860507167114,-824.778950835745,2089
53,53,low,0.05,0.1,delayed_coordination,2.47569860413248,-127.956123850963,-830.835855221093,2227
53,53,baseline,0.1,0.2,baseline,0,0,0,0
53,53,baseline,0.1,0.2,early_mover,-9.57144544771866,-94.2866307374062,-598.016968120693,1550
53,53,baseline,0.1,0.2,sequential,-13.8259437474314,-106.837893104522,-623.008293243916,1526
53,53,baseline,0.1,0.2,coordinated,-11.4288288784088,-90.8333718119212,-638.384109693748,1636
53,53,baseline,0.1,0.2,delayed_coordination,-13.4416410783684,-96.2559315687377,-603.169498569931,1576
53,53,high,0.2,0.4,baseline,0,0,0,0
53,53,high,0.2,0.4,early_mover,-15.065654468947,-44.1515208913038,-389.371496645271,1056
53,53,high,0.2,0.4,sequential,-17.8955189512829,-50.3685797429955,-405.655331586964,1086
53,53,high,0.2,0.4,coordinated,-19.1317014476805,-41.9123966573032,-352.552407637354,973
53,53,high,0.2,0.4,delayed_coordination,-18.7261272957618,-50.7715672394756,-394.133366766515,1015
54,54,low,0.05,0.1,baseline,0,0,0,0
54,54,low,0.05,0.1,early_mover,8.72464031824433,-127.987171212433,-785.216306975112,2529
54,54,low,0.05,0.1,sequential,4.33050103594147,-130.489113195321,-816.729063774224,2449
54,54,low,0.05,0.1,coordinated,0.401831767244573,-127.405657304048,-729.199913279437,2207
54,54,low,0.05,0.1,delayed_coordination,4.54723084549732,-136.956415016801,-838.672452345133,2556
54,54,baseline,0.1,0.2,baseline,0,0,0,0
54,54,baseline,0.1,0.2,early_mover,-7.79122017564522,-89.6867624526212,-564.575492312506,1533
54,54,baseline,0.1,0.2,sequential,-8.58509285220441,-103.300001203852,-658.791575371542,1630
54,54,baseline,0.1,0.2,coordinated,-16.5880576102916,-83.5902534665536,-523.522549172973,1206
54,54,baseline,0.1,0.2,delayed_coordination,-10.812919106037,-88.5558966165223,-617.242911393058,1583
54,54,high,0.2,0.4,baseline,0,0,0,0
54,54,high,0.2,0.4,early_mover,-17.9767385692354,-37.7575894071969,-281.228330317896,827
54,54,high,0.2,0.4,sequential,-21.717838680149,-49.9537382594567,-326.101530066647,862
54,54,high,0.2,0.4,coordinated,-21.9380799903261,-48.8646102168111,-330.419060971039,946
54,54,high,0.2,0.4,delayed_coordination,-22.1324077835695,-46.7789176835711,-327.813121274649,908
55,55,low,0.05,0.1,baseline,0,0,0,0
55,55,low,0.05,0.1,early_mover,2.90374313251252,-119.207219699087,-769.077744401736,2130
55,55,low,0.05,0.1,sequential,0.356261039611553,-132.206365006677,-815.505647729866,2060
55,55,low,0.05,0.1,coordinated,-2.62404257620238,-121.921278935797,-771.914970247687,1989
55,55,low,0.05,0.1,delayed_coordination,-2.20247262237777,-121.643153549144,-801.548862148733,2033
55,55,baseline,0.1,0.2,baseline,0,0,0,0
55,55,baseline,0.1,0.2,early_mover,-7.70853394283527,-60.1507642229501,-586.474502082314,1570
55,55,baseline,0.1,0.2,sequential,-12.2339835478318,-71.4054653373615,-614.326131866353,1635
55,55,baseline,0.1,0.2,coordinated,-15.6810728823401,-70.2788767367031,-556.838243006549,1527
55,55,baseline,0.1,0.2,delayed_coordination,-10.0389254296731,-73.8428385600934,-648.502738704619,1733
55,55,high,0.2,0.4,baseline,0,0,0,0
55,55,high,0.2,0.4,early_mover,-21.8193877922193,-41.8454666432755,-269.33581740404,652
55,55,high,0.2,0.4,sequential,-23.8932063937407,-50.8272975742685,-336.397435252073,816
55,55,high,0.2,0.4,coordinated,-24.0760489558226,-50.2666908394566,-321.205040107443,900
55,55,high,0.2,0.4,delayed_coordination,-23.6136679856218,-54.9675853063834,-342.004201029984,830
56,56,low,0.05,0.1,baseline,0,0,0,0
56,56,low,0.05,0.1,early_mover,0.765015935053782,-81.5390976589548,-711.372057850243,2146
56,56,low,0.05,0.1,sequential,-5.66100010896616,-76.8380191931601,-684.057266114398,1894
56,56,low,0.05,0.1,coordinated,-8.81185027861962,-77.9777606344979,-640.337046244982,1618
56,56,low,0.05,0.1,delayed_coordination,-3.14765790803744,-75.900944837598,-698.432683946457,2006
56,56,baseline,0.1,0.2,baseline,0,0,0,0
56,56,baseline,0.1,0.2,early_mover,-6.93203102464656,-79.0406636583706,-630.887515721011,1828
56,56,baseline,0.1,0.2,sequential,-5.70225091311515,-91.7031019453673,-715.208249283187,2051
56,56,baseline,0.1,0.2,coordinated,-8.42284082254248,-89.1196684942439,-654.582408321896,1777
56,56,baseline,0.1,0.2,delayed_coordination,-10.1313760294169,-72.3928251768875,-637.875696707031,1846
56,56,high,0.2,0.4,baseline,0,0,0,0
56,56,high,0.2,0.4,early_mover,-18.7988396382318,-42.4354782703672,-258.420495692016,762
56,56,high,0.2,0.4,sequential,-22.1837898892206,-42.6618141182922,-270.217496068409,790
56,56,high,0.2,0.4,coordinated,-19.2146369504766,-49.2677996205502,-305.535584615563,996
56,56,high,0.2,0.4,delayed_coordination,-22.9818870922096,-43.8362219510267,-264.640984253783,758
57,57,low,0.05,0.1,baseline,0,0,0,0
57,57,low,0.05,0.1,early_mover,7.71669405310453,-120.973724741927,-840.48471089713,2392
57,57,low,0.05,0.1,sequential,6.97759997051361,-134.009469138817,-869.940676163658,2504
57,57,low,0.05,0.1,coordinated,3.41027558655981,-122.659236851673,-854.408931767221,2340
57,57,low,0.05,0.1,delayed_coordination,7.48305884062907,-130.536960279139,-881.323762353336,2394
57,57,baseline,0.1,0.2,baseline,0,0,0,0
57,57,baseline,0.1,0.2,early_mover,-8.82658975135379,-80.475003547471,-521.731212864523,1270
57,57,baseline,0.1,0.2,sequential,-12.346429843421,-86.8001519983711,-556.886486204298,1354
57,57,baseline,0.1,0.2,coordinated,-11.7646939952351,-99.9649840667312,-583.97280837121,1383
57,57,baseline,0.1,0.2,delayed_coordination,-10.9440614896246,-83.5824825407597,-558.078110821279,1386
57,57,high,0.2,0.4,baseline,0,0,0,0
57,57,high,0.2,0.4,early_mover,-19.8870192321039,-36.1130478349446,-319.088221798992,924
57,57,high,0.2,0.4,sequential,-22.6425425746484,-48.4060206850351,-381.411889113635,1082
57,57,high,0.2,0.4,coordinated,-19.8095711978759,-60.5126992085281,-405.830149692911,1271
57,57,high,0.2,0.4,delayed_coordination,-21.1047575569889,-50.1480671923014,-407.573865461349,1126
58,58,low,0.05,0.1,baseline,0,0,0,0
58,58,low,0.05,0.1,early_mover,7.70537880397256,-135.740851051129,-778.961464256302,2558
58,58,low,0.05,0.1,sequential,3.32568450015864,-141.904732511728,-803.19768974923,2481
58,58,low,0.05,0.1,coordinated,0.273979025034805,-132.74263860547,-760.136317909763,2399
58,58,low,0.05,0.1,delayed_coordination,4.05088610936892,-136.478945239595,-822.243268341376,2644
58,58,baseline,0.1,0.2,baseline,0,0,0,0
58,58,baseline,0.1,0.2,early_mover,-4.26463466006783,-98.3106311060855,-664.513292756134,2273
58,58,baseline,0.1,0.2,sequential,-3.02817551355922,-110.575737502384,-728.004087114357,2261
58,58,baseline,0.1,0.2,coordinated,-3.45253635747461,-111.245975679755,-733.399492472387,2280
58,58,baseline,0.1,0.2,delayed_coordination,-3.48428149743069,-109.735429344883,-730.405387836225,2284
58,58,high,0.2,0.4,baseline,0,0,0,0
58,58,high,0.2,0.4,early_mover,-19.9801387439836,-48.1233138549491,-280.972042499973,788
58,58,high,0.2,0.4,sequential,-23.7863509310826,-47.5697171671351,-281.041546844153,781
58,58,high,0.2,0.4,coordinated,-24.5377423672516,-57.414978103119,-262.394953202677,752
58,58,high,0.2,0.4,delayed_coordination,-21.7676957498214,-59.1522783811468,-341.343274441526,896
59,59,low,0.05,0.1,baseline,0,0,0,0
59,59,low,0.05,0.1,early_mover,5.05243124448845,-128.555186416959,-823.081190971587,2285
59,59,low,0.05,0.1,sequential,-4.3257646046703,-130.594832724468,-788.178033371218,1908
59,59,low,0.05,0.1,coordinated,-7.52355346127334,-127.922108332126,-747.628086150221,1810
59,59,low,0.05,0.1,delayed_coordination,-5.5118211881834,-117.361315163015,-756.322906332595,1983
59,59,baseline,0.1,0.2,baseline,0,0,0,0
59,59,baseline,0.1,0.2,early_mover,-4.08532397517695,-93.7015393989965,-666.026489540883,1876
59,59,baseline,0.1,0.2,sequential,-12.1192782506036,-92.2088709732444,-575.471610325612,1617
59,59,baseline,0.1,0.2,coordinated,-18.8303826322752,-74.0034068799844,-411.765540396084,897
59,59,baseline,0.1,0.2,delayed_coordination,-12.334458772877,-97.4760430062116,-612.078035447594,1640
59,59,high,0.2,0.4,baseline,0,0,0,0
59,59,high,0.2,0.4,early_mover,-20.2718221800235,-24.6933621642358,-243.715896649217,718
59,59,high,0.2,0.4,sequential,-21.5608764232659,-30.0846223403807,-304.499047377641,866
59,59,high,0.2,0.4,coordinated,-23.4967596487487,-6.60332268137944,-229.42580807005,735
59,59,high,0.2,0.4,delayed_coordination,-23.3326653697083,-30.2207351716111,-275.234182720692,806
60,60,low,0.05,0.1,baseline,0,0,0,0
60,60,low,0.05,0.1,early_mover,1.3756998577615,-75.2787954866585,-606.550444696674,2019
60,60,low,0.05,0.1,sequential,0.0528762921733232,-101.435426930495,-703.117135544736,2046
60,60,low,0.05,0.1,coordinated,0.0621789604401215,-97.0455899807181,-691.99212027515,2098
60,60,low,0.05,0.1,delayed_coordination,-0.481165874228935,-96.5691041214948,-678.479084564535,1975
60,60,baseline,0.1,0.2,baseline,0,0,0,0
60,60,baseline,0.1,0.2,early_mover,-0.379815341299476,-108.836437740626,-654.991338623129,1914
60,60,baseline,0.1,0.2,sequential,-6.82138293358302,-111.806816509497,-650.445937536698,1822
60,60,baseline,0.1,0.2,coordinated,-10.1716735796762,-90.1515453881514,-604.531178804211,1819
60,60,baseline,0.1,0.2,delayed_coordination,-6.1111131089754,-108.463745626086,-665.180376316622,1825
60,60,high,0.2,0.4,baseline,0,0,0,0
60,60,high,0.2,0.4,early_mover,-18.8149113055973,-36.7112239491225,-232.800291579807,623
60,60,high,0.2,0.4,sequential,-22.7039557309328,-48.607182856486,-281.994339027559,679
60,60,high,0.2,0.4,coordinated,-25.0172081497992,-38.9073213790425,-185.413027925443,490
60,60,high,0.2,0.4,delayed_coordination,-23.4303544116722,-49.0782165437996,-261.016314193307,649
61,61,low,0.05,0.1,baseline,0,0,0,0
61,61,low,0.05,0.1,early_mover,-4.11524057703841,-101.552435654787,-712.689188875727,1734
61,61,low,0.05,0.1,sequential,-9.74717412427796,-97.1321951764538,-714.605045187817,1555
61,61,low,0.05,0.1,coordinated,-7.5385116046358,-116.505609605342,-707.299114295764,1702
61,61,low,0.05,0.1,delayed_coordination,-6.21982207233233,-103.154368039807,-754.75359996769,1727
61,61,baseline,0.1,0.2,baseline,0,0,0,0
61,61,baseline,0.1,0.2,early_mover,-6.28007867574878,-102.033068060902,-679.759886046446,1841
61,61,baseline,0.1,0.2,sequential,-11.562741579719,-108.403596987541,-716.585932341673,1690
61,61,baseline,0.1,0.2,coordinated,-18.8350192094315,-86.1898953020757,-592.929999264432,1315
61,61,baseline,0.1,0.2,delayed_coordination,-8.60222190457115,-101.480969191491,-736.138743463945,1824
61,61,high,0.2,0.4,baseline,0,0,0,0
61,61,high,0.2,0.4,early_mover,-17.1644016457522,-73.2969528929145,-391.410029050505,949
61,61,high,0.2,0.4,sequential,-21.459426133602,-72.7788200534837,-409.682612983313,956
61,61,high,0.2,0.4,coordinated,-25.2233365946695,-61.3738328360631,-307.445352009659,661
61,61,high,0.2,0.4,delayed_coordination,-20.4894720126939,-66.2091918145134,-413.684415789175,934
62,62,low,0.05,0.1,baseline,0,0,0,0
62,62,low,0.05,0.1,early_mover,5.91726184714258,-119.868134592545,-789.058488187098,2395
62,62,low,0.05,0.1,sequential,3.8801288411623,-111.589268181319,-814.47423864001,2265
62,62,low,0.05,0.1,coordinated,-4.11872279907774,-99.8580155416256,-738.453401649458,1844
62,62,low,0.05,0.1,delayed_coordination,4.18426992286453,-117.546526953843,-823.369884273769,2353
62,62,baseline,0.1,0.2,baseline,0,0,0,0
62,62,baseline,0.1,0.2,early_mover,-3.6033322441246,-98.9793757887466,-669.010761737021,2022
62,62,baseline,0.1,0.2,sequential,-6.77903594346047,-96.1090840640561,-703.550686199108,1948
62,62,baseline,0.1,0.2,coordinated,-9.2524556049818,-101.113003433562,-625.532456409429,1634
62,62,baseline,0.1,0.2,delayed_coordination,-2.77442120515096,-114.108220736618,-740.867029173501,2076
62,62,high,0.2,0.4,baseline,0,0,0,0
62,62,high,0.2,0.4,early_mover,-19.5829199599302,-46.0297057848056,-310.220283305998,706
62,62,high,0.2,0.4,sequential,-20.9018638836419,-56.0439211392824,-360.275179225237,672
62,62,high,0.2,0.4,coordinated,-23.6275905469138,-29.7159797953508,-294.001415065861,566
62,62,high,0.2,0.4,delayed_coordination,-20.6580007236343,-64.3959162749754,-381.779179994642,870
63,63,low,0.05,0.1,baseline,0,0,0,0
63,63,low,0.05,0.1,early_mover,-2.17500118628047,-117.960053510881,-674.309800351558,1995
63,63,low,0.05,0.1,sequential,-4.56384062349255,-113.917405182633,-703.185045093186,1887
63,63,low,0.05,0.1,coordinated,-11.7836437329045,-109.221777367699,-601.577654363556,1461
63,63,low,0.05,0.1,delayed_coordination,-2.14713226765937,-114.956183418531,-719.178615278763,2002
63,63,baseline,0.1,0.2,baseline,0,0,0,0
63,63,baseline,0.1,0.2,early_mover,-10.9835344310983,-82.6737721211994,-533.102977881973,1376
63,63,baseline,0.1,0.2,sequential,-14.2206344274653,-83.626802864834,-556.359804820033,1387
63,63,baseline,0.1,0.2,coordinated,-14.4111086629802,-91.2361610384158,-533.129722042156,1353
63,63,baseline,0.1,0.2,delayed_coordination,-14.1820580350814,-86.5399901438898,-553.342649212027,1357
63,63,high,0.2,0.4,baseline,0,0,0,0
63,63,high,0.2,0.4,early_mover,-21.0489660558793,-33.8670608812179,-250.319499095346,704
63,63,high,0.2,0.4,sequential,-24.2011460420814,-47.7246702574813,-295.180198803249,823
63,63,high,0.2,0.4,coordinated,-22.0310799598131,-53.4264512276026,-327.775733972198,936
63,63,high,0.2,0.4,delayed_coordination,-25.2538112248314,-38.8614616767637,-238.215885667954,644
64,64,low,0.05,0.1,baseline,0,0,0,0
64,64,low,0.05,0.1,early_mover,11.3089755235042,-110.41597180094,-837.157669184217,2467
64,64,low,0.05,0.1,sequential,0.240055619434088,-104.478447368976,-797.543167623395,2129
64,64,low,0.05,0.1,coordinated,-5.58018989122877,-108.899930839656,-689.649521131651,1872
64,64,low,0.05,0.1,delayed_coordination,-0.793289892963855,-103.983738036675,-792.356675688617,2092
64,64,baseline,0.1,0.2,baseline,0,0,0,0
64,64,baseline,0.1,0.2,early_mover,-0.962773747231338,-116.08617989861,-663.91404620409,2244
64,64,baseline,0.1,0.2,sequential,-3.25905648321569,-123.104612319193,-705.639381087724,2035
64,64,baseline,0.1,0.2,coordinated,-9.89282137979501,-102.126465293145,-610.165016899624,1788
64,64,baseline,0.1,0.2,delayed_coordination,-3.23028957382114,-115.395198176882,-715.343150645542,2118
64,64,high,0.2,0.4,baseline,0,0,0,0
64,64,high,0.2,0.4,early_mover,-14.8812634544712,-34.4757303067817,-248.422613003939,850
64,64,high,0.2,0.4,sequential,-17.9778042891592,-42.0322471704682,-271.269574143889,887
64,64,high,0.2,0.4,coordinated,-22.064235720679,-31.3506884189454,-212.021971184835,742
64,64,high,0.2,0.4,delayed_coordination,-16.093132406752,-43.7154333461778,-313.062195077344,990
65,65,low,0.05,0.1,baseline,0,0,0,0
65,65,low,0.05,0.1,early_mover,3.33701567695263,-117.33346592459,-757.5135416926,2398
65,65,low,0.05,0.1,sequential,8.12199684789925,-129.252053658326,-848.505230059463,2635
65,65,low,0.05,0.1,coordinated,1.00796734568024,-95.0801059818139,-757.791167774069,2129
65,65,low,0.05,0.1,delayed_coordination,6.43698115375892,-130.931437511208,-828.635274944114,2511
65,65,baseline,0.1,0.2,baseline,0,0,0,0
65,65,baseline,0.1,0.2,early_mover,-8.87063884306329,-83.2885079639486,-516.052296051036,1767
65,65,baseline,0.1,0.2,sequential,-8.04065060695517,-104.490531633845,-592.59154474885,1880
65,65,baseline,0.1,0.2,coordinated,-9.08993830604956,-99.6075196569155,-621.339763538962,1916
65,65,baseline,0.1,0.2,delayed_coordination,-8.30873600681656,-96.8394093000124,-577.996195086426,1871
65,65,high,0.2,0.4,baseline,0,0,0,0
65,65,high,0.2,0.4,early_mover,-19.7709745158811,-38.2250359498821,-256.794821693971,860
65,65,high,0.2,0.4,sequential,-20.5037289949947,-45.9262241740699,-322.745779555635,978
65,65,high,0.2,0.4,coordinated,-22.3961508706923,-31.2501192078889,-255.275680723415,952
65,65,high,0.2,0.4,delayed_coordination,-21.7414995796759,-40.4118992143612,-284.69565357564,893
66,66,low,0.05,0.1,baseline,0,0,0,0
66,66,low,0.05,0.1,early_mover,11.932923826074,-113.919903578983,-722.780836794407,2506
66,66,low,0.05,0.1,sequential,5.65652639197197,-116.44706729848,-737.00663320818,2401
66,66,low,0.05,0.1,coordinated,0.437765649401598,-91.3038197851243,-637.542995805468,2020
66,66,low,0.05,0.1,delayed_coordination,6.8761798270576,-115.215040923901,-756.123521321534,2447
66,66,baseline,0.1,0.2,baseline,0,0,0,0
66,66,baseline,0.1,0.2,early_mover,0.577759733950998,-122.752915887918,-719.423283879596,2218
66,66,baseline,0.1,0.2,sequential,-1.47261203632051,-126.370574941666,-757.363656527275,2223
66,66,baseline,0.1,0.2,coordinated,-3.74059215468209,-112.071398003477,-663.781956498462,2052
66,66,baseline,0.1,0.2,delayed_coordination,-1.0571018514913,-127.094419973147,-758.563552461874,2272
66,66,high,0.2,0.4,baseline,0,0,0,0
66,66,high,0.2,0.4,early_mover,-16.1489377906864,-45.3408537172897,-264.791660677464,908
66,66,high,0.2,0.4,sequential,-19.7866840232398,-45.6995466524905,-272.320340329708,968
66,66,high,0.2,0.4,coordinated,-22.4284783752183,-44.9623579590266,-234.454422079289,821
66,66,high,0.2,0.4,delayed_coordination,-19.4729404537561,-48.5833686478176,-283.021784258466,962
67,67,low,0.05,0.1,baseline,0,0,0,0
67,67,low,0.05,0.1,early_mover,15.4650428767509,-124.064837350205,-849.505276786031,2759
67,67,low,0.05,0.1,sequential,12.0299669435511,-128.65204726682,-892.773095269597,2713
67,67,low,0.05,0.1,coordinated,3.37341461482504,-116.980173036543,-833.558810557787,2577
67,67,low,0.05,0.1,delayed_coordination,11.700742845065,-124.539571149901,-884.791504003045,2757
67,67,baseline,0.1,0.2,baseline,0,0,0,0
67,67,baseline,0.1,0.2,early_mover,-6.14891968812773,-113.921011325764,-630.427283511322,1939
67,67,baseline,0.1,0.2,sequential,-8.98152628604392,-116.947339831042,-675.766408667384,2087
67,67,baseline,0.1,0.2,coordinated,-6.86999286640548,-114.842242083262,-713.967517098704,2337
67,67,baseline,0.1,0.2,delayed_coordination,-8.61599395096806,-115.112146695763,-672.754364218495,2098
67,67,high,0.2,0.4,baseline,0,0,0,0
67,67,high,0.2,0.4,early_mover,-18.7289896582985,-46.4285193091847,-283.183320692739,1025
67,67,high,0.2,0.4,sequential,-20.0711216290327,-57.7275934603871,-378.965795951874,1238
67,67,high,0.2,0.4,coordinated,-20.3137959065093,-57.3354788604924,-376.674302862458,1277
67,67,high,0.2,0.4,delayed_coordination,-20.9285693652374,-53.0175203815993,-347.780432633522,1172
68,68,low,0.05,0.1,baseline,0,0,0,0
68,68,low,0.05,0.1,early_mover,4.85514237228784,-129.998249205499,-810.755424059914,2350
68,68,low,0.05,0.1,sequential,4.1648499118289,-137.01375339073,-858.737123044786,2295
68,68,low,0.05,0.1,coordinated,0.00273022008440194,-109.133586463493,-805.767850984456,2285
68,68,low,0.05,0.1,delayed_coordination,2.8629862747847,-141.91402244813,-876.14854197433,2337
68,68,baseline,0.1,0.2,baseline,0,0,0,0
68,68,baseline,0.1,0.2,early_mover,-8.82324010571256,-100.806790059954,-637.75725968025,1900
68,68,baseline,0.1,0.2,sequential,-8.1078697249164,-105.286544941327,-743.136747367625,2086
68,68,baseline,0.1,0.2,coordinated,-11.5974490699007,-110.920214632503,-689.890162253125,2049
68,68,baseline,0.1,0.2,delayed_coordination,-9.06052583906316,-123.236904520934,-740.993956305763,1984
68,68,high,0.2,0.4,baseline,0,0,0,0
68,68,high,0.2,0.4,early_mover,-20.5541830239573,-67.5660983860669,-274.780997078428,918
68,68,high,0.2,0.4,sequential,-23.4232164615936,-64.2105644598142,-320.057383412759,1004
68,68,high,0.2,0.4,coordinated,-23.3291974381755,-79.099245779992,-349.62812874838,1093
68,68,high,0.2,0.4,delayed_coordination,-22.3711054446399,-74.4537445640769,-327.350033001783,1061
69,69,low,0.05,0.1,baseline,0,0,0,0
69,69,low,0.05,0.1,early_mover,7.31790161553411,-113.359739911301,-794.542861605325,2319
69,69,low,0.05,0.1,sequential,-0.0538555569419827,-104.97445939425,-765.03575192081,2202
69,69,low,0.05,0.1,coordinated,-5.073296478027,-85.3133690677268,-674.310172874064,1680
69,69,low,0.05,0.1,delayed_coordination,2.95769165262527,-105.963188684091,-790.368840727592,2230
69,69,baseline,0.1,0.2,baseline,0,0,0,0
69,69,baseline,0.1,0.2,early_mover,-10.709334627882,-45.896993788519,-546.998234986183,1747
69,69,baseline,0.1,0.2,sequential,-12.1692079634743,-88.0825657836232,-666.522545334155,1867
69,69,baseline,0.1,0.2,coordinated,-12.3325186801827,-74.6340598722572,-594.000539709119,1893
69,69,baseline,0.1,0.2,delayed_coordination,-9.39182491883209,-87.1651442037672,-705.47992938821,2013
69,69,high,0.2,0.4,baseline,0,0,0,0
69,69,high,0.2,0.4,early_mover,-14.7387233845855,-75.9317717764262,-347.598553141641,1012
69,69,high,0.2,0.4,sequential,-16.7940315595363,-81.8263084105383,-388.814110875498,1080
69,69,high,0.2,0.4,coordinated,-18.508205200232,-69.4236525143178,-338.054687929442,1130
69,69,high,0.2,0.4,delayed_coordination,-18.3283713927253,-76.6976124867262,-368.36605104919,1085
70,70,low,0.05,0.1,baseline,0,0,0,0
70,70,low,0.05,0.1,early_mover,7.57474569456693,-94.4842955507298,-792.649827898133,2437
70,70,low,0.05,0.1,sequential,10.8748856058526,-111.572432043412,-880.106437258035,2534
70,70,low,0.05,0.1,coordinated,4.98326181315986,-104.943586676464,-854.834945071301,2572
70,70,low,0.05,0.1,delayed_coordination,10.7360788809669,-110.250523662808,-886.204084593474,2538
70,70,baseline,0.1,0.2,baseline,0,0,0,0
70,70,baseline,0.1,0.2,early_mover,-9.16903486112153,-74.6711544693698,-538.890053836474,1821
70,70,baseline,0.1,0.2,sequential,-9.0729374326275,-77.2849674818553,-624.380259069171,1795
70,70,baseline,0.1,0.2,coordinated,-13.5043860367127,-73.3232963865703,-563.567227795876,1558
70,70,baseline,0.1,0.2,delayed_coordination,-9.48697262865051,-78.9104342169018,-621.713259421186,1962
70,70,high,0.2,0.4,baseline,0,0,0,0
70,70,high,0.2,0.4,early_mover,-18.853217117196,-33.2858993449252,-287.200190116627,721
70,70,high,0.2,0.4,sequential,-22.5828491424884,-31.6867256832739,-256.670214010063,642
70,70,high,0.2,0.4,coordinated,-21.8059772130797,-30.8934261192027,-283.799933254912,709
70,70,high,0.2,0.4,delayed_coordination,-20.6424877319372,-40.4433239334945,-332.059660815284,817
71,71,low,0.05,0.1,baseline,0,0,0,0
71,71,low,0.05,0.1,early_mover,-1.07618413236722,-97.6735935368214,-707.733706854428,2402
71,71,low,0.05,0.1,sequential,-2.28243883164674,-110.591000375031,-763.015672778808,2349
71,71,low,0.05,0.1,coordinated,-1.77683553267511,-112.194728357559,-738.747154715021,2224
71,71,low,0.05,0.1,delayed_coordination,-0.0633479369393513,-111.563684284929,-778.796117756672,2443
71,71,baseline,0.1,0.2,baseline,0,0,0,0
71,71,baseline,0.1,0.2,early_mover,-15.9152563883114,-47.2219521793016,-491.473909036361,1351
71,71,baseline,0.1,0.2,sequential,-14.9489079821454,-62.1823900356631,-572.856454693936,1608
71,71,baseline,0.1,0.2,coordinated,-13.3510121281243,-95.4392518941775,-630.480075020183,1708
71,71,baseline,0.1,0.2,delayed_coordination,-14.967342201111,-60.6665424592984,-557.229150892001,1367
71,71,high,0.2,0.4,baseline,0,0,0,0
71,71,high,0.2,0.4,early_mover,-21.1866912267204,-27.547667127062,-261.041906334025,787
71,71,high,0.2,0.4,sequential,-23.4899920445967,-32.3903127605469,-300.520566208263,858
71,71,high,0.2,0.4,coordinated,-24.5377080775264,-28.5509918544968,-287.732308305127,901
71,71,high,0.2,0.4,delayed_coordination,-23.0681278013142,-37.6056945448926,-301.049624500055,868
72,72,low,0.05,0.1,baseline,0,0,0,0
72,72,low,0.05,0.1,early_mover,7.15481536786535,-111.6744120815,-743.827602741414,2421
72,72,low,0.05,0.1,sequential,7.00788967503658,-119.803603950661,-805.099483316617,2492
72,72,low,0.05,0.1,coordinated,6.61922883866112,-113.586673593248,-810.253062238643,2338
72,72,low,0.05,0.1,delayed_coordination,5.56318589152087,-115.584607531894,-773.123845468771,2358
72,72,baseline,0.1,0.2,baseline,0,0,0,0
72,72,baseline,0.1,0.2,early_mover,-0.691775813587427,-93.7934352191719,-665.563673766279,2192
72,72,baseline,0.1,0.2,sequential,-1.42397948794073,-102.972692544786,-696.175219758513,2245
72,72,baseline,0.1,0.2,coordinated,-4.32665644390188,-96.9823936276539,-624.063972277352,2094
72,72,baseline,0.1,0.2,delayed_coordination,-2.25649073516148,-98.1729018357325,-688.658637975854,2258
72,72,high,0.2,0.4,baseline,0,0,0,0
72,72,high,0.2,0.4,early_mover,-19.0516320210451,-30.0506883204272,-228.209915835826,710
72,72,high,0.2,0.4,sequential,-21.3608524549572,-31.9084727679813,-268.59620553784,844
72,72,high,0.2,0.4,coordinated,-20.8467757110061,-38.8731669210725,-281.794805131064,1006
72,72,high,0.2,0.4,delayed_coordination,-21.4690267660613,-31.7348243028896,-264.897564277486,836
73,73,low,0.05,0.1,baseline,0,0,0,0
73,73,low,0.05,0.1,early_mover,5.33092158820415,-114.266667312907,-778.393852009575,2342
73,73,low,0.05,0.1,sequential,-0.0921566307142143,-107.1234446444,-786.364051058269,2240
73,73,low,0.05,0.1,coordinated,-5.50458075992353,-99.4019359672803,-663.2133464035,1968
73,73,low,0.05,0.1,delayed_coordination,0.583405390977561,-109.600706917234,-780.601579296416,2180
73,73,baseline,0.1,0.2,baseline,0,0,0,0
73,73,baseline,0.1,0.2,early_mover,-4.05824315886007,-113.937790566235,-693.846249107853,2105
73,73,baseline,0.1,0.2,sequential,-5.67861995232803,-122.118438232449,-744.234926034105,1980
73,73,baseline,0.1,0.2,coordinated,-11.7596716126657,-102.953089172858,-640.576448783068,1942
73,73,baseline,0.1,0.2,delayed_coordination,-6.87837008617898,-120.497736210012,-744.890100711455,2029
73,73,high,0.2,0.4,baseline,0,0,0,0
73,73,high,0.2,0.4,early_mover,-15.2276134636983,-62.6967469601359,-402.52308771332,1241
73,73,high,0.2,0.4,sequential,-19.0217682144472,-64.9782794300898,-432.207610383682,1262
73,73,high,0.2,0.4,coordinated,-19.67549895078,-61.5596434449933,-373.49203672156,1198
73,73,high,0.2,0.4,delayed_coordination,-19.583080923894,-61.9367898009311,-409.147126474649,1223
74,74,low,0.05,0.1,baseline,0,0,0,0
74,74,low,0.05,0.1,early_mover,4.02883059341571,-110.226497276424,-769.861680917806,2286
74,74,low,0.05,0.1,sequential,-1.49150187795885,-109.118533188418,-735.631921393402,2108
74,74,low,0.05,0.1,coordinated,0.518077851743612,-113.121039958091,-747.422711866629,2290
74,74,low,0.05,0.1,delayed_coordination,-2.90352170976172,-109.187969733212,-724.112801680219,2026
74,74,baseline,0.1,0.2,baseline,0,0,0,0
74,74,baseline,0.1,0.2,early_mover,-5.00048857035394,-99.4737381043143,-610.69610530508,1676
74,74,baseline,0.1,0.2,sequential,-10.9562077643875,-99.0840328969215,-606.649293191693,1483
74,74,baseline,0.1,0.2,coordinated,-8.02827320704031,-92.1115509413609,-619.932704770646,1734
74,74,baseline,0.1,0.2,delayed_coordination,-9.80127081340964,-102.622432181624,-620.764721436613,1528
74,74,high,0.2,0.4,baseline,0,0,0,0
74,74,high,0.2,0.4,early_mover,-20.291923449533,-36.8804007835806,-241.575747174595,614
74,74,high,0.2,0.4,sequential,-22.1582909137172,-49.4517931514529,-340.950923471326,849
74,74,high,0.2,0.4,coordinated,-23.010942016973,-41.2494238687825,-284.776143359426,697
74,74,high,0.2,0.4,delayed_coordination,-23.3784066873608,-43.4383646985547,-268.97590777929,694
75,75,low,0.05,0.1,baseline,0,0,0,0
75,75,low,0.05,0.1,early_mover,6.78886833215856,-115.951663484994,-793.521350246276,2433
75,75,low,0.05,0.1,sequential,3.84418136712065,-126.553277384808,-857.798610264978,2507
75,75,low,0.05,0.1,coordinated,-0.119934083565681,-125.514050631093,-818.14393645629,2347
75,75,low,0.05,0.1,delayed_coordination,6.51073741416502,-129.541845351726,-878.929936011119,2530
75,75,baseline,0.1,0.2,baseline,0,0,0,0
75,75,baseline,0.1,0.2,early_mover,1.56561907184684,-126.936360053287,-807.43283686581,2423
75,75,baseline,0.1,0.2,sequential,-7.03436483165885,-121.05253824735,-792.301947881701,2303
75,75,baseline,0.1,0.2,coordinated,-12.108307593839,-81.4957909267443,-555.572083635613,1594
75,75,baseline,0.1,0.2,delayed_coordination,-4.45780138524243,-121.453387370467,-815.096676328688,2320
75,75,high,0.2,0.4,baseline,0,0,0,0
75,75,high,0.2,0.4,early_mover,-26.9812332939746,-24.0574903707813,-93.309209387729,127
75,75,high,0.2,0.4,sequential,-29.5021493216564,-39.4049139716087,-162.50261644089,240
75,75,high,0.2,0.4,coordinated,-29.144089398317,-29.9830289756549,-153.681543667238,316
75,75,high,0.2,0.4,delayed_coordination,-29.3901162394698,-40.5785576627358,-166.817277002201,282
76,76,low,0.05,0.1,baseline,0,0,0,0
76,76,low,0.05,0.1,early_mover,9.46908782832341,-114.642956357064,-749.93069398131,2361
76,76,low,0.05,0.1,sequential,5.09052170073147,-113.440704673095,-770.326865283174,2284
76,76,low,0.05,0.1,coordinated,4.48234374369898,-114.742156445425,-747.849161347242,2437
76,76,low,0.05,0.1,delayed_coordination,1.15974357393108,-105.955580385675,-751.672344058914,2147
76,76,baseline,0.1,0.2,baseline,0,0,0,0
76,76,baseline,0.1,0.2,early_mover,-5.67371251009956,-88.0451472554308,-598.857443488964,1952
76,76,baseline,0.1,0.2,sequential,-8.60782754884227,-93.4501311895251,-690.820400793071,2029
76,76,baseline,0.1,0.2,coordinated,-7.14900536838303,-108.21356458615,-668.523463422287,2130
76,76,baseline,0.1,0.2,delayed_coordination,-7.11821241131466,-109.338108164442,-695.823309704111,2078
76,76,high,0.2,0.4,baseline,0,0,0,0
76,76,high,0.2,0.4,early_mover,-20.7367370190776,-52.9780490923881,-211.838418864104,721
76,76,high,0.2,0.4,sequential,-24.427677705566,-60.3917179642543,-232.603232893766,751
76,76,high,0.2,0.4,coordinated,-20.5372809473114,-65.0985167764849,-283.70046053137,1043
76,76,high,0.2,0.4,delayed_coordination,-24.6610960087845,-60.4360333311554,-231.971151666398,773
77,77,low,0.05,0.1,baseline,0,0,0,0
77,77,low,0.05,0.1,early_mover,-0.163667545230908,-79.6257058674319,-643.670538089039,2046
77,77,low,0.05,0.1,sequential,-2.30380493393812,-85.8135613772539,-663.102799286279,1977
77,77,low,0.05,0.1,coordinated,3.23203066210334,-86.056014033907,-763.123213993205,2379
77,77,low,0.05,0.1,delayed_coordination,-0.916052259502379,-69.583701058717,-678.659376612511,2120
77,77,baseline,0.1,0.2,baseline,0,0,0,0
77,77,baseline,0.1,0.2,early_mover,-5.8900654723984,-80.581871416619,-546.757044996736,1899
77,77,baseline,0.1,0.2,sequential,-4.24565250425077,-99.054021763015,-660.634814279634,2123
77,77,baseline,0.1,0.2,coordinated,-7.87674735017468,-95.9345656092047,-629.17944715896,2141
77,77,baseline,0.1,0.2,delayed_coordination,-6.32104488737514,-91.3623843833337,-643.349815083786,2014
77,77,high,0.2,0.4,baseline,0,0,0,0
77,77,high,0.2,0.4,early_mover,-16.5166059188216,-45.9904623960009,-286.977865133849,1054
77,77,high,0.2,0.4,sequential,-18.7592544926498,-56.3902495808805,-370.724640101233,1255
77,77,high,0.2,0.4,coordinated,-21.864276439531,-45.662071524624,-275.290077214856,1033
77,77,high,0.2,0.4,delayed_coordination,-19.6491711181918,-55.601971357508,-353.349293730148,1229
78,78,low,0.05,0.1,baseline,0,0,0,0
78,78,low,0.05,0.1,early_mover,-3.71736999849557,-96.1379983110616,-572.902580675651,1947
78,78,low,0.05,0.1,sequential,-5.08319354025139,-116.601089524157,-652.971046118209,2002
78,78,low,0.05,0.1,coordinated,-8.67405932178653,-118.205449300984,-608.852210998044,1865
78,78,low,0.05,0.1,delayed_coordination,-4.60033203646742,-97.7244933857772,-615.80703579132,2025
78,78,baseline,0.1,0.2,baseline,0,0,0,0
78,78,baseline,0.1,0.2,early_mover,-4.40603929823048,-95.3082122057313,-587.742806696126,1974
78,78,baseline,0.1,0.2,sequential,-13.5526481458935,-86.286572690335,-551.905928517132,1512
78,78,baseline,0.1,0.2,coordinated,-11.7748764380605,-101.276032419823,-551.49883298997,1338
78,78,baseline,0.1,0.2,delayed_coordination,-8.70061825267017,-96.3812264991591,-609.825119895333,1730
78,78,high,0.2,0.4,baseline,0,0,0,0
78,78,high,0.2,0.4,early_mover,-17.7734131630706,-45.9522317566448,-286.626984508198,949
78,78,high,0.2,0.4,sequential,-21.3817748559402,-51.4190814443905,-326.743360660577,983
78,78,high,0.2,0.4,coordinated,-24.5220004771468,-43.0605709508698,-275.506951567386,888
78,78,high,0.2,0.4,delayed_coordination,-21.1049101292617,-50.3384197784873,-335.069295803059,996
79,79,low,0.05,0.1,baseline,0,0,0,0
79,79,low,0.05,0.1,early_mover,5.18677037054866,-121.395186959611,-808.026892875889,2445
79,79,low,0.05,0.1,sequential,-1.82511272683962,-120.273808036947,-789.462964078367,2246
79,79,low,0.05,0.1,coordinated,7.16876314392707,-137.800536756062,-874.363108075401,2573
79,79,low,0.05,0.1,delayed_coordination,1.17685350751546,-120.802278722312,-807.90175823002,2397
79,79,baseline,0.1,0.2,baseline,0,0,0,0
79,79,baseline,0.1,0.2,early_mover,2.98632222714218,-108.986962854701,-762.316341997538,2292
79,79,baseline,0.1,0.2,sequential,-0.996472281546716,-109.830627803132,-776.631164499228,2117
79,79,baseline,0.1,0.2,coordinated,-2.52979667550869,-110.617249967088,-760.108715414815,2093
79,79,baseline,0.1,0.2,delayed_coordination,1.17815673518569,-118.073157939835,-806.691067620201,2315
79,79,high,0.2,0.4,baseline,0,0,0,0
79,79,high,0.2,0.4,early_mover,-19.3228082207879,-24.9401491160866,-293.217401529937,824
79,79,high,0.2,0.4,sequential,-21.90905089666,-40.1765047595208,-346.845423547762,941
79,79,high,0.2,0.4,coordinated,-23.9348119730813,-42.4148815967051,-285.026502344589,833
79,79,high,0.2,0.4,delayed_coordination,-22.5606203714924,-34.2771151009376,-334.998307665579,913
80,80,low,0.05,0.1,baseline,0,0,0,0
80,80,low,0.05,0.1,early_mover,2.83394441959095,-133.043304535788,-744.341868585797,2415
80,80,low,0.05,0.1,sequential,0.72902430496606,-136.777059355334,-777.095642546971,2320
80,80,low,0.05,0.1,coordinated,-9.02336053824901,-116.053805437506,-617.844412146747,1795
80,80,low,0.05,0.1,delayed_coordination,3.10389174228754,-148.289012403439,-785.258476783246,2424
80,80,baseline,0.1,0.2,baseline,0,0,0,0
80,80,baseline,0.1,0.2,early_mover,-7.30698718014045,-102.28140547075,-618.734690400323,1979
80,80,baseline,0.1,0.2,sequential,-11.1863210114642,-95.9741623200756,-598.207152633863,1620
80,80,baseline,0.1,0.2,coordinated,-6.5362400681027,-115.411974045054,-678.679037073556,1969
80,80,baseline,0.1,0.2,delayed_coordination,-6.23640540505883,-106.850745510164,-694.718052464813,2013
80,80,high,0.2,0.4,baseline,0,0,0,0
80,80,high,0.2,0.4,early_mover,-19.8356649741578,-22.9914607121412,-221.919610736481,804
80,80,high,0.2,0.4,sequential,-23.4702997051483,-24.4799377397702,-259.198655624474,870
80,80,high,0.2,0.4,coordinated,-21.7691554219166,-43.8471160101116,-281.817544465406,906
80,80,high,0.2,0.4,delayed_coordination,-22.1932450966508,-28.0687379797982,-264.90912687849,856
81,81,low,0.05,0.1,baseline,0,0,0,0
81,81,low,0.05,0.1,early_mover,10.5367525849672,-116.662630626287,-794.389547942562,2529
81,81,low,0.05,0.1,sequential,7.65610552201491,-118.118300537536,-814.453035533144,2518
81,81,low,0.05,0.1,coordinated,2.11644966142313,-98.121140533833,-716.917116027121,2243
81,81,low,0.05,0.1,delayed_coordination,11.311025095079,-118.624778820217,-855.27775258022,2585
81,81,baseline,0.1,0.2,baseline,0,0,0,0
81,81,baseline,0.1,0.2,early_mover,-3.20308061116779,-63.0452210303939,-619.691611476758,2071
81,81,baseline,0.1,0.2,sequential,-4.91736121292772,-73.5721391729994,-696.70126804239,2150
81,81,baseline,0.1,0.2,coordinated,-5.82322605584093,-48.5226515758828,-615.243914183163,2022
81,81,baseline,0.1,0.2,delayed_coordination,-5.06745335153353,-76.3427640922449,-681.425743884502,2054
81,81,high,0.2,0.4,baseline,0,0,0,0
81,81,high,0.2,0.4,early_mover,-21.588228393873,-36.2595828391136,-219.1452155969,554
81,81,high,0.2,0.4,sequential,-23.3491463907236,-40.1781023904314,-285.223182144614,700
81,81,high,0.2,0.4,coordinated,-22.4629191233971,-44.1639180151385,-318.078830143336,934
81,81,high,0.2,0.4,delayed_coordination,-24.4477557568772,-40.2078755301989,-270.879347861236,705
82,82,low,0.05,0.1,baseline,0,0,0,0
82,82,low,0.05,0.1,early_mover,7.56864268021337,-108.391358954753,-772.394632707569,2307
82,82,low,0.05,0.1,sequential,4.23308501597694,-113.201652158521,-791.501828323639,2316
82,82,low,0.05,0.1,coordinated,3.49846645681797,-111.708401863677,-797.189177127671,2357
82,82,low,0.05,0.1,delayed_coordination,6.975212503188,-113.495451502382,-816.835585934781,2434
82,82,baseline,0.1,0.2,baseline,0,0,0,0
82,82,baseline,0.1,0.2,early_mover,-3.26852448484019,-114.31509315763,-656.270639414806,1960
82,82,baseline,0.1,0.2,sequential,-3.72535203290417,-117.39192220402,-710.6073919496,1990
82,82,baseline,0.1,0.2,coordinated,-4.12927988699805,-107.404285781336,-639.620484296175,1936
82,82,baseline,0.1,0.2,delayed_coordination,-5.76834474143118,-114.714995201837,-681.650599753304,1846
82,82,high,0.2,0.4,baseline,0,0,0,0
82,82,high,0.2,0.4,early_mover,-20.1900072691173,-36.3816657605388,-227.628649063128,591
82,82,high,0.2,0.4,sequential,-23.4097554949924,-36.5934156860949,-247.747207958924,500
82,82,high,0.2,0.4,coordinated,-25.8437360537154,-32.2690902993683,-191.787703576967,410
82,82,high,0.2,0.4,delayed_coordination,-23.2248767051406,-36.0665293500454,-255.916947993289,585
83,83,low,0.05,0.1,baseline,0,0,0,0
83,83,low,0.05,0.1,early_mover,4.04186715866311,-119.476038229214,-752.028470607651,2400
83,83,low,0.05,0.1,sequential,4.88973893324726,-136.312799151157,-841.220367146147,2467
83,83,low,0.05,0.1,coordinated,3.1910886940895,-115.015406916283,-808.306300198939,2388
83,83,low,0.05,0.1,delayed_coordination,3.27376631169577,-124.455640187188,-804.582274380493,2411
83,83,baseline,0.1,0.2,baseline,0,0,0,0
83,83,baseline,0.1,0.2,early_mover,-4.1335630461343,-90.8709724191018,-671.232521458455,1973
83,83,baseline,0.1,0.2,sequential,-6.73259746663018,-99.8238271181895,-720.909035831914,1845
83,83,baseline,0.1,0.2,coordinated,-11.5044843574734,-94.6879718959549,-646.676644720602,1624
83,83,baseline,0.1,0.2,delayed_coordination,-3.29869269734782,-112.86743439606,-756.603281026817,2131
83,83,high,0.2,0.4,baseline,0,0,0,0
83,83,high,0.2,0.4,early_mover,-19.5859840459826,-31.6864616416789,-229.028505865198,857
83,83,high,0.2,0.4,sequential,-18.3097999727306,-47.7954262414352,-350.705583458965,1075
83,83,high,0.2,0.4,coordinated,-17.9059399322243,-41.7371592649087,-330.822050179627,1057
83,83,high,0.2,0.4,delayed_coordination,-19.2799937072916,-48.2494367487627,-339.58622315388,1022
84,84,low,0.05,0.1,baseline,0,0,0,0
84,84,low,0.05,0.1,early_mover,6.20721285475963,-117.835495742578,-817.499698573806,2520
84,84,low,0.05,0.1,sequential,4.61364355963264,-125.738720294134,-810.531391559368,2361
84,84,low,0.05,0.1,coordinated,3.60677591065763,-108.693856658983,-782.721123523275,2225
84,84,low,0.05,0.1,delayed_coordination,5.87016154453886,-123.920469865722,-841.870164033823,2486
84,84,baseline,0.1,0.2,baseline,0,0,0,0
84,84,baseline,0.1,0.2,early_mover,-8.40097624751034,-89.7465669289855,-563.252123565946,1496
84,84,baseline,0.1,0.2,sequential,-5.83537636077513,-107.595535807388,-651.195960798984,1673
84,84,baseline,0.1,0.2,coordinated,-7.73493436695904,-90.3882424215866,-590.700531357064,1676
84,84,baseline,0.1,0.2,delayed_coordination,-9.10478537726409,-101.558484619129,-609.263122014188,1547
84,84,high,0.2,0.4,baseline,0,0,0,0
84,84,high,0.2,0.4,early_mover,-18.9906330614044,-49.6849892506345,-278.883543167362,711
84,84,high,0.2,0.4,sequential,-22.4259700416657,-64.6417175268252,-340.060985768061,853
84,84,high,0.2,0.4,coordinated,-21.3323220646329,-52.9799760842366,-292.081565504657,860
84,84,high,0.2,0.4,delayed_coordination,-21.5758237541244,-62.3246476961098,-339.223078271182,936
85,85,low,0.05,0.1,baseline,0,0,0,0
85,85,low,0.05,0.1,early_mover,10.0172399476822,-145.47971229688,-784.500353208373,2351
85,85,low,0.05,0.1,sequential,4.66743758387992,-134.743576593395,-794.643178235249,2367
85,85,low,0.05,0.1,coordinated,4.79525796882754,-160.484207412243,-791.348509963315,2410
85,85,low,0.05,0.1,delayed_coordination,1.51012413354059,-142.713025218943,-771.916463097066,2233
85,85,baseline,0.1,0.2,baseline,0,0,0,0
85,85,baseline,0.1,0.2,early_mover,-1.79985787703887,-111.904444844717,-692.678158724484,2132
85,85,baseline,0.1,0.2,sequential,-5.01990224926908,-123.884962096075,-725.419864281891,2090
85,85,baseline,0.1,0.2,coordinated,-9.49119777197896,-102.001720946912,-603.624146095469,1695
85,85,baseline,0.1,0.2,delayed_coordination,-3.97110963276938,-120.77596654334,-748.388748545058,2180
85,85,high,0.2,0.4,baseline,0,0,0,0
85,85,high,0.2,0.4,early_mover,-18.1349671810003,-40.9781840945066,-257.109467494617,854
85,85,high,0.2,0.4,sequential,-20.8234109071698,-57.0381031396352,-292.652591653153,851
85,85,high,0.2,0.4,coordinated,-21.2575127611094,-52.1340260497745,-254.720236936062,820
85,85,high,0.2,0.4,delayed_coordination,-20.429206839956,-63.9241764349999,-320.88045440083,936
86,86,low,0.05,0.1,baseline,0,0,0,0
86,86,low,0.05,0.1,early_mover,9.17965013779354,-113.696359207049,-816.393126451336,2564
86,86,low,0.05,0.1,sequential,4.45216643896711,-121.717750381563,-854.891472022106,2541
86,86,low,0.05,0.1,coordinated,5.43222147224463,-130.648513379267,-859.913251193486,2599
86,86,low,0.05,0.1,delayed_coordination,4.46522084012665,-122.372947184606,-851.308757320049,2537
86,86,baseline,0.1,0.2,baseline,0,0,0,0
86,86,baseline,0.1,0.2,early_mover,-3.08432137300007,-98.9282461556872,-686.249721147088,2027
86,86,baseline,0.1,0.2,sequential,-6.91901568996541,-125.071745610587,-737.368187410231,2074
86,86,baseline,0.1,0.2,coordinated,-5.08194017287919,-125.350108245668,-738.785367067346,2341
86,86,baseline,0.1,0.2,delayed_coordination,-7.21399417972503,-94.3510849309193,-708.008241673969,2003
86,86,high,0.2,0.4,baseline,0,0,0,0
86,86,high,0.2,0.4,early_mover,-20.7660154503643,-44.0618617749925,-242.443744483565,783
86,86,high,0.2,0.4,sequential,-23.3714021231483,-45.3967717736086,-279.680449431467,866
86,86,high,0.2,0.4,coordinated,-23.6160480436914,-56.8431930933931,-242.685746078449,775
86,86,high,0.2,0.4,delayed_coordination,-23.4675084547277,-47.0530294726487,-269.044297780851,877
87,87,low,0.05,0.1,baseline,0,0,0,0
87,87,low,0.05,0.1,early_mover,-0.293367376119591,-117.905081581977,-682.930212413939,1907
87,87,low,0.05,0.1,sequential,-5.72706358353169,-122.863842356672,-705.448662177366,1824
87,87,low,0.05,0.1,coordinated,-7.85940953762861,-116.313194735017,-689.242128754232,1783
87,87,low,0.05,0.1,delayed_coordination,-7.01053997669476,-122.916237325664,-676.770269446723,1821
87,87,baseline,0.1,0.2,baseline,0,0,0,0
87,87,baseline,0.1,0.2,early_mover,-9.91689656528229,-112.197948521024,-597.728688324658,1726
87,87,baseline,0.1,0.2,sequential,-12.3386266186661,-118.218201944142,-664.799367291205,1720
87,87,baseline,0.1,0.2,coordinated,-15.106219167341,-91.4993450726867,-570.656753690707,1450
87,87,baseline,0.1,0.2,delayed_coordination,-14.2025783824073,-115.738839480328,-624.891816850484,1512
87,87,high,0.2,0.4,baseline,0,0,0,0
87,87,high,0.2,0.4,early_mover,-20.5223245873954,-51.5120723952007,-272.112757366448,777
87,87,high,0.2,0.4,sequential,-23.8931404728882,-55.3117586870787,-286.004163184095,734
87,87,high,0.2,0.4,coordinated,-25.0653071287847,-53.5045313722765,-272.009947476692,688
87,87,high,0.2,0.4,delayed_coordination,-24.5555906170937,-54.5460382129461,-288.772842111333,757
88,88,low,0.05,0.1,baseline,0,0,0,0
88,88,low,0.05,0.1,early_mover,0.992573239362741,-106.803933209316,-666.212835289321,2317
88,88,low,0.05,0.1,sequential,1.01650637400093,-103.99866774044,-689.895315299445,2280
88,88,low,0.05,0.1,coordinated,-2.39458843895909,-103.241806528516,-642.385065801465,2313
88,88,low,0.05,0.1,delayed_coordination,-1.94904539334576,-105.205242460263,-696.090456201221,2340
88,88,baseline,0.1,0.2,baseline,0,0,0,0
88,88,baseline,0.1,0.2,early_mover,-5.32379191269845,-94.3277954691955,-586.623940485516,1893
88,88,baseline,0.1,0.2,sequential,-7.62509511363889,-94.0786410143246,-620.866487809745,1968
88,88,baseline,0.1,0.2,coordinated,-13.3549198747245,-85.5853868877373,-537.392591516747,1658
88,88,baseline,0.1,0.2,delayed_coordination,-6.34504638240682,-100.478995329862,-657.872524722399,2048
88,88,high,0.2,0.4,baseline,0,0,0,0
88,88,high,0.2,0.4,early_mover,-16.7367131795536,-40.8970907591006,-268.374565585736,1011
88,88,high,0.2,0.4,sequential,-17.5458249848288,-54.6240996808306,-325.59353184201,1121
88,88,high,0.2,0.4,coordinated,-18.2430145141903,-55.5442428214889,-320.232319773326,1131
88,88,high,0.2,0.4,delayed_coordination,-17.7931788620147,-49.3514122613336,-311.879665328132,1151
89,89,low,0.05,0.1,baseline,0,0,0,0
89,89,low,0.05,0.1,early_mover,12.4606416089066,-155.775696084276,-826.394755004106,2649
89,89,low,0.05,0.1,sequential,8.17682975546472,-164.640590628213,-860.116254470147,2617
89,89,low,0.05,0.1,coordinated,2.29518360664321,-149.538772769352,-762.094770277496,2394
89,89,low,0.05,0.1,delayed_coordination,7.8988464819995,-158.953060907432,-857.628505474803,2649
89,89,baseline,0.1,0.2,baseline,0,0,0,0
89,89,baseline,0.1,0.2,early_mover,-7.58727213128272,-102.549739980616,-571.345650825273,1785
89,89,baseline,0.1,0.2,sequential,-8.60891101038028,-105.480041254338,-622.40179065713,1948
89,89,baseline,0.1,0.2,coordinated,-10.4824982821609,-107.449846381838,-627.854020225497,1967
89,89,baseline,0.1,0.2,delayed_coordination,-10.8703571609831,-107.296886174939,-613.318172220158,1854
89,89,high,0.2,0.4,baseline,0,0,0,0
89,89,high,0.2,0.4,early_mover,-21.7464186094267,-41.4541451246297,-221.488952609444,554
89,89,high,0.2,0.4,sequential,-25.5855918405307,-41.6647249789349,-249.964236788542,592
89,89,high,0.2,0.4,coordinated,-26.7624522885961,-56.2806387959468,-265.304706913503,574
89,89,high,0.2,0.4,delayed_coordination,-25.8516104773282,-45.518431940621,-252.257318552343,544
90,90,low,0.05,0.1,baseline,0,0,0,0
90,90,low,0.05,0.1,early_mover,9.82143723195759,-113.20535090238,-790.423017491276,2335
90,90,low,0.05,0.1,sequential,1.50940922986592,-85.6897992277189,-744.294782571238,2136
90,90,low,0.05,0.1,coordinated,-5.33096519174131,-90.8240483478141,-638.601050703185,1787
90,90,low,0.05,0.1,delayed_coordination,4.87584189787185,-121.745486978634,-790.01579118881,2240
90,90,baseline,0.1,0.2,baseline,0,0,0,0
90,90,baseline,0.1,0.2,early_mover,-8.48868748853434,-70.2253740969697,-537.957260812346,1704
90,90,baseline,0.1,0.2,sequential,-9.83645510635407,-79.4324437396263,-571.188073066092,1712
90,90,baseline,0.1,0.2,coordinated,-10.0011634115676,-70.2688899506994,-587.457277112112,1804
90,90,baseline,0.1,0.2,delayed_coordination,-9.27167860096679,-86.4739738639519,-620.656954697868,1795
90,90,high,0.2,0.4,baseline,0,0,0,0
90,90,high,0.2,0.4,early_mover,-18.0933260636782,-24.9957966759046,-254.324827231042,747
90,90,high,0.2,0.4,sequential,-19.8341009360459,-29.3638446966438,-288.779187727248,803
90,90,high,0.2,0.4,coordinated,-19.0459256805724,-21.7307322966957,-285.475291092651,928
90,90,high,0.2,0.4,delayed_coordination,-19.7860222289326,-29.1536085585332,-282.384450855165,808
91,91,low,0.05,0.1,baseline,0,0,0,0
91,91,low,0.05,0.1,early_mover,10.478573021044,-135.204475715161,-872.428026782606,2503
91,91,low,0.05,0.1,sequential,6.65563058539362,-129.910832184965,-884.198107134373,2461
91,91,low,0.05,0.1,coordinated,5.9723555296103,-130.581088812027,-857.341729009662,2238
91,91,low,0.05,0.1,delayed_coordination,8.89505223038185,-132.474018177457,-898.176978488559,2531
91,91,baseline,0.1,0.2,baseline,0,0,0,0
91,91,baseline,0.1,0.2,early_mover,0.506839161014994,-101.940897476166,-691.973301254611,1966
91,91,baseline,0.1,0.2,sequential,-3.22526990778388,-98.7370464632784,-707.917691345069,1774
91,91,baseline,0.1,0.2,coordinated,-13.1248861972022,-76.6295106944881,-493.936487727193,1104
91,91,baseline,0.1,0.2,delayed_coordination,-0.866889137573963,-107.561721202371,-748.398818872775,1943
91,91,high,0.2,0.4,baseline,0,0,0,0
91,91,high,0.2,0.4,early_mover,-17.8667973414383,-34.4407696223279,-306.697048636196,888
91,91,high,0.2,0.4,sequential,-22.6410114722111,-37.5697518640507,-315.385982769736,850
91,91,high,0.2,0.4,coordinated,-22.7367253866247,-31.9418847973132,-271.473997862962,796
91,91,high,0.2,0.4,delayed_coordination,-20.997984751779,-37.5143381858026,-325.856937258646,870
92,92,low,0.05,0.1,baseline,0,0,0,0
92,92,low,0.05,0.1,early_mover,-1.06455363122123,-73.7937983751934,-614.592858892924,1929
92,92,low,0.05,0.1,sequential,-0.404481737469752,-87.9395635308779,-691.741669449825,2018
92,92,low,0.05,0.1,coordinated,0.891557904304477,-73.9303445505077,-703.114494350187,2023
92,92,low,0.05,0.1,delayed_coordination,-3.55031935549945,-79.4682786378267,-660.007312184458,1877
92,92,baseline,0.1,0.2,baseline,0,0,0,0
92,92,baseline,0.1,0.2,early_mover,-9.62918164807961,-68.452899509075,-512.265807268484,1537
92,92,baseline,0.1,0.2,sequential,-11.891661767782,-63.0514240965158,-540.972751798048,1447
92,92,baseline,0.1,0.2,coordinated,-8.54031864377225,-85.7438626925011,-619.077079889085,1876
92,92,baseline,0.1,0.2,delayed_coordination,-13.9613744264101,-69.1459191749631,-528.620713273275,1468
92,92,high,0.2,0.4,baseline,0,0,0,0
92,92,high,0.2,0.4,early_mover,-15.4469824054362,-53.4453649939969,-339.03100405763,998
92,92,high,0.2,0.4,sequential,-19.1551680345323,-56.0177008621143,-340.329654488684,954
92,92,high,0.2,0.4,coordinated,-20.5703684027997,-47.2271654016441,-321.048013049202,903
92,92,high,0.2,0.4,delayed_coordination,-19.6292795602404,-54.5223668850936,-341.86019482948,989
93,93,low,0.05,0.1,baseline,0,0,0,0
93,93,low,0.05,0.1,early_mover,7.55769290799799,-103.535215757666,-709.356772224741,2278
93,93,low,0.05,0.1,sequential,1.01311988583689,-96.0173083316899,-710.712555502626,2006
93,93,low,0.05,0.1,coordinated,-1.66537308360648,-76.6930306960031,-648.564129139235,1823
93,93,low,0.05,0.1,delayed_coordination,7.4637432498341,-107.008885244155,-773.78442533931,2268
93,93,baseline,0.1,0.2,baseline,0,0,0,0
93,93,baseline,0.1,0.2,early_mover,-8.84383136755736,-75.0644303836902,-566.884661522964,1674
93,93,baseline,0.1,0.2,sequential,-12.9690375927181,-76.9442177418953,-559.607917099834,1616
93,93,baseline,0.1,0.2,coordinated,-19.0899495116329,-61.8657797191164,-397.242459050924,1135
93,93,baseline,0.1,0.2,delayed_coordination,-12.6698700717387,-76.7966774661958,-550.942953566017,1553
93,93,high,0.2,0.4,baseline,0,0,0,0
93,93,high,0.2,0.4,early_mover,-17.3391612897334,-37.2870697792455,-306.416994982729,818
93,93,high,0.2,0.4,sequential,-20.7975847286983,-38.2255050061464,-307.468214523488,832
93,93,high,0.2,0.4,coordinated,-23.9711288395704,-38.6053161168835,-276.926894328908,808
93,93,high,0.2,0.4,delayed_coordination,-21.2697688506976,-38.6945610280916,-312.079224978246,831
94,94,low,0.05,0.1,baseline,0,0,0,0
94,94,low,0.05,0.1,early_mover,10.8901670364255,-110.004272469727,-828.754724367935,2636
94,94,low,0.05,0.1,sequential,6.0209959340483,-114.851579773102,-851.424322701306,2603
94,94,low,0.05,0.1,coordinated,4.52230599271837,-114.644900617841,-828.298364816679,2394
94,94,low,0.05,0.1,delayed_coordination,3.41348325542177,-111.381009263406,-835.419914059785,2568
94,94,baseline,0.1,0.2,baseline,0,0,0,0
94,94,baseline,0.1,0.2,early_mover,-0.280200714006071,-93.1668612691676,-701.680245049199,1772
94,94,baseline,0.1,0.2,sequential,-8.50461469639941,-96.5411926971964,-683.029085119512,1589
94,94,baseline,0.1,0.2,coordinated,-9.15752461940733,-88.020918436972,-654.722018201991,1505
94,94,baseline,0.1,0.2,delayed_coordination,-6.32207444418007,-92.0558236020308,-714.334570785862,1658
94,94,high,0.2,0.4,baseline,0,0,0,0
94,94,high,0.2,0.4,early_mover,-15.4085112148439,-30.0234076998314,-269.785876374891,858
94,94,high,0.2,0.4,sequential,-18.7334660710184,-51.0814589389263,-333.894896141484,932
94,94,high,0.2,0.4,coordinated,-19.5931244049885,-34.8466130468009,-281.963357824809,882
94,94,high,0.2,0.4,delayed_coordination,-19.6420337250283,-36.8413248713224,-302.244376858327,928
95,95,low,0.05,0.1,baseline,0,0,0,0
95,95,low,0.05,0.1,early_mover,13.4910452916046,-109.667007599471,-867.32905662279,2878
95,95,low,0.05,0.1,sequential,13.5953016703619,-116.97416948047,-928.790612988331,2915
95,95,low,0.05,0.1,coordinated,7.87626231786223,-108.323018349628,-864.24835486021,2795
95,95,low,0.05,0.1,delayed_coordination,12.1587186655135,-109.183905420447,-900.007445464391,2842
95,95,baseline,0.1,0.2,baseline,0,0,0,0
95,95,baseline,0.1,0.2,early_mover,-3.77274909549294,-78.0953713001961,-629.332420508035,2033
95,95,baseline,0.1,0.2,sequential,-5.05649671678994,-92.9162574085374,-707.263645883572,2080
95,95,baseline,0.1,0.2,coordinated,-10.8730508540542,-80.0052049066957,-569.089879437856,1756
95,95,baseline,0.1,0.2,delayed_coordination,-4.69992257009514,-95.3707388538441,-718.17485718556,2135
95,95,high,0.2,0.4,baseline,0,0,0,0
95,95,high,0.2,0.4,early_mover,-22.7948216547934,-22.6954619759618,-175.223771804634,532
95,95,high,0.2,0.4,sequential,-24.3057444785219,-36.2524962278919,-235.273771254087,648
95,95,high,0.2,0.4,coordinated,-22.2789713202886,-39.1645474531361,-259.375447194455,771
95,95,high,0.2,0.4,delayed_coordination,-25.3772591757701,-31.2830425583826,-224.664194965881,634
96,96,low,0.05,0.1,baseline,0,0,0,0
96,96,low,0.05,0.1,early_mover,6.2644668896022,-109.511334328269,-789.189491451127,2414
96,96,low,0.05,0.1,sequential,4.30854475051507,-115.634826887954,-830.220236044197,2385
96,96,low,0.05,0.1,coordinated,2.74433027845774,-111.61595528867,-794.827861260662,2418
96,96,low,0.05,0.1,delayed_coordination,5.23095705493571,-115.02401983756,-829.061307695989,2407
96,96,baseline,0.1,0.2,baseline,0,0,0,0
96,96,baseline,0.1,0.2,early_mover,-4.14678869322248,-104.397308762797,-610.101909513042,1774
96,96,baseline,0.1,0.2,sequential,-7.32476843646896,-107.803516519194,-654.70588780574,1854
96,96,baseline,0.1,0.2,coordinated,-5.77581375139131,-113.490884793623,-708.838382575861,1953
96,96,baseline,0.1,0.2,delayed_coordination,-4.98469917105504,-121.374722028251,-697.449321874382,1882
96,96,high,0.2,0.4,baseline,0,0,0,0
96,96,high,0.2,0.4,early_mover,-19.6924179930009,-27.9928680377261,-244.526201354925,682
96,96,high,0.2,0.4,sequential,-22.0861342733472,-30.8828833621561,-277.065851976431,742
96,96,high,0.2,0.4,coordinated,-22.1210883779364,-31.4278573546837,-287.002519371669,781
96,96,high,0.2,0.4,delayed_coordination,-22.1705381197533,-30.063850031404,-285.478627498486,776
97,97,low,0.05,0.1,baseline,0,0,0,0
97,97,low,0.05,0.1,early_mover,0.478529736946854,-101.107552359373,-687.922490955291,2094
97,97,low,0.05,0.1,sequential,-3.50243514344257,-108.38243463085,-708.099155310849,2024
97,97,low,0.05,0.1,coordinated,-0.0880167229773008,-110.15476856085,-735.683819726989,1953
97,97,low,0.05,0.1,delayed_coordination,-1.57141187616023,-108.204368691884,-729.95608102961,2071
97,97,baseline,0.1,0.2,baseline,0,0,0,0
97,97,baseline,0.1,0.2,early_mover,-11.150805023209,-61.2067714829717,-536.49250570226,1542
97,97,baseline,0.1,0.2,sequential,-17.5396969908325,-60.4627914911365,-524.638480122146,1375
97,97,baseline,0.1,0.2,coordinated,-18.81611951447,-41.3820983779074,-444.854229714849,920
97,97,baseline,0.1,0.2,delayed_coordination,-18.4483456121427,-55.9203172096148,-498.643433940022,1378
97,97,high,0.2,0.4,baseline,0,0,0,0
97,97,high,0.2,0.4,early_mover,-23.8119702335585,-30.6114024652398,-213.772057671519,559
97,97,high,0.2,0.4,sequential,-27.8091255855256,-31.6829692330288,-232.908304396519,610
97,97,high,0.2,0.4,coordinated,-28.7143615834049,-18.7138881578918,-199.199484534258,463
97,97,high,0.2,0.4,delayed_coordination,-27.5120930360537,-32.2564618494121,-230.936293102786,620
98,98,low,0.05,0.1,baseline,0,0,0,0
98,98,low,0.05,0.1,early_mover,3.10339615766381,-116.801391147101,-782.378862100092,2217
98,98,low,0.05,0.1,sequential,2.5158316529932,-132.760994246454,-843.352228535747,2250
98,98,low,0.05,0.1,coordinated,1.46468738096314,-146.896906555384,-827.923340273783,2190
98,98,low,0.05,0.1,delayed_coordination,2.05327681139204,-119.426269036465,-816.593622762452,2129
98,98,baseline,0.1,0.2,baseline,0,0,0,0
98,98,baseline,0.1,0.2,early_mover,-5.52782894470178,-102.799694338824,-654.631694942808,1866
98,98,baseline,0.1,0.2,sequential,-10.5205285176092,-92.5020719191742,-636.205036753964,1691
98,98,baseline,0.1,0.2,coordinated,-9.07821820458071,-106.699355566272,-656.431918993094,1904
98,98,baseline,0.1,0.2,delayed_coordination,-5.95208771806017,-114.537008473196,-715.532069921928,1961
98,98,high,0.2,0.4,baseline,0,0,0,0
98,98,high,0.2,0.4,early_mover,-20.5536762197017,-41.4067590966444,-272.090006844718,757
98,98,high,0.2,0.4,sequential,-24.9396158022797,-56.1907769987119,-311.679620396632,797
98,98,high,0.2,0.4,coordinated,-26.8946623460807,-36.8923406981485,-248.385157567534,587
98,98,high,0.2,0.4,delayed_coordination,-22.8479810974354,-54.9852661058992,-353.717752929978,950
99,99,low,0.05,0.1,baseline,0,0,0,0
99,99,low,0.05,0.1,early_mover,8.16680684253225,-135.118271488334,-865.454623922558,2439
99,99,low,0.05,0.1,sequential,9.87788335846838,-144.477628844246,-976.404491535038,2495
99,99,low,0.05,0.1,coordinated,6.67964296299593,-140.129926174759,-925.603410092682,2376
99,99,low,0.05,0.1,delayed_coordination,11.5879374780356,-144.976921043098,-996.614925894391,2585
99,99,baseline,0.1,0.2,baseline,0,0,0,0
99,99,baseline,0.1,0.2,early_mover,-10.0414037998036,-95.9876792612013,-488.043184257824,1657
99,99,baseline,0.1,0.2,sequential,-9.24019789051475,-103.848180488171,-595.91624673496,1804
99,99,baseline,0.1,0.2,coordinated,-12.1053300338158,-101.034612560505,-561.364455279043,1629
99,99,baseline,0.1,0.2,delayed_coordination,-9.83803236611411,-102.540411769291,-606.125212900103,1830
99,99,high,0.2,0.4,baseline,0,0,0,0
99,99,high,0.2,0.4,early_mover,-20.4303187577302,-39.599606353844,-202.934195020255,827
99,99,high,0.2,0.4,sequential,-22.2149602979288,-44.3206008706055,-274.357910573776,922
99,99,high,0.2,0.4,coordinated,-21.2541271912848,-43.2725325528963,-253.544891485359,916
99,99,high,0.2,0.4,delayed_coordination,-23.0614548324068,-43.1513016974841,-254.618154059012,863
100,100,low,0.05,0.1,baseline,0,0,0,0
100,100,low,0.05,0.1,early_mover,3.2696999939065,-100.176340866784,-737.7537248036,2451
100,100,low,0.05,0.1,sequential,-0.977816162606445,-104.599211659714,-756.274633282341,2471
100,100,low,0.05,0.1,coordinated,-2.67110111931615,-90.2380396284092,-713.33000611334,2206
100,100,low,0.05,0.1,delayed_coordination,-0.0749896457462,-101.50907752998,-737.503307744815,2441
100,100,baseline,0.1,0.2,baseline,0,0,0,0
100,100,baseline,0.1,0.2,early_mover,-8.9824073373663,-80.0453553486661,-555.764187951233,1485
100,100,baseline,0.1,0.2,sequential,-12.3647596778986,-92.7524593254399,-580.047426520389,1583
100,100,baseline,0.1,0.2,coordinated,-8.94933067048883,-91.4860148582383,-657.70501483077,1742
100,100,baseline,0.1,0.2,delayed_coordination,-12.8139733900957,-79.7707880168106,-549.474141615222,1443
100,100,high,0.2,0.4,baseline,0,0,0,0
100,100,high,0.2,0.4,early_mover,-18.6872221617164,-56.2061530679781,-310.35874011875,779
100,100,high,0.2,0.4,sequential,-22.3004379322583,-54.0622502931783,-309.798060730118,789
100,100,high,0.2,0.4,coordinated,-24.1428926571109,-48.5415053776436,-265.439330618591,648
100,100,high,0.2,0.4,delayed_coordination,-21.8679141941647,-55.0785493090744,-330.646703081635,839
