replication,seed,cost_regime,eL,eG,scenario_id,scenario_name,final_fitness,final_risk,final_trade,final_recovering_links,total_switches,local_switches,global_switches
1,1,low,0.05,0.1,baseline,Baseline,133.408716012227,345.541696236323,2323.12698959014,129,2568,798,1770
1,1,low,0.05,0.1,early_mover,Early Mover,131.11912149802,241.80503489365,1718.79415602754,250,4378,1374,3004
1,1,low,0.05,0.1,sequential,Sequential,130.020517475325,212.417942543577,1551.71569159989,276,4312,1510,2802
1,1,low,0.05,0.1,coordinated,Coordinated,132.651525791024,208.772153133041,1561.1861970612,276,4654,1395,3259
1,1,low,0.05,0.1,delayed_coordination,Delayed Coordination,130.670864589142,204.073240862681,1555.92025807619,276,4456,1409,3047
1,1,baseline,0.1,0.2,baseline,Baseline,123.409902094528,388.905688852563,2626.28447587375,77,1531,594,937
1,1,baseline,0.1,0.2,early_mover,Early Mover,122.312911826272,276.857362878702,1906.95515763826,223,3466,1063,2403
1,1,baseline,0.1,0.2,sequential,Sequential,123.149814504869,244.232515342964,1755.9857980025,245,3612,1112,2500
1,1,baseline,0.1,0.2,coordinated,Coordinated,117.270733718121,288.737803641952,1905.1838276424,207,3485,1102,2383
1,1,baseline,0.1,0.2,delayed_coordination,Delayed Coordination,122.572753333865,252.632127155263,1790.17362975759,243,3668,1117,2551
1,1,high,0.2,0.4,baseline,Baseline,113.693103897294,444.022599557293,2958.89426114781,8,145,52,93
1,1,high,0.2,0.4,early_mover,Early Mover,95.1690199535524,402.923155008056,2685.99538845613,58,966,385,581
1,1,high,0.2,0.4,sequential,Sequential,90.8722991403399,402.686208603122,2681.02993887692,57,968,406,562
1,1,high,0.2,0.4,coordinated,Coordinated,95.6511612659038,378.950306683737,2574.71661326004,80,1336,520,816
1,1,high,0.2,0.4,delayed_coordination,Delayed Coordination,92.3938796875303,396.617277667072,2654.51426191402,66,1011,407,604
2,2,low,0.05,0.1,baseline,Baseline,131.780977900564,348.113095230789,2299.51920355038,138,2843,670,2173
2,2,low,0.05,0.1,early_mover,Early Mover,143.895834410289,200.327123068873,1340.5908754319,310,5645,1398,4247
2,2,low,0.05,0.1,sequential,Sequential,139.810103647738,190.165803551676,1313.48354597894,312,5523,1469,4054
2,2,low,0.05,0.1,coordinated,Coordinated,137.190596109973,199.591108077721,1360.19404771265,315,5417,1536,3881
2,2,low,0.05,0.1,delayed_coordination,Delayed Coordination,140.802738265344,190.68475300571,1298.07234130055,314,5579,1469,4110
2,2,baseline,0.1,0.2,baseline,Baseline,122.62599675657,393.21231572829,2604.53433086301,83,1741,638,1103
2,2,baseline,0.1,0.2,early_mover,Early Mover,124.70203551947,257.853408134083,1738.25049385161,261,4276,1226,3050
2,2,baseline,0.1,0.2,sequential,Sequential,121.897330502215,248.414320038528,1679.93733086594,280,4310,1297,3013
2,2,baseline,0.1,0.2,coordinated,Coordinated,121.671496601204,251.422633144648,1686.98449866941,254,4264,1174,3090
2,2,baseline,0.1,0.2,delayed_coordination,Delayed Coordination,121.585454017342,261.69632978306,1702.26697877439,265,4327,1270,3057
2,2,high,0.2,0.4,baseline,Baseline,113.007348321847,461.992337931932,2934.00170456704,15,317,140,177
2,2,high,0.2,0.4,early_mover,Early Mover,97.5490827164512,388.506946709203,2558.74040658442,111,1481,522,959
2,2,high,0.2,0.4,sequential,Sequential,93.766735490873,385.626866640445,2537.71161996991,95,1496,523,973
2,2,high,0.2,0.4,coordinated,Coordinated,92.1775177013348,397.390110942038,2619.42386187859,81,1276,406,870
2,2,high,0.2,0.4,delayed_coordination,Delayed Coordination,93.1597758867933,385.568477876311,2562.17867363176,91,1442,481,961
3,3,low,0.05,0.1,baseline,Baseline,131.861861151501,368.148054255043,2425.44377777686,113,2270,611,1659
3,3,low,0.05,0.1,early_mover,Early Mover,135.036052381488,238.00659650439,1584.99999567825,291,4793,1432,3361
3,3,low,0.05,0.1,sequential,Sequential,135.931135527876,222.666817982491,1485.70780844511,294,4910,1481,3429
3,3,low,0.05,0.1,coordinated,Coordinated,137.566334935117,229.01753493266,1476.96727828817,295,4986,1433,3553
3,3,low,0.05,0.1,delayed_coordination,Delayed Coordination,135.316881325849,230.447844406083,1493.39937290592,291,4881,1451,3430
3,3,baseline,0.1,0.2,baseline,Baseline,127.376172453757,413.161971118621,2590.35879427508,82,1645,630,1015
3,3,baseline,0.1,0.2,early_mover,Early Mover,124.954933359321,296.37321999332,1833.18529342646,234,3773,1205,2568
3,3,baseline,0.1,0.2,sequential,Sequential,124.394326365786,277.430256894128,1754.00612631805,255,3835,1264,2571
3,3,baseline,0.1,0.2,coordinated,Coordinated,121.107439854344,292.677760004236,1773.24690828007,243,3877,1197,2680
3,3,baseline,0.1,0.2,delayed_coordination,Delayed Coordination,126.952231124834,277.039505705663,1685.19326665208,267,3979,1247,2732
3,3,high,0.2,0.4,baseline,Baseline,115.095147314884,454.972466294414,2976.9950388356,5,104,52,52
3,3,high,0.2,0.4,early_mover,Early Mover,94.5296718991862,409.259711314496,2742.46718396747,51,787,315,472
3,3,high,0.2,0.4,sequential,Sequential,92.8823511356613,399.040801212545,2695.78262194497,61,867,327,540
3,3,high,0.2,0.4,coordinated,Coordinated,95.3343662342619,397.874625209773,2621.6522347607,85,1134,373,761
3,3,high,0.2,0.4,delayed_coordination,Delayed Coordination,93.0169597863134,402.486110894602,2682.46750014353,64,892,323,569
4,4,low,0.05,0.1,baseline,Baseline,129.912201675935,324.563819113372,2316.49846447454,138,2964,537,2427
4,4,low,0.05,0.1,early_mover,Early Mover,141.356084564829,209.232316075403,1332.49564384657,325,5685,1170,4515
4,4,low,0.05,0.1,sequential,Sequential,135.460717962904,189.025834740297,1287.80414673107,333,5617,1404,4213
4,4,low,0.05,0.1,coordinated,Coordinated,129.67859182939,211.842565193783,1391.36403313499,299,5242,1357,3885
4,4,low,0.05,0.1,delayed_coordination,Delayed Coordination,136.730275319209,197.555610133667,1284.46878172984,335,5657,1291,4366
4,4,baseline,0.1,0.2,baseline,Baseline,122.444222007046,388.222152444097,2567.15396998536,99,1891,525,1366
4,4,baseline,0.1,0.2,early_mover,Early Mover,125.078081098137,252.555685790038,1637.3771543941,268,4371,1062,3309
4,4,baseline,0.1,0.2,sequential,Sequential,121.494910688604,259.702654476614,1617.15460857784,280,4321,1131,3190
4,4,baseline,0.1,0.2,coordinated,Coordinated,117.437990668408,299.556569288894,1746.75276000042,253,4071,1131,2940
4,4,baseline,0.1,0.2,delayed_coordination,Delayed Coordination,122.440420067639,241.929156999902,1581.88206601595,285,4520,1160,3360
4,4,high,0.2,0.4,baseline,Baseline,110.784118899952,441.187784461429,2955.01464524633,12,219,108,111
4,4,high,0.2,0.4,early_mover,Early Mover,97.1054135416794,362.815768799905,2521.17313211678,102,1472,571,901
4,4,high,0.2,0.4,sequential,Sequential,93.5097408925703,364.735435666439,2461.96242724805,113,1500,579,921
4,4,high,0.2,0.4,coordinated,Coordinated,91.0301595661655,376.588093106442,2507.23436601738,111,1473,537,936
4,4,high,0.2,0.4,delayed_coordination,Delayed Coordination,94.5462619361915,355.027445281259,2427.92279117405,123,1577,590,987
5,5,low,0.05,0.1,baseline,Baseline,129.997660633244,329.673807816058,2253.27827851121,142,3109,581,2528
5,5,low,0.05,0.1,early_mover,Early Mover,139.153125067723,227.15829028629,1432.52435289864,288,5270,1249,4021
5,5,low,0.05,0.1,sequential,Sequential,136.980800982423,209.986202916428,1378.06924898545,302,5245,1326,3919
5,5,low,0.05,0.1,coordinated,Coordinated,124.811760584645,237.124161048343,1604.23676501415,268,4694,1344,3350
5,5,low,0.05,0.1,delayed_coordination,Delayed Coordination,137.29133738199,213.995582658847,1383.91875159524,304,5353,1327,4026
5,5,baseline,0.1,0.2,baseline,Baseline,122.999682145179,375.753072594,2500.85760980198,97,2156,480,1676
5,5,baseline,0.1,0.2,early_mover,Early Mover,118.895829097692,275.995270092931,1851.0569143788,227,3791,1078,2713
5,5,baseline,0.1,0.2,sequential,Sequential,112.559154489061,281.056372629668,1901.3216047123,218,3623,1114,2509
5,5,baseline,0.1,0.2,coordinated,Coordinated,110.70512797609,305.843030416939,1966.26207469496,174,3422,1063,2359
5,5,baseline,0.1,0.2,delayed_coordination,Delayed Coordination,113.833006391221,294.830909747808,1908.52551284766,203,3595,1094,2501
5,5,high,0.2,0.4,baseline,Baseline,111.39259150852,434.610958671086,2898.67222472429,27,537,208,329
5,5,high,0.2,0.4,early_mover,Early Mover,96.0834413557699,403.850767052864,2558.90278010686,95,1536,577,959
5,5,high,0.2,0.4,sequential,Sequential,94.8770769532344,388.199827870413,2485.44240992733,121,1654,594,1060
5,5,high,0.2,0.4,coordinated,Coordinated,89.5133852655196,393.98375129107,2596.62188448768,87,1384,496,888
5,5,high,0.2,0.4,delayed_coordination,Delayed Coordination,94.4486017647119,388.630183489227,2479.33665295324,119,1634,590,1044
6,6,low,0.05,0.1,baseline,Baseline,130.06020050936,310.180495612887,2258.6942868099,135,2940,422,2518
6,6,low,0.05,0.1,early_mover,Early Mover,141.091582479618,192.422446715114,1364.28485780719,316,5524,1362,4162
6,6,low,0.05,0.1,sequential,Sequential,137.584173255145,187.732776323692,1349.9284090753,319,5499,1395,4104
6,6,low,0.05,0.1,coordinated,Coordinated,137.507850444457,186.453228928037,1359.14557408004,294,5421,1526,3895
6,6,low,0.05,0.1,delayed_coordination,Delayed Coordination,137.909158926208,184.57146306553,1340.3152264516,316,5537,1440,4097
6,6,baseline,0.1,0.2,baseline,Baseline,121.975141289964,365.804511914658,2527.51690733263,96,1959,588,1371
6,6,baseline,0.1,0.2,early_mover,Early Mover,127.576854112926,254.933320135202,1672.51067823722,274,4362,1062,3300
6,6,baseline,0.1,0.2,sequential,Sequential,125.573045433173,248.224015472931,1651.62986315284,267,4351,1192,3159
6,6,baseline,0.1,0.2,coordinated,Coordinated,122.172575091648,257.18997343435,1678.96425575928,244,4238,1246,2992
6,6,baseline,0.1,0.2,delayed_coordination,Delayed Coordination,125.235227105998,247.560838443848,1662.12651273848,264,4293,1186,3107
6,6,high,0.2,0.4,baseline,Baseline,111.375759510974,420.903203869818,2898.16298010175,15,289,143,146
6,6,high,0.2,0.4,early_mover,Early Mover,97.0322267523732,367.95499352082,2482.24067266191,102,1394,562,832
6,6,high,0.2,0.4,sequential,Sequential,94.0384816782722,360.871419838162,2474.07887135042,102,1373,550,823
6,6,high,0.2,0.4,coordinated,Coordinated,93.8331802930046,359.837032385757,2463.79961901268,105,1484,573,911
6,6,high,0.2,0.4,delayed_coordination,Delayed Coordination,93.7667141789797,363.053776442721,2468.40863613834,104,1392,560,832
7,7,low,0.05,0.1,baseline,Baseline,132.071213946143,325.762181765543,2174.90585255696,163,3379,681,2698
7,7,low,0.05,0.1,early_mover,Early Mover,131.479815686328,228.066472748155,1410.14195165752,284,5401,1311,4090
7,7,low,0.05,0.1,sequential,Sequential,128.744651040181,232.087757680345,1391.57638315449,284,5229,1320,3909
7,7,low,0.05,0.1,coordinated,Coordinated,133.595823516435,215.378181247234,1305.95001835766,331,5581,1391,4190
7,7,low,0.05,0.1,delayed_coordination,Delayed Coordination,128.272961917087,228.884812663617,1372.65973195576,304,5440,1337,4103
7,7,baseline,0.1,0.2,baseline,Baseline,126.285880825954,335.424054168838,2353.91426159706,123,2547,619,1928
7,7,baseline,0.1,0.2,early_mover,Early Mover,119.142988874797,258.462191299714,1726.10463400483,226,4078,1077,3001
7,7,baseline,0.1,0.2,sequential,Sequential,117.81399162947,252.208906749522,1678.80086512606,245,4218,1112,3106
7,7,baseline,0.1,0.2,coordinated,Coordinated,118.805611715615,238.468990244378,1639.1037261194,257,4416,1135,3281
7,7,baseline,0.1,0.2,delayed_coordination,Delayed Coordination,114.575273335396,259.938565703739,1719.0633709251,229,4101,1065,3036
7,7,high,0.2,0.4,baseline,Baseline,112.292798219297,429.24377171209,2816.29945645774,29,627,227,400
7,7,high,0.2,0.4,early_mover,Early Mover,96.4795869030856,369.763090378061,2476.46026113643,98,1534,577,957
7,7,high,0.2,0.4,sequential,Sequential,95.1089422601041,359.867576489854,2404.58743724165,115,1652,611,1041
7,7,high,0.2,0.4,coordinated,Coordinated,90.4230985639719,385.263430682154,2512.13236568412,85,1470,559,911
7,7,high,0.2,0.4,delayed_coordination,Delayed Coordination,94.0764632312139,364.221858207899,2442.11807531135,103,1589,578,1011
8,8,low,0.05,0.1,baseline,Baseline,132.873239364363,281.113216161331,2132.80884154323,162,3286,526,2760
8,8,low,0.05,0.1,early_mover,Early Mover,135.285063730247,171.968683825007,1342.28123104543,308,5399,1290,4109
8,8,low,0.05,0.1,sequential,Sequential,131.547249416277,169.107770406786,1307.87283279778,296,5226,1403,3823
8,8,low,0.05,0.1,coordinated,Coordinated,129.0713879339,168.931337556137,1309.68116575987,295,5039,1296,3743
8,8,low,0.05,0.1,delayed_coordination,Delayed Coordination,135.977474954165,164.696769012544,1240.46658686921,326,5470,1347,4123
8,8,baseline,0.1,0.2,baseline,Baseline,124.411283169884,344.552030241259,2373.25748789315,115,2261,551,1710
8,8,baseline,0.1,0.2,early_mover,Early Mover,121.304060658927,231.665043898074,1622.71959232611,271,4371,1149,3222
8,8,baseline,0.1,0.2,sequential,Sequential,115.499857908592,234.378745888268,1653.78500417996,261,4294,1171,3123
8,8,baseline,0.1,0.2,coordinated,Coordinated,115.767971592379,237.377304898262,1697.90192502208,248,4227,1173,3054
8,8,baseline,0.1,0.2,delayed_coordination,Delayed Coordination,117.883489259908,229.822180146449,1617.73904854042,264,4358,1172,3186
8,8,high,0.2,0.4,baseline,Baseline,110.568743285923,406.030494847421,2855.77782932981,18,392,172,220
8,8,high,0.2,0.4,early_mover,Early Mover,86.8691623160624,376.075232303852,2679.55541723776,50,880,400,480
8,8,high,0.2,0.4,sequential,Sequential,82.563356197459,377.487639063546,2668.82650659938,47,852,405,447
8,8,high,0.2,0.4,coordinated,Coordinated,84.6818806465308,362.176177790892,2611.29396140017,57,1049,417,632
8,8,high,0.2,0.4,delayed_coordination,Delayed Coordination,83.770736809381,369.983560566258,2638.82150577736,65,963,438,525
9,9,low,0.05,0.1,baseline,Baseline,133.421382339418,327.086582198403,2264.20828161316,134,3078,632,2446
9,9,low,0.05,0.1,early_mover,Early Mover,148.188113826958,202.22106013786,1319.24776189399,316,5787,1682,4105
9,9,low,0.05,0.1,sequential,Sequential,145.011041423731,197.763828458749,1283.67752294707,317,5727,1845,3882
9,9,low,0.05,0.1,coordinated,Coordinated,138.519246771531,201.819255720082,1357.46974253881,329,5482,1698,3784
9,9,low,0.05,0.1,delayed_coordination,Delayed Coordination,144.677209554834,200.331271933566,1283.23673926061,321,5778,1751,4027
9,9,baseline,0.1,0.2,baseline,Baseline,126.134336117382,382.651208075247,2533.70637661774,102,2140,723,1417
9,9,baseline,0.1,0.2,early_mover,Early Mover,120.957762088491,262.874877904633,1756.3419483951,267,4176,1204,2972
9,9,baseline,0.1,0.2,sequential,Sequential,116.781642670766,260.378744118661,1795.72899660208,264,4113,1321,2792
9,9,baseline,0.1,0.2,coordinated,Coordinated,119.173098364895,268.676482254043,1741.29442952014,244,4152,1265,2887
9,9,baseline,0.1,0.2,delayed_coordination,Delayed Coordination,118.844664856434,259.289461261696,1708.31321384727,259,4244,1257,2987
9,9,high,0.2,0.4,baseline,Baseline,113.530448048414,449.74427407315,2933.48217550436,25,476,227,249
9,9,high,0.2,0.4,early_mover,Early Mover,97.9327974775563,408.921068497493,2626.21433061885,88,1381,494,887
9,9,high,0.2,0.4,sequential,Sequential,95.9918347544989,401.502730749639,2577.43126165734,93,1452,554,898
9,9,high,0.2,0.4,coordinated,Coordinated,93.5942657404739,403.293332788276,2616.9259134228,90,1411,510,901
9,9,high,0.2,0.4,delayed_coordination,Delayed Coordination,96.6544701032528,401.842684323293,2558.87700289824,97,1501,568,933
10,10,low,0.05,0.1,baseline,Baseline,129.871131795294,335.531583189171,2300.11873358234,136,2859,544,2315
10,10,low,0.05,0.1,early_mover,Early Mover,143.904653466667,212.570816812456,1341.78440434583,298,5579,1281,4298
10,10,low,0.05,0.1,sequential,Sequential,139.245176138086,202.386111603518,1265.52976326071,315,5606,1363,4243
10,10,low,0.05,0.1,coordinated,Coordinated,135.06988642935,195.635539077096,1356.97090997908,286,5296,1516,3780
10,10,low,0.05,0.1,delayed_coordination,Delayed Coordination,141.52527980164,202.288522893302,1257.90318357281,318,5584,1333,4251
10,10,baseline,0.1,0.2,baseline,Baseline,121.12507650568,377.312450933345,2611.49638986085,87,1773,548,1225
10,10,baseline,0.1,0.2,early_mover,Early Mover,122.017903050189,269.116308479342,1830.55598704268,240,4265,977,3288
10,10,baseline,0.1,0.2,sequential,Sequential,121.872879253166,256.047833224991,1695.83250306106,269,4478,1031,3447
10,10,baseline,0.1,0.2,coordinated,Coordinated,121.812759230717,261.490199460016,1722.62174709098,273,4528,1120,3408
10,10,baseline,0.1,0.2,delayed_coordination,Delayed Coordination,122.184603967106,258.900664659112,1695.17254554805,274,4486,1092,3394
10,10,high,0.2,0.4,baseline,Baseline,110.843326009099,437.656481366867,2975.64749256515,16,275,109,166
10,10,high,0.2,0.4,early_mover,Early Mover,92.8329843221313,399.304316190241,2668.38098255024,81,1219,478,741
10,10,high,0.2,0.4,sequential,Sequential,88.5139930975667,391.229182088145,2624.74152791018,77,1162,439,723
10,10,high,0.2,0.4,coordinated,Coordinated,89.2070895315953,382.091990663978,2610.58283951314,74,1259,392,867
10,10,high,0.2,0.4,delayed_coordination,Delayed Coordination,88.519001176828,385.952238014526,2608.77563586594,85,1192,471,721
11,11,low,0.05,0.1,baseline,Baseline,132.515364294919,319.544220410978,2218.58221826559,158,3158,636,2522
11,11,low,0.05,0.1,early_mover,Early Mover,130.644843114626,228.388565459046,1623.46972542687,270,4907,1174,3733
11,11,low,0.05,0.1,sequential,Sequential,128.672072677475,213.456967465293,1591.89853536709,273,4959,1229,3730
11,11,low,0.05,0.1,coordinated,Coordinated,135.885229676489,185.106175818399,1417.91761850501,297,5426,1341,4085
11,11,low,0.05,0.1,delayed_coordination,Delayed Coordination,129.163019724986,217.621782778767,1578.15414984065,282,4972,1246,3726
11,11,baseline,0.1,0.2,baseline,Baseline,122.538837882093,365.505860819239,2526.48078579143,107,2006,467,1539
11,11,baseline,0.1,0.2,early_mover,Early Mover,118.958112789984,271.051925374149,1899.99982054976,239,3863,906,2957
11,11,baseline,0.1,0.2,sequential,Sequential,120.06595640572,263.090725743482,1751.64306621395,256,4126,985,3141
11,11,baseline,0.1,0.2,coordinated,Coordinated,116.304090557919,263.573258379985,1824.60917131536,255,3996,953,3043
11,11,baseline,0.1,0.2,delayed_coordination,Delayed Coordination,119.239300542657,258.06742376554,1785.40466901081,249,3947,924,3023
11,11,high,0.2,0.4,baseline,Baseline,111.241694670608,429.786968981947,2940.77648342256,19,369,147,222
11,11,high,0.2,0.4,early_mover,Early Mover,96.7408640448816,377.004233312353,2560.31613690708,100,1523,578,945
11,11,high,0.2,0.4,sequential,Sequential,94.478537331906,366.711607111245,2491.36199442454,112,1588,576,1012
11,11,high,0.2,0.4,coordinated,Coordinated,90.277303700849,383.008515820743,2592.53842292225,85,1418,466,952
11,11,high,0.2,0.4,delayed_coordination,Delayed Coordination,92.8965190806144,374.38901151257,2523.84486397036,100,1587,558,1029
12,12,low,0.05,0.1,baseline,Baseline,132.560405582818,294.359715754713,2100.17587934213,173,3686,656,3030
12,12,low,0.05,0.1,early_mover,Early Mover,137.227568489812,191.500140608543,1290.07762111173,326,5867,1331,4536
12,12,low,0.05,0.1,sequential,Sequential,134.525940198454,186.337727168179,1233.96297091611,336,5857,1366,4491
12,12,low,0.05,0.1,coordinated,Coordinated,134.822313352938,191.912611955381,1280.84505415787,336,5803,1390,4413
12,12,low,0.05,0.1,delayed_coordination,Delayed Coordination,134.380478605179,187.360339167158,1268.13465681809,319,5805,1365,4440
12,12,baseline,0.1,0.2,baseline,Baseline,124.307217503296,331.763044993455,2367.7325189163,133,2709,545,2164
12,12,baseline,0.1,0.2,early_mover,Early Mover,117.251908989849,235.844539155758,1697.78157869462,253,4609,1082,3527
12,12,baseline,0.1,0.2,sequential,Sequential,117.814575683454,226.244614942255,1600.74997558391,264,4646,1135,3511
12,12,baseline,0.1,0.2,coordinated,Coordinated,119.328826163881,233.360795434952,1602.78675655517,292,4730,1154,3576
12,12,baseline,0.1,0.2,delayed_coordination,Delayed Coordination,118.900851897125,225.895532715774,1585.28815437803,268,4674,1119,3555
12,12,high,0.2,0.4,baseline,Baseline,109.956219267651,434.646570458885,2901.86025183995,25,483,206,277
12,12,high,0.2,0.4,early_mover,Early Mover,93.3478601276824,377.591667878905,2532.71532351207,107,1542,609,933
12,12,high,0.2,0.4,sequential,Sequential,91.5447524115328,364.00049754197,2447.47033817672,121,1693,641,1052
12,12,high,0.2,0.4,coordinated,Coordinated,93.5425722435538,362.052322203575,2476.5978755572,116,1784,609,1175
12,12,high,0.2,0.4,delayed_coordination,Delayed Coordination,90.7310427171746,367.30194716553,2465.08622221311,125,1683,608,1075
13,13,low,0.05,0.1,baseline,Baseline,131.704703275488,364.06689667927,2268.51207276757,146,3209,404,2805
13,13,low,0.05,0.1,early_mover,Early Mover,138.009612976913,207.192454877427,1359.02217462624,326,5808,1314,4494
13,13,low,0.05,0.1,sequential,Sequential,137.663398654999,198.896009483197,1241.88045035613,331,5850,1427,4423
13,13,low,0.05,0.1,coordinated,Coordinated,127.554248103973,219.087553270327,1360.78001056838,270,5147,1325,3822
13,13,low,0.05,0.1,delayed_coordination,Delayed Coordination,137.918163833579,196.555447691506,1247.82882725482,320,5787,1432,4355
13,13,baseline,0.1,0.2,baseline,Baseline,124.243023609303,377.687743761073,2454.8957992683,119,2364,514,1850
13,13,baseline,0.1,0.2,early_mover,Early Mover,120.847734091098,249.186874198747,1667.53457003904,280,4565,1212,3353
13,13,baseline,0.1,0.2,sequential,Sequential,120.20140661086,239.166262779787,1569.60241921477,309,4669,1318,3351
13,13,baseline,0.1,0.2,coordinated,Coordinated,116.783487151579,252.421879739488,1625.92295867292,261,4315,1281,3034
13,13,baseline,0.1,0.2,delayed_coordination,Delayed Coordination,119.737545883678,242.049734340509,1606.19914645275,283,4580,1297,3283
13,13,high,0.2,0.4,baseline,Baseline,111.514484638872,443.031279163425,2905.0404223723,23,503,208,295
13,13,high,0.2,0.4,early_mover,Early Mover,94.8906379889888,382.790551215861,2514.11505449647,110,1625,667,958
13,13,high,0.2,0.4,sequential,Sequential,93.146774622087,371.378576393854,2408.62294151766,137,1821,713,1108
13,13,high,0.2,0.4,coordinated,Coordinated,91.2681541727144,383.01837223909,2511.81051755529,96,1582,559,1023
13,13,high,0.2,0.4,delayed_coordination,Delayed Coordination,93.0717881016575,373.69916580109,2443.67038707894,122,1728,692,1036
14,14,low,0.05,0.1,baseline,Baseline,134.007749027186,311.414067105442,2271.61178778522,129,2825,552,2273
14,14,low,0.05,0.1,early_mover,Early Mover,142.199324577552,189.428057239466,1382.69285247852,306,5402,1393,4009
14,14,low,0.05,0.1,sequential,Sequential,137.821333414823,183.219437107871,1359.62515170068,307,5388,1417,3971
14,14,low,0.05,0.1,coordinated,Coordinated,138.189100474896,192.500267573691,1327.83530750139,314,5268,1478,3790
14,14,low,0.05,0.1,delayed_coordination,Delayed Coordination,137.04051415244,186.975828041475,1364.40755472784,306,5363,1432,3931
14,14,baseline,0.1,0.2,baseline,Baseline,123.875449154238,359.58021065883,2555.11600260768,87,1738,486,1252
14,14,baseline,0.1,0.2,early_mover,Early Mover,120.724760998912,255.727853800537,1805.59777208237,219,3732,1138,2594
14,14,baseline,0.1,0.2,sequential,Sequential,117.559176377306,254.048609814001,1777.74349913543,202,3657,1129,2528
14,14,baseline,0.1,0.2,coordinated,Coordinated,121.595032099686,239.966326459186,1678.73349408287,248,3869,1168,2701
14,14,baseline,0.1,0.2,delayed_coordination,Delayed Coordination,114.565827971312,282.036754452373,1855.20618800299,191,3542,1097,2445
14,14,high,0.2,0.4,baseline,Baseline,113.523568909545,419.038571271115,2917.73932909054,18,303,133,170
14,14,high,0.2,0.4,early_mover,Early Mover,94.6333920566334,386.284416725697,2641.86699910131,74,1100,435,665
14,14,high,0.2,0.4,sequential,Sequential,92.7099516555486,378.560101954836,2609.18979438521,81,1125,414,711
14,14,high,0.2,0.4,coordinated,Coordinated,93.0834805410101,370.630420234144,2592.16451860878,86,1242,416,826
14,14,high,0.2,0.4,delayed_coordination,Delayed Coordination,93.1850960602521,378.376494591397,2599.98754658382,85,1169,429,740
15,15,low,0.05,0.1,baseline,Baseline,130.774135507706,325.891297397778,2313.03470469981,128,2807,613,2194
15,15,low,0.05,0.1,early_mover,Early Mover,137.045206457747,191.282899540333,1477.78228615289,287,5116,1150,3966
15,15,low,0.05,0.1,sequential,Sequential,135.044462403916,182.732879036303,1403.74041149735,289,5205,1286,3919
15,15,low,0.05,0.1,coordinated,Coordinated,136.253007783609,187.251098938824,1397.80383109108,288,5120,1416,3704
15,15,low,0.05,0.1,delayed_coordination,Delayed Coordination,132.818557173133,188.732999485794,1439.26400773399,282,5061,1215,3846
15,15,baseline,0.1,0.2,baseline,Baseline,123.695300625095,369.101920317739,2565.16332384631,99,1896,513,1383
15,15,baseline,0.1,0.2,early_mover,Early Mover,120.776963739994,253.012198389068,1868.90036909945,223,3856,1058,2798
15,15,baseline,0.1,0.2,sequential,Sequential,119.394404160417,244.167126160611,1793.08643045997,251,3973,1127,2846
15,15,baseline,0.1,0.2,coordinated,Coordinated,120.671890069632,235.089836208596,1727.56532346342,238,4100,1117,2983
15,15,baseline,0.1,0.2,delayed_coordination,Delayed Coordination,119.82562739298,233.862223462918,1780.43505083674,238,3952,1135,2817
15,15,high,0.2,0.4,baseline,Baseline,113.667696065227,445.345924121032,2933.16977626986,24,491,135,356
15,15,high,0.2,0.4,early_mover,Early Mover,96.733117293159,410.441901860338,2628.983075698,83,1342,518,824
15,15,high,0.2,0.4,sequential,Sequential,95.3672568535429,405.775440468361,2573.68604211395,90,1455,550,905
15,15,high,0.2,0.4,coordinated,Coordinated,94.9076027893139,394.525238693681,2582.59465207656,82,1462,517,945
15,15,high,0.2,0.4,delayed_coordination,Delayed Coordination,95.1911415803974,405.147623129685,2580.7963448521,94,1458,545,913
16,16,low,0.05,0.1,baseline,Baseline,132.46321232233,303.554897928667,2152.79521840258,153,3279,494,2785
16,16,low,0.05,0.1,early_mover,Early Mover,142.565152805122,193.076000186786,1349.48815091835,328,5601,1460,4141
16,16,low,0.05,0.1,sequential,Sequential,139.14177889714,179.457391074307,1303.88595738307,329,5591,1533,4058
16,16,low,0.05,0.1,coordinated,Coordinated,138.269826704017,177.486013647535,1293.28085629133,327,5645,1530,4115
16,16,low,0.05,0.1,delayed_coordination,Delayed Coordination,139.709490187832,187.769994297921,1295.92253450792,330,5691,1516,4175
16,16,baseline,0.1,0.2,baseline,Baseline,124.373982222118,349.242642682057,2409.87022510275,117,2295,548,1747
16,16,baseline,0.1,0.2,early_mover,Early Mover,120.612719385895,265.159154081374,1862.64893338528,210,3645,1190,2455
16,16,baseline,0.1,0.2,sequential,Sequential,120.083274614578,245.303050847697,1802.55775446332,222,3774,1227,2547
16,16,baseline,0.1,0.2,coordinated,Coordinated,115.207392595186,250.575065213304,1854.92754518827,234,3742,1154,2588
16,16,baseline,0.1,0.2,delayed_coordination,Delayed Coordination,121.123040482823,244.903789352344,1787.51282176038,232,3788,1224,2564
16,16,high,0.2,0.4,baseline,Baseline,110.686084976524,432.64423937021,2904.42867303053,15,312,141,171
16,16,high,0.2,0.4,early_mover,Early Mover,92.6123846003159,395.750566409089,2626.40923796436,71,1129,525,604
16,16,high,0.2,0.4,sequential,Sequential,90.7348594649796,387.92697426083,2589.86096561452,76,1185,540,645
16,16,high,0.2,0.4,coordinated,Coordinated,89.5230276743075,389.774350171685,2606.98094648117,76,1159,506,653
16,16,high,0.2,0.4,delayed_coordination,Delayed Coordination,90.6229672967967,387.712136115109,2587.68025906035,78,1166,526,640
17,17,low,0.05,0.1,baseline,Baseline,131.224872239695,354.062243326964,2290.12789314208,143,3220,529,2691
17,17,low,0.05,0.1,early_mover,Early Mover,139.8888746718,199.193521592353,1399.01857094753,315,5756,1167,4589
17,17,low,0.05,0.1,sequential,Sequential,139.243751937927,198.545689921966,1334.38988573075,299,5696,1326,4370
17,17,low,0.05,0.1,coordinated,Coordinated,139.799356568889,200.263478284244,1329.50648333698,317,5671,1513,4158
17,17,low,0.05,0.1,delayed_coordination,Delayed Coordination,134.232840701195,203.231932156368,1385.98276916763,297,5559,1227,4332
17,17,baseline,0.1,0.2,baseline,Baseline,121.114785143167,383.40364612281,2576.56413544104,100,2086,398,1688
17,17,baseline,0.1,0.2,early_mover,Early Mover,120.640135458793,267.47349203927,1791.88962290524,248,4497,1077,3420
17,17,baseline,0.1,0.2,sequential,Sequential,118.943168618327,259.494317003325,1698.52372284901,269,4543,1191,3352
17,17,baseline,0.1,0.2,coordinated,Coordinated,116.560892408434,251.779193379,1763.27997962853,256,4362,1112,3250
17,17,baseline,0.1,0.2,delayed_coordination,Delayed Coordination,119.909318794966,244.594672163343,1690.68649840038,270,4541,1122,3419
17,17,high,0.2,0.4,baseline,Baseline,111.028703949111,447.316486905705,2943.21275624422,26,489,179,310
17,17,high,0.2,0.4,early_mover,Early Mover,98.1604350680021,376.046980856007,2489.85347855794,121,1817,692,1125
17,17,high,0.2,0.4,sequential,Sequential,95.9853243238953,377.27076697748,2435.73483287031,137,1971,728,1243
17,17,high,0.2,0.4,coordinated,Coordinated,94.534423553779,376.333371114349,2442.47034424838,141,2021,642,1379
17,17,high,0.2,0.4,delayed_coordination,Delayed Coordination,96.2819086170392,374.879004701576,2411.79356591321,145,2006,728,1278
18,18,low,0.05,0.1,baseline,Baseline,133.323716482473,301.012351101,2111.25578168911,159,3386,673,2713
18,18,low,0.05,0.1,early_mover,Early Mover,138.813504326141,193.295772090142,1341.67216154323,324,5646,1595,4051
18,18,low,0.05,0.1,sequential,Sequential,145.289826408903,180.815890023779,1253.2471680159,331,5690,1716,3974
18,18,low,0.05,0.1,coordinated,Coordinated,142.405982404062,192.054962269952,1268.71206530441,332,5794,1746,4048
18,18,low,0.05,0.1,delayed_coordination,Delayed Coordination,136.654445814122,197.943505380022,1327.70219984375,335,5672,1703,3969
18,18,baseline,0.1,0.2,baseline,Baseline,123.383552995967,347.590988160746,2418.31657658367,106,2137,591,1546
18,18,baseline,0.1,0.2,early_mover,Early Mover,122.694925819787,251.04153264618,1625.95985753568,274,4622,1179,3443
18,18,baseline,0.1,0.2,sequential,Sequential,124.790067988986,238.408107472954,1548.10305498924,287,4786,1276,3510
18,18,baseline,0.1,0.2,coordinated,Coordinated,123.888137202173,239.713276628113,1591.67341805511,291,4710,1227,3483
18,18,baseline,0.1,0.2,delayed_coordination,Delayed Coordination,126.092267653718,232.6263173716,1567.24390096756,302,4771,1202,3569
18,18,high,0.2,0.4,baseline,Baseline,112.339045927802,411.452361412649,2824.10602101244,31,557,234,323
18,18,high,0.2,0.4,early_mover,Early Mover,95.104227965017,374.713953509711,2490.16526818353,105,1565,551,1014
18,18,high,0.2,0.4,sequential,Sequential,95.0936383487225,357.210590544362,2362.61516427415,144,1872,558,1314
18,18,high,0.2,0.4,coordinated,Coordinated,95.0278237860063,370.298985398893,2415.24740677511,121,1839,562,1277
18,18,high,0.2,0.4,delayed_coordination,Delayed Coordination,94.0812669136827,357.529899330071,2387.94895555835,141,1796,597,1199
19,19,low,0.05,0.1,baseline,Baseline,132.500128565096,315.63009441004,2219.02055443558,154,3126,698,2428
19,19,low,0.05,0.1,early_mover,Early Mover,142.273822492615,190.105622440074,1367.07310755727,316,5617,1297,4320
19,19,low,0.05,0.1,sequential,Sequential,139.120170991603,183.720585826846,1321.56876627118,322,5668,1429,4239
19,19,low,0.05,0.1,coordinated,Coordinated,136.328049829271,185.287588202964,1346.71730429597,316,5529,1453,4076
19,19,low,0.05,0.1,delayed_coordination,Delayed Coordination,141.258884333531,183.848470533962,1305.86799251323,305,5671,1374,4297
19,19,baseline,0.1,0.2,baseline,Baseline,123.762129921536,352.624674775641,2498.6291195112,102,2007,555,1452
19,19,baseline,0.1,0.2,early_mover,Early Mover,117.849598980091,268.42598095807,1877.79458047444,207,3637,1036,2601
19,19,baseline,0.1,0.2,sequential,Sequential,117.480791502563,262.842568317618,1810.66281029064,245,3803,1116,2687
19,19,baseline,0.1,0.2,coordinated,Coordinated,116.986586807054,248.364990738939,1805.44186786609,225,3919,1089,2830
19,19,baseline,0.1,0.2,delayed_coordination,Delayed Coordination,115.099228467207,268.975833243601,1881.61942944642,213,3695,1087,2608
19,19,high,0.2,0.4,baseline,Baseline,110.775515623117,437.765366355919,2930.45066430673,9,188,101,87
19,19,high,0.2,0.4,early_mover,Early Mover,97.399734253777,385.193883779898,2588.75496010536,71,1216,450,766
19,19,high,0.2,0.4,sequential,Sequential,95.9257883602828,379.136288415048,2516.03624344189,98,1361,478,883
19,19,high,0.2,0.4,coordinated,Coordinated,95.3506044752666,371.199459239222,2528.47055596337,89,1448,478,970
19,19,high,0.2,0.4,delayed_coordination,Delayed Coordination,94.7810540305127,381.441141467888,2543.47522904393,80,1307,463,844
20,20,low,0.05,0.1,baseline,Baseline,132.443794027551,343.748515044975,2220.22908148093,145,3158,650,2508
20,20,low,0.05,0.1,early_mover,Early Mover,142.01047511812,197.278348906409,1369.08809198812,331,5801,1227,4574
20,20,low,0.05,0.1,sequential,Sequential,136.402471267989,200.27402988558,1366.37137237794,320,5667,1248,4419
20,20,low,0.05,0.1,coordinated,Coordinated,138.248240404593,200.887861481064,1346.01548591395,331,5671,1304,4367
20,20,low,0.05,0.1,delayed_coordination,Delayed Coordination,135.332098952082,195.171653038004,1370.52701157603,316,5696,1223,4473
20,20,baseline,0.1,0.2,baseline,Baseline,124.905690147808,340.092483468099,2417.11303483285,125,2322,558,1764
20,20,baseline,0.1,0.2,early_mover,Early Mover,128.024132176978,239.588289406905,1634.8416520532,276,4550,1004,3546
20,20,baseline,0.1,0.2,sequential,Sequential,123.002720365693,239.811331460789,1627.52536763852,260,4489,1027,3462
20,20,baseline,0.1,0.2,coordinated,Coordinated,115.206110396705,259.708541397764,1843.2588076616,214,3921,911,3010
20,20,baseline,0.1,0.2,delayed_coordination,Delayed Coordination,122.404290330145,251.341994297433,1666.10371202958,263,4466,1004,3462
20,20,high,0.2,0.4,baseline,Baseline,109.53834804952,440.275238395545,2959.48877469772,10,207,96,111
20,20,high,0.2,0.4,early_mover,Early Mover,95.4198848837983,381.198348270908,2629.11404338006,71,1168,486,682
20,20,high,0.2,0.4,sequential,Sequential,91.2914362276088,380.028424841188,2592.3666426987,81,1159,510,649
20,20,high,0.2,0.4,coordinated,Coordinated,99.4849654980941,358.751832786108,2450.44510033768,117,1758,607,1151
20,20,high,0.2,0.4,delayed_coordination,Delayed Coordination,93.4056793444605,371.958759128051,2562.49531311028,91,1281,531,750
21,21,low,0.05,0.1,baseline,Baseline,128.689127278705,373.027326924244,2356.77927599586,122,2713,533,2180
21,21,low,0.05,0.1,early_mover,Early Mover,136.435799583583,231.93942540593,1497.77330044544,300,5240,1312,3928
21,21,low,0.05,0.1,sequential,Sequential,134.092737362038,219.576929274892,1428.10597843039,293,5257,1347,3910
21,21,low,0.05,0.1,coordinated,Coordinated,132.908604427205,219.094219040605,1468.47734414526,274,5127,1425,3702
21,21,low,0.05,0.1,delayed_coordination,Delayed Coordination,133.800956106584,220.009819699418,1433.33170854966,301,5289,1374,3915
21,21,baseline,0.1,0.2,baseline,Baseline,122.069413653323,392.819814427912,2569.53673767079,89,1936,565,1371
21,21,baseline,0.1,0.2,early_mover,Early Mover,117.512501605939,298.793053907179,1904.18351828957,233,3879,1052,2827
21,21,baseline,0.1,0.2,sequential,Sequential,116.830416830135,285.28397737668,1815.80279194973,233,3942,1030,2912
21,21,baseline,0.1,0.2,coordinated,Coordinated,119.139359869121,275.181757246019,1800.73561008454,233,4125,1217,2908
21,21,baseline,0.1,0.2,delayed_coordination,Delayed Coordination,117.145906206166,285.663424171632,1812.63515303371,245,4022,1015,3007
21,21,high,0.2,0.4,baseline,Baseline,112.526038219181,442.897253958741,2928.31732282913,27,504,223,281
21,21,high,0.2,0.4,early_mover,Early Mover,96.786909542824,409.6229524948,2580.30006596453,107,1609,558,1051
21,21,high,0.2,0.4,sequential,Sequential,94.1003304235333,397.958835129696,2504.76234915897,107,1670,553,1117
21,21,high,0.2,0.4,coordinated,Coordinated,93.4168749236951,392.404869783311,2542.10260831085,105,1610,498,1112
21,21,high,0.2,0.4,delayed_coordination,Delayed Coordination,93.3429378960946,401.766986537795,2542.6448598459,107,1615,549,1066
22,22,low,0.05,0.1,baseline,Baseline,131.607171893395,294.186047852354,2132.86590925837,160,3296,751,2545
22,22,low,0.05,0.1,early_mover,Early Mover,132.772016441595,196.261818116385,1451.84243278756,301,5156,1398,3758
22,22,low,0.05,0.1,sequential,Sequential,129.734156240664,202.455169973962,1460.35580193749,289,5136,1444,3692
22,22,low,0.05,0.1,coordinated,Coordinated,130.17693676602,195.340622259558,1410.95050236489,303,5271,1401,3870
22,22,low,0.05,0.1,delayed_coordination,Delayed Coordination,130.301074968395,199.326099732949,1449.88878243849,282,5145,1418,3727
22,22,baseline,0.1,0.2,baseline,Baseline,123.838041390419,374.045860159719,2412.9909957533,117,2313,571,1742
22,22,baseline,0.1,0.2,early_mover,Early Mover,116.472124410815,260.098263089054,1807.4775106658,218,3970,914,3056
22,22,baseline,0.1,0.2,sequential,Sequential,111.352977136558,260.99535340219,1825.9855847871,205,3708,935,2773
22,22,baseline,0.1,0.2,coordinated,Coordinated,115.335883381478,254.241738133646,1767.79857213825,222,4169,1001,3168
22,22,baseline,0.1,0.2,delayed_coordination,Delayed Coordination,115.700391876891,242.936026985303,1757.74750649891,231,4025,921,3104
22,22,high,0.2,0.4,baseline,Baseline,109.067749525688,428.275848915971,2882.14673164052,17,307,134,173
22,22,high,0.2,0.4,early_mover,Early Mover,90.6047982113738,387.479164608282,2609.70949489235,79,1212,435,777
22,22,high,0.2,0.4,sequential,Sequential,88.0940206311197,377.405870344804,2569.62961153689,77,1262,468,794
22,22,high,0.2,0.4,coordinated,Coordinated,89.7258623329985,368.57635323321,2536.0630006314,90,1433,498,935
22,22,high,0.2,0.4,delayed_coordination,Delayed Coordination,88.2152672520306,379.474903812402,2573.92524043536,76,1240,442,798
23,23,low,0.05,0.1,baseline,Baseline,136.081573743831,328.411779093113,2174.81488970076,156,3229,611,2618
23,23,low,0.05,0.1,early_mover,Early Mover,140.148922481772,203.401447698081,1368.76693736494,309,5399,1533,3866
23,23,low,0.05,0.1,sequential,Sequential,134.651490147673,202.245450373322,1368.82259712699,291,5302,1581,3721
23,23,low,0.05,0.1,coordinated,Coordinated,137.952780267639,194.530424382339,1305.97586861071,329,5457,1657,3800
23,23,low,0.05,0.1,delayed_coordination,Delayed Coordination,136.287887928341,201.082056919248,1373.02399077054,314,5449,1673,3776
23,23,baseline,0.1,0.2,baseline,Baseline,124.430330110819,383.570648273512,2492.86880677941,98,2000,705,1295
23,23,baseline,0.1,0.2,early_mover,Early Mover,120.716132685015,264.807329242934,1705.96467808458,261,4236,1270,2966
23,23,baseline,0.1,0.2,sequential,Sequential,121.261171851284,248.968470540011,1607.34906394029,282,4382,1365,3017
23,23,baseline,0.1,0.2,coordinated,Coordinated,120.013522684445,254.392294395647,1686.39328910855,253,4079,1296,2783
23,23,baseline,0.1,0.2,delayed_coordination,Delayed Coordination,118.717481797913,252.967442198565,1641.74248333344,260,4288,1284,3004
23,23,high,0.2,0.4,baseline,Baseline,113.865111892575,425.074211304898,2827.93018676101,25,477,191,286
23,23,high,0.2,0.4,early_mover,Early Mover,95.8248674524971,377.381551349313,2508.91795284479,90,1498,573,925
23,23,high,0.2,0.4,sequential,Sequential,94.0878825335753,367.199785049853,2425.28834680381,116,1613,605,1008
23,23,high,0.2,0.4,coordinated,Coordinated,94.6338893906512,363.896408779082,2402.47989103322,125,1648,577,1071
23,23,high,0.2,0.4,delayed_coordination,Delayed Coordination,94.996373240185,358.577294079941,2399.74776953947,116,1649,623,1026
24,24,low,0.05,0.1,baseline,Baseline,132.641175284486,264.394703273772,2083.40812015411,166,3524,559,2965
24,24,low,0.05,0.1,early_mover,Early Mover,138.050965593328,169.457407648981,1290.57301990963,323,5910,1345,4565
24,24,low,0.05,0.1,sequential,Sequential,137.502462255491,164.073371255524,1246.91009366105,322,5767,1387,4380
24,24,low,0.05,0.1,coordinated,Coordinated,137.318942464746,166.404950233035,1271.01503737272,324,5897,1371,4526
24,24,low,0.05,0.1,delayed_coordination,Delayed Coordination,137.140396994137,161.484874839334,1246.40359877127,320,5731,1305,4426
24,24,baseline,0.1,0.2,baseline,Baseline,123.234960931557,342.156953752131,2406.73077717014,114,2367,497,1870
24,24,baseline,0.1,0.2,early_mover,Early Mover,123.914065154766,233.824034288651,1617.17725683468,273,4692,1075,3617
24,24,baseline,0.1,0.2,sequential,Sequential,125.192003037116,222.536025941022,1535.76162642467,289,4754,1181,3573
24,24,baseline,0.1,0.2,coordinated,Coordinated,120.317175440524,225.125720564626,1644.10851416603,268,4579,1163,3416
24,24,baseline,0.1,0.2,delayed_coordination,Delayed Coordination,125.030777397505,220.573103991188,1526.84861824271,299,4779,1165,3614
24,24,high,0.2,0.4,baseline,Baseline,109.507454617414,406.774203004462,2832.08333078218,23,444,190,254
24,24,high,0.2,0.4,early_mover,Early Mover,92.6851748443771,364.938394964336,2504.54706397063,87,1482,599,883
24,24,high,0.2,0.4,sequential,Sequential,91.6782966718994,341.031095100668,2406.86797340377,115,1673,593,1080
24,24,high,0.2,0.4,coordinated,Coordinated,90.5753570473461,338.904350348424,2437.6475017601,110,1678,521,1157
24,24,high,0.2,0.4,delayed_coordination,Delayed Coordination,92.2938115449637,345.415783888089,2421.26186845966,107,1672,613,1059
25,25,low,0.05,0.1,baseline,Baseline,132.459803134457,289.723434158851,2150.98259955647,165,3538,560,2978
25,25,low,0.05,0.1,early_mover,Early Mover,144.406575444394,189.596645490787,1311.01310408686,315,5793,1377,4416
25,25,low,0.05,0.1,sequential,Sequential,138.06659289917,192.560388462493,1317.10800970594,320,5773,1394,4379
25,25,low,0.05,0.1,coordinated,Coordinated,134.413759045363,187.117575575427,1352.88890599691,310,5520,1276,4244
25,25,low,0.05,0.1,delayed_coordination,Delayed Coordination,138.802400498803,190.905696152554,1301.30965562323,320,5767,1368,4399
25,25,baseline,0.1,0.2,baseline,Baseline,124.267889561608,344.914842392407,2409.57083030262,131,2539,588,1951
25,25,baseline,0.1,0.2,early_mover,Early Mover,120.666515085244,242.74650289454,1762.71765969719,242,4155,1141,3014
25,25,baseline,0.1,0.2,sequential,Sequential,117.509546209534,252.756931033016,1738.4664660267,245,4157,1152,3005
25,25,baseline,0.1,0.2,coordinated,Coordinated,115.129149118304,257.062582481129,1798.849625135,241,4123,1110,3013
25,25,baseline,0.1,0.2,delayed_coordination,Delayed Coordination,118.136605810193,243.397319565104,1724.3367488196,245,4183,1093,3090
25,25,high,0.2,0.4,baseline,Baseline,110.922626441224,418.587304366939,2894.66814572244,24,529,243,286
25,25,high,0.2,0.4,early_mover,Early Mover,92.7662900651142,375.905406121009,2594.30766015469,81,1293,575,718
25,25,high,0.2,0.4,sequential,Sequential,89.4422028354021,369.593448850489,2568.16484751108,85,1312,549,763
25,25,high,0.2,0.4,coordinated,Coordinated,92.6161862260481,358.11016235567,2507.77951980855,108,1617,605,1012
25,25,high,0.2,0.4,delayed_coordination,Delayed Coordination,90.284940199248,367.999155459318,2555.18898730214,89,1371,564,807
26,26,low,0.05,0.1,baseline,Baseline,131.604244297889,345.481272796458,2340.96234102704,142,2835,633,2202
26,26,low,0.05,0.1,early_mover,Early Mover,143.177520563036,196.758372829559,1438.00835776624,310,5283,1366,3917
26,26,low,0.05,0.1,sequential,Sequential,143.939651442734,193.64507460575,1358.05402434548,321,5271,1410,3861
26,26,low,0.05,0.1,coordinated,Coordinated,139.020288006446,202.311233550756,1396.19211906384,319,5275,1416,3859
26,26,low,0.05,0.1,delayed_coordination,Delayed Coordination,142.66559800886,190.582967255973,1362.93009151506,322,5360,1399,3961
26,26,baseline,0.1,0.2,baseline,Baseline,122.794667434974,394.835168064089,2632.75547953005,91,1776,462,1314
26,26,baseline,0.1,0.2,early_mover,Early Mover,121.517838671557,262.378847755485,1815.70653118003,246,3896,1129,2767
26,26,baseline,0.1,0.2,sequential,Sequential,122.798194575647,259.606907364545,1714.72164813565,271,4015,1157,2858
26,26,baseline,0.1,0.2,coordinated,Coordinated,120.58788056317,265.596671420771,1743.93101829442,258,4002,1094,2908
26,26,baseline,0.1,0.2,delayed_coordination,Delayed Coordination,123.54893461304,259.134875224235,1734.85502583269,271,4074,1142,2932
26,26,high,0.2,0.4,baseline,Baseline,113.265420766256,446.03052663716,2988.8080104346,14,277,78,199
26,26,high,0.2,0.4,early_mover,Early Mover,91.6890263456741,432.668651642935,2786.68707934814,52,798,278,520
26,26,high,0.2,0.4,sequential,Sequential,90.4933995639957,422.395958370021,2722.46448355955,67,906,321,585
26,26,high,0.2,0.4,coordinated,Coordinated,89.4892815516905,428.626889941858,2785.21890591236,48,827,282,545
26,26,high,0.2,0.4,delayed_coordination,Delayed Coordination,91.0257574433259,424.112376983352,2722.91878675903,65,928,307,621
27,27,low,0.05,0.1,baseline,Baseline,132.300138327795,319.530077858933,2232.95913120671,156,3283,515,2768
27,27,low,0.05,0.1,early_mover,Early Mover,149.038095114535,186.625172025771,1303.17748868971,323,5972,1361,4611
27,27,low,0.05,0.1,sequential,Sequential,144.714804454994,172.035940846072,1237.00578264076,315,5852,1465,4387
27,27,low,0.05,0.1,coordinated,Coordinated,139.269090654528,187.24417699569,1320.25569746865,327,5913,1642,4271
27,27,low,0.05,0.1,delayed_coordination,Delayed Coordination,148.748491573275,175.404238925722,1195.59757522679,346,6011,1503,4508
27,27,baseline,0.1,0.2,baseline,Baseline,123.484148831971,354.950461734877,2485.3260833099,106,2314,395,1919
27,27,baseline,0.1,0.2,early_mover,Early Mover,125.822505915966,226.755769144439,1643.15696288158,265,4796,1093,3703
27,27,baseline,0.1,0.2,sequential,Sequential,126.282287868792,222.486083379042,1533.59727158169,283,4771,1177,3594
27,27,baseline,0.1,0.2,coordinated,Coordinated,121.628337103572,251.132860819633,1625.54520729583,249,4419,1139,3280
27,27,baseline,0.1,0.2,delayed_coordination,Delayed Coordination,122.084769490352,233.801518788864,1580.9092070057,284,4811,1167,3644
27,27,high,0.2,0.4,baseline,Baseline,110.191756214544,434.224428056764,2934.94696705396,20,373,152,221
27,27,high,0.2,0.4,early_mover,Early Mover,95.5072722802413,376.405602206359,2572.57744901182,96,1509,563,946
27,27,high,0.2,0.4,sequential,Sequential,92.2687516657299,371.335389816459,2493.30962307848,117,1611,591,1020
27,27,high,0.2,0.4,coordinated,Coordinated,90.4240289746407,383.550233869023,2532.98410485787,112,1544,546,998
27,27,high,0.2,0.4,delayed_coordination,Delayed Coordination,92.8018256528057,366.205250909769,2483.74562710625,116,1666,607,1059
28,28,low,0.05,0.1,baseline,Baseline,132.957049394538,315.026417241638,2239.29557533219,144,3201,585,2616
28,28,low,0.05,0.1,early_mover,Early Mover,135.28169602728,204.734697354458,1413.34266119579,303,5642,1303,4339
28,28,low,0.05,0.1,sequential,Sequential,136.727226631569,200.403787694957,1323.97447188565,311,5713,1340,4373
28,28,low,0.05,0.1,coordinated,Coordinated,133.71468401482,213.009043614678,1348.78639875172,330,5691,1315,4376
28,28,low,0.05,0.1,delayed_coordination,Delayed Coordination,135.084029366675,201.423235861949,1334.13363168129,315,5663,1302,4361
28,28,baseline,0.1,0.2,baseline,Baseline,123.934316562996,348.346477928763,2507.68635842833,103,2183,443,1740
28,28,baseline,0.1,0.2,early_mover,Early Mover,117.963015996936,248.577210867119,1786.75182866457,260,4312,1085,3227
28,28,baseline,0.1,0.2,sequential,Sequential,119.437686011607,240.785502165615,1662.06855899733,279,4483,1134,3349
28,28,baseline,0.1,0.2,coordinated,Coordinated,114.560932939789,247.461441826165,1721.14770249242,272,4190,1014,3176
28,28,baseline,0.1,0.2,delayed_coordination,Delayed Coordination,117.179516268576,238.387391703469,1687.72083657792,282,4434,1088,3346
28,28,high,0.2,0.4,baseline,Baseline,112.419945910881,415.491290232041,2912.33553769725,24,446,182,264
28,28,high,0.2,0.4,early_mover,Early Mover,89.8765645692899,382.254871309345,2677.14475515391,60,1080,387,693
28,28,high,0.2,0.4,sequential,Sequential,87.9057804681017,379.502724644992,2603.12418606652,87,1182,396,786
28,28,high,0.2,0.4,coordinated,Coordinated,89.2677111920043,373.223916084468,2614.75032366752,76,1265,379,886
28,28,high,0.2,0.4,delayed_coordination,Delayed Coordination,86.7557562814797,379.955567245244,2637.037552676,71,1100,385,715
29,29,low,0.05,0.1,baseline,Baseline,132.905800188568,301.348670253799,2138.19198268594,143,3230,516,2714
29,29,low,0.05,0.1,early_mover,Early Mover,147.36493115137,175.405532436057,1241.47876526543,332,5734,1305,4429
29,29,low,0.05,0.1,sequential,Sequential,142.313467349405,166.524640321188,1220.93579472006,336,5676,1428,4248
29,29,low,0.05,0.1,coordinated,Coordinated,133.63334945183,189.895307344157,1386.90763377261,278,5313,1335,3978
29,29,low,0.05,0.1,delayed_coordination,Delayed Coordination,145.097694082206,164.756607178041,1203.60965899429,340,5766,1377,4389
29,29,baseline,0.1,0.2,baseline,Baseline,122.311664000477,352.660497117094,2472.58628109562,98,2055,474,1581
29,29,baseline,0.1,0.2,early_mover,Early Mover,121.926515644545,273.315203268911,1750.78190722369,240,3969,1074,2895
29,29,baseline,0.1,0.2,sequential,Sequential,120.005624472645,254.226210134687,1672.26842107193,252,3991,1148,2843
29,29,baseline,0.1,0.2,coordinated,Coordinated,116.278263180047,243.583476351812,1710.64853864346,257,3907,1194,2713
29,29,baseline,0.1,0.2,delayed_coordination,Delayed Coordination,120.46769158865,249.058979702184,1687.22340086963,270,4057,1125,2932
29,29,high,0.2,0.4,baseline,Baseline,110.366452948459,405.300820956261,2884.83939056455,18,382,142,240
29,29,high,0.2,0.4,early_mover,Early Mover,97.0171695127338,361.047690635584,2524.43747684004,98,1429,522,907
29,29,high,0.2,0.4,sequential,Sequential,93.4359779863111,352.416403735346,2484.37840252254,99,1471,563,908
29,29,high,0.2,0.4,coordinated,Coordinated,94.9976585467259,354.716244484253,2521.46876633365,87,1449,523,926
29,29,high,0.2,0.4,delayed_coordination,Delayed Coordination,95.4466384758456,353.30477319855,2480.92583715008,108,1523,558,965
30,30,low,0.05,0.1,baseline,Baseline,134.750277242306,296.595672467022,2214.53759004484,149,3071,693,2378
30,30,low,0.05,0.1,early_mover,Early Mover,144.953546592617,186.623626136432,1349.33844258903,316,5729,1458,4271
30,30,low,0.05,0.1,sequential,Sequential,142.627710590633,174.503735392096,1273.18854273948,337,5767,1587,4180
30,30,low,0.05,0.1,coordinated,Coordinated,130.545570205434,206.439551353728,1467.85064770733,259,4943,1484,3459
30,30,low,0.05,0.1,delayed_coordination,Delayed Coordination,145.23000227591,178.372529662939,1243.79113524028,347,5804,1590,4214
30,30,baseline,0.1,0.2,baseline,Baseline,127.051171193614,343.379555524151,2442.23337820158,102,2148,613,1535
30,30,baseline,0.1,0.2,early_mover,Early Mover,122.006903811516,257.245291121238,1816.46388029038,235,3976,1088,2888
30,30,baseline,0.1,0.2,sequential,Sequential,121.07997686861,238.809366144557,1730.17580956723,257,4089,1209,2880
30,30,baseline,0.1,0.2,coordinated,Coordinated,122.792371990847,234.784855554986,1691.38527252803,262,4351,1247,3104
30,30,baseline,0.1,0.2,delayed_coordination,Delayed Coordination,121.368591433473,241.958278976926,1732.64972213599,236,4022,1171,2851
30,30,high,0.2,0.4,baseline,Baseline,113.780593137582,410.305114732913,2870.52836845107,26,481,196,285
30,30,high,0.2,0.4,early_mover,Early Mover,94.5115601279159,370.477995018618,2618.27655948932,74,1193,488,705
30,30,high,0.2,0.4,sequential,Sequential,91.3564320851357,366.462987944985,2574.67472967107,81,1210,515,695
30,30,high,0.2,0.4,coordinated,Coordinated,90.0821025733004,366.343121023739,2584.09638956715,83,1319,461,858
30,30,high,0.2,0.4,delayed_coordination,Delayed Coordination,91.9060356752772,365.859853975749,2565.81492960593,82,1244,524,720
31,31,low,0.05,0.1,baseline,Baseline,131.611838724487,347.152348377892,2359.50810243722,138,2760,583,2177
31,31,low,0.05,0.1,early_mover,Early Mover,142.50894572391,218.336193583432,1412.24922479925,323,5598,1073,4525
31,31,low,0.05,0.1,sequential,Sequential,138.068943119194,213.60836249127,1376.05446374561,326,5644,1228,4416
31,31,low,0.05,0.1,coordinated,Coordinated,136.674132095413,230.427984147876,1398.12339668762,322,5441,1282,4159
31,31,low,0.05,0.1,delayed_coordination,Delayed Coordination,140.84785994378,217.012025860469,1366.96565960734,331,5640,1183,4457
31,31,baseline,0.1,0.2,baseline,Baseline,123.758900905518,383.774031746938,2588.60387813359,93,1801,434,1367
31,31,baseline,0.1,0.2,early_mover,Early Mover,128.125673158697,275.094887933357,1696.79425533014,285,4420,1028,3392
31,31,baseline,0.1,0.2,sequential,Sequential,123.412772301216,263.640616369215,1665.08832988836,278,4436,1077,3359
31,31,baseline,0.1,0.2,coordinated,Coordinated,122.960789650408,266.249974032033,1673.88390830761,286,4621,1141,3480
31,31,baseline,0.1,0.2,delayed_coordination,Delayed Coordination,124.94669834021,256.996811148948,1641.12700268894,279,4411,1132,3279
31,31,high,0.2,0.4,baseline,Baseline,113.231409493933,445.724508547388,2972.96935408173,19,390,188,202
31,31,high,0.2,0.4,early_mover,Early Mover,98.2005602842421,381.883607279905,2579.59540246387,112,1532,578,954
31,31,high,0.2,0.4,sequential,Sequential,95.2527994997179,374.781307632817,2518.59534482152,123,1535,546,989
31,31,high,0.2,0.4,coordinated,Coordinated,91.8955351060935,384.608378677322,2622.13245694328,98,1448,498,950
31,31,high,0.2,0.4,delayed_coordination,Delayed Coordination,93.9874861205521,373.777660469432,2559.24687403848,114,1556,553,1003
32,32,low,0.05,0.1,baseline,Baseline,131.941658939502,322.9462833246,2245.54693774205,147,3242,449,2793
32,32,low,0.05,0.1,early_mover,Early Mover,138.498351955658,223.106647653927,1428.77409001118,311,5496,1361,4135
32,32,low,0.05,0.1,sequential,Sequential,141.81343718286,199.827191346664,1313.48746913856,320,5534,1413,4121
32,32,low,0.05,0.1,coordinated,Coordinated,145.078538759661,207.097103605144,1311.83773435106,310,5639,1427,4212
32,32,low,0.05,0.1,delayed_coordination,Delayed Coordination,137.733425984441,219.605435974002,1375.35452438726,305,5534,1454,4080
32,32,baseline,0.1,0.2,baseline,Baseline,123.918006068336,359.156379924508,2469.56518852925,106,2301,475,1826
32,32,baseline,0.1,0.2,early_mover,Early Mover,121.403012633456,267.796400823115,1711.10336178357,271,4330,1098,3232
32,32,baseline,0.1,0.2,sequential,Sequential,120.686054560295,258.315472912402,1644.09993733405,285,4416,1186,3230
32,32,baseline,0.1,0.2,coordinated,Coordinated,114.830872553886,278.02579630049,1759.1098035002,226,4068,1189,2879
32,32,baseline,0.1,0.2,delayed_coordination,Delayed Coordination,121.242349522779,255.547368523813,1638.43348358277,262,4402,1206,3196
32,32,high,0.2,0.4,baseline,Baseline,111.496254457241,441.527299410367,2899.36503166547,19,420,180,240
32,32,high,0.2,0.4,early_mover,Early Mover,92.0743939727775,409.166482525036,2572.26423539961,87,1281,507,774
32,32,high,0.2,0.4,sequential,Sequential,89.8783837859574,408.477885836052,2563.57108868278,95,1320,534,786
32,32,high,0.2,0.4,coordinated,Coordinated,91.6889829236887,410.103818711388,2575.65049657928,85,1288,531,757
32,32,high,0.2,0.4,delayed_coordination,Delayed Coordination,90.267625001252,407.589706283477,2566.52944004576,93,1327,531,796
33,33,low,0.05,0.1,baseline,Baseline,130.547471398069,315.733417682167,2301.65503949978,139,2946,593,2353
33,33,low,0.05,0.1,early_mover,Early Mover,135.964154860637,198.230744895968,1474.28253603814,281,5220,1306,3914
33,33,low,0.05,0.1,sequential,Sequential,136.169874051209,191.466923554329,1398.1719830895,294,5321,1339,3982
33,33,low,0.05,0.1,coordinated,Coordinated,128.938959845769,209.630700633364,1467.6913123339,285,5135,1372,3763
33,33,low,0.05,0.1,delayed_coordination,Delayed Coordination,135.629790890782,192.814609291056,1403.66666346797,293,5287,1308,3979
33,33,baseline,0.1,0.2,baseline,Baseline,124.189427074348,357.401105600908,2517.63038189174,104,2092,607,1485
33,33,baseline,0.1,0.2,early_mover,Early Mover,119.214875188275,260.334712654563,1785.3706922904,218,3983,1134,2849
33,33,baseline,0.1,0.2,sequential,Sequential,120.490979060846,249.118615986281,1667.50857968144,282,4295,1192,3103
33,33,baseline,0.1,0.2,coordinated,Coordinated,115.740411258082,254.819287164821,1793.07348934572,252,4220,1152,3068
33,33,baseline,0.1,0.2,delayed_coordination,Delayed Coordination,118.818173063701,250.232496948461,1715.05330712472,255,4144,1157,2987
33,33,high,0.2,0.4,baseline,Baseline,112.526152845514,441.165567350617,2953.05429531289,26,450,201,249
33,33,high,0.2,0.4,early_mover,Early Mover,98.5002523724795,375.52778143068,2557.53940633869,104,1589,624,965
33,33,high,0.2,0.4,sequential,Sequential,95.5111928597088,366.472978143186,2508.24703639196,117,1683,644,1039
33,33,high,0.2,0.4,coordinated,Coordinated,95.7967267083881,364.993649644315,2512.99783453717,109,1662,595,1067
33,33,high,0.2,0.4,delayed_coordination,Delayed Coordination,95.5968827269081,367.30627848139,2509.27727342328,118,1673,643,1030
34,34,low,0.05,0.1,baseline,Baseline,134.475110911054,339.097322661291,2234.04024434174,159,3326,693,2633
34,34,low,0.05,0.1,early_mover,Early Mover,149.990270990149,208.470331186309,1336.65892879032,320,6005,1482,4523
34,34,low,0.05,0.1,sequential,Sequential,148.079594341902,202.59705417776,1312.44875329701,317,5923,1591,4332
34,34,low,0.05,0.1,coordinated,Coordinated,143.893371100203,195.548142746655,1347.49265214922,308,5648,1521,4127
34,34,low,0.05,0.1,delayed_coordination,Delayed Coordination,148.35806518213,197.517536932551,1288.08643155768,323,5944,1628,4316
34,34,baseline,0.1,0.2,baseline,Baseline,126.037768596746,381.451362974249,2507.78705760914,112,2224,648,1576
34,34,baseline,0.1,0.2,early_mover,Early Mover,129.640703242244,245.420724218592,1694.25929063948,269,4716,1123,3593
34,34,baseline,0.1,0.2,sequential,Sequential,128.955740538696,248.502981995967,1624.44980629283,281,4782,1239,3543
34,34,baseline,0.1,0.2,coordinated,Coordinated,131.569368736889,224.294586238702,1607.17909166184,280,4778,1296,3482
34,34,baseline,0.1,0.2,delayed_coordination,Delayed Coordination,127.901182034766,250.565852632208,1643.52912259674,281,4764,1216,3548
34,34,high,0.2,0.4,baseline,Baseline,111.912661617668,435.590483948528,2974.4482911845,17,341,166,175
34,34,high,0.2,0.4,early_mover,Early Mover,96.57494275707,395.238778307728,2619.70522995217,89,1332,549,783
34,34,high,0.2,0.4,sequential,Sequential,93.0625665287723,389.551951518951,2580.36059599922,97,1380,555,825
34,34,high,0.2,0.4,coordinated,Coordinated,88.2717349801736,405.111380663465,2687.56972471602,62,1093,403,690
34,34,high,0.2,0.4,delayed_coordination,Delayed Coordination,91.148102593059,392.47115639362,2626.58876978867,76,1261,518,743
35,35,low,0.05,0.1,baseline,Baseline,130.637687067144,290.073121806152,2168.08477939819,165,3499,517,2982
35,35,low,0.05,0.1,early_mover,Early Mover,133.087079203297,191.534897852134,1380.55460693185,309,5761,1315,4446
35,35,low,0.05,0.1,sequential,Sequential,130.970444460633,185.625982018273,1311.17322201201,316,5819,1409,4410
35,35,low,0.05,0.1,coordinated,Coordinated,123.784176280191,196.728517380363,1446.26953065978,280,5346,1316,4030
35,35,low,0.05,0.1,delayed_coordination,Delayed Coordination,131.171815823637,188.788625339967,1311.26849468338,332,5827,1339,4488
35,35,baseline,0.1,0.2,baseline,Baseline,122.203400557974,317.438713879936,2443.41639706945,125,2358,468,1890
35,35,baseline,0.1,0.2,early_mover,Early Mover,115.79921097368,239.623065940737,1772.31057094365,258,4203,1107,3096
35,35,baseline,0.1,0.2,sequential,Sequential,113.323299066658,233.785882690197,1706.23907204881,271,4334,1128,3206
35,35,baseline,0.1,0.2,coordinated,Coordinated,114.245101512383,241.18511374903,1680.26083587959,272,4443,1194,3249
35,35,baseline,0.1,0.2,delayed_coordination,Delayed Coordination,114.250876758107,237.532714064181,1682.79136241123,258,4363,1138,3225
35,35,high,0.2,0.4,baseline,Baseline,108.763230009293,414.166112230514,2925.29162733606,20,462,200,262
35,35,high,0.2,0.4,early_mover,Early Mover,91.2426973544177,358.88325150614,2598.5267029775,87,1334,601,733
35,35,high,0.2,0.4,sequential,Sequential,87.6061855518048,357.052114268873,2567.4422374808,85,1355,597,758
35,35,high,0.2,0.4,coordinated,Coordinated,87.3056095997217,366.396038593539,2585.75093426991,87,1370,520,850
35,35,high,0.2,0.4,delayed_coordination,Delayed Coordination,87.6428557157145,354.835167332478,2543.63310861233,102,1438,612,826
36,36,low,0.05,0.1,baseline,Baseline,132.076941553005,317.018684232048,2138.39579627749,158,3549,520,3029
36,36,low,0.05,0.1,early_mover,Early Mover,136.89641397705,191.88262351866,1353.42233044063,308,5576,1286,4290
36,36,low,0.05,0.1,sequential,Sequential,135.76895308807,188.142174971935,1303.01698970728,288,5490,1353,4137
36,36,low,0.05,0.1,coordinated,Coordinated,133.080275307506,200.093191298647,1320.11625067495,308,5572,1474,4098
36,36,low,0.05,0.1,delayed_coordination,Delayed Coordination,133.467056477325,182.718226689468,1311.8583510941,315,5565,1356,4209
36,36,baseline,0.1,0.2,baseline,Baseline,123.181266346022,366.845130165577,2422.66650620485,122,2474,503,1971
36,36,baseline,0.1,0.2,early_mover,Early Mover,121.42783059204,266.670324149878,1705.73282346968,275,4406,1218,3188
36,36,baseline,0.1,0.2,sequential,Sequential,118.364351917689,249.895566546648,1651.02590492376,273,4391,1234,3157
36,36,baseline,0.1,0.2,coordinated,Coordinated,114.813338979095,255.925922826244,1689.28181872114,267,4295,1188,3107
36,36,baseline,0.1,0.2,delayed_coordination,Delayed Coordination,118.176270428458,247.128080847031,1614.44883872328,292,4364,1287,3077
36,36,high,0.2,0.4,baseline,Baseline,108.40511208471,456.509855507632,2955.72377333269,18,368,171,197
36,36,high,0.2,0.4,early_mover,Early Mover,96.3660427604545,381.982933702981,2528.55669031049,107,1694,688,1006
36,36,high,0.2,0.4,sequential,Sequential,93.9015836806697,365.72563935839,2459.64343733797,120,1792,708,1084
36,36,high,0.2,0.4,coordinated,Coordinated,91.7707251584752,369.130274847798,2480.77491667536,114,1779,630,1149
36,36,high,0.2,0.4,delayed_coordination,Delayed Coordination,91.8676561882354,376.916639839074,2493.09128323892,106,1720,656,1064
37,37,low,0.05,0.1,baseline,Baseline,132.334778787929,317.81795863074,2263.30018991805,143,2923,468,2455
37,37,low,0.05,0.1,early_mover,Early Mover,138.585510358018,207.083298647646,1429.9465129683,312,5392,1113,4279
37,37,low,0.05,0.1,sequential,Sequential,137.218276758283,199.591215079506,1388.49568630326,315,5369,1285,4084
37,37,low,0.05,0.1,coordinated,Coordinated,141.539759970614,199.518725287655,1362.87449665172,314,5557,1374,4183
37,37,low,0.05,0.1,delayed_coordination,Delayed Coordination,135.996863976858,190.21801932646,1381.68296242375,302,5413,1276,4137
37,37,baseline,0.1,0.2,baseline,Baseline,120.995397386235,367.487287669611,2622.66849804464,73,1613,368,1245
37,37,baseline,0.1,0.2,early_mover,Early Mover,117.516855382807,275.443904869321,1946.33542987968,210,3677,968,2709
37,37,baseline,0.1,0.2,sequential,Sequential,115.410818834227,263.222249280135,1879.74183028804,231,3773,1035,2738
37,37,baseline,0.1,0.2,coordinated,Coordinated,116.744726998338,266.253992560534,1905.07836661321,228,3632,990,2642
37,37,baseline,0.1,0.2,delayed_coordination,Delayed Coordination,115.722756959546,268.851777891778,1883.33018653267,229,3738,1021,2717
37,37,high,0.2,0.4,baseline,Baseline,112.936955389011,413.740619389218,2872.5724141949,25,504,175,329
37,37,high,0.2,0.4,early_mover,Early Mover,98.3467517002445,361.205355428436,2592.35139141643,88,1401,564,837
37,37,high,0.2,0.4,sequential,Sequential,93.9761541224501,352.235943194806,2537.47555853119,95,1433,577,856
37,37,high,0.2,0.4,coordinated,Coordinated,94.0284026608997,351.349163453305,2519.70081687754,94,1511,532,979
37,37,high,0.2,0.4,delayed_coordination,Delayed Coordination,94.3511980895323,355.290227529259,2520.21594565632,95,1477,562,915
38,38,low,0.05,0.1,baseline,Baseline,133.781720282716,351.28088534895,2285.88923383943,124,2663,722,1941
38,38,low,0.05,0.1,early_mover,Early Mover,145.0316674431,216.511194630853,1344.68505141644,300,5085,1532,3553
38,38,low,0.05,0.1,sequential,Sequential,143.252928706455,211.603999414576,1319.0216314577,322,5103,1598,3505
38,38,low,0.05,0.1,coordinated,Coordinated,136.419063694371,225.84161528826,1408.34534629089,270,4624,1528,3096
38,38,low,0.05,0.1,delayed_coordination,Delayed Coordination,142.025642816811,213.228174296924,1321.25376815167,301,5092,1562,3530
38,38,baseline,0.1,0.2,baseline,Baseline,127.577206101062,377.630307914947,2433.66280019806,106,2075,698,1377
38,38,baseline,0.1,0.2,early_mover,Early Mover,119.566694187291,304.697612588866,1836.8599741115,212,3420,1203,2217
38,38,baseline,0.1,0.2,sequential,Sequential,120.661834630137,294.007586852754,1738.23570417538,237,3523,1251,2272
38,38,baseline,0.1,0.2,coordinated,Coordinated,119.402228955766,300.463825554451,1786.95600147747,226,3557,1214,2343
38,38,baseline,0.1,0.2,delayed_coordination,Delayed Coordination,121.793700416324,293.520116198464,1719.48065031468,229,3492,1221,2271
38,38,high,0.2,0.4,baseline,Baseline,113.158506816925,443.376999370288,2885.0849152606,2,39,19,20
38,38,high,0.2,0.4,early_mover,Early Mover,94.7681034026393,393.582692898095,2597.55530238958,70,927,335,592
38,38,high,0.2,0.4,sequential,Sequential,95.1269288407796,385.270334641987,2514.82015435547,86,1068,377,691
38,38,high,0.2,0.4,coordinated,Coordinated,94.6963786967735,391.216464532977,2518.30197994815,81,1136,386,750
38,38,high,0.2,0.4,delayed_coordination,Delayed Coordination,94.3010979187826,385.539188063004,2529.5213669222,83,1037,348,689
39,39,low,0.05,0.1,baseline,Baseline,130.157440261646,314.886094465743,2170.75224316069,158,3413,401,3012
39,39,low,0.05,0.1,early_mover,Early Mover,130.067851635563,192.604085574129,1380.49856122876,297,5482,1120,4362
39,39,low,0.05,0.1,sequential,Sequential,128.341553973958,180.146116316997,1326.88419341725,316,5601,1218,4383
39,39,low,0.05,0.1,coordinated,Coordinated,123.780649224085,188.120462839241,1363.1660433651,306,5341,1113,4228
39,39,low,0.05,0.1,delayed_coordination,Delayed Coordination,124.464461298954,184.202809551821,1378.90111304072,292,5456,1109,4347
39,39,baseline,0.1,0.2,baseline,Baseline,124.09745148445,349.706748933333,2385.84488505604,123,2552,466,2086
39,39,baseline,0.1,0.2,early_mover,Early Mover,119.909524840907,233.170911049493,1643.64385712784,272,4687,1154,3533
39,39,baseline,0.1,0.2,sequential,Sequential,116.322213704427,225.906552974351,1616.97320868304,245,4579,1166,3413
39,39,baseline,0.1,0.2,coordinated,Coordinated,110.575180390509,238.942935561754,1700.12843147033,268,4379,1142,3237
39,39,baseline,0.1,0.2,delayed_coordination,Delayed Coordination,117.960073854653,221.598702585887,1590.82890869075,262,4631,1156,3475
39,39,high,0.2,0.4,baseline,Baseline,110.352384162932,416.668066024789,2871.00752516147,32,613,189,424
39,39,high,0.2,0.4,early_mover,Early Mover,91.4206131072526,369.551919111448,2544.42811941231,95,1490,631,859
39,39,high,0.2,0.4,sequential,Sequential,88.1944178744114,373.321097458331,2522.89186556384,99,1539,645,894
39,39,high,0.2,0.4,coordinated,Coordinated,86.5453206318455,383.122225439227,2592.58434486671,87,1457,571,886
39,39,high,0.2,0.4,delayed_coordination,Delayed Coordination,89.6389792098363,363.052233005653,2494.63640326111,106,1631,680,951
40,40,low,0.05,0.1,baseline,Baseline,133.52798434292,310.657386890951,2312.83085450258,133,2807,645,2162
40,40,low,0.05,0.1,early_mover,Early Mover,141.797760399639,200.821226171553,1429.18416476177,291,5242,1350,3892
40,40,low,0.05,0.1,sequential,Sequential,134.887992220048,198.408515317541,1432.23198256576,311,5176,1403,3773
40,40,low,0.05,0.1,coordinated,Coordinated,135.257702775115,208.190937486572,1426.13305709597,300,5310,1418,3892
40,40,low,0.05,0.1,delayed_coordination,Delayed Coordination,137.19154530181,192.205193282649,1392.40198102843,309,5232,1376,3856
40,40,baseline,0.1,0.2,baseline,Baseline,123.819788928621,360.968161058056,2572.53020639491,95,1878,426,1452
40,40,baseline,0.1,0.2,early_mover,Early Mover,123.558538954213,254.059425718854,1758.80683192076,256,4087,958,3129
40,40,baseline,0.1,0.2,sequential,Sequential,119.501888572982,246.694804838266,1723.36709662898,258,4046,1044,3002
40,40,baseline,0.1,0.2,coordinated,Coordinated,117.25397593932,255.415351632177,1749.78919766207,268,3956,1007,2949
40,40,baseline,0.1,0.2,delayed_coordination,Delayed Coordination,118.667784344548,246.451859214319,1715.92837550753,269,4038,1009,3029
40,40,high,0.2,0.4,baseline,Baseline,112.931669756699,428.97880186305,2969.75125836659,14,268,141,127
40,40,high,0.2,0.4,early_mover,Early Mover,92.0625208499944,392.428583034446,2721.5235508644,50,844,378,466
40,40,high,0.2,0.4,sequential,Sequential,88.1343155208118,391.360015335212,2709.36331177558,48,810,359,451
40,40,high,0.2,0.4,coordinated,Coordinated,88.0747829800223,394.962127797284,2716.58530938121,54,956,340,616
40,40,high,0.2,0.4,delayed_coordination,Delayed Coordination,87.9676686314513,392.14020358374,2728.98951747034,42,808,351,457
41,41,low,0.05,0.1,baseline,Baseline,136.625613760388,340.490440253236,2347.74876204879,134,2906,497,2409
41,41,low,0.05,0.1,early_mover,Early Mover,147.712200332507,201.473465710051,1385.72053119516,310,5567,1547,4020
41,41,low,0.05,0.1,sequential,Sequential,142.570975934294,196.672140429641,1393.93134439835,310,5453,1540,3913
41,41,low,0.05,0.1,coordinated,Coordinated,146.36341634131,199.190480468511,1376.47759249409,315,5292,1576,3716
41,41,low,0.05,0.1,delayed_coordination,Delayed Coordination,146.410071068005,192.841840062142,1352.78188347672,307,5507,1603,3904
41,41,baseline,0.1,0.2,baseline,Baseline,125.096454364417,367.146473867274,2533.26219593657,102,2101,507,1594
41,41,baseline,0.1,0.2,early_mover,Early Mover,123.693398431525,271.863989755452,1804.42371158643,248,4190,1107,3083
41,41,baseline,0.1,0.2,sequential,Sequential,124.255493192566,266.847385300932,1754.61878242671,251,4140,1123,3017
41,41,baseline,0.1,0.2,coordinated,Coordinated,122.787220216572,263.213099143906,1817.09972701902,226,3994,1085,2909
41,41,baseline,0.1,0.2,delayed_coordination,Delayed Coordination,126.620298027422,254.126049837351,1666.65172719731,237,4241,1094,3147
41,41,high,0.2,0.4,baseline,Baseline,114.176046905066,443.664523564417,2914.86006412852,25,524,197,327
41,41,high,0.2,0.4,early_mover,Early Mover,95.0285288903127,403.907118659923,2648.99224387932,83,1387,457,930
41,41,high,0.2,0.4,sequential,Sequential,94.8256208791344,386.487623847717,2565.35033344592,109,1467,486,981
41,41,high,0.2,0.4,coordinated,Coordinated,90.2131974787919,403.424377384062,2680.62235187781,68,1195,367,828
41,41,high,0.2,0.4,delayed_coordination,Delayed Coordination,94.808671887033,387.217585675787,2577.22231688977,103,1496,478,1018
42,42,low,0.05,0.1,baseline,Baseline,133.714914953458,354.280078647579,2285.56838630494,131,2833,620,2213
42,42,low,0.05,0.1,early_mover,Early Mover,145.351542495107,190.266211609802,1325.34982828978,310,5324,1478,3846
42,42,low,0.05,0.1,sequential,Sequential,138.459129777753,219.909908656411,1363.43005153013,303,5173,1575,3598
42,42,low,0.05,0.1,coordinated,Coordinated,132.616945565812,211.614987461321,1418.22515397044,295,4888,1575,3313
42,42,low,0.05,0.1,delayed_coordination,Delayed Coordination,139.46791347581,201.950430693989,1345.52209238516,311,5222,1536,3686
42,42,baseline,0.1,0.2,baseline,Baseline,127.504293027151,369.163174821464,2425.67829103309,115,2254,671,1583
42,42,baseline,0.1,0.2,early_mover,Early Mover,122.820473982711,253.376209787905,1751.76421075873,253,4137,1200,2937
42,42,baseline,0.1,0.2,sequential,Sequential,115.330968669979,263.746294467847,1816.74701582196,207,3634,1134,2500
42,42,baseline,0.1,0.2,coordinated,Coordinated,116.482259744511,276.406184943323,1870.23689866511,223,3647,1104,2543
42,42,baseline,0.1,0.2,delayed_coordination,Delayed Coordination,115.439342254392,254.931478989715,1814.58243044983,192,3671,1148,2523
42,42,high,0.2,0.4,baseline,Baseline,113.461445869379,433.833716224301,2912.63798227387,16,325,148,177
42,42,high,0.2,0.4,early_mover,Early Mover,95.8925298156878,379.134014369376,2631.64041382006,78,1219,488,731
42,42,high,0.2,0.4,sequential,Sequential,92.2884536471949,372.92282382754,2597.55029844092,83,1269,506,763
42,42,high,0.2,0.4,coordinated,Coordinated,93.0980529390792,371.007477092223,2563.51453433955,80,1314,488,826
42,42,high,0.2,0.4,delayed_coordination,Delayed Coordination,91.3995311586908,377.905093403096,2604.4810578975,87,1252,497,755
43,43,low,0.05,0.1,baseline,Baseline,129.712254525578,315.084034823776,2182.36271985662,153,3339,461,2878
43,43,low,0.05,0.1,early_mover,Early Mover,137.580652739186,181.138958277479,1299.47547401216,330,5831,1372,4459
43,43,low,0.05,0.1,sequential,Sequential,133.955008288216,164.927316990778,1259.61658857616,334,5728,1453,4275
43,43,low,0.05,0.1,coordinated,Coordinated,135.083476665228,180.803070429378,1301.61683646484,317,5781,1406,4375
43,43,low,0.05,0.1,delayed_coordination,Delayed Coordination,136.551168543939,171.239015725779,1252.64467123479,325,5853,1472,4381
43,43,baseline,0.1,0.2,baseline,Baseline,122.103532834207,354.874177332574,2431.87942593581,114,2383,577,1806
43,43,baseline,0.1,0.2,early_mover,Early Mover,119.711034198337,247.214783002907,1649.8527003769,284,4531,1193,3338
43,43,baseline,0.1,0.2,sequential,Sequential,118.713691408208,238.421491821186,1591.78894829012,285,4582,1285,3297
43,43,baseline,0.1,0.2,coordinated,Coordinated,116.872683544186,243.023285015984,1637.37106051674,281,4467,1201,3266
43,43,baseline,0.1,0.2,delayed_coordination,Delayed Coordination,117.154097627006,248.05779400645,1593.59500626329,283,4575,1201,3374
43,43,high,0.2,0.4,baseline,Baseline,107.234595305926,446.063383873562,2962.20033906832,9,167,77,90
43,43,high,0.2,0.4,early_mover,Early Mover,93.0181598515481,383.446462852584,2536.92708162317,93,1406,555,851
43,43,high,0.2,0.4,sequential,Sequential,90.3603837287712,377.519101098935,2446.94974553857,122,1546,575,971
43,43,high,0.2,0.4,coordinated,Coordinated,84.5345518502807,403.785482681436,2622.44094637202,72,1187,426,761
43,43,high,0.2,0.4,delayed_coordination,Delayed Coordination,89.45507467669,379.990718622697,2479.37459465777,111,1526,565,961
44,44,low,0.05,0.1,baseline,Baseline,132.339592281881,338.922216139341,2292.41101071876,134,2923,638,2285
44,44,low,0.05,0.1,early_mover,Early Mover,137.52089774522,204.163286023805,1488.97110874942,296,5360,1406,3954
44,44,low,0.05,0.1,sequential,Sequential,136.872762220583,195.999200540766,1417.3787620998,318,5497,1492,4005
44,44,low,0.05,0.1,coordinated,Coordinated,132.827290709782,201.656698810256,1493.33647449882,307,5210,1442,3768
44,44,low,0.05,0.1,delayed_coordination,Delayed Coordination,136.485092156675,199.334811124803,1432.39186734218,313,5413,1462,3951
44,44,baseline,0.1,0.2,baseline,Baseline,124.299708475963,360.445373311897,2496.21071910777,108,2074,561,1513
44,44,baseline,0.1,0.2,early_mover,Early Mover,118.983745353967,272.136533593999,1845.73278599103,226,3753,1078,2675
44,44,baseline,0.1,0.2,sequential,Sequential,113.516670984987,268.239825726587,1847.81934951339,233,3712,1128,2584
44,44,baseline,0.1,0.2,coordinated,Coordinated,118.68321824962,257.963832083336,1771.51369862946,249,4071,1165,2906
44,44,baseline,0.1,0.2,delayed_coordination,Delayed Coordination,114.189259623171,270.576656354259,1839.77552023401,225,3728,1106,2622
44,44,high,0.2,0.4,baseline,Baseline,111.074734642064,432.963516505513,2954.81362190508,11,220,83,137
44,44,high,0.2,0.4,early_mover,Early Mover,93.6863209455387,389.902076207797,2670.94343683604,72,1150,430,720
44,44,high,0.2,0.4,sequential,Sequential,90.5471636304136,386.882181948774,2636.89256412504,73,1168,429,739
44,44,high,0.2,0.4,coordinated,Coordinated,87.5633551673162,387.465891779589,2700.99683529913,59,1069,376,693
44,44,high,0.2,0.4,delayed_coordination,Delayed Coordination,91.4039404058813,379.915388098069,2613.67038286526,85,1262,448,814
45,45,low,0.05,0.1,baseline,Baseline,136.04003392412,365.291954677722,2321.61885760684,146,3015,643,2372
45,45,low,0.05,0.1,early_mover,Early Mover,141.35405291313,234.130884735397,1365.43192968906,295,5317,1333,3984
45,45,low,0.05,0.1,sequential,Sequential,132.840351124155,241.954623414742,1386.90874272202,283,5217,1376,3841
45,45,low,0.05,0.1,coordinated,Coordinated,128.672278397464,228.813690440169,1468.90064495592,288,4988,1331,3657
45,45,low,0.05,0.1,delayed_coordination,Delayed Coordination,131.529275432655,245.986363316955,1394.69164196535,285,5198,1329,3869
45,45,baseline,0.1,0.2,baseline,Baseline,124.759221726618,378.385170862158,2569.29021130521,98,1979,480,1499
45,45,baseline,0.1,0.2,early_mover,Early Mover,121.637058915049,256.819313959445,1800.67429178137,248,4044,1138,2906
45,45,baseline,0.1,0.2,sequential,Sequential,116.190548729353,261.871110014759,1760.39661068923,247,4039,1134,2905
45,45,baseline,0.1,0.2,coordinated,Coordinated,114.600380634453,275.149191991674,1793.78494615451,260,4121,1142,2979
45,45,baseline,0.1,0.2,delayed_coordination,Delayed Coordination,118.472213599389,256.701461859219,1716.73780777395,261,4132,1142,2990
45,45,high,0.2,0.4,baseline,Baseline,114.889631579896,427.827483486943,2917.02752464787,28,576,220,356
45,45,high,0.2,0.4,early_mover,Early Mover,93.6005909982088,400.562829215779,2645.15766600088,73,1261,552,709
45,45,high,0.2,0.4,sequential,Sequential,90.9448757538792,391.862199000564,2588.86444714784,92,1393,575,818
45,45,high,0.2,0.4,coordinated,Coordinated,89.3496349412358,386.22583559626,2629.02711902964,91,1406,498,908
45,45,high,0.2,0.4,delayed_coordination,Delayed Coordination,90.2020801039312,389.572571102702,2597.79896242316,93,1397,557,840
46,46,low,0.05,0.1,baseline,Baseline,132.548627574527,319.995499554672,2227.32067530841,138,3002,713,2289
46,46,low,0.05,0.1,early_mover,Early Mover,139.597519467785,192.378850213042,1383.54624886114,313,5399,1342,4057
46,46,low,0.05,0.1,sequential,Sequential,138.677875733266,188.285177758035,1334.17350095857,320,5409,1395,4014
46,46,low,0.05,0.1,coordinated,Coordinated,134.527340272118,190.581568742538,1418.55941671879,301,5132,1453,3679
46,46,low,0.05,0.1,delayed_coordination,Delayed Coordination,136.217785685616,193.697012279285,1362.0584584589,301,5297,1399,3898
46,46,baseline,0.1,0.2,baseline,Baseline,123.914326956905,368.616702472674,2520.61889905657,98,2038,527,1511
46,46,baseline,0.1,0.2,early_mover,Early Mover,121.010489945205,276.675703939022,1787.09841529763,246,4072,1017,3055
46,46,baseline,0.1,0.2,sequential,Sequential,121.816462086298,255.875952752415,1670.63567140728,275,4158,1129,3029
46,46,baseline,0.1,0.2,coordinated,Coordinated,114.351191599712,287.494123201867,1875.48425064708,225,3854,1084,2770
46,46,baseline,0.1,0.2,delayed_coordination,Delayed Coordination,120.144672595488,265.202443165473,1713.60005045532,263,4118,1120,2998
46,46,high,0.2,0.4,baseline,Baseline,113.11424789084,415.754274618515,2880.9255400676,23,413,185,228
46,46,high,0.2,0.4,early_mover,Early Mover,93.559533538122,377.562170704477,2622.41258049488,69,1139,455,684
46,46,high,0.2,0.4,sequential,Sequential,92.9310801428689,367.94139722752,2544.52243780995,87,1249,466,783
46,46,high,0.2,0.4,coordinated,Coordinated,92.5566647143634,369.296366595304,2558.91690957446,90,1409,472,937
46,46,high,0.2,0.4,delayed_coordination,Delayed Coordination,93.6821263828881,365.448672804207,2535.06112306302,93,1308,487,821
47,47,low,0.05,0.1,baseline,Baseline,131.181909146549,297.18622932985,2220.12030150639,149,3175,559,2616
47,47,low,0.05,0.1,early_mover,Early Mover,146.237354363007,184.690003164549,1308.36278252487,322,5779,1330,4449
47,47,low,0.05,0.1,sequential,Sequential,140.534299797066,188.87145513037,1263.54370835621,324,5613,1409,4204
47,47,low,0.05,0.1,coordinated,Coordinated,134.092233027435,186.42282078064,1337.61667616214,315,5395,1393,4002
47,47,low,0.05,0.1,delayed_coordination,Delayed Coordination,140.770679035127,178.634217453745,1261.47324961821,309,5656,1379,4277
47,47,baseline,0.1,0.2,baseline,Baseline,123.169355189242,337.108112885398,2485.14014823711,107,2125,550,1575
47,47,baseline,0.1,0.2,early_mover,Early Mover,127.142123964936,218.884634912414,1683.11292711107,271,4553,1111,3442
47,47,baseline,0.1,0.2,sequential,Sequential,125.45050841985,220.089112319239,1591.18173558539,292,4607,1195,3412
47,47,baseline,0.1,0.2,coordinated,Coordinated,118.509253516782,238.436662813351,1693.21702918893,266,4337,1149,3188
47,47,baseline,0.1,0.2,delayed_coordination,Delayed Coordination,126.060737500913,225.125576902314,1600.05676438774,278,4560,1158,3402
47,47,high,0.2,0.4,baseline,Baseline,110.0550521404,414.230913324495,2955.13254057329,15,292,104,188
47,47,high,0.2,0.4,early_mover,Early Mover,94.1593930728421,373.517393905529,2662.45031012196,71,1155,459,696
47,47,high,0.2,0.4,sequential,Sequential,90.756488952035,366.254612187579,2605.97708464119,86,1255,478,777
47,47,high,0.2,0.4,coordinated,Coordinated,90.3747894266275,367.393694558465,2575.76469046729,94,1456,502,954
47,47,high,0.2,0.4,delayed_coordination,Delayed Coordination,91.306819804014,362.873720115942,2582.48517341388,90,1300,486,814
48,48,low,0.05,0.1,baseline,Baseline,132.166518690229,330.020940493764,2255.8045768476,144,2978,585,2393
48,48,low,0.05,0.1,early_mover,Early Mover,131.497067815916,215.548832745057,1485.85062274431,294,5109,1327,3782
48,48,low,0.05,0.1,sequential,Sequential,132.754059734479,207.738145124208,1377.14048014667,311,5192,1335,3857
48,48,low,0.05,0.1,coordinated,Coordinated,133.083652566613,240.033226414993,1479.05843306844,296,4948,1345,3603
48,48,low,0.05,0.1,delayed_coordination,Delayed Coordination,128.526721780455,216.010630732104,1443.34313940189,284,5051,1300,3751
48,48,baseline,0.1,0.2,baseline,Baseline,122.10791954081,374.821510868769,2590.74409504504,90,1823,612,1211
48,48,baseline,0.1,0.2,early_mover,Early Mover,117.487549335315,267.020678157038,1807.81414657243,249,3959,1119,2840
48,48,baseline,0.1,0.2,sequential,Sequential,112.795557615179,277.644850793231,1812.63944758717,229,3718,1069,2649
48,48,baseline,0.1,0.2,coordinated,Coordinated,110.66989101277,294.723081361617,1903.6391212238,167,3279,976,2303
48,48,baseline,0.1,0.2,delayed_coordination,Delayed Coordination,115.944208266786,265.556975137101,1760.26607520725,241,3889,1094,2795
48,48,high,0.2,0.4,baseline,Baseline,112.914980489435,431.702776330489,2920.90977883781,26,481,195,286
48,48,high,0.2,0.4,early_mover,Early Mover,93.4794531270756,396.18442557472,2651.06125856564,85,1253,538,715
48,48,high,0.2,0.4,sequential,Sequential,91.1010154792183,387.937079900321,2581.24244043188,94,1309,522,787
48,48,high,0.2,0.4,coordinated,Coordinated,90.7766668944837,401.899866579085,2614.64818165499,89,1307,478,829
48,48,high,0.2,0.4,delayed_coordination,Delayed Coordination,90.6529032041022,394.714781313483,2602.95265664026,87,1286,525,761
49,49,low,0.05,0.1,baseline,Baseline,132.742261052361,301.493607533021,2169.6134229949,146,3055,629,2426
49,49,low,0.05,0.1,early_mover,Early Mover,138.238934539627,193.002294767549,1391.81759728805,286,5425,1210,4215
49,49,low,0.05,0.1,sequential,Sequential,138.3412422402,178.625318838103,1310.14835675176,317,5586,1350,4236
49,49,low,0.05,0.1,coordinated,Coordinated,132.104643834294,197.846500840548,1373.42144997962,325,5390,1462,3928
49,49,low,0.05,0.1,delayed_coordination,Delayed Coordination,135.494764703409,181.041969948509,1319.39666695336,313,5540,1296,4244
49,49,baseline,0.1,0.2,baseline,Baseline,125.5455032382,315.655058958907,2404.0907749784,123,2309,647,1662
49,49,baseline,0.1,0.2,early_mover,Early Mover,118.178785206819,265.732453191793,1855.29890168288,206,3663,1056,2607
49,49,baseline,0.1,0.2,sequential,Sequential,114.307342994956,261.564893495406,1816.57155893332,196,3600,1070,2530
49,49,baseline,0.1,0.2,coordinated,Coordinated,113.965492017137,260.135717756227,1819.87194780833,220,3849,1114,2735
49,49,baseline,0.1,0.2,delayed_coordination,Delayed Coordination,113.974971560088,262.129885741438,1850.07633213151,201,3676,1076,2600
49,49,high,0.2,0.4,baseline,Baseline,111.246544005491,409.268333590897,2882.02092065804,17,333,149,184
49,49,high,0.2,0.4,early_mover,Early Mover,90.964023502418,379.016220335576,2654.40429600179,59,943,422,521
49,49,high,0.2,0.4,sequential,Sequential,87.9303862991864,374.929255221925,2636.68731932349,63,965,443,522
49,49,high,0.2,0.4,coordinated,Coordinated,90.622458598157,373.162059329947,2565.04855835042,79,1269,513,756
49,49,high,0.2,0.4,delayed_coordination,Delayed Coordination,88.155035351973,366.737437774535,2609.31320768822,75,997,450,547
50,50,low,0.05,0.1,baseline,Baseline,133.725662097767,302.458232728454,2241.29111780957,145,3071,707,2364
50,50,low,0.05,0.1,early_mover,Early Mover,134.490384604821,204.094180858985,1540.66688868922,261,4892,1504,3388
50,50,low,0.05,0.1,sequential,Sequential,135.892894589706,194.958994482696,1442.48593531546,308,5125,1500,3625
50,50,low,0.05,0.1,coordinated,Coordinated,131.764068525724,202.179735539949,1499.25714669309,292,4886,1569,3317
50,50,low,0.05,0.1,delayed_coordination,Delayed Coordination,129.652816412906,200.720435822232,1533.06578410193,271,4866,1485,3381
50,50,baseline,0.1,0.2,baseline,Baseline,126.293308402581,350.200206957506,2478.55805462828,111,2189,608,1581
50,50,baseline,0.1,0.2,early_mover,Early Mover,122.369788736546,239.172039261039,1808.3326537051,257,4066,1221,2845
50,50,baseline,0.1,0.2,sequential,Sequential,119.161743912052,236.019391218585,1790.88186547102,259,4015,1264,2751
50,50,baseline,0.1,0.2,coordinated,Coordinated,116.340295494206,247.015700788197,1887.65145963191,239,3854,1239,2615
50,50,baseline,0.1,0.2,delayed_coordination,Delayed Coordination,120.296298733159,229.332562238895,1761.0047411114,271,4058,1234,2824
50,50,high,0.2,0.4,baseline,Baseline,111.623618634612,416.122802926695,2982.38026183289,8,174,84,90
50,50,high,0.2,0.4,early_mover,Early Mover,97.130833869542,362.825612659818,2632.48242586717,79,1177,458,719
50,50,high,0.2,0.4,sequential,Sequential,95.3353087876447,360.349173889615,2610.46845087706,82,1221,466,755
50,50,high,0.2,0.4,coordinated,Coordinated,93.5183210987346,367.395744987584,2624.31502694891,72,1222,495,727
50,50,high,0.2,0.4,delayed_coordination,Delayed Coordination,95.4583538190601,358.743291144141,2594.27971622987,86,1268,472,796
51,51,low,0.05,0.1,baseline,Baseline,129.875018279251,342.196143747263,2258.1192111701,150,3205,600,2605
51,51,low,0.05,0.1,early_mover,Early Mover,143.786612016241,197.62664113076,1313.00286714358,331,5906,1417,4489
51,51,low,0.05,0.1,sequential,Sequential,141.393624710718,181.336685371204,1221.77073688523,336,5957,1633,4324
51,51,low,0.05,0.1,coordinated,Coordinated,134.959583318088,201.622294921468,1342.19230895097,311,5626,1628,3998
51,51,low,0.05,0.1,delayed_coordination,Delayed Coordination,140.137085124312,190.680907485088,1244.01584404883,353,5949,1593,4356
51,51,baseline,0.1,0.2,baseline,Baseline,121.398304223386,381.822678488842,2567.41180017882,99,2018,549,1469
51,51,baseline,0.1,0.2,early_mover,Early Mover,115.664347949662,263.80541015241,1892.52175571234,230,3903,1097,2806
51,51,baseline,0.1,0.2,sequential,Sequential,114.466270368739,241.525264663135,1836.77265615292,233,3870,1118,2752
51,51,baseline,0.1,0.2,coordinated,Coordinated,123.500281056134,216.085908535556,1652.92152826777,291,4513,1215,3298
51,51,baseline,0.1,0.2,delayed_coordination,Delayed Coordination,114.856762525779,241.45308781169,1824.19115917075,249,3968,1114,2854
51,51,high,0.2,0.4,baseline,Baseline,109.751658670813,463.783159025981,3009.84724085138,15,297,116,181
51,51,high,0.2,0.4,early_mover,Early Mover,92.7176080517567,404.339274154056,2670.37995748151,75,1234,472,762
51,51,high,0.2,0.4,sequential,Sequential,90.0959122081498,394.80673981682,2618.17194657864,78,1286,463,823
51,51,high,0.2,0.4,coordinated,Coordinated,88.9806708144673,399.094411271479,2649.24867207652,77,1271,453,818
51,51,high,0.2,0.4,delayed_coordination,Delayed Coordination,89.1402934772196,394.35497799048,2626.89686157978,75,1281,452,829
52,52,low,0.05,0.1,baseline,Baseline,135.219423067957,320.840324478737,2232.65966747855,147,3079,542,2537
52,52,low,0.05,0.1,early_mover,Early Mover,137.997599737962,212.437274864222,1439.00956370264,299,5197,1380,3817
52,52,low,0.05,0.1,sequential,Sequential,135.710134693357,205.464320345765,1369.55032836645,310,5185,1426,3759
52,52,low,0.05,0.1,coordinated,Coordinated,134.158580630955,203.596724976927,1485.1603770253,289,5131,1446,3685
52,52,low,0.05,0.1,delayed_coordination,Delayed Coordination,136.457655972723,207.079540498203,1361.87543834312,308,5211,1421,3790
52,52,baseline,0.1,0.2,baseline,Baseline,127.705157333736,369.28361146561,2468.09164463911,114,2296,549,1747
52,52,baseline,0.1,0.2,early_mover,Early Mover,120.584459259205,266.316376094104,1873.87189393694,221,3904,1131,2773
52,52,baseline,0.1,0.2,sequential,Sequential,116.096765759717,276.410658426555,1873.11475983201,213,3760,1128,2632
52,52,baseline,0.1,0.2,coordinated,Coordinated,113.358121601418,283.298483816298,1894.52618187503,207,3461,1024,2437
52,52,baseline,0.1,0.2,delayed_coordination,Delayed Coordination,116.842997862579,267.227780335469,1848.08020132544,216,3800,1148,2652
52,52,high,0.2,0.4,baseline,Baseline,111.939533925668,441.038357594768,2948.36058645384,9,216,103,113
52,52,high,0.2,0.4,early_mover,Early Mover,97.4923222071955,405.049998024422,2583.63750359132,75,1275,474,801
52,52,high,0.2,0.4,sequential,Sequential,94.7330552953318,406.238775134652,2547.14630687238,79,1275,496,779
52,52,high,0.2,0.4,coordinated,Coordinated,90.8539457883234,409.649399327266,2597.22646134182,70,1119,410,709
52,52,high,0.2,0.4,delayed_coordination,Delayed Coordination,93.623658213734,399.940178887928,2547.88356142168,79,1300,474,826
53,53,low,0.05,0.1,baseline,Baseline,130.176964727338,298.719157360559,2099.13668108455,159,3439,478,2961
53,53,low,0.05,0.1,early_mover,Early Mover,139.663136331905,171.425460598811,1253.64522441004,338,5841,1268,4573
53,53,low,0.05,0.1,sequential,Sequential,136.29106850461,171.05897170542,1242.4096500871,346,5880,1327,4553
53,53,low,0.05,0.1,coordinated,Coordinated,130.155741882835,185.014005554705,1350.55059041102,319,5716,1248,4468
53,53,low,0.05,0.1,delayed_coordination,Delayed Coordination,134.046388366899,169.330316761152,1269.01250448607,328,5762,1262,4500
53,53,baseline,0.1,0.2,baseline,Baseline,121.943142381239,346.688670172948,2387.7162702576,115,2381,575,1806
53,53,baseline,0.1,0.2,early_mover,Early Mover,116.335214380135,226.848272156861,1697.06174588647,272,4200,1098,3102
53,53,baseline,0.1,0.2,sequential,Sequential,116.744884164052,223.714161652761,1676.84573020927,267,4324,1140,3184
53,53,baseline,0.1,0.2,coordinated,Coordinated,115.721497113707,224.263263417752,1620.21595873503,282,4445,1124,3321
53,53,baseline,0.1,0.2,delayed_coordination,Delayed Coordination,114.349866929065,227.487918344182,1717.52722622941,256,4215,1102,3113
53,53,high,0.2,0.4,baseline,Baseline,109.245637773246,417.508485661865,2843.06786423754,26,497,240,257
53,53,high,0.2,0.4,early_mover,Early Mover,94.1537328302856,377.236763836778,2500.91414573722,91,1433,604,829
53,53,high,0.2,0.4,sequential,Sequential,91.354340159456,368.831175648662,2459.98225475945,102,1484,612,872
53,53,high,0.2,0.4,coordinated,Coordinated,93.8966909278504,360.071909358753,2417.07936552042,114,1754,638,1116
53,53,high,0.2,0.4,delayed_coordination,Delayed Coordination,92.2293041403804,366.255970950204,2443.95239863718,104,1526,625,901
54,54,low,0.05,0.1,baseline,Baseline,133.288168114737,293.497029319695,2204.81696005189,149,3215,594,2621
54,54,low,0.05,0.1,early_mover,Early Mover,144.36044224152,186.056000514925,1298.90900074657,313,5655,1379,4276
54,54,low,0.05,0.1,sequential,Sequential,137.759998943255,174.603771440515,1248.05176344795,338,5625,1503,4122
54,54,low,0.05,0.1,coordinated,Coordinated,133.166644341844,199.531177508905,1309.35354263987,304,5136,1450,3686
54,54,low,0.05,0.1,delayed_coordination,Delayed Coordination,136.91773865946,180.229176411988,1269.15948135949,336,5589,1450,4139
54,54,baseline,0.1,0.2,baseline,Baseline,124.588828871826,357.889736470548,2511.14128804655,113,2153,727,1426
54,54,baseline,0.1,0.2,early_mover,Early Mover,120.871824509912,254.731709865038,1747.5986111225,223,4182,1081,3101
54,54,baseline,0.1,0.2,sequential,Sequential,118.644488544794,237.566073085591,1611.62444097235,257,4345,1187,3158
54,54,baseline,0.1,0.2,coordinated,Coordinated,116.524304864817,253.116889969779,1710.49940989696,251,4093,1200,2893
54,54,baseline,0.1,0.2,delayed_coordination,Delayed Coordination,115.477175784629,245.861281822907,1696.54641224306,224,4100,1087,3013
54,54,high,0.2,0.4,baseline,Baseline,111.065695136431,422.147970382695,2957.68068439799,19,332,139,193
54,54,high,0.2,0.4,early_mover,Early Mover,93.4620261794281,369.554648141206,2647.82132481972,82,1329,461,868
54,54,high,0.2,0.4,sequential,Sequential,88.8226415404813,370.973703548546,2625.75337712193,79,1298,472,826
54,54,high,0.2,0.4,coordinated,Coordinated,90.6050413958766,370.593746149951,2570.17166007275,95,1405,505,900
54,54,high,0.2,0.4,delayed_coordination,Delayed Coordination,88.9932283438382,365.379477510417,2608.7698104104,92,1361,482,879
55,55,low,0.05,0.1,baseline,Baseline,134.018824740018,331.448880397085,2268.33863360382,140,2965,666,2299
55,55,low,0.05,0.1,early_mover,Early Mover,137.778235685555,194.556437459984,1395.98296439272,320,5480,1532,3948
55,55,low,0.05,0.1,sequential,Sequential,134.925245209869,190.042122636049,1329.06026746606,315,5515,1592,3923
55,55,low,0.05,0.1,coordinated,Coordinated,134.4271660397,237.435720986847,1419.39720626897,287,5080,1589,3491
55,55,low,0.05,0.1,delayed_coordination,Delayed Coordination,138.359433255138,192.530707706092,1320.5421505685,301,5475,1639,3836
55,55,baseline,0.1,0.2,baseline,Baseline,125.591206911265,364.572262315941,2522.15984650322,104,1997,650,1347
55,55,baseline,0.1,0.2,early_mover,Early Mover,124.731509417373,245.30085273305,1697.51207577012,255,4314,1277,3037
55,55,baseline,0.1,0.2,sequential,Sequential,123.231669913194,239.433389920727,1622.6802813665,290,4389,1321,3068
55,55,baseline,0.1,0.2,coordinated,Coordinated,121.796305420194,255.022661273267,1671.50833383638,280,4245,1252,2993
55,55,baseline,0.1,0.2,delayed_coordination,Delayed Coordination,123.831483757056,231.056643659542,1603.16694639628,279,4446,1291,3155
55,55,high,0.2,0.4,baseline,Baseline,113.961714713385,420.360053235275,2909.11804272087,25,487,157,330
55,55,high,0.2,0.4,early_mover,Early Mover,93.7990555853729,399.869466239448,2678.87421274283,71,1145,424,721
55,55,high,0.2,0.4,sequential,Sequential,91.8455295043895,373.820498246259,2556.86678129248,93,1292,442,850
55,55,high,0.2,0.4,coordinated,Coordinated,89.836079529465,375.593274861798,2632.62252998128,75,1209,361,848
55,55,high,0.2,0.4,delayed_coordination,Delayed Coordination,93.5186000323403,366.218758964582,2514.7342855399,111,1372,446,926
56,56,low,0.05,0.1,baseline,Baseline,132.157164253173,326.235302139566,2202.87263880323,155,3160,562,2598
56,56,low,0.05,0.1,early_mover,Early Mover,135.311397536281,218.395705285087,1430.90473330688,303,5367,1234,4133
56,56,low,0.05,0.1,sequential,Sequential,129.081598215962,226.178539802155,1420.98528109739,297,5248,1332,3916
56,56,low,0.05,0.1,coordinated,Coordinated,121.008385318247,249.095752829703,1560.76896199227,273,4832,1264,3568
56,56,low,0.05,0.1,delayed_coordination,Delayed Coordination,133.608111071124,207.519778233074,1331.37701735887,320,5445,1322,4123
56,56,baseline,0.1,0.2,baseline,Baseline,124.548312553382,363.304036232974,2442.58528145174,113,2297,621,1676
56,56,baseline,0.1,0.2,early_mover,Early Mover,111.997897749039,312.372828820699,1989.04784748551,194,3344,1121,2223
56,56,baseline,0.1,0.2,sequential,Sequential,107.163134035311,307.471100420889,1959.18151551147,183,3174,1077,2097
56,56,baseline,0.1,0.2,coordinated,Coordinated,106.757970279647,311.246412713022,1999.83402191748,186,3284,1048,2236
56,56,baseline,0.1,0.2,delayed_coordination,Delayed Coordination,107.198395392882,307.758264391766,1980.6193548954,180,3159,1058,2101
56,56,high,0.2,0.4,baseline,Baseline,111.368427888908,434.248628696488,2902.06278222277,17,324,159,165
56,56,high,0.2,0.4,early_mover,Early Mover,88.670134998088,406.723727342123,2708.53446063715,50,935,424,511
56,56,high,0.2,0.4,sequential,Sequential,85.8623692544844,398.734684753673,2671.21284731188,58,986,446,540
56,56,high,0.2,0.4,coordinated,Coordinated,87.3141059843365,397.327813739845,2671.6883631377,49,970,446,524
56,56,high,0.2,0.4,delayed_coordination,Delayed Coordination,85.4813797391415,399.382136786676,2688.71188756191,48,954,432,522
57,57,low,0.05,0.1,baseline,Baseline,133.436177604949,343.806731854052,2288.09683272957,137,3057,508,2549
57,57,low,0.05,0.1,early_mover,Early Mover,143.024575837598,202.87345913895,1363.0103229472,313,5566,1319,4247
57,57,low,0.05,0.1,sequential,Sequential,137.064563864314,199.65700616234,1355.4496881382,302,5393,1398,3995
57,57,low,0.05,0.1,coordinated,Coordinated,137.281642090672,194.427597242719,1362.38553207081,306,5189,1465,3724
57,57,low,0.05,0.1,delayed_coordination,Delayed Coordination,139.022110371389,193.673061698515,1344.24460481161,302,5427,1427,4000
57,57,baseline,0.1,0.2,baseline,Baseline,126.141976716695,381.660266349182,2474.53264964,115,2313,470,1843
57,57,baseline,0.1,0.2,early_mover,Early Mover,122.941740219548,278.534053895906,1760.65692771639,254,4208,1118,3090
57,57,baseline,0.1,0.2,sequential,Sequential,122.025885465516,249.206467415775,1662.28719807723,271,4328,1201,3127
57,57,baseline,0.1,0.2,coordinated,Coordinated,121.832098792421,248.401730422892,1685.10443028838,278,4360,1223,3137
57,57,baseline,0.1,0.2,delayed_coordination,Delayed Coordination,122.582490890687,260.659943171863,1641.2604203553,275,4399,1172,3227
57,57,high,0.2,0.4,baseline,Baseline,112.706570518795,437.085384180202,2919.56597847569,26,498,196,302
57,57,high,0.2,0.4,early_mover,Early Mover,91.9044395593973,391.915150475832,2698.92556266984,59,1022,371,651
57,57,high,0.2,0.4,sequential,Sequential,88.1225219062845,396.403160091268,2686.55784870552,53,1003,368,635
57,57,high,0.2,0.4,coordinated,Coordinated,89.8858570752463,398.404534185676,2666.77730621712,73,1255,376,879
57,57,high,0.2,0.4,delayed_coordination,Delayed Coordination,87.8448643438091,393.754371715955,2700.08423747238,55,973,348,625
58,58,low,0.05,0.1,baseline,Baseline,133.072505086737,308.985242240799,2261.78089291778,144,3055,687,2368
58,58,low,0.05,0.1,early_mover,Early Mover,132.797679333149,196.014078124687,1434.12289580463,297,5382,1375,4007
58,58,low,0.05,0.1,sequential,Sequential,136.181487772229,170.666108673526,1315.33308771462,314,5484,1454,4030
58,58,low,0.05,0.1,coordinated,Coordinated,133.849816018259,183.244285131865,1404.74568552684,300,5404,1520,3884
58,58,low,0.05,0.1,delayed_coordination,Delayed Coordination,134.531882384715,176.089750000397,1345.1311432016,315,5485,1452,4033
58,58,baseline,0.1,0.2,baseline,Baseline,124.668455530396,347.798210249246,2480.97145333531,104,2125,462,1663
58,58,baseline,0.1,0.2,early_mover,Early Mover,122.231763887987,229.877834454465,1678.71945509008,248,4469,1047,3422
58,58,baseline,0.1,0.2,sequential,Sequential,120.455045289273,215.635157961391,1588.01780555195,262,4518,1139,3379
58,58,baseline,0.1,0.2,coordinated,Coordinated,120.287723720729,227.540364330766,1634.53927398229,273,4469,1083,3386
58,58,baseline,0.1,0.2,delayed_coordination,Delayed Coordination,119.745139411581,222.311045230974,1603.63629461614,270,4543,1149,3394
58,58,high,0.2,0.4,baseline,Baseline,111.422991687159,432.125176419636,2931.13094801554,18,333,159,174
58,58,high,0.2,0.4,early_mover,Early Mover,95.277177999121,378.27594724449,2592.53752180497,89,1353,495,858
58,58,high,0.2,0.4,sequential,Sequential,92.8099978479716,368.332302478974,2516.71483653727,114,1457,546,911
58,58,high,0.2,0.4,coordinated,Coordinated,90.4715673254999,372.711442064826,2572.84045993055,96,1490,487,1003
58,58,high,0.2,0.4,delayed_coordination,Delayed Coordination,92.1158719838646,370.077968813257,2533.65713126405,98,1465,501,964
59,59,low,0.05,0.1,baseline,Baseline,133.216225570657,298.693938647481,2103.89434160249,165,3546,647,2899
59,59,low,0.05,0.1,early_mover,Early Mover,135.81248556231,192.166921151854,1305.64343078123,332,5781,1414,4367
59,59,low,0.05,0.1,sequential,Sequential,132.886882446808,185.768019684961,1288.24233663789,328,5668,1501,4167
59,59,low,0.05,0.1,coordinated,Coordinated,134.894752677989,187.441502119758,1313.68105209178,318,5503,1501,4002
59,59,low,0.05,0.1,delayed_coordination,Delayed Coordination,135.513463552872,181.160802464992,1263.06336021522,336,5713,1508,4205
59,59,baseline,0.1,0.2,baseline,Baseline,123.239344067742,359.915174216756,2395.31713185643,122,2429,570,1859
59,59,baseline,0.1,0.2,early_mover,Early Mover,120.391921412271,242.112821428552,1691.60954701447,271,4279,1213,3066
59,59,baseline,0.1,0.2,sequential,Sequential,121.72493178895,215.695518544416,1575.0000839833,280,4274,1393,2881
59,59,baseline,0.1,0.2,coordinated,Coordinated,123.657947285998,231.601527693443,1608.13108066154,271,4324,1398,2926
59,59,baseline,0.1,0.2,delayed_coordination,Delayed Coordination,117.166351423763,222.68400029307,1610.24527216016,267,4252,1276,2976
59,59,high,0.2,0.4,baseline,Baseline,109.701023316438,407.131523077622,2845.15814123563,28,532,183,349
59,59,high,0.2,0.4,early_mover,Early Mover,94.1741883288719,370.890500149006,2535.30868894597,89,1487,568,919
59,59,high,0.2,0.4,sequential,Sequential,92.6590005868194,354.192416704841,2470.40430472536,109,1603,603,1000
59,59,high,0.2,0.4,coordinated,Coordinated,91.9709211666927,340.967215325916,2475.91867320952,96,1652,591,1061
59,59,high,0.2,0.4,delayed_coordination,Delayed Coordination,91.3681382745913,363.940819984458,2485.58568735366,107,1598,591,1007
60,60,low,0.05,0.1,baseline,Baseline,130.956171160283,319.826210379854,2234.95120210904,152,3288,433,2855
60,60,low,0.05,0.1,early_mover,Early Mover,134.847898056115,224.281406342797,1431.00577563246,309,5544,1416,4128
60,60,low,0.05,0.1,sequential,Sequential,130.073828853997,216.276360395963,1370.68615052603,315,5465,1521,3944
60,60,low,0.05,0.1,coordinated,Coordinated,129.696554302486,209.507766490741,1412.32303204422,325,5324,1462,3862
60,60,low,0.05,0.1,delayed_coordination,Delayed Coordination,132.165274611272,223.578880667806,1394.50599700571,302,5394,1462,3932
60,60,baseline,0.1,0.2,baseline,Baseline,121.214190982886,374.836436712824,2552.32998897754,102,2118,472,1646
60,60,baseline,0.1,0.2,early_mover,Early Mover,119.076287779493,254.073908821125,1743.65934580523,264,4338,1090,3248
60,60,baseline,0.1,0.2,sequential,Sequential,117.118090229236,240.58929903968,1710.93865320481,267,4264,1187,3077
60,60,baseline,0.1,0.2,coordinated,Coordinated,108.633351454861,277.874183186816,1859.54649287938,214,3612,1009,2603
60,60,baseline,0.1,0.2,delayed_coordination,Delayed Coordination,113.790352326248,254.381429920142,1750.12639706244,252,4269,1158,3111
60,60,high,0.2,0.4,baseline,Baseline,111.905895976432,433.394839442751,2890.6027383154,33,629,224,405
60,60,high,0.2,0.4,early_mover,Early Mover,92.8845632720659,384.974932889374,2590.9414951604,84,1460,567,893
60,60,high,0.2,0.4,sequential,Sequential,88.6099288363373,381.763528925137,2553.53506222599,101,1510,589,921
60,60,high,0.2,0.4,coordinated,Coordinated,89.7236438370258,371.483550990089,2552.87132117776,92,1541,566,975
60,60,high,0.2,0.4,delayed_coordination,Delayed Coordination,88.7612222124661,383.823926502186,2565.5610419403,84,1469,562,907
61,61,low,0.05,0.1,baseline,Baseline,132.503646231565,310.028471694797,2094.59521280258,178,3758,470,3288
61,61,low,0.05,0.1,early_mover,Early Mover,133.370655904592,193.425380936931,1356.7214648485,308,5711,1194,4517
61,61,low,0.05,0.1,sequential,Sequential,129.69182762596,181.915402564483,1336.75758720562,305,5673,1223,4450
61,61,low,0.05,0.1,coordinated,Coordinated,135.436855271803,172.290970805568,1273.19961330685,344,6012,1334,4678
61,61,low,0.05,0.1,delayed_coordination,Delayed Coordination,129.884148461238,188.587028901857,1325.61054158427,302,5666,1228,4438
61,61,baseline,0.1,0.2,baseline,Baseline,123.06487274691,343.897694927733,2368.63974280316,126,2664,476,2188
61,61,baseline,0.1,0.2,early_mover,Early Mover,120.574431144819,232.65717165032,1602.06291744855,282,4863,1223,3640
61,61,baseline,0.1,0.2,sequential,Sequential,121.754074286549,213.897202291304,1532.86482026623,291,4968,1255,3713
61,61,baseline,0.1,0.2,coordinated,Coordinated,118.02703424633,218.706724476628,1608.4349795526,272,4741,1233,3508
61,61,baseline,0.1,0.2,delayed_coordination,Delayed Coordination,119.735079733688,231.76950765619,1563.99623538927,277,4898,1302,3596
61,61,high,0.2,0.4,baseline,Baseline,109.2076541518,402.453655311372,2843.78167003059,27,547,265,282
61,61,high,0.2,0.4,early_mover,Early Mover,95.5451510026985,351.226200440137,2416.64001171344,120,1832,755,1077
61,61,high,0.2,0.4,sequential,Sequential,93.0290061347525,341.531404475135,2352.85264640758,139,1937,752,1185
61,61,high,0.2,0.4,coordinated,Coordinated,91.467146883789,346.202815202902,2391.30654529489,127,1980,705,1275
61,61,high,0.2,0.4,delayed_coordination,Delayed Coordination,94.5752670488055,333.06519942513,2335.92047080614,139,1978,753,1225
62,62,low,0.05,0.1,baseline,Baseline,132.110079486363,306.867514983885,2207.24659901131,146,3248,536,2712
62,62,low,0.05,0.1,early_mover,Early Mover,140.504089786312,180.107068756617,1322.4592668037,313,5717,1133,4584
62,62,low,0.05,0.1,sequential,Sequential,133.0513869668,173.389013827004,1341.41174697664,303,5444,1155,4289
62,62,low,0.05,0.1,coordinated,Coordinated,135.121215400234,176.018205861206,1326.20973673379,326,5557,1119,4438
62,62,low,0.05,0.1,delayed_coordination,Delayed Coordination,135.940935113154,171.505295442539,1312.52902718711,304,5582,1142,4440
62,62,baseline,0.1,0.2,baseline,Baseline,124.993593815148,337.484797323248,2390.89790928518,123,2460,484,1976
62,62,baseline,0.1,0.2,early_mover,Early Mover,121.082649305696,246.017157299307,1713.73881787054,239,4264,1085,3179
62,62,baseline,0.1,0.2,sequential,Sequential,117.74753891757,243.833918001976,1688.57221835314,245,4292,1081,3211
62,62,baseline,0.1,0.2,coordinated,Coordinated,114.342542613264,275.55860684426,1773.6650245062,255,4082,1052,3030
62,62,baseline,0.1,0.2,delayed_coordination,Delayed Coordination,117.080212524753,241.712116627199,1721.4720965591,244,4236,1099,3137
62,62,high,0.2,0.4,baseline,Baseline,111.395738347565,424.321064274449,2879.43818513533,27,519,215,304
62,62,high,0.2,0.4,early_mover,Early Mover,94.4345672465974,378.478093015902,2531.80711643666,95,1468,552,916
62,62,high,0.2,0.4,sequential,Sequential,90.1389676988167,366.906477656983,2525.99320395538,95,1386,561,825
62,62,high,0.2,0.4,coordinated,Coordinated,89.4090877302869,381.378581791954,2578.98790194552,84,1322,473,849
62,62,high,0.2,0.4,delayed_coordination,Delayed Coordination,90.2632874699078,372.968532116504,2517.29968382448,93,1416,545,871
63,63,low,0.05,0.1,baseline,Baseline,132.919715637128,326.353061442642,2141.91445403689,157,3387,593,2794
63,63,low,0.05,0.1,early_mover,Early Mover,137.497705888808,196.032692821209,1343.10887073249,319,5773,1235,4538
63,63,low,0.05,0.1,sequential,Sequential,131.264519452878,192.440312144655,1326.97876305878,321,5762,1312,4450
63,63,low,0.05,0.1,coordinated,Coordinated,130.815158217368,178.626758218624,1343.59217773619,309,5518,1447,4071
63,63,low,0.05,0.1,delayed_coordination,Delayed Coordination,135.504299470409,189.335687322296,1304.18897059436,323,5800,1276,4524
63,63,baseline,0.1,0.2,baseline,Baseline,122.196611871315,360.991759284303,2481.09017600919,98,2086,381,1705
63,63,baseline,0.1,0.2,early_mover,Early Mover,115.660863454671,241.638999341479,1753.64985738232,259,4222,1044,3178
63,63,baseline,0.1,0.2,sequential,Sequential,114.62663564416,228.585332706094,1684.49712054997,265,4235,1107,3128
63,63,baseline,0.1,0.2,coordinated,Coordinated,115.398586237619,231.112916896744,1747.90046874112,259,4355,1145,3210
63,63,baseline,0.1,0.2,delayed_coordination,Delayed Coordination,116.695453301433,224.672695843958,1631.70835543757,286,4426,1105,3321
63,63,high,0.2,0.4,baseline,Baseline,110.474743628459,424.409830227176,2846.73307112177,21,380,132,248
63,63,high,0.2,0.4,early_mover,Early Mover,93.8390877868403,386.903596252604,2532.41353935653,82,1363,544,819
63,63,high,0.2,0.4,sequential,Sequential,92.9520739579818,370.76192198915,2451.33084627795,109,1510,600,910
63,63,high,0.2,0.4,coordinated,Coordinated,92.6483665916729,377.623068168701,2450.3946653273,96,1622,570,1052
63,63,high,0.2,0.4,delayed_coordination,Delayed Coordination,93.8643569856259,367.08419373039,2427.35223252151,115,1560,593,967
64,64,low,0.05,0.1,baseline,Baseline,133.546851858347,339.442281604971,2159.59249313256,142,3177,623,2554
64,64,low,0.05,0.1,early_mover,Early Mover,139.674372447042,227.188563250824,1391.08397315629,305,5347,1400,3947
64,64,low,0.05,0.1,sequential,Sequential,138.775869795201,204.937995665411,1302.23493378641,324,5412,1541,3871
64,64,low,0.05,0.1,coordinated,Coordinated,137.254200979874,220.233099692336,1370.45255412021,321,5466,1665,3801
64,64,low,0.05,0.1,delayed_coordination,Delayed Coordination,133.832656782193,232.203543942374,1360.71045528551,302,5242,1436,3806
64,64,baseline,0.1,0.2,baseline,Baseline,125.442163520397,368.535873589824,2449.41737307218,102,2106,676,1430
64,64,baseline,0.1,0.2,early_mover,Early Mover,119.026670333063,264.561564768625,1872.10667172178,211,3413,1078,2335
64,64,baseline,0.1,0.2,sequential,Sequential,113.907181291304,264.934951611581,1863.09540051881,182,3201,1026,2175
64,64,baseline,0.1,0.2,coordinated,Coordinated,111.222730764318,273.989781744671,1928.56225727973,169,3073,992,2081
64,64,baseline,0.1,0.2,delayed_coordination,Delayed Coordination,113.195402101701,257.611496833967,1874.1737667825,180,3247,1001,2246
64,64,high,0.2,0.4,baseline,Baseline,112.400163965143,440.424146448407,2876.17920359144,20,409,176,233
64,64,high,0.2,0.4,early_mover,Early Mover,94.9982933045099,387.510294091302,2567.59403546176,75,1272,546,726
64,64,high,0.2,0.4,sequential,Sequential,92.7419187749724,385.872018425402,2559.72481565981,74,1227,532,695
64,64,high,0.2,0.4,coordinated,Coordinated,93.2124744568498,389.603816152608,2573.63311172004,80,1328,531,797
64,64,high,0.2,0.4,delayed_coordination,Delayed Coordination,92.4613974590819,375.189441538747,2502.46968661994,96,1340,555,785
65,65,low,0.05,0.1,baseline,Baseline,131.87303585569,345.808856604921,2264.47774479592,134,2961,553,2408
65,65,low,0.05,0.1,early_mover,Early Mover,145.168580852274,177.351902450833,1244.27506342535,310,5538,1210,4328
65,65,low,0.05,0.1,sequential,Sequential,143.07487756271,184.315174865555,1198.0313407585,308,5497,1225,4272
65,65,low,0.05,0.1,coordinated,Coordinated,137.102970059106,181.871173282125,1289.18569291335,312,5360,1386,3974
65,65,low,0.05,0.1,delayed_coordination,Delayed Coordination,143.692330006934,169.921341656509,1191.61035113618,319,5432,1297,4135
65,65,baseline,0.1,0.2,baseline,Baseline,122.781354871532,391.278525139383,2531.45910782441,95,1949,384,1565
65,65,baseline,0.1,0.2,early_mover,Early Mover,122.011746617047,241.178460213714,1671.51768409484,260,4260,987,3273
65,65,baseline,0.1,0.2,sequential,Sequential,115.993674517108,250.507094019297,1640.35666670548,228,4019,1050,2969
65,65,baseline,0.1,0.2,coordinated,Coordinated,112.74113593715,261.278383571164,1730.95346352,211,3850,1014,2836
65,65,baseline,0.1,0.2,delayed_coordination,Delayed Coordination,121.123254944373,225.244075690062,1569.13201691359,261,4245,1067,3178
65,65,high,0.2,0.4,baseline,Baseline,111.739676518208,437.304180010859,2917.61831293796,15,315,149,166
65,65,high,0.2,0.4,early_mover,Early Mover,92.2024482082861,381.890347604916,2616.47250704087,71,1193,447,746
65,65,high,0.2,0.4,sequential,Sequential,92.8258116628288,369.105489131435,2513.82381015815,94,1368,473,895
65,65,high,0.2,0.4,coordinated,Coordinated,88.8767556534722,367.575124415581,2626.17533395203,62,1074,388,686
65,65,high,0.2,0.4,delayed_coordination,Delayed Coordination,90.8447111065494,371.018982772638,2553.05787916997,78,1267,469,798
66,66,low,0.05,0.1,baseline,Baseline,131.404873001938,314.286774436028,2154.38627113506,142,3152,552,2600
66,66,low,0.05,0.1,early_mover,Early Mover,148.787060126551,176.506986783437,1278.92354131139,316,5733,1331,4402
66,66,low,0.05,0.1,sequential,Sequential,142.39859716743,174.294530771529,1224.63185352532,328,5759,1396,4363
66,66,low,0.05,0.1,coordinated,Coordinated,138.709720684696,178.507399702186,1307.44533907872,312,5487,1547,3940
66,66,low,0.05,0.1,delayed_coordination,Delayed Coordination,141.655812765047,173.58680550756,1232.65335257402,328,5715,1370,4345
66,66,baseline,0.1,0.2,baseline,Baseline,122.122966190991,345.120175692554,2450.64675561296,103,2162,566,1596
66,66,baseline,0.1,0.2,early_mover,Early Mover,127.124098034739,207.231497125994,1603.09472799822,262,4689,1166,3523
66,66,baseline,0.1,0.2,sequential,Sequential,121.92110301393,201.687375357161,1562.48590571758,263,4567,1187,3380
66,66,baseline,0.1,0.2,coordinated,Coordinated,117.154961890565,224.133939248207,1698.15026011194,251,4344,1286,3058
66,66,baseline,0.1,0.2,delayed_coordination,Delayed Coordination,121.960460163706,206.100551406701,1581.85280638237,253,4651,1216,3435
66,66,high,0.2,0.4,baseline,Baseline,110.302128193838,419.474261037392,2885.24467440079,18,347,160,187
66,66,high,0.2,0.4,early_mover,Early Mover,96.5716161535226,361.770358556072,2539.48406528262,98,1412,566,846
66,66,high,0.2,0.4,sequential,Sequential,92.117156781166,355.585819217392,2507.06501966873,105,1502,585,917
66,66,high,0.2,0.4,coordinated,Coordinated,93.39205237522,351.503830259292,2463.51314320625,115,1630,572,1058
66,66,high,0.2,0.4,delayed_coordination,Delayed Coordination,93.6342909834985,356.3294300628,2513.66116511623,98,1481,581,900
67,67,low,0.05,0.1,baseline,Baseline,130.074000584432,340.040419308641,2287.83331010841,140,2986,576,2410
67,67,low,0.05,0.1,early_mover,Early Mover,148.240174268218,202.627123395941,1329.37471920683,310,5568,1326,4242
67,67,low,0.05,0.1,sequential,Sequential,146.580300578444,196.373145476264,1268.28197046771,337,5704,1395,4309
67,67,low,0.05,0.1,coordinated,Coordinated,139.694760135262,200.696317033688,1336.22404357614,309,5684,1410,4274
67,67,low,0.05,0.1,delayed_coordination,Delayed Coordination,144.108762118125,196.767119974958,1274.51471899107,325,5681,1367,4314
67,67,baseline,0.1,0.2,baseline,Baseline,121.657265709083,384.258998914857,2572.88776075311,98,1934,490,1444
67,67,baseline,0.1,0.2,early_mover,Early Mover,124.986198788328,259.058313110903,1694.35935276499,262,4526,1003,3523
67,67,baseline,0.1,0.2,sequential,Sequential,121.832995142519,256.665282581532,1664.30971267448,266,4568,1151,3417
67,67,baseline,0.1,0.2,coordinated,Coordinated,120.838724649517,256.467572271376,1665.14071953581,267,4545,1148,3397
67,67,baseline,0.1,0.2,delayed_coordination,Delayed Coordination,123.540284202594,252.442424385809,1636.21350058687,274,4624,1104,3520
67,67,high,0.2,0.4,baseline,Baseline,110.966592688228,439.899589893453,2961.69887693056,16,303,130,173
67,67,high,0.2,0.4,early_mover,Early Mover,96.4570122426768,382.158652620918,2584.9186403069,91,1406,548,858
67,67,high,0.2,0.4,sequential,Sequential,93.9533425342914,376.435612872262,2474.55518256951,122,1566,584,982
67,67,high,0.2,0.4,coordinated,Coordinated,93.5954965536969,375.731464760044,2506.1591061775,109,1629,585,1044
67,67,high,0.2,0.4,delayed_coordination,Delayed Coordination,94.1172911155134,358.490362922481,2439.79177062795,125,1705,628,1077
68,68,low,0.05,0.1,baseline,Baseline,132.430310757327,319.355177479077,2236.57226545076,154,3323,552,2771
68,68,low,0.05,0.1,early_mover,Early Mover,135.664164264866,207.75379433867,1382.31170552175,318,5722,1330,4392
68,68,low,0.05,0.1,sequential,Sequential,135.973228452497,192.496042121648,1308.50111592014,318,5825,1407,4418
68,68,low,0.05,0.1,coordinated,Coordinated,132.838749632467,197.399654352772,1331.61345417544,335,5804,1342,4462
68,68,low,0.05,0.1,delayed_coordination,Delayed Coordination,133.826282398625,205.594551602116,1334.89665259922,327,5691,1397,4294
68,68,baseline,0.1,0.2,baseline,Baseline,125.141755156698,349.851810072568,2429.36553911372,119,2489,472,2017
68,68,baseline,0.1,0.2,early_mover,Early Mover,124.550739554935,251.737392550284,1611.93864025057,280,4691,1253,3438
68,68,baseline,0.1,0.2,sequential,Sequential,123.37310611145,231.247553663818,1491.55251940278,310,4861,1338,3523
68,68,baseline,0.1,0.2,coordinated,Coordinated,119.815892743283,239.289405673708,1584.27438995856,304,4616,1256,3360
68,68,baseline,0.1,0.2,delayed_coordination,Delayed Coordination,123.613712783964,237.343654320367,1519.04069564245,278,4744,1343,3401
68,68,high,0.2,0.4,baseline,Baseline,113.060255678979,420.329575285467,2836.19591546773,39,747,289,458
68,68,high,0.2,0.4,early_mover,Early Mover,96.7141246115145,363.812436701052,2476.57963979605,117,1857,724,1133
68,68,high,0.2,0.4,sequential,Sequential,95.3361542538667,361.479060384004,2439.8556775191,126,1866,730,1136
68,68,high,0.2,0.4,coordinated,Coordinated,91.5003542213885,368.39165608365,2481.26818450245,111,1807,632,1175
68,68,high,0.2,0.4,delayed_coordination,Delayed Coordination,94.8588723341439,358.353672993802,2420.20952530239,131,1954,716,1238
69,69,low,0.05,0.1,baseline,Baseline,129.584735983047,313.815508285601,2207.21362229978,155,3313,522,2791
69,69,low,0.05,0.1,early_mover,Early Mover,136.684636097142,186.791928156693,1291.84889210488,316,5822,1372,4450
69,69,low,0.05,0.1,sequential,Sequential,130.672381472464,184.070950253759,1263.7205537242,312,5622,1384,4238
69,69,low,0.05,0.1,coordinated,Coordinated,136.171694865531,184.617761568476,1249.95628504855,338,5695,1445,4250
69,69,low,0.05,0.1,delayed_coordination,Delayed Coordination,132.047583057902,185.416019424702,1271.48840687013,312,5624,1423,4201
69,69,baseline,0.1,0.2,baseline,Baseline,123.322063383934,346.62292674835,2425.4033803533,127,2439,580,1859
69,69,baseline,0.1,0.2,early_mover,Early Mover,123.165771707948,232.738996172801,1573.44981533527,278,4821,1069,3752
69,69,baseline,0.1,0.2,sequential,Sequential,122.796348876555,218.407352624846,1503.89194006146,299,4884,1250,3634
69,69,baseline,0.1,0.2,coordinated,Coordinated,120.42638004997,221.414846213524,1534.069564103,301,4708,1147,3561
69,69,baseline,0.1,0.2,delayed_coordination,Delayed Coordination,123.608216098699,213.598536683638,1476.62069725131,301,4998,1255,3743
69,69,high,0.2,0.4,baseline,Baseline,110.07058477171,417.499921384614,2874.10441902625,25,529,184,345
69,69,high,0.2,0.4,early_mover,Early Mover,95.8655884723044,352.207351046545,2438.18188661298,109,1770,758,1012
69,69,high,0.2,0.4,sequential,Sequential,94.0700367981482,339.338076424477,2370.05930336958,126,1862,749,1113
69,69,high,0.2,0.4,coordinated,Coordinated,91.6394626298635,355.243827203164,2442.12229685187,104,1685,643,1042
69,69,high,0.2,0.4,delayed_coordination,Delayed Coordination,92.7844788209412,341.771593448493,2380.98706031954,127,1872,739,1133
70,70,low,0.05,0.1,baseline,Baseline,130.341946880945,296.02345074055,2157.7092591698,146,3204,601,2603
70,70,low,0.05,0.1,early_mover,Early Mover,142.14132833732,190.241302625156,1312.075634221,322,5828,1450,4378
70,70,low,0.05,0.1,sequential,Sequential,138.755647265344,187.176367237589,1297.55743674967,332,5797,1533,4264
70,70,low,0.05,0.1,coordinated,Coordinated,140.550581445176,187.379818721327,1271.79128617373,335,5844,1556,4288
70,70,low,0.05,0.1,delayed_coordination,Delayed Coordination,139.252668294462,186.250965944129,1296.93162188597,326,5750,1553,4197
70,70,baseline,0.1,0.2,baseline,Baseline,121.629816127759,329.995175370353,2449.60797195475,106,1972,664,1308
70,70,baseline,0.1,0.2,early_mover,Early Mover,121.04581046694,263.481277471864,1729.4828193087,246,4229,1104,3125
70,70,baseline,0.1,0.2,sequential,Sequential,122.235171113188,240.744727142788,1603.08325310321,262,4448,1109,3339
70,70,baseline,0.1,0.2,coordinated,Coordinated,120.963562270862,245.468228202482,1622.73917314519,268,4466,1168,3298
70,70,baseline,0.1,0.2,delayed_coordination,Delayed Coordination,119.675684856777,257.849252669786,1644.86249430644,265,4319,1092,3227
70,70,high,0.2,0.4,baseline,Baseline,110.058966540755,411.813045520398,2900.25625876526,15,285,135,150
70,70,high,0.2,0.4,early_mover,Early Mover,94.8475928188285,373.809183450063,2568.98857158172,85,1343,487,856
70,70,high,0.2,0.4,sequential,Sequential,93.9518984108703,363.117032539028,2507.34488202632,98,1460,507,953
70,70,high,0.2,0.4,coordinated,Coordinated,95.6023679399888,358.748255658239,2466.08459148184,100,1645,517,1128
70,70,high,0.2,0.4,delayed_coordination,Delayed Coordination,92.3588578498995,367.623049020889,2519.55514458979,95,1414,485,929
71,71,low,0.05,0.1,baseline,Baseline,131.80048507176,290.610412063996,2123.61404100973,162,3500,507,2993
71,71,low,0.05,0.1,early_mover,Early Mover,138.211018733981,191.42808022534,1298.08321145223,319,5887,1389,4498
71,71,low,0.05,0.1,sequential,Sequential,136.936988112661,192.042580545203,1240.19433449117,346,5846,1464,4382
71,71,low,0.05,0.1,coordinated,Coordinated,130.847910585091,194.301875812415,1319.76452751802,322,5599,1469,4130
71,71,low,0.05,0.1,delayed_coordination,Delayed Coordination,136.196098894059,186.7412367904,1240.51691156383,340,5881,1441,4440
71,71,baseline,0.1,0.2,baseline,Baseline,124.296754707297,328.802696202771,2335.14366176455,127,2654,601,2053
71,71,baseline,0.1,0.2,early_mover,Early Mover,116.181907398361,246.5095957154,1687.66234531638,269,4562,1115,3447
71,71,baseline,0.1,0.2,sequential,Sequential,115.365927903123,240.337068098671,1629.96432080017,276,4593,1185,3408
71,71,baseline,0.1,0.2,coordinated,Coordinated,113.763160018685,251.245049140845,1672.6327370082,252,4472,1186,3286
71,71,baseline,0.1,0.2,delayed_coordination,Delayed Coordination,114.808284770339,245.609450613823,1634.65602922455,272,4548,1157,3391
71,71,high,0.2,0.4,baseline,Baseline,109.679035332273,422.779102210011,2867.47632197351,29,543,182,361
71,71,high,0.2,0.4,early_mover,Early Mover,92.7447252365108,388.217353325973,2524.35398566022,99,1563,647,916
71,71,high,0.2,0.4,sequential,Sequential,92.0724910564966,382.314725110126,2438.73576645448,108,1704,701,1003
71,71,high,0.2,0.4,coordinated,Coordinated,91.8936763307432,371.364447349276,2435.86642673088,118,1715,673,1042
71,71,high,0.2,0.4,delayed_coordination,Delayed Coordination,91.4922372538783,377.636053669835,2469.23604287882,106,1697,690,1007
72,72,low,0.05,0.1,baseline,Baseline,130.53134279935,328.270712146881,2268.44446111255,139,3118,748,2370
72,72,low,0.05,0.1,early_mover,Early Mover,139.757637738962,205.005987934288,1385.47044495854,300,5523,1377,4146
72,72,low,0.05,0.1,sequential,Sequential,138.083533905472,190.38031277891,1302.78264234912,327,5562,1555,4007
72,72,low,0.05,0.1,coordinated,Coordinated,132.660738671244,222.998399519475,1414.25506967508,306,5047,1464,3583
72,72,low,0.05,0.1,delayed_coordination,Delayed Coordination,138.504656375429,200.808051452204,1324.6900638642,302,5509,1490,4019
72,72,baseline,0.1,0.2,baseline,Baseline,123.584797435207,376.155450647838,2535.99596996849,103,2162,582,1580
72,72,baseline,0.1,0.2,early_mover,Early Mover,124.7464772581,253.296177823579,1683.66577095334,262,4462,1167,3295
72,72,baseline,0.1,0.2,sequential,Sequential,119.65042444625,250.397145603086,1689.54491917842,239,4252,1173,3079
72,72,baseline,0.1,0.2,coordinated,Coordinated,117.093646973037,252.692206352709,1741.46230083075,247,4132,1191,2941
72,72,baseline,0.1,0.2,delayed_coordination,Delayed Coordination,125.986881611313,230.91427920271,1573.43377971516,280,4624,1238,3386
72,72,high,0.2,0.4,baseline,Baseline,112.124502573047,426.769642504481,2899.70373274233,32,579,229,350
72,72,high,0.2,0.4,early_mover,Early Mover,97.6091024695166,386.200551762347,2541.08087785531,108,1681,610,1071
72,72,high,0.2,0.4,sequential,Sequential,95.2566215689912,370.836575542926,2439.55637404665,129,1847,665,1182
72,72,high,0.2,0.4,coordinated,Coordinated,92.7682935871215,377.536366857095,2512.90686091517,102,1720,610,1110
72,72,high,0.2,0.4,delayed_coordination,Delayed Coordination,95.4143609703089,369.437507506764,2439.59853227796,130,1909,652,1257
73,73,low,0.05,0.1,baseline,Baseline,133.080161143884,299.772321392184,2081.03169025191,173,3581,572,3009
73,73,low,0.05,0.1,early_mover,Early Mover,136.718810051132,189.91707799525,1295.99230277676,324,5687,1429,4258
73,73,low,0.05,0.1,sequential,Sequential,132.325287088478,196.063221318964,1318.45314281249,321,5589,1492,4097
73,73,low,0.05,0.1,coordinated,Coordinated,132.112237912706,180.891289457957,1323.01831687093,317,5578,1406,4172
73,73,low,0.05,0.1,delayed_coordination,Delayed Coordination,133.150649665314,188.969235440135,1288.3231079824,333,5663,1507,4156
73,73,baseline,0.1,0.2,baseline,Baseline,126.024905246215,334.647935943198,2294.32508591037,132,2742,673,2069
73,73,baseline,0.1,0.2,early_mover,Early Mover,112.749160830878,297.934587352743,1832.02477474257,220,4111,1178,2933
73,73,baseline,0.1,0.2,sequential,Sequential,112.624610178558,292.988455391795,1749.80720771118,242,4191,1194,2997
73,73,baseline,0.1,0.2,coordinated,Coordinated,110.426545872173,297.440245846922,1834.57329976914,230,4144,1212,2932
73,73,baseline,0.1,0.2,delayed_coordination,Delayed Coordination,110.346533794688,294.759345044677,1784.50371026527,225,4067,1142,2925
73,73,high,0.2,0.4,baseline,Baseline,109.595604867773,426.813761928609,2871.16182585095,27,533,210,323
73,73,high,0.2,0.4,early_mover,Early Mover,92.0852184583281,377.389352123441,2573.13837828381,83,1467,618,849
73,73,high,0.2,0.4,sequential,Sequential,90.0422026870785,371.092986455396,2538.4720395596,85,1465,591,874
73,73,high,0.2,0.4,coordinated,Coordinated,92.5835434288012,363.722103502999,2480.61591752822,108,1775,647,1128
73,73,high,0.2,0.4,delayed_coordination,Delayed Coordination,89.5946508882885,370.731738362298,2533.23226374401,89,1498,603,895
74,74,low,0.05,0.1,baseline,Baseline,131.086669789624,337.261483149642,2324.57069722521,137,2953,574,2379
74,74,low,0.05,0.1,early_mover,Early Mover,142.445467384498,194.287153068943,1371.09933876856,315,5581,1408,4173
74,74,low,0.05,0.1,sequential,Sequential,137.543800591402,184.907618860861,1347.24679411808,306,5487,1481,4006
74,74,low,0.05,0.1,coordinated,Coordinated,133.763137004978,203.147503085561,1362.07776452659,310,5246,1529,3717
74,74,low,0.05,0.1,delayed_coordination,Delayed Coordination,136.10024159693,187.535199750059,1356.51083904733,300,5408,1484,3924
74,74,baseline,0.1,0.2,baseline,Baseline,122.640868227524,373.05173672127,2576.33988978672,102,1937,580,1357
74,74,baseline,0.1,0.2,early_mover,Early Mover,119.159447352433,265.799304058975,1821.21410115982,239,4030,1060,2970
74,74,baseline,0.1,0.2,sequential,Sequential,114.965716987655,280.634886594922,1834.48863632053,223,3796,1078,2718
74,74,baseline,0.1,0.2,coordinated,Coordinated,115.800899960006,266.405507850961,1761.52871761929,257,4014,1101,2913
74,74,baseline,0.1,0.2,delayed_coordination,Delayed Coordination,116.894240300503,258.815196512895,1754.61690310075,265,4177,1099,3078
74,74,high,0.2,0.4,baseline,Baseline,112.072150434089,425.673085220916,2996.01384327169,19,369,122,247
74,74,high,0.2,0.4,early_mover,Early Mover,97.203946677155,370.563033732436,2651.2460509999,84,1346,539,807
74,74,high,0.2,0.4,sequential,Sequential,92.7599210450025,366.578846423765,2592.77752972919,89,1371,521,850
74,74,high,0.2,0.4,coordinated,Coordinated,92.0518512634497,372.473046765516,2583.67890147601,103,1536,539,997
74,74,high,0.2,0.4,delayed_coordination,Delayed Coordination,91.6372876772807,368.935861043002,2617.08050909213,75,1304,494,810
75,75,low,0.05,0.1,baseline,Baseline,129.709728744756,345.794238907734,2249.70617212535,140,2878,535,2343
75,75,low,0.05,0.1,early_mover,Early Mover,140.373851578275,206.442474514285,1372.06668508952,302,5556,1246,4310
75,75,low,0.05,0.1,sequential,Sequential,138.803512553989,193.65326783064,1284.97001646999,315,5596,1403,4193
75,75,low,0.05,0.1,coordinated,Coordinated,134.137123212489,197.414563206104,1386.14851059885,312,5389,1407,3982
75,75,low,0.05,0.1,delayed_coordination,Delayed Coordination,136.648226956825,196.972489450203,1301.91768461869,319,5584,1359,4225
75,75,baseline,0.1,0.2,baseline,Baseline,122.478907474524,378.871050383297,2463.92470325732,95,2068,540,1528
75,75,baseline,0.1,0.2,early_mover,Early Mover,122.866875941142,267.903413377595,1722.26892619659,253,4250,1167,3083
75,75,baseline,0.1,0.2,sequential,Sequential,120.882023214836,257.432772153442,1673.37815843491,247,4279,1299,2980
75,75,baseline,0.1,0.2,coordinated,Coordinated,120.963264749083,250.928504971317,1636.26074038922,274,4472,1269,3203
75,75,baseline,0.1,0.2,delayed_coordination,Delayed Coordination,118.155259356992,265.834557652931,1714.46067165169,248,4161,1258,2903
75,75,high,0.2,0.4,baseline,Baseline,111.504714902688,424.027024412041,2840.78066301228,20,402,192,210
75,75,high,0.2,0.4,early_mover,Early Mover,95.8344313147914,366.141202609559,2509.47924205323,88,1433,547,886
75,75,high,0.2,0.4,sequential,Sequential,92.2139146185199,360.47038826882,2444.41945822038,115,1534,580,954
75,75,high,0.2,0.4,coordinated,Coordinated,94.423388098837,353.599809598096,2425.20025544524,115,1798,597,1201
75,75,high,0.2,0.4,delayed_coordination,Delayed Coordination,92.2026000908273,359.290035116709,2441.71127228931,112,1555,563,992
76,76,low,0.05,0.1,baseline,Baseline,132.300921445373,320.160649655796,2201.16115144303,151,3182,730,2452
76,76,low,0.05,0.1,early_mover,Early Mover,142.537085821621,176.354601284429,1377.76285775936,300,5541,1442,4099
76,76,low,0.05,0.1,sequential,Sequential,140.060813229373,172.228135879908,1337.98242791339,314,5532,1498,4034
76,76,low,0.05,0.1,coordinated,Coordinated,133.30171540601,205.731973963133,1436.63536190909,280,5238,1499,3739
76,76,low,0.05,0.1,delayed_coordination,Delayed Coordination,134.110905108613,181.553433571699,1390.36211278197,294,5399,1473,3926
76,76,baseline,0.1,0.2,baseline,Baseline,122.80043810822,369.865741078293,2514.70602048922,111,2168,538,1630
76,76,baseline,0.1,0.2,early_mover,Early Mover,124.549906188658,256.242004410355,1752.85326149394,232,4239,1081,3158
76,76,baseline,0.1,0.2,sequential,Sequential,122.12276933359,236.633642546891,1690.04990770011,274,4413,1220,3193
76,76,baseline,0.1,0.2,coordinated,Coordinated,118.340395702227,249.785935552664,1769.9383073617,242,4213,1103,3110
76,76,baseline,0.1,0.2,delayed_coordination,Delayed Coordination,121.412009791184,246.036130185737,1710.47686711679,258,4362,1170,3192
76,76,high,0.2,0.4,baseline,Baseline,111.474146436135,455.196533266098,2933.27503966853,23,437,194,243
76,76,high,0.2,0.4,early_mover,Early Mover,92.433861596123,421.254743677254,2658.0706127916,63,1127,484,643
76,76,high,0.2,0.4,sequential,Sequential,88.9249591482879,419.722154634984,2642.27712372753,70,1148,490,658
76,76,high,0.2,0.4,coordinated,Coordinated,87.9651683938075,416.973507778795,2646.81019163592,66,1082,441,641
76,76,high,0.2,0.4,delayed_coordination,Delayed Coordination,89.1518582654273,418.349861798961,2619.42195371978,75,1196,495,701
77,77,low,0.05,0.1,baseline,Baseline,132.109165651359,331.014631275697,2181.316728005,167,3386,580,2806
77,77,low,0.05,0.1,early_mover,Early Mover,140.88832611455,213.848959192505,1319.29412516264,315,5835,1406,4429
77,77,low,0.05,0.1,sequential,Sequential,136.924285628186,209.389454790591,1270.58835782107,338,5865,1500,4365
77,77,low,0.05,0.1,coordinated,Coordinated,136.106969381687,226.077245980709,1315.70524892402,322,5673,1503,4170
77,77,low,0.05,0.1,delayed_coordination,Delayed Coordination,137.118555836255,208.443995512602,1267.98130043211,332,5889,1497,4392
77,77,baseline,0.1,0.2,baseline,Baseline,121.901483722514,392.186387077521,2516.25620815098,103,2039,650,1389
77,77,baseline,0.1,0.2,early_mover,Early Mover,119.916474797422,272.908426884408,1754.25377147935,249,4107,1255,2852
77,77,baseline,0.1,0.2,sequential,Sequential,116.828600706909,261.121181591774,1707.34151248969,265,4225,1276,2949
77,77,baseline,0.1,0.2,coordinated,Coordinated,117.091803515801,279.792829105799,1738.48218259523,262,4128,1290,2838
77,77,baseline,0.1,0.2,delayed_coordination,Delayed Coordination,117.478660511107,267.581746096083,1688.63161427554,243,4102,1293,2809
77,77,high,0.2,0.4,baseline,Baseline,109.4299900871,446.525557170464,2951.50513916794,8,142,70,72
77,77,high,0.2,0.4,early_mover,Early Mover,92.7735754065651,396.297590798208,2618.13032419609,77,1182,460,722
77,77,high,0.2,0.4,sequential,Sequential,88.9367989663798,391.165328688906,2548.56731411119,90,1231,434,797
77,77,high,0.2,0.4,coordinated,Coordinated,88.1773855537281,393.118560270285,2565.75430663968,89,1264,406,858
77,77,high,0.2,0.4,delayed_coordination,Delayed Coordination,88.7808828838107,397.234146660359,2586.6175497079,80,1189,436,753
78,78,low,0.05,0.1,baseline,Baseline,131.485361693647,338.192107599338,2164.35532655612,164,3481,638,2843
78,78,low,0.05,0.1,early_mover,Early Mover,132.107759320102,194.480138398524,1384.07748356076,303,5654,1299,4355
78,78,low,0.05,0.1,sequential,Sequential,124.854952259259,204.059647390546,1412.07016607459,304,5490,1331,4159
78,78,low,0.05,0.1,coordinated,Coordinated,130.098344055543,193.155173366628,1355.87438040249,322,5691,1344,4347
78,78,low,0.05,0.1,delayed_coordination,Delayed Coordination,130.555053400422,184.285705155895,1348.79792155474,308,5633,1290,4343
78,78,baseline,0.1,0.2,baseline,Baseline,122.292713842599,375.176698648158,2474.89887584027,110,2309,526,1783
78,78,baseline,0.1,0.2,early_mover,Early Mover,110.298864920898,280.754298949572,1921.40229813483,211,3889,942,2947
78,78,baseline,0.1,0.2,sequential,Sequential,109.169757964341,263.891327925144,1858.80779339974,229,3927,1033,2894
78,78,baseline,0.1,0.2,coordinated,Coordinated,107.443143456723,275.015893927078,1918.29123819748,209,3849,1016,2833
78,78,baseline,0.1,0.2,delayed_coordination,Delayed Coordination,107.289498837871,270.987470092865,1903.7072343462,225,3885,966,2919
78,78,high,0.2,0.4,baseline,Baseline,109.776734139323,447.716728927487,2895.88145727087,28,476,170,306
78,78,high,0.2,0.4,early_mover,Early Mover,90.0392694489567,409.737868941938,2611.88682867759,80,1237,499,738
78,78,high,0.2,0.4,sequential,Sequential,86.8235756139045,403.463814731128,2592.51441022211,82,1301,505,796
78,78,high,0.2,0.4,coordinated,Coordinated,90.8927979059546,398.103621314199,2558.84696703394,95,1503,523,980
78,78,high,0.2,0.4,delayed_coordination,Delayed Coordination,86.9342644320249,403.236705514724,2583.86806803769,87,1286,514,772
79,79,low,0.05,0.1,baseline,Baseline,133.834752190693,344.470577269152,2299.41822212742,146,2970,875,2095
79,79,low,0.05,0.1,early_mover,Early Mover,137.011391009788,207.089482176108,1430.40920551123,304,5190,1285,3905
79,79,low,0.05,0.1,sequential,Sequential,131.345368643006,210.724970813183,1430.94545364165,289,4939,1369,3570
79,79,low,0.05,0.1,coordinated,Coordinated,132.277915351021,209.263979157527,1437.43825149631,291,5057,1389,3668
79,79,low,0.05,0.1,delayed_coordination,Delayed Coordination,132.914000307007,210.990333506755,1425.20247199584,295,5024,1319,3705
79,79,baseline,0.1,0.2,baseline,Baseline,125.260971645592,374.308676069199,2562.35197809865,100,2025,588,1437
79,79,baseline,0.1,0.2,early_mover,Early Mover,125.309451486144,248.460312169492,1706.0330333413,258,4270,1007,3263
79,79,baseline,0.1,0.2,sequential,Sequential,121.180137884685,236.435046127864,1676.14652240363,266,4120,1058,3062
79,79,baseline,0.1,0.2,coordinated,Coordinated,114.565942457785,254.578447080755,1807.120381079,236,3621,954,2667
79,79,baseline,0.1,0.2,delayed_coordination,Delayed Coordination,122.622100785428,237.754756968166,1661.18633867779,262,4264,1066,3198
79,79,high,0.2,0.4,baseline,Baseline,113.693552013856,424.230260282555,2913.77647353796,20,410,123,287
79,79,high,0.2,0.4,early_mover,Early Mover,95.8573953696029,386.490517556166,2607.3257583003,79,1303,441,862
79,79,high,0.2,0.4,sequential,Sequential,92.2234353174521,369.369450818607,2555.19996713635,86,1305,457,848
79,79,high,0.2,0.4,coordinated,Coordinated,92.748384019344,377.278512734429,2582.90016521077,81,1335,436,899
79,79,high,0.2,0.4,delayed_coordination,Delayed Coordination,92.2717627730876,374.136569395458,2564.61776982237,85,1350,454,896
80,80,low,0.05,0.1,baseline,Baseline,132.882482047139,340.109353784968,2211.6174919371,144,3137,505,2632
80,80,low,0.05,0.1,early_mover,Early Mover,142.79532750963,177.614181949197,1299.21514339912,326,5768,1340,4428
80,80,low,0.05,0.1,sequential,Sequential,137.005718169811,180.162294145077,1315.74905004407,318,5692,1397,4295
80,80,low,0.05,0.1,coordinated,Coordinated,137.872844955101,187.787300782927,1309.49616147572,318,5627,1429,4198
80,80,low,0.05,0.1,delayed_coordination,Delayed Coordination,138.571355336445,185.396502376579,1286.64984739547,332,5697,1438,4259
80,80,baseline,0.1,0.2,baseline,Baseline,121.972860375058,382.804133630701,2522.68162372281,97,1995,453,1542
80,80,baseline,0.1,0.2,early_mover,Early Mover,122.905473660594,232.340824488814,1695.21965315084,255,4377,1141,3236
80,80,baseline,0.1,0.2,sequential,Sequential,123.844514338687,218.288763650782,1570.096301995,290,4407,1195,3212
80,80,baseline,0.1,0.2,coordinated,Coordinated,117.859334447418,247.458555426,1675.15544046987,286,4265,1109,3156
80,80,baseline,0.1,0.2,delayed_coordination,Delayed Coordination,123.30840460385,225.50102190121,1608.86515121727,282,4564,1209,3355
80,80,high,0.2,0.4,baseline,Baseline,111.42136442949,433.510843341793,2882.49959059249,25,466,164,302
80,80,high,0.2,0.4,early_mover,Early Mover,92.5051911307432,388.606551770169,2621.13298917787,76,1264,442,822
80,80,high,0.2,0.4,sequential,Sequential,91.8082722587973,376.073979251402,2493.60439543157,116,1506,501,1005
80,80,high,0.2,0.4,coordinated,Coordinated,92.4069355515005,384.890810748285,2516.33776874089,100,1524,499,1025
80,80,high,0.2,0.4,delayed_coordination,Delayed Coordination,92.1501172546893,374.8929464276,2494.26625630846,111,1510,489,1021
81,81,low,0.05,0.1,baseline,Baseline,131.849093001504,349.253419376788,2347.25635527483,139,2941,517,2424
81,81,low,0.05,0.1,early_mover,Early Mover,140.929550086322,206.382829247317,1380.22660269135,310,5514,1324,4190
81,81,low,0.05,0.1,sequential,Sequential,134.578415344099,208.641081808222,1365.36861324718,324,5402,1507,3895
81,81,low,0.05,0.1,coordinated,Coordinated,135.025002054352,208.132991816651,1370.87690447797,330,5291,1490,3801
81,81,low,0.05,0.1,delayed_coordination,Delayed Coordination,138.896605819659,199.469003156252,1319.60072922115,334,5556,1451,4105
81,81,baseline,0.1,0.2,baseline,Baseline,124.161773878851,370.34615973172,2582.28795750304,85,1955,365,1590
81,81,baseline,0.1,0.2,early_mover,Early Mover,121.73153201101,252.687144474112,1764.42094185659,255,4283,1263,3020
81,81,baseline,0.1,0.2,sequential,Sequential,123.142398123877,227.923811916192,1621.08158893007,280,4342,1332,3010
81,81,baseline,0.1,0.2,coordinated,Coordinated,119.733439622608,250.450159947413,1755.89200617392,268,4199,1225,2974
81,81,baseline,0.1,0.2,delayed_coordination,Delayed Coordination,120.476079648951,232.919370694148,1671.65497800962,269,4341,1292,3049
81,81,high,0.2,0.4,baseline,Baseline,115.444544300476,434.106717483275,2882.21382971113,31,590,219,371
81,81,high,0.2,0.4,early_mover,Early Mover,95.8402938637698,388.71346923367,2640.66669953007,78,1289,544,745
81,81,high,0.2,0.4,sequential,Sequential,91.1490449239712,385.897871830526,2626.29212296952,75,1249,499,750
81,81,high,0.2,0.4,coordinated,Coordinated,92.8962735077582,390.074013043802,2602.1162567751,95,1434,496,938
81,81,high,0.2,0.4,delayed_coordination,Delayed Coordination,91.7377250087781,382.593880211877,2616.21595230006,75,1282,513,769
82,82,low,0.05,0.1,baseline,Baseline,132.555269855547,329.232000754699,2247.62253285477,137,3043,444,2599
82,82,low,0.05,0.1,early_mover,Early Mover,138.349746098999,195.992217167098,1338.4037781778,307,5648,1557,4091
82,82,low,0.05,0.1,sequential,Sequential,135.807517835094,187.570605311413,1311.96197349354,326,5641,1560,4081
82,82,low,0.05,0.1,coordinated,Coordinated,136.941882292842,182.190593501691,1315.55053963271,316,5564,1581,3983
82,82,low,0.05,0.1,delayed_coordination,Delayed Coordination,134.121911624522,189.446079469709,1333.26823185652,310,5640,1519,4121
82,82,baseline,0.1,0.2,baseline,Baseline,125.275086880404,360.585160139149,2446.88526520105,109,2295,395,1900
82,82,baseline,0.1,0.2,early_mover,Early Mover,125.761081021307,244.967196819033,1608.59264436694,264,4547,1343,3204
82,82,baseline,0.1,0.2,sequential,Sequential,119.615633476332,241.690484714168,1619.09073426534,261,4351,1382,2969
82,82,baseline,0.1,0.2,coordinated,Coordinated,116.757868476525,254.764155212225,1666.427240991,260,4305,1383,2922
82,82,baseline,0.1,0.2,delayed_coordination,Delayed Coordination,121.300086325233,234.351098655906,1575.84422251072,278,4574,1396,3178
82,82,high,0.2,0.4,baseline,Baseline,111.107982481679,425.569400556409,2885.16163518452,18,330,160,170
82,82,high,0.2,0.4,early_mover,Early Mover,92.8831732701472,362.920115566888,2591.8985527247,77,1194,482,712
82,82,high,0.2,0.4,sequential,Sequential,91.5709056321573,357.785677040567,2528.89635546243,93,1317,491,826
82,82,high,0.2,0.4,coordinated,Coordinated,92.3603480640866,357.591415972827,2503.15146255202,94,1460,531,929
82,82,high,0.2,0.4,delayed_coordination,Delayed Coordination,90.4411538086673,358.600155028122,2548.93755334362,88,1289,483,806
83,83,low,0.05,0.1,baseline,Baseline,130.858816007539,320.305811977183,2267.1101261523,148,3110,354,2756
83,83,low,0.05,0.1,early_mover,Early Mover,139.963041911523,208.952231343229,1369.15196306615,317,5489,1270,4219
83,83,low,0.05,0.1,sequential,Sequential,136.738421227282,202.941565643618,1342.71025333353,300,5474,1386,4088
83,83,low,0.05,0.1,coordinated,Coordinated,134.562844724041,196.543298505981,1357.08996362334,313,5404,1279,4125
83,83,low,0.05,0.1,delayed_coordination,Delayed Coordination,137.877776733122,198.14509885316,1335.86257236617,304,5438,1339,4099
83,83,baseline,0.1,0.2,baseline,Baseline,123.277085500418,374.808632819193,2489.53603342903,105,2204,451,1753
83,83,baseline,0.1,0.2,early_mover,Early Mover,119.812118959156,278.975039932141,1743.96029265127,248,4337,1023,3314
83,83,baseline,0.1,0.2,sequential,Sequential,115.401405437056,262.020886962239,1722.68667198533,230,4108,1032,3076
83,83,baseline,0.1,0.2,coordinated,Coordinated,116.965407796333,257.535853746621,1799.99960788768,229,4045,953,3092
83,83,baseline,0.1,0.2,delayed_coordination,Delayed Coordination,118.533820892917,258.811480390935,1664.89361222929,228,4232,1046,3186
83,83,high,0.2,0.4,baseline,Baseline,109.691350475836,445.071238819215,2977.21007564814,8,162,49,113
83,83,high,0.2,0.4,early_mover,Early Mover,94.1050082904292,396.041677194904,2607.00325988572,77,1207,491,716
83,83,high,0.2,0.4,sequential,Sequential,93.6488344696866,376.297979042732,2504.08950942655,98,1352,537,815
83,83,high,0.2,0.4,coordinated,Coordinated,89.9957063626878,380.447984527482,2587.99529304142,77,1220,486,734
83,83,high,0.2,0.4,delayed_coordination,Delayed Coordination,93.2064286417727,377.317792412135,2519.22454005858,94,1357,535,822
84,84,low,0.05,0.1,baseline,Baseline,132.634250754837,348.419741574015,2252.41864925655,137,2806,606,2200
84,84,low,0.05,0.1,early_mover,Early Mover,144.91753856681,213.314727610945,1320.7925502074,309,5406,1266,4140
84,84,low,0.05,0.1,sequential,Sequential,141.879624711205,189.577558464152,1256.42896856511,313,5431,1397,4034
84,84,low,0.05,0.1,coordinated,Coordinated,142.873663908338,195.582867072541,1279.9344508544,317,5431,1419,4012
84,84,low,0.05,0.1,delayed_coordination,Delayed Coordination,139.508668729141,204.094751518789,1298.67909904872,304,5255,1393,3862
84,84,baseline,0.1,0.2,baseline,Baseline,122.382220403805,384.611755633274,2494.95503142493,93,1825,511,1314
84,84,baseline,0.1,0.2,early_mover,Early Mover,117.21895041423,316.082448204883,1868.39739433735,224,3617,959,2658
84,84,baseline,0.1,0.2,sequential,Sequential,120.188427497743,250.72101037405,1644.19551378063,269,3838,1074,2764
84,84,baseline,0.1,0.2,coordinated,Coordinated,119.252591706526,234.376769025243,1726.51741873969,261,4094,1166,2928
84,84,baseline,0.1,0.2,delayed_coordination,Delayed Coordination,120.876587352197,236.476250096146,1641.63974349926,259,3890,1092,2798
84,84,high,0.2,0.4,baseline,Baseline,112.247928995188,419.975544749436,2846.38634344943,16,346,123,223
84,84,high,0.2,0.4,early_mover,Early Mover,99.4492241129347,353.805983537978,2473.52598519547,96,1498,565,933
84,84,high,0.2,0.4,sequential,Sequential,98.0290147103777,355.78445491714,2456.40092310908,95,1462,583,879
84,84,high,0.2,0.4,coordinated,Coordinated,95.2226845871614,371.768783594365,2500.82523736646,88,1387,533,854
84,84,high,0.2,0.4,delayed_coordination,Delayed Coordination,97.3845440421059,351.745222926222,2417.36954160075,106,1522,586,936
85,85,low,0.05,0.1,baseline,Baseline,132.92899113445,307.129499272064,2167.53141975468,153,3371,535,2836
85,85,low,0.05,0.1,early_mover,Early Mover,133.573931341066,200.495252060059,1406.67451108013,296,5528,1241,4287
85,85,low,0.05,0.1,sequential,Sequential,135.786623696718,189.858302383289,1324.81671908146,318,5698,1334,4364
85,85,low,0.05,0.1,coordinated,Coordinated,133.462875366658,187.322248645856,1352.02196618926,307,5593,1269,4324
85,85,low,0.05,0.1,delayed_coordination,Delayed Coordination,133.474780865988,193.707470546638,1347.38987680399,308,5601,1261,4340
85,85,baseline,0.1,0.2,baseline,Baseline,124.930595785233,337.809753779667,2437.627732152,121,2308,573,1735
85,85,baseline,0.1,0.2,early_mover,Early Mover,116.60315494339,243.743631689583,1804.5778050273,252,4046,1123,2923
85,85,baseline,0.1,0.2,sequential,Sequential,111.61653658344,242.486360254581,1796.3174471505,212,3823,1092,2731
85,85,baseline,0.1,0.2,coordinated,Coordinated,113.701984594612,247.813823363454,1788.16898622516,226,3982,1155,2827
85,85,baseline,0.1,0.2,delayed_coordination,Delayed Coordination,113.404827815671,239.753015897196,1771.40098086807,237,3969,1132,2837
85,85,high,0.2,0.4,baseline,Baseline,110.959792860704,407.487360487987,2927.64135526552,19,390,193,197
85,85,high,0.2,0.4,early_mover,Early Mover,92.9179280126816,361.266741830054,2603.72999832934,87,1246,492,754
85,85,high,0.2,0.4,sequential,Sequential,90.4078169302997,359.079270719392,2581.74439222953,85,1234,489,745
85,85,high,0.2,0.4,coordinated,Coordinated,86.5709422530023,366.213412754163,2649.1717568694,66,1120,455,665
85,85,high,0.2,0.4,delayed_coordination,Delayed Coordination,89.1171631600626,363.872297737599,2591.29503302746,83,1228,501,727
86,86,low,0.05,0.1,baseline,Baseline,131.13221496559,387.739397732827,2434.50795878446,120,2445,483,1962
86,86,low,0.05,0.1,early_mover,Early Mover,142.749095446827,214.245956067821,1441.24738566935,313,5035,1153,3882
86,86,low,0.05,0.1,sequential,Sequential,133.595934510809,219.191177271277,1455.16001037087,290,4718,1159,3559
86,86,low,0.05,0.1,coordinated,Coordinated,127.283530914376,254.906955198616,1610.18214422224,270,4523,1124,3399
86,86,low,0.05,0.1,delayed_coordination,Delayed Coordination,136.329399125251,211.194803367591,1419.43785472969,292,4827,1148,3679
86,86,baseline,0.1,0.2,baseline,Baseline,124.489326992393,413.496681892735,2632.63421941163,85,1666,416,1250
86,86,baseline,0.1,0.2,early_mover,Early Mover,120.508677469624,287.673103918755,1852.5623068583,255,3706,1018,2688
86,86,baseline,0.1,0.2,sequential,Sequential,114.378213505845,306.915276999738,1870.09412685431,236,3605,1043,2562
86,86,baseline,0.1,0.2,coordinated,Coordinated,112.953924867774,317.351337305861,1935.94525204525,211,3536,1003,2533
86,86,baseline,0.1,0.2,delayed_coordination,Delayed Coordination,117.313058208177,279.194073839854,1810.10887712686,251,3716,1024,2692
86,86,high,0.2,0.4,baseline,Baseline,116.566449074028,439.192014940752,2914.81541451186,23,464,217,247
86,86,high,0.2,0.4,early_mover,Early Mover,95.8733842012325,413.299652872177,2732.82719045176,61,1058,430,628
86,86,high,0.2,0.4,sequential,Sequential,93.3443162146522,403.782159873791,2625.46667362131,92,1213,470,743
86,86,high,0.2,0.4,coordinated,Coordinated,90.03297470171,415.38779868324,2707.27395610256,66,1091,385,706
86,86,high,0.2,0.4,delayed_coordination,Delayed Coordination,91.3941809227063,408.793110655631,2701.74036344019,59,1052,398,654
87,87,low,0.05,0.1,baseline,Baseline,135.863178532536,323.868497923148,2223.68173340282,148,3002,664,2338
87,87,low,0.05,0.1,early_mover,Early Mover,140.049828136055,182.19430618297,1388.43677370256,315,5174,1324,3850
87,87,low,0.05,0.1,sequential,Sequential,134.126618853023,186.085765390828,1395.41199936169,304,4929,1363,3566
87,87,low,0.05,0.1,coordinated,Coordinated,137.262413381472,193.896778131794,1393.97562424164,309,5151,1467,3684
87,87,low,0.05,0.1,delayed_coordination,Delayed Coordination,137.411761075371,180.117768206617,1380.49535216288,298,5127,1364,3763
87,87,baseline,0.1,0.2,baseline,Baseline,121.418985134136,400.783435125497,2682.01457983065,67,1341,496,845
87,87,baseline,0.1,0.2,early_mover,Early Mover,116.484705234245,291.181586591661,2044.59502613979,206,3185,992,2193
87,87,baseline,0.1,0.2,sequential,Sequential,118.451980962751,264.274392986887,1852.99917589119,240,3418,1121,2297
87,87,baseline,0.1,0.2,coordinated,Coordinated,119.084427098475,252.215737383037,1826.42131367927,245,3670,1116,2554
87,87,baseline,0.1,0.2,delayed_coordination,Delayed Coordination,116.063293359614,277.580719447846,1890.79433790262,237,3339,1080,2259
87,87,high,0.2,0.4,baseline,Baseline,113.741417073415,431.551074807343,2941.51606084463,10,196,90,106
87,87,high,0.2,0.4,early_mover,Early Mover,97.9641935934143,381.118707986718,2639.89787707797,71,1111,489,622
87,87,high,0.2,0.4,sequential,Sequential,94.2999161230012,377.297775060193,2623.68872507758,77,1151,518,633
87,87,high,0.2,0.4,coordinated,Coordinated,94.0457950792181,380.453483268424,2634.53530619142,75,1175,543,632
87,87,high,0.2,0.4,delayed_coordination,Delayed Coordination,93.8977459746006,380.147840431288,2635.7598508433,70,1121,496,625
88,88,low,0.05,0.1,baseline,Baseline,131.984856833601,334.631511033006,2254.08017088478,136,2858,616,2242
88,88,low,0.05,0.1,early_mover,Early Mover,138.675633595371,203.424423553879,1417.75303610851,302,5366,1430,3936
88,88,low,0.05,0.1,sequential,Sequential,138.053361374176,199.905352864813,1336.7767127058,308,5352,1635,3717
88,88,low,0.05,0.1,coordinated,Coordinated,129.917448130334,198.080403849309,1495.23311628117,275,4838,1485,3353
88,88,low,0.05,0.1,delayed_coordination,Delayed Coordination,137.124624700816,198.024545870257,1354.35040766146,307,5416,1579,3837
88,88,baseline,0.1,0.2,baseline,Baseline,123.358877201516,368.297700493625,2524.95541174584,89,1968,619,1349
88,88,baseline,0.1,0.2,early_mover,Early Mover,114.031610897692,276.888773470224,1965.48059575698,196,3456,1073,2383
88,88,baseline,0.1,0.2,sequential,Sequential,113.983653932627,269.448411783347,1863.76629384124,224,3636,1119,2517
88,88,baseline,0.1,0.2,coordinated,Coordinated,113.444971166613,263.265372421963,1889.90702474254,218,3706,1181,2525
88,88,baseline,0.1,0.2,delayed_coordination,Delayed Coordination,111.761516751929,269.222459995245,1913.48024227011,200,3460,1058,2402
88,88,high,0.2,0.4,baseline,Baseline,113.087976751089,434.536906523301,2854.33381701031,23,420,174,246
88,88,high,0.2,0.4,early_mover,Early Mover,95.680278293557,392.859320296998,2608.04355969992,69,1152,380,772
88,88,high,0.2,0.4,sequential,Sequential,90.555786921575,394.430921855958,2598.58512977921,72,1142,377,765
88,88,high,0.2,0.4,coordinated,Coordinated,91.9294083481708,390.407890356139,2584.77117291832,72,1198,452,746
88,88,high,0.2,0.4,delayed_coordination,Delayed Coordination,91.3649449632679,382.693028972938,2572.29502575071,79,1230,408,822
89,89,low,0.05,0.1,baseline,Baseline,133.183601240999,314.042939164873,2124.81451305663,146,3206,622,2584
89,89,low,0.05,0.1,early_mover,Early Mover,129.90895983207,220.090386954557,1453.00447192163,292,5265,1425,3840
89,89,low,0.05,0.1,sequential,Sequential,125.681462925336,225.647356956876,1445.55206973129,268,4993,1431,3562
89,89,low,0.05,0.1,coordinated,Coordinated,127.454311789097,219.262750800078,1476.24589910518,271,4943,1356,3587
89,89,low,0.05,0.1,delayed_coordination,Delayed Coordination,128.425355080432,218.914032938768,1424.77741195266,285,5289,1419,3870
89,89,baseline,0.1,0.2,baseline,Baseline,125.161425539448,358.03341690049,2385.98506582655,116,2333,582,1751
89,89,baseline,0.1,0.2,early_mover,Early Mover,116.716458042325,274.525996139353,1746.14412742244,246,4049,1178,2871
89,89,baseline,0.1,0.2,sequential,Sequential,110.24191083062,271.766615959005,1786.59818672074,245,3915,1166,2749
89,89,baseline,0.1,0.2,coordinated,Coordinated,117.589876045476,251.509526716823,1630.2091001369,264,4465,1319,3146
89,89,baseline,0.1,0.2,delayed_coordination,Delayed Coordination,114.887495579205,261.393378953821,1658.7084070735,253,4164,1204,2960
89,89,high,0.2,0.4,baseline,Baseline,109.670435448974,427.175457228012,2889.95344911419,15,265,117,148
89,89,high,0.2,0.4,early_mover,Early Mover,96.919450393162,378.517873648731,2486.81368151669,101,1516,624,892
89,89,high,0.2,0.4,sequential,Sequential,92.9100936616029,369.060320970726,2478.42129328816,98,1484,602,882
89,89,high,0.2,0.4,coordinated,Coordinated,91.7372731381341,379.090221000227,2523.64270515097,90,1385,553,832
89,89,high,0.2,0.4,delayed_coordination,Delayed Coordination,94.3360971924795,367.31861899302,2436.94402328417,105,1574,631,943
90,90,low,0.05,0.1,baseline,Baseline,134.258576940403,346.005835984046,2334.2388264092,145,3015,593,2422
90,90,low,0.05,0.1,early_mover,Early Mover,137.877252497461,222.850368263876,1487.45380735785,272,4941,1423,3518
90,90,low,0.05,0.1,sequential,Sequential,130.597485121735,228.351936864996,1502.46329459999,264,4852,1469,3383
90,90,low,0.05,0.1,coordinated,Coordinated,129.209518013128,228.107272076587,1482.35698154714,281,4951,1414,3537
90,90,low,0.05,0.1,delayed_coordination,Delayed Coordination,133.809709621308,217.954268561662,1490.2767363154,270,4913,1502,3411
90,90,baseline,0.1,0.2,baseline,Baseline,125.150602127758,390.122755307945,2574.01700730986,98,2086,538,1548
90,90,baseline,0.1,0.2,early_mover,Early Mover,124.239326338134,266.600517423875,1710.70362263743,259,4252,1196,3056
90,90,baseline,0.1,0.2,sequential,Sequential,119.480686348954,262.615430948095,1720.18554878778,253,4058,1213,2845
90,90,baseline,0.1,0.2,coordinated,Coordinated,117.192362506359,275.785903016914,1754.75972897463,244,4078,1111,2967
90,90,baseline,0.1,0.2,delayed_coordination,Delayed Coordination,121.35873355395,257.200875854643,1674.43084872795,257,4223,1118,3105
90,90,high,0.2,0.4,baseline,Baseline,113.154044574399,449.463260964854,2994.31514055596,15,295,138,157
90,90,high,0.2,0.4,early_mover,Early Mover,95.860320919629,407.061348410896,2701.01388757569,74,1149,502,647
90,90,high,0.2,0.4,sequential,Sequential,92.8164690294215,391.761791817614,2651.04867260255,93,1196,480,716
90,90,high,0.2,0.4,coordinated,Coordinated,94.6134703196378,398.254320600865,2566.71300989195,108,1491,490,1001
90,90,high,0.2,0.4,delayed_coordination,Delayed Coordination,93.4520031188516,397.267343942616,2655.39738322692,85,1222,493,729
91,91,low,0.05,0.1,baseline,Baseline,130.287198639269,356.863211600835,2383.22937453973,129,2848,779,2069
91,91,low,0.05,0.1,early_mover,Early Mover,142.881795351782,220.222785417418,1460.02407562918,304,5680,1299,4381
91,91,low,0.05,0.1,sequential,Sequential,141.059293980172,222.244756885056,1410.51839300341,298,5563,1377,4186
91,91,low,0.05,0.1,coordinated,Coordinated,143.764068734354,196.731057817225,1358.69967986677,328,5600,1519,4081
91,91,low,0.05,0.1,delayed_coordination,Delayed Coordination,141.606240321499,209.587064612325,1411.27330715869,308,5571,1324,4247
91,91,baseline,0.1,0.2,baseline,Baseline,124.366945692891,371.848259915583,2595.42635025199,108,2088,709,1379
91,91,baseline,0.1,0.2,early_mover,Early Mover,126.634088426912,273.859540158338,1794.83346469723,253,4387,1147,3240
91,91,baseline,0.1,0.2,sequential,Sequential,122.287923845656,269.80426376753,1776.27555815364,258,4300,1187,3113
91,91,baseline,0.1,0.2,coordinated,Coordinated,127.917300854519,249.281860590835,1674.65648671362,283,4688,1240,3448
91,91,baseline,0.1,0.2,delayed_coordination,Delayed Coordination,122.701632593721,272.535787677571,1777.25667636975,247,4270,1161,3109
91,91,high,0.2,0.4,baseline,Baseline,112.000670443579,437.031590783333,2994.17151820099,20,327,161,166
91,91,high,0.2,0.4,early_mover,Early Mover,99.6101364018385,388.672371481004,2582.33208969134,105,1592,526,1066
91,91,high,0.2,0.4,sequential,Sequential,97.4535009057507,386.188324160745,2546.33936779271,109,1545,512,1033
91,91,high,0.2,0.4,coordinated,Coordinated,95.5444339694268,389.298913456479,2554.27200760862,114,1492,517,975
91,91,high,0.2,0.4,delayed_coordination,Delayed Coordination,98.376648900071,380.052373347107,2508.88647202587,117,1658,559,1099
92,92,low,0.05,0.1,baseline,Baseline,132.59804478881,297.666050481464,2090.54025165637,159,3351,618,2733
92,92,low,0.05,0.1,early_mover,Early Mover,134.924603451613,189.682215778869,1360.72174103011,306,5447,1170,4277
92,92,low,0.05,0.1,sequential,Sequential,130.509497819726,175.96412330835,1307.98637606824,287,5269,1237,4032
92,92,low,0.05,0.1,coordinated,Coordinated,130.396426394004,188.071105154838,1347.86282597841,292,5288,1260,4028
92,92,low,0.05,0.1,delayed_coordination,Delayed Coordination,131.272773845601,179.996541929269,1302.98109998392,299,5279,1217,4062
92,92,baseline,0.1,0.2,baseline,Baseline,122.459361623281,345.426779138657,2383.87147088819,98,2129,432,1697
92,92,baseline,0.1,0.2,early_mover,Early Mover,117.543807657152,237.114203708288,1752.80308157758,226,3916,874,3042
92,92,baseline,0.1,0.2,sequential,Sequential,114.865131649842,228.92869311577,1704.99198742511,235,3953,930,3023
92,92,baseline,0.1,0.2,coordinated,Coordinated,111.109592143295,242.718280729803,1737.39158084432,225,3855,940,2915
92,92,baseline,0.1,0.2,delayed_coordination,Delayed Coordination,115.996701026231,225.519572343309,1689.63613832408,222,4006,909,3097
92,92,high,0.2,0.4,baseline,Baseline,111.786517396202,402.847823664388,2746.98488621669,32,634,220,414
92,92,high,0.2,0.4,early_mover,Early Mover,97.5190449857559,335.408723141653,2361.07147251511,104,1734,581,1153
92,92,high,0.2,0.4,sequential,Sequential,91.5475115595493,331.679895617886,2370.2585232788,84,1693,564,1129
92,92,high,0.2,0.4,coordinated,Coordinated,91.9102224829712,347.363474868436,2398.55507743542,95,1611,550,1061
92,92,high,0.2,0.4,delayed_coordination,Delayed Coordination,92.4334247869111,327.40671951919,2344.59749196642,104,1727,589,1138
93,93,low,0.05,0.1,baseline,Baseline,131.697379761187,331.618282075188,2203.22041809361,149,3285,526,2759
93,93,low,0.05,0.1,early_mover,Early Mover,142.179324198363,188.671782814747,1261.12410573448,335,5823,1240,4583
93,93,low,0.05,0.1,sequential,Sequential,140.892742278737,183.610978469658,1219.04735470594,338,5807,1330,4477
93,93,low,0.05,0.1,coordinated,Coordinated,134.907954675169,198.031876307643,1292.34935880275,320,5782,1470,4312
93,93,low,0.05,0.1,delayed_coordination,Delayed Coordination,140.009313893155,178.430475115255,1215.25221300921,333,5831,1374,4457
93,93,baseline,0.1,0.2,baseline,Baseline,121.822841630677,377.720201571613,2508.69696981082,104,2120,460,1660
93,93,baseline,0.1,0.2,early_mover,Early Mover,120.491839808923,256.530037037867,1745.61090690683,265,4353,1154,3199
93,93,baseline,0.1,0.2,sequential,Sequential,116.166819538629,255.732370979049,1721.68427847271,241,4138,1229,2909
93,93,baseline,0.1,0.2,coordinated,Coordinated,114.422730244053,273.399375603941,1799.30555229492,248,4003,1184,2819
93,93,baseline,0.1,0.2,delayed_coordination,Delayed Coordination,119.206515220401,244.379755670665,1679.63611028797,275,4352,1246,3106
93,93,high,0.2,0.4,baseline,Baseline,109.483704611034,449.619109586971,2962.52553807659,17,335,151,184
93,93,high,0.2,0.4,early_mover,Early Mover,100.516575242061,377.626378906727,2518.47817551735,101,1579,621,958
93,93,high,0.2,0.4,sequential,Sequential,97.9090271068622,367.755351444041,2451.41068057902,114,1697,655,1042
93,93,high,0.2,0.4,coordinated,Coordinated,95.3114148530238,378.911631334382,2501.62494900564,107,1607,618,989
93,93,high,0.2,0.4,delayed_coordination,Delayed Coordination,98.9040924151324,370.103133096105,2441.36665845011,117,1711,614,1097
94,94,low,0.05,0.1,baseline,Baseline,133.065986176015,332.060905809914,2238.89390902034,132,2882,651,2231
94,94,low,0.05,0.1,early_mover,Early Mover,150.954534349743,206.184563219468,1313.36588804698,327,5586,1377,4209
94,94,low,0.05,0.1,sequential,Sequential,143.875234898316,204.808270674015,1297.26411700559,313,5506,1534,3972
94,94,low,0.05,0.1,coordinated,Coordinated,141.729352303048,211.543300521014,1317.34444464502,307,5542,1657,3885
94,94,low,0.05,0.1,delayed_coordination,Delayed Coordination,144.589366310383,201.80390194974,1280.12562766449,320,5557,1518,4039
94,94,baseline,0.1,0.2,baseline,Baseline,124.536688118596,380.440820874373,2500.32680469769,90,1852,519,1333
94,94,baseline,0.1,0.2,early_mover,Early Mover,126.631136277787,262.522175649533,1692.85510495483,255,4264,1057,3207
94,94,baseline,0.1,0.2,sequential,Sequential,122.632897040965,257.08666470933,1694.5141560015,258,4267,1159,3108
94,94,baseline,0.1,0.2,coordinated,Coordinated,124.943255449556,258.91111073492,1669.69798650561,261,4326,1198,3128
94,94,baseline,0.1,0.2,delayed_coordination,Delayed Coordination,123.819348790146,260.34267881744,1662.0205420707,260,4319,1140,3179
94,94,high,0.2,0.4,baseline,Baseline,113.438950616895,430.039334444135,2870.48725969695,16,278,76,202
94,94,high,0.2,0.4,early_mover,Early Mover,97.2605317121312,374.919331633188,2579.74721841456,75,1224,441,783
94,94,high,0.2,0.4,sequential,Sequential,94.1983882119539,364.16117890931,2520.47484637381,90,1328,457,871
94,94,high,0.2,0.4,coordinated,Coordinated,96.9852962643332,355.928887400754,2460.60481186673,98,1598,563,1035
94,94,high,0.2,0.4,delayed_coordination,Delayed Coordination,94.4188815620882,363.174964400219,2511.90824241186,89,1380,469,911
95,95,low,0.05,0.1,baseline,Baseline,133.941940505079,340.915934828625,2296.11522614583,134,2878,703,2175
95,95,low,0.05,0.1,early_mover,Early Mover,139.288966244816,234.334066234369,1461.30661331468,291,5177,1509,3668
95,95,low,0.05,0.1,sequential,Sequential,142.527619898428,205.363788936599,1356.82329105187,325,5454,1612,3842
95,95,low,0.05,0.1,coordinated,Coordinated,141.179449513173,205.74483291639,1347.92316766142,318,5581,1775,3806
95,95,low,0.05,0.1,delayed_coordination,Delayed Coordination,135.947869056292,231.492286681788,1426.57438030318,291,5221,1550,3671
95,95,baseline,0.1,0.2,baseline,Baseline,127.264144576925,381.937551516144,2498.40150307596,104,2094,636,1458
95,95,baseline,0.1,0.2,early_mover,Early Mover,127.864093556112,252.603054136321,1633.13617250146,284,4514,1215,3299
95,95,baseline,0.1,0.2,sequential,Sequential,126.347526365368,247.398264267453,1581.96999756119,281,4544,1346,3198
95,95,baseline,0.1,0.2,coordinated,Coordinated,120.402533508692,258.863892999346,1718.19407423668,237,4251,1256,2995
95,95,baseline,0.1,0.2,delayed_coordination,Delayed Coordination,129.626825581916,240.019158514166,1549.24146968693,304,4719,1319,3400
95,95,high,0.2,0.4,baseline,Baseline,115.106854690728,422.643486876003,2847.26643834296,30,559,241,318
95,95,high,0.2,0.4,early_mover,Early Mover,99.0020279200132,377.623298964374,2517.94631113843,97,1456,529,927
95,95,high,0.2,0.4,sequential,Sequential,95.4301827133052,368.502575369358,2471.54654488059,107,1530,551,979
95,95,high,0.2,0.4,coordinated,Coordinated,94.16415795886,376.862927964756,2532.77999503169,102,1517,464,1053
95,95,high,0.2,0.4,delayed_coordination,Delayed Coordination,95.9493866791607,368.690223365963,2469.45812657091,100,1540,536,1004
96,96,low,0.05,0.1,baseline,Baseline,132.144247550586,322.268291286292,2198.70358466404,151,3210,529,2681
96,96,low,0.05,0.1,early_mover,Early Mover,141.290725832823,190.320644229423,1346.75771532709,319,5681,1360,4321
96,96,low,0.05,0.1,sequential,Sequential,134.86110715059,197.891958573804,1346.42805798234,322,5660,1473,4187
96,96,low,0.05,0.1,coordinated,Coordinated,139.563536973681,182.20522418445,1282.31450007742,308,5560,1372,4188
96,96,low,0.05,0.1,delayed_coordination,Delayed Coordination,133.617441301097,203.734161042569,1362.28329766511,301,5505,1466,4039
96,96,baseline,0.1,0.2,baseline,Baseline,120.88222279939,363.386772031506,2509.15184939891,98,1993,528,1465
96,96,baseline,0.1,0.2,early_mover,Early Mover,119.048813666044,287.063768373575,1821.60897668037,232,3946,1114,2832
96,96,baseline,0.1,0.2,sequential,Sequential,118.115186518354,282.675550502329,1769.82164161219,231,3968,1085,2883
96,96,baseline,0.1,0.2,coordinated,Coordinated,116.645591799776,276.458311330768,1796.02283326552,230,3999,1141,2858
96,96,baseline,0.1,0.2,delayed_coordination,Delayed Coordination,116.701497647288,263.896928771889,1741.54606270961,238,3942,1081,2861
96,96,high,0.2,0.4,baseline,Baseline,110.234532184369,429.868880849138,2930.83127268943,21,424,152,272
96,96,high,0.2,0.4,early_mover,Early Mover,94.2174968566071,382.612344699363,2616.04032902562,78,1309,517,792
96,96,high,0.2,0.4,sequential,Sequential,91.2721077602086,376.78611805135,2588.00299079867,87,1365,498,867
96,96,high,0.2,0.4,coordinated,Coordinated,87.7699772781586,393.163530195306,2676.94172477282,67,1136,424,712
96,96,high,0.2,0.4,delayed_coordination,Delayed Coordination,92.4155600936816,372.380152411466,2562.75424764593,89,1402,514,888
97,97,low,0.05,0.1,baseline,Baseline,130.039419180651,320.704254474864,2259.37492965977,154,3351,501,2850
97,97,low,0.05,0.1,early_mover,Early Mover,128.078560486461,198.546651918652,1508.90330506904,243,4694,1284,3410
97,97,low,0.05,0.1,sequential,Sequential,119.367405503359,212.0085080712,1535.06172888107,207,4417,1297,3120
97,97,low,0.05,0.1,coordinated,Coordinated,117.92997148058,195.174314075295,1472.7531500157,235,4425,1319,3106
97,97,low,0.05,0.1,delayed_coordination,Delayed Coordination,121.372169014225,204.154335247779,1510.20217366798,208,4470,1230,3240
97,97,baseline,0.1,0.2,baseline,Baseline,123.443892012537,342.707249631367,2495.22599334016,117,2461,508,1953
97,97,baseline,0.1,0.2,early_mover,Early Mover,122.338053591317,212.451608119559,1664.06768628071,278,4446,1241,3205
97,97,baseline,0.1,0.2,sequential,Sequential,117.269794974868,207.291825208756,1622.97118869282,271,4365,1255,3110
97,97,baseline,0.1,0.2,coordinated,Coordinated,110.481123486135,252.589210104657,1739.34783113605,239,4008,1166,2842
97,97,baseline,0.1,0.2,delayed_coordination,Delayed Coordination,118.140261416804,207.663804309298,1618.64562374192,263,4270,1296,2974
97,97,high,0.2,0.4,baseline,Baseline,109.611194674809,422.497429530008,3020.15745198545,15,345,136,209
97,97,high,0.2,0.4,early_mover,Early Mover,91.725134396007,349.138479601909,2659.01953526817,89,1387,548,839
97,97,high,0.2,0.4,sequential,Sequential,87.9175917041248,341.669530678215,2586.13870520466,109,1490,572,918
97,97,high,0.2,0.4,coordinated,Coordinated,87.7962798083319,350.282472689166,2599.61154381416,101,1556,593,963
97,97,high,0.2,0.4,delayed_coordination,Delayed Coordination,87.6963957104341,349.582260420308,2610.97040265559,98,1450,564,886
98,98,low,0.05,0.1,baseline,Baseline,128.97974101631,345.768423478315,2187.67659176508,144,3116,593,2523
98,98,low,0.05,0.1,early_mover,Early Mover,128.116110655289,225.146076740465,1425.99440589274,297,5223,1384,3839
98,98,low,0.05,0.1,sequential,Sequential,133.273836185701,191.981682935806,1308.34980092888,322,5451,1489,3962
98,98,low,0.05,0.1,coordinated,Coordinated,130.449249868255,217.815049858794,1348.35262850275,313,5216,1374,3842
98,98,low,0.05,0.1,delayed_coordination,Delayed Coordination,128.707717397631,204.740276329931,1352.93432344499,313,5355,1371,3984
98,98,baseline,0.1,0.2,baseline,Baseline,122.414644025495,378.254738517727,2396.08950673789,115,2255,587,1668
98,98,baseline,0.1,0.2,early_mover,Early Mover,116.789807963199,298.304924455181,1714.04300687193,250,4068,1133,2935
98,98,baseline,0.1,0.2,sequential,Sequential,115.616563782206,268.907244450951,1680.08774109177,270,4076,1163,2913
98,98,baseline,0.1,0.2,coordinated,Coordinated,115.391059001769,262.325565210558,1633.90759556603,271,4324,1175,3149
98,98,baseline,0.1,0.2,delayed_coordination,Delayed Coordination,116.523546005984,258.429811900926,1648.79392000309,264,4151,1204,2947
98,98,high,0.2,0.4,baseline,Baseline,109.060357465165,450.188518191682,2884.28284762677,14,286,112,174
98,98,high,0.2,0.4,early_mover,Early Mover,93.0205655600644,401.891084508666,2543.25217380043,84,1383,536,847
98,98,high,0.2,0.4,sequential,Sequential,89.9142295268596,396.569151340961,2495.86716505369,92,1425,571,854
98,98,high,0.2,0.4,coordinated,Coordinated,90.2913089346657,382.608983395568,2492.01140841683,98,1427,494,933
98,98,high,0.2,0.4,delayed_coordination,Delayed Coordination,91.507520850213,381.336800906101,2458.07202856512,106,1513,590,923
99,99,low,0.05,0.1,baseline,Baseline,132.217056375189,355.160995141872,2441.41705552742,124,2551,650,1901
99,99,low,0.05,0.1,early_mover,Early Mover,138.15630178348,200.840427847751,1506.04276019055,305,5260,1341,3919
99,99,low,0.05,0.1,sequential,Sequential,140.979302684378,181.351279716189,1391.45353417351,309,5415,1382,4033
99,99,low,0.05,0.1,coordinated,Coordinated,136.416909744067,193.399286160713,1434.54417352517,304,5222,1348,3874
99,99,low,0.05,0.1,delayed_coordination,Delayed Coordination,140.126470930937,195.344982141517,1405.98127915327,313,5353,1362,3991
99,99,baseline,0.1,0.2,baseline,Baseline,124.131801211366,370.657942371323,2653.91846267098,83,1672,424,1248
99,99,baseline,0.1,0.2,early_mover,Early Mover,126.231206806591,233.105791845694,1725.70795595923,257,4170,1086,3084
99,99,baseline,0.1,0.2,sequential,Sequential,125.753419448229,226.317958415217,1660.02711802142,265,4085,1140,2945
99,99,baseline,0.1,0.2,coordinated,Coordinated,124.061407836279,241.453834521378,1747.40242997901,261,4184,1149,3035
99,99,baseline,0.1,0.2,delayed_coordination,Delayed Coordination,125.680273818408,224.847869872952,1628.05494897425,285,4171,1171,3000
99,99,high,0.2,0.4,baseline,Baseline,114.62969921592,428.781424472804,3000.09112465814,13,230,98,132
99,99,high,0.2,0.4,early_mover,Early Mover,95.607315231603,371.604488603408,2717.66183993294,73,982,427,555
99,99,high,0.2,0.4,sequential,Sequential,92.5719743506123,374.317244525415,2685.46304507727,76,1026,419,607
99,99,high,0.2,0.4,coordinated,Coordinated,94.4582996509511,380.158228923071,2632.04835093823,89,1319,433,886
99,99,high,0.2,0.4,delayed_coordination,Delayed Coordination,91.5797877027646,379.498170717106,2699.00178262615,68,965,402,563
100,100,low,0.05,0.1,baseline,Baseline,130.773189255153,314.646593375163,2153.15015518714,153,3321,564,2757
100,100,low,0.05,0.1,early_mover,Early Mover,138.216791610504,193.81890614042,1290.03882979448,323,5837,1489,4348
100,100,low,0.05,0.1,sequential,Sequential,130.741181272643,209.270390770631,1324.54293529155,319,5715,1506,4209
100,100,low,0.05,0.1,coordinated,Coordinated,130.997713436452,197.926541941071,1312.7637071317,328,5745,1545,4200
100,100,low,0.05,0.1,delayed_coordination,Delayed Coordination,132.32786925462,190.629968808127,1275.33463697072,329,5801,1504,4297
100,100,baseline,0.1,0.2,baseline,Baseline,121.659077184905,364.422206982611,2459.38025859286,112,2253,627,1626
100,100,baseline,0.1,0.2,early_mover,Early Mover,118.468116015034,255.631217092207,1721.27312341213,258,4364,1222,3142
100,100,baseline,0.1,0.2,sequential,Sequential,112.881193724542,252.056162476945,1719.39133277483,238,4104,1204,2900
100,100,baseline,0.1,0.2,coordinated,Coordinated,111.346119170507,236.200134778751,1723.9478600159,242,4159,1115,3044
100,100,baseline,0.1,0.2,delayed_coordination,Delayed Coordination,116.613125981761,228.597308535232,1637.51740921582,262,4316,1187,3129
100,100,high,0.2,0.4,baseline,Baseline,111.549529122589,425.956451000481,2845.99049587119,34,668,259,409
100,100,high,0.2,0.4,early_mover,Early Mover,96.1139224458503,355.799962338968,2484.4385640037,109,1696,663,1033
100,100,high,0.2,0.4,sequential,Sequential,91.2461975999805,359.362198236685,2466.97671976912,110,1681,669,1012
100,100,high,0.2,0.4,coordinated,Coordinated,88.3801099405869,373.183395555329,2530.05164659726,81,1418,566,852
100,100,high,0.2,0.4,delayed_coordination,Delayed Coordination,92.3245077966042,355.893715661963,2456.67951846498,111,1739,692,1047
