replication,seed,recovery_horizon,scenario_id,scenario_name,delta_final_fitness_vs_baseline,delta_final_risk_vs_baseline,delta_final_trade_vs_baseline,delta_recovering_links_vs_baseline,delta_total_switches_vs_baseline
1,1,3,baseline,Baseline,0,0,0,0,0
1,1,3,early_mover,Early Mover,-7.13657803311881,-77.2192841979699,-600.883370583508,129,1753
1,1,3,sequential,Sequential,-14.5615119055858,-89.0017700617573,-624.596969549858,130,1631
1,1,3,coordinated,Coordinated,-2.02052010923146,-129.76354338457,-840.161480402869,177,2343
1,1,3,delayed_coordination,Delayed Coordination,-5.58620346816252,-115.870011582997,-788.473015101071,156,1984
1,1,5,baseline,Baseline,0,0,0,0,0
1,1,5,early_mover,Early Mover,-1.09699026825614,-112.048325973861,-719.329318235488,146,1935
1,1,5,sequential,Sequential,-0.260087589658497,-144.673173509599,-870.298677871248,168,2081
1,1,5,coordinated,Coordinated,-6.1391683764066,-100.167885210611,-721.100648231348,130,1954
1,1,5,delayed_coordination,Delayed Coordination,-0.8371487606627,-136.2735616973,-836.110846116158,166,2137
1,1,7,baseline,Baseline,0,0,0,0,0
1,1,7,early_mover,Early Mover,-1.89395596640011,-96.0130111422837,-710.077553766501,135,2032
1,1,7,sequential,Sequential,-5.06423673559556,-113.7899733547,-803.107221413904,161,2136
1,1,7,coordinated,Coordinated,-2.74930869471989,-115.416151753011,-821.257646917737,165,2210
1,1,7,delayed_coordination,Delayed Coordination,-2.53043047517696,-123.596525318139,-817.491128952245,157,2180
2,2,3,baseline,Baseline,0,0,0,0,0
2,2,3,early_mover,Early Mover,1.18274642369084,-136.283194234671,-889.58740942638,178,2628
2,2,3,sequential,Sequential,0.65511861008838,-150.049038369838,-971.691225387333,187,2633
2,2,3,coordinated,Coordinated,-3.69418755345411,-142.374603980724,-883.691335308466,171,2459
2,2,3,delayed_coordination,Delayed Coordination,-1.96535395299659,-142.451011087857,-918.250071557849,161,2575
2,2,5,baseline,Baseline,0,0,0,0,0
2,2,5,early_mover,Early Mover,2.07603876290024,-135.358907594206,-866.283837011395,178,2535
2,2,5,sequential,Sequential,-0.728666254355531,-144.797995689762,-924.596999997069,197,2569
2,2,5,coordinated,Coordinated,-0.954500155365736,-141.789682583642,-917.549832193594,171,2523
2,2,5,delayed_coordination,Delayed Coordination,-1.0405427392286,-131.51598594523,-902.267352088614,182,2586
2,2,7,baseline,Baseline,0,0,0,0,0
2,2,7,early_mover,Early Mover,-2.11522812922554,-127.281383030093,-800.205688484019,142,2090
2,2,7,sequential,Sequential,-5.30839759527825,-135.159609589154,-847.90937089627,154,2041
2,2,7,coordinated,Coordinated,-6.75511485517549,-129.64323400677,-776.321486262534,140,2032
2,2,7,delayed_coordination,Delayed Coordination,-4.68035996856111,-126.340430805868,-856.092235901495,157,2104
3,3,3,baseline,Baseline,0,0,0,0,0
3,3,3,early_mover,Early Mover,-0.927866717113744,-121.687630565248,-798.412176258793,154,2160
3,3,3,sequential,Sequential,-4.51530835384334,-128.075839766648,-805.985395044325,146,2093
3,3,3,coordinated,Coordinated,-7.06233285458018,-124.823205921072,-797.674814009597,156,2166
3,3,3,delayed_coordination,Delayed Coordination,-0.938510661795306,-137.945301511778,-867.391366152679,157,2255
3,3,5,baseline,Baseline,0,0,0,0,0
3,3,5,early_mover,Early Mover,-2.42123909443592,-116.788751125301,-757.173500848621,152,2128
3,3,5,sequential,Sequential,-2.98184608797115,-135.731714224493,-836.352667957025,173,2190
3,3,5,coordinated,Coordinated,-6.26873259941365,-120.484211114384,-817.111885995007,161,2232
3,3,5,delayed_coordination,Delayed Coordination,-0.423941328923007,-136.122465412957,-905.165527623001,185,2334
3,3,7,baseline,Baseline,0,0,0,0,0
3,3,7,early_mover,Early Mover,-2.44249149454473,-118.096944751454,-796.601287771158,165,2143
3,3,7,sequential,Sequential,-4.29907687914623,-140.683115492609,-837.172103936111,170,2115
3,3,7,coordinated,Coordinated,-4.04039778072347,-136.114294932081,-902.633282402309,190,2310
3,3,7,delayed_coordination,Delayed Coordination,-1.74264847571864,-143.515537410565,-893.147197006986,177,2251
4,4,3,baseline,Baseline,0,0,0,0,0
4,4,3,early_mover,Early Mover,0.766629210453402,-108.90642927807,-852.161746086068,164,2339
4,4,3,sequential,Sequential,-2.2582830400204,-108.444442192939,-886.073411298027,166,2241
4,4,3,coordinated,Coordinated,-2.22995627850027,-115.240869028276,-906.960461508438,169,2288
4,4,3,delayed_coordination,Delayed Coordination,-1.96247768443378,-112.577647836892,-898.371697584333,166,2315
4,4,5,baseline,Baseline,0,0,0,0,0
4,4,5,early_mover,Early Mover,2.63385909109103,-135.666466654058,-929.776815591262,169,2480
4,4,5,sequential,Sequential,-0.9493113184419,-128.519497967483,-949.999361407529,181,2430
4,4,5,coordinated,Coordinated,-5.00623133863851,-88.6655831552032,-820.401209984947,154,2180
4,4,5,delayed_coordination,Delayed Coordination,-0.00380193940750928,-146.292995444195,-985.271903969418,186,2629
4,4,7,baseline,Baseline,0,0,0,0,0
4,4,7,early_mover,Early Mover,-1.22119266784456,-115.112116168359,-828.711721043715,165,2140
4,4,7,sequential,Sequential,-0.192100836694578,-136.632255571736,-975.891934817078,202,2377
4,4,7,coordinated,Coordinated,-3.76966339955062,-97.9920314796061,-854.975911062489,159,2133
4,4,7,delayed_coordination,Delayed Coordination,0.0839765707246301,-136.267473302394,-969.619100149922,197,2231
5,5,3,baseline,Baseline,0,0,0,0,0
5,5,3,early_mover,Early Mover,-1.46959540197011,-109.527968051278,-728.895120272558,144,2050
5,5,3,sequential,Sequential,-4.21373992815386,-102.01202522454,-735.367843306842,131,1944
5,5,3,coordinated,Coordinated,-12.3023744472069,-85.796489788452,-560.571634635106,92,1470
5,5,3,delayed_coordination,Delayed Coordination,-4.21650167845402,-108.273199783526,-730.918539738287,140,2036
5,5,5,baseline,Baseline,0,0,0,0,0
5,5,5,early_mover,Early Mover,-4.10385304748682,-99.7578025010694,-649.800695423177,130,1635
5,5,5,sequential,Sequential,-10.4405276561176,-94.6966999643323,-599.536005089684,121,1467
5,5,5,coordinated,Coordinated,-12.2945541690882,-69.9100421770613,-534.595535107023,77,1266
5,5,5,delayed_coordination,Delayed Coordination,-9.16667575395756,-80.9221628461918,-592.332096954325,106,1439
5,5,7,baseline,Baseline,0,0,0,0,0
5,5,7,early_mover,Early Mover,-2.34075177980381,-101.795798765931,-655.044841406076,126,1819
5,5,7,sequential,Sequential,-9.47306559816587,-96.1718187445878,-612.97275334195,127,1638
5,5,7,coordinated,Coordinated,-10.9735890995604,-78.5866083945342,-586.487206208878,117,1517
5,5,7,delayed_coordination,Delayed Coordination,-1.73499766696003,-116.47473838004,-729.911747165174,153,1884
6,6,3,baseline,Baseline,0,0,0,0,0
6,6,3,early_mover,Early Mover,-12.8032884115436,-71.4791314529822,-410.166499554361,62,803
6,6,3,sequential,Sequential,-18.7690493747502,-74.2803774027902,-422.673191226526,58,701
6,6,3,coordinated,Coordinated,-5.83469663855089,-101.602478681825,-686.010618008202,121,1889
6,6,3,delayed_coordination,Delayed Coordination,-20.5049832172821,-67.7831928432708,-380.08993981415,33,614
6,6,5,baseline,Baseline,0,0,0,0,0
6,6,5,early_mover,Early Mover,5.601712822962,-110.871191779456,-855.00622909541,178,2403
6,6,5,sequential,Sequential,3.59790414320837,-117.580496441727,-875.887044179789,171,2392
6,6,5,coordinated,Coordinated,0.197433801683601,-108.614538480308,-848.552651573345,148,2279
6,6,5,delayed_coordination,Delayed Coordination,3.26008581603323,-118.243673470811,-865.390394594147,168,2334
6,6,7,baseline,Baseline,0,0,0,0,0
6,6,7,early_mover,Early Mover,2.99929001356982,-118.159890218736,-800.922460362922,155,2209
6,6,7,sequential,Sequential,-0.867313360330371,-121.523245572929,-819.966201767721,150,2067
6,6,7,coordinated,Coordinated,-1.67732335569278,-117.465721230056,-798.078260872884,135,2114
6,6,7,delayed_coordination,Delayed Coordination,1.87601634793342,-127.683886942937,-859.482003802603,159,2277
7,7,3,baseline,Baseline,0,0,0,0,0
7,7,3,early_mover,Early Mover,-4.75810340186922,-105.54258954462,-684.71481067993,126,1828
7,7,3,sequential,Sequential,-7.69469931176511,-93.5262282662711,-685.912073740447,131,1805
7,7,3,coordinated,Coordinated,-12.0058304023146,-92.4096300280263,-618.807960630808,123,1676
7,7,3,delayed_coordination,Delayed Coordination,-8.9397395860174,-96.8813769773538,-675.197913062043,116,1753
7,7,5,baseline,Baseline,0,0,0,0,0
7,7,5,early_mover,Early Mover,-7.14289195115765,-76.9618628691239,-627.809627592225,103,1531
7,7,5,sequential,Sequential,-8.47188919648393,-83.2151474193165,-675.113396470993,122,1671
7,7,5,coordinated,Coordinated,-7.48026911033884,-96.9550639244599,-714.810535477656,134,1869
7,7,5,delayed_coordination,Delayed Coordination,-11.7106074905581,-75.4854884650994,-634.850890671952,106,1554
7,7,7,baseline,Baseline,0,0,0,0,0
7,7,7,early_mover,Early Mover,-3.31010101433067,-104.662841554966,-683.216019424904,151,1860
7,7,7,sequential,Sequential,-3.896889702577,-101.205834753312,-745.997586472942,151,1967
7,7,7,coordinated,Coordinated,-8.49046535307227,-97.0584962625367,-698.845109522721,145,1766
7,7,7,delayed_coordination,Delayed Coordination,-2.48564763460922,-110.331308697297,-772.534043434933,160,2039
8,8,3,baseline,Baseline,0,0,0,0,0
8,8,3,early_mover,Early Mover,-6.6274468265845,-112.210930095725,-699.952141644168,138,1915
8,8,3,sequential,Sequential,-7.12090187777358,-112.688169832473,-775.310225238114,150,2039
8,8,3,coordinated,Coordinated,-8.64273491649556,-112.897498027911,-743.333504640342,150,2102
8,8,3,delayed_coordination,Delayed Coordination,-10.6552534964138,-109.811284950783,-687.228635846673,119,1857
8,8,5,baseline,Baseline,0,0,0,0,0
8,8,5,early_mover,Early Mover,-3.10722251095788,-112.886986343185,-750.537895567036,156,2110
8,8,5,sequential,Sequential,-8.91142526129273,-110.173284352991,-719.472483713192,146,2033
8,8,5,coordinated,Coordinated,-8.64331157750522,-107.174725342997,-675.355562871066,133,1966
8,8,5,delayed_coordination,Delayed Coordination,-6.52779390997624,-114.72985009481,-755.518439352731,149,2097
8,8,7,baseline,Baseline,0,0,0,0,0
8,8,7,early_mover,Early Mover,-8.25744138091137,-103.800258586458,-626.757360768302,120,1740
8,8,7,sequential,Sequential,-7.16470730002607,-121.958953641531,-760.195331207139,128,1928
8,8,7,coordinated,Coordinated,-8.78722519146652,-109.893348337429,-691.52282078639,142,2022
8,8,7,delayed_coordination,Delayed Coordination,-11.6824189214162,-100.6825309049,-658.967847045083,130,1792
9,9,3,baseline,Baseline,0,0,0,0,0
9,9,3,early_mover,Early Mover,-3.00607493067835,-113.825858924357,-774.647937321363,149,2081
9,9,3,sequential,Sequential,-3.1588495496633,-130.801938370952,-869.958963247866,134,2196
9,9,3,coordinated,Coordinated,-4.13039187326785,-128.133825197316,-839.726228491179,136,2008
9,9,3,delayed_coordination,Delayed Coordination,-5.26485005582299,-131.530841732757,-838.142420934239,124,2069
9,9,5,baseline,Baseline,0,0,0,0,0
9,9,5,early_mover,Early Mover,-5.17657402889191,-119.776330170614,-777.364428222641,165,2036
9,9,5,sequential,Sequential,-9.35269344661627,-122.272463956586,-737.977380015662,162,1973
9,9,5,coordinated,Coordinated,-6.96123775248768,-113.974725821204,-792.411947097602,142,2012
9,9,5,delayed_coordination,Delayed Coordination,-7.28967126094852,-123.361746813551,-825.393162770477,157,2104
9,9,7,baseline,Baseline,0,0,0,0,0
9,9,7,early_mover,Early Mover,-3.54208986394761,-102.211976907747,-752.380267356545,154,2014
9,9,7,sequential,Sequential,-7.00950593005507,-116.233385654538,-804.054599413177,163,2018
9,9,7,coordinated,Coordinated,-5.78749141616562,-133.520443255182,-818.133067460796,162,1968
9,9,7,delayed_coordination,Delayed Coordination,-5.63633684517417,-111.134868193727,-834.939789860221,171,1993
10,10,3,baseline,Baseline,0,0,0,0,0
10,10,3,early_mover,Early Mover,-0.58153127508163,-92.9131721942372,-712.845945004209,147,2316
10,10,3,sequential,Sequential,1.37534211595397,-110.560156479707,-871.062552131394,165,2596
10,10,3,coordinated,Coordinated,0.988550461094263,-115.012660028141,-839.015688089114,172,2688
10,10,3,delayed_coordination,Delayed Coordination,0.890490391691998,-111.342260979214,-860.269920599906,187,2606
10,10,5,baseline,Baseline,0,0,0,0,0
10,10,5,early_mover,Early Mover,0.892826544508623,-108.196142454002,-780.940402818179,153,2492
10,10,5,sequential,Sequential,0.747802747486006,-121.264617708354,-915.663886799796,182,2705
10,10,5,coordinated,Coordinated,0.687682725036652,-115.822251473329,-888.874642769876,186,2755
10,10,5,delayed_coordination,Delayed Coordination,1.05952746142638,-118.411786274233,-916.323844312805,187,2713
10,10,7,baseline,Baseline,0,0,0,0,0
10,10,7,early_mover,Early Mover,5.8324017908526,-118.994514889194,-888.803296592543,188,2609
10,10,7,sequential,Sequential,5.30780974083883,-129.760630748968,-1011.61562026288,196,2700
10,10,7,coordinated,Coordinated,0.622073928983554,-127.488871659633,-936.882523387846,186,2444
10,10,7,delayed_coordination,Delayed Coordination,4.98104344204815,-132.46578349209,-1008.74719670373,200,2793
11,11,3,baseline,Baseline,0,0,0,0,0
11,11,3,early_mover,Early Mover,-2.41350531472543,-99.7372962412102,-668.799100282307,141,2048
11,11,3,sequential,Sequential,-1.88337199869893,-114.576946870711,-783.956002025026,166,2197
11,11,3,coordinated,Coordinated,-8.33936153911618,-97.3357196888372,-635.729617096309,121,1880
11,11,3,delayed_coordination,Delayed Coordination,-6.27426931443379,-105.080102524229,-677.222167142154,132,2091
11,11,5,baseline,Baseline,0,0,0,0,0
11,11,5,early_mover,Early Mover,-3.58072509210884,-94.4539354450893,-626.480965241664,132,1857
11,11,5,sequential,Sequential,-2.47288147637296,-102.415135075756,-774.837719577475,149,2120
11,11,5,coordinated,Coordinated,-6.23474732417314,-101.932602439254,-701.871614476071,148,1990
11,11,5,delayed_coordination,Delayed Coordination,-3.29953733943553,-107.438437053698,-741.076116780618,142,1941
11,11,7,baseline,Baseline,0,0,0,0,0
11,11,7,early_mover,Early Mover,-2.12522883156315,-96.1766292440442,-650.63560686651,144,1895
11,11,7,sequential,Sequential,-5.365076856497,-114.506595073624,-704.011554581335,167,1909
11,11,7,coordinated,Coordinated,-6.47927229707426,-106.184850333671,-678.604366860984,138,1836
11,11,7,delayed_coordination,Delayed Coordination,1.25771927897429,-118.591103361603,-819.039366072047,166,2007
12,12,3,baseline,Baseline,0,0,0,0,0
12,12,3,early_mover,Early Mover,-2.9225893156203,-100.260599639981,-773.145641837943,148,2045
12,12,3,sequential,Sequential,-6.5782540623846,-98.9989929266124,-804.702016206985,146,1973
12,12,3,coordinated,Coordinated,-10.8329119833025,-93.3658288277868,-719.333286421864,109,1616
12,12,3,delayed_coordination,Delayed Coordination,-6.24974339713366,-106.096760032562,-805.292267730974,149,2065
12,12,5,baseline,Baseline,0,0,0,0,0
12,12,5,early_mover,Early Mover,-7.05530851344645,-95.9185058376969,-669.95094022168,120,1900
12,12,5,sequential,Sequential,-6.49264181984179,-105.518430051199,-766.982543332391,131,1937
12,12,5,coordinated,Coordinated,-4.9783913394143,-98.4022495585023,-764.945762361137,159,2021
12,12,5,delayed_coordination,Delayed Coordination,-5.40636560617078,-105.867512277681,-782.444364538278,135,1965
12,12,7,baseline,Baseline,0,0,0,0,0
12,12,7,early_mover,Early Mover,-3.37544482986078,-97.3482532197321,-711.719072875218,138,1852
12,12,7,sequential,Sequential,-8.33499915198472,-90.9721937110337,-737.608531418632,134,1750
12,12,7,coordinated,Coordinated,-12.2461529202805,-80.7523676721142,-654.95947841892,101,1468
12,12,7,delayed_coordination,Delayed Coordination,-5.2313466807048,-98.5098837731278,-772.902370685293,136,1829
13,13,3,baseline,Baseline,0,0,0,0,0
13,13,3,early_mover,Early Mover,-5.06095729847404,-127.112559050447,-788.413480279714,152,2149
13,13,3,sequential,Sequential,-5.86603916469159,-125.302282309967,-840.748725080635,139,2147
13,13,3,coordinated,Coordinated,-7.78532575709106,-132.369297129358,-792.000025064578,132,1955
13,13,3,delayed_coordination,Delayed Coordination,-8.35529023918853,-120.474246605273,-800.88730982472,158,2082
13,13,5,baseline,Baseline,0,0,0,0,0
13,13,5,early_mover,Early Mover,-3.39528951820489,-128.500869562327,-787.361229229257,161,2201
13,13,5,sequential,Sequential,-4.04161699844302,-138.521480981286,-885.293380053525,190,2305
13,13,5,coordinated,Coordinated,-7.45953645772325,-125.265864021585,-828.972840595372,142,1951
13,13,5,delayed_coordination,Delayed Coordination,-4.5054777256245,-135.638009420564,-848.69665281555,164,2216
13,13,7,baseline,Baseline,0,0,0,0,0
13,13,7,early_mover,Early Mover,-4.1959830858232,-121.117793494862,-815.350485706477,164,2292
13,13,7,sequential,Sequential,-4.69970810433817,-125.50446903948,-871.514417252368,182,2231
13,13,7,coordinated,Coordinated,-5.15696270898631,-117.714262262051,-839.245301145563,165,2016
13,13,7,delayed_coordination,Delayed Coordination,-4.83691893465466,-125.994411827651,-871.748981930028,175,2265
14,14,3,baseline,Baseline,0,0,0,0,0
14,14,3,early_mover,Early Mover,-1.40440217210666,-106.489766095121,-776.349897583008,170,2126
14,14,3,sequential,Sequential,-1.70913826538821,-126.370004157152,-884.288859713343,174,2278
14,14,3,coordinated,Coordinated,-4.01252232140696,-94.1655117765072,-801.794015605334,160,2095
14,14,3,delayed_coordination,Delayed Coordination,-5.8213337170249,-116.50541003001,-832.905501949803,163,2073
14,14,5,baseline,Baseline,0,0,0,0,0
14,14,5,early_mover,Early Mover,-3.15068815532602,-103.852356858293,-749.518230525308,132,1994
14,14,5,sequential,Sequential,-6.31627277693167,-105.531600844829,-777.372503472249,115,1919
14,14,5,coordinated,Coordinated,-2.28041705455229,-119.613884199645,-876.382508524813,161,2131
14,14,5,delayed_coordination,Delayed Coordination,-9.30962118292567,-77.5434562064578,-699.909814604693,104,1804
14,14,7,baseline,Baseline,0,0,0,0,0
14,14,7,early_mover,Early Mover,-3.34246382178608,-97.6298348456923,-745.288844693471,159,2017
14,14,7,sequential,Sequential,-9.6723882213678,-65.7806632434421,-642.202895815794,129,1707
14,14,7,coordinated,Coordinated,-1.68956366230721,-117.710783736141,-900.685930312671,187,2216
14,14,7,delayed_coordination,Delayed Coordination,-4.97613550137334,-108.011547638045,-791.715063560298,163,1955
15,15,3,baseline,Baseline,0,0,0,0,0
15,15,3,early_mover,Early Mover,-3.59939861148341,-122.703926598227,-716.723922779325,128,1968
15,15,3,sequential,Sequential,-3.56759745833588,-133.780397282474,-809.754639603738,139,2138
15,15,3,coordinated,Coordinated,-8.3627801616387,-109.660750975665,-725.873065927239,100,1794
15,15,3,delayed_coordination,Delayed Coordination,-2.93041351101715,-133.667027690518,-817.476497269068,156,2158
15,15,5,baseline,Baseline,0,0,0,0,0
15,15,5,early_mover,Early Mover,-2.91833688510035,-116.089721928671,-696.262954746857,124,1960
15,15,5,sequential,Sequential,-4.30089646467832,-124.934794157128,-772.076893386332,152,2077
15,15,5,coordinated,Coordinated,-3.02341055546241,-134.012084109143,-837.59800038289,139,2204
15,15,5,delayed_coordination,Delayed Coordination,-3.86967323211459,-135.239696854821,-784.728273009564,139,2056
15,15,7,baseline,Baseline,0,0,0,0,0
15,15,7,early_mover,Early Mover,-3.26329158308104,-132.816968363807,-754.514494976754,137,2082
15,15,7,sequential,Sequential,-4.43097942538989,-131.733207759277,-841.675389999904,159,2204
15,15,7,coordinated,Coordinated,-1.44413735899505,-132.557963978364,-865.316958123906,168,2264
15,15,7,delayed_coordination,Delayed Coordination,-3.7850255946795,-137.422600777943,-830.581349252785,153,2154
16,16,3,baseline,Baseline,0,0,0,0,0
16,16,3,early_mover,Early Mover,-3.57680754258588,-82.6194044985688,-594.208927325736,88,1600
16,16,3,sequential,Sequential,-6.83716075849354,-98.3288888364659,-621.164068618166,95,1533
16,16,3,coordinated,Coordinated,-10.4853925248561,-91.150805016106,-557.261705173781,89,1347
16,16,3,delayed_coordination,Delayed Coordination,-4.49862503490648,-105.631671020097,-665.357680796544,109,1695
16,16,5,baseline,Baseline,0,0,0,0,0
16,16,5,early_mover,Early Mover,-3.76126283622234,-84.0834886006833,-547.22129171747,93,1350
16,16,5,sequential,Sequential,-4.2907076075398,-103.93959183436,-607.312470639422,105,1479
16,16,5,coordinated,Coordinated,-9.16658962693192,-98.6675774687533,-554.942679914479,117,1447
16,16,5,delayed_coordination,Delayed Coordination,-3.2509417392952,-104.338853329713,-622.357403342363,115,1493
16,16,7,baseline,Baseline,0,0,0,0,0
16,16,7,early_mover,Early Mover,-1.64987721648734,-91.6434763233596,-628.256994816827,122,1599
16,16,7,sequential,Sequential,-4.50098667936467,-107.281844571778,-684.617745155874,133,1731
16,16,7,coordinated,Coordinated,-11.874797234623,-95.5202760356764,-503.624984708259,95,1283
16,16,7,delayed_coordination,Delayed Coordination,-3.74255111099031,-106.794197831658,-686.495383104894,136,1605
17,17,3,baseline,Baseline,0,0,0,0,0
17,17,3,early_mover,Early Mover,1.22508954251444,-122.19335805218,-833.884953596143,168,2597
17,17,3,sequential,Sequential,3.65165782248118,-144.283761357795,-942.457684672032,188,2691
17,17,3,coordinated,Coordinated,-2.76536136136659,-137.207977501336,-795.427810091139,146,2360
17,17,3,delayed_coordination,Delayed Coordination,0.502819484684252,-139.205955790013,-908.03750388743,171,2599
17,17,5,baseline,Baseline,0,0,0,0,0
17,17,5,early_mover,Early Mover,-0.474649684374597,-115.93015408354,-784.674512535799,148,2411
17,17,5,sequential,Sequential,-2.17161652484054,-123.909329119485,-878.040412592036,169,2457
17,17,5,coordinated,Coordinated,-4.55389273473322,-131.62445274381,-813.28415581251,156,2276
17,17,5,delayed_coordination,Delayed Coordination,-1.20546634820138,-138.808973959467,-885.877637040657,170,2455
17,17,7,baseline,Baseline,0,0,0,0,0
17,17,7,early_mover,Early Mover,0.381295774994967,-122.925280177201,-821.676015118029,164,2461
17,17,7,sequential,Sequential,-0.29270281915953,-143.907937097097,-907.671777445996,174,2526
17,17,7,coordinated,Coordinated,-2.40266157284843,-140.34556482862,-828.158069731329,161,2401
17,17,7,delayed_coordination,Delayed Coordination,-0.17456008239671,-126.653876563087,-893.388962554589,174,2514
18,18,3,baseline,Baseline,0,0,0,0,0
18,18,3,early_mover,Early Mover,-3.47000224462795,-103.120212148429,-741.569519400678,124,2092
18,18,3,sequential,Sequential,1.301839314311,-105.144098636279,-828.646361232771,156,2304
18,18,3,coordinated,Coordinated,-2.61647049899413,-93.6467048281078,-725.451435403114,127,2123
18,18,3,delayed_coordination,Delayed Coordination,-3.3162812317244,-106.318264494082,-791.956787101768,135,2179
18,18,5,baseline,Baseline,0,0,0,0,0
18,18,5,early_mover,Early Mover,-0.688627176180432,-96.5494555145658,-792.356719047988,168,2485
18,18,5,sequential,Sequential,1.40651499301877,-109.182880687792,-870.213521594432,181,2649
18,18,5,coordinated,Coordinated,0.504584206205806,-107.877711532633,-826.643158528555,185,2573
18,18,5,delayed_coordination,Delayed Coordination,2.7087146577509,-114.964670789146,-851.072675616104,196,2634
18,18,7,baseline,Baseline,0,0,0,0,0
18,18,7,early_mover,Early Mover,0.965136998718307,-90.0522073589856,-866.601807136908,165,2381
18,18,7,sequential,Sequential,4.61465608649316,-103.317426116664,-915.054257632215,177,2614
18,18,7,coordinated,Coordinated,4.12934104388938,-101.803401252681,-883.994507009107,193,2736
18,18,7,delayed_coordination,Delayed Coordination,3.87848767754785,-102.951988758095,-910.878567674227,185,2606
19,19,3,baseline,Baseline,0,0,0,0,0
19,19,3,early_mover,Early Mover,-4.47334637411228,-101.778429590987,-589.06522579099,89,1596
19,19,3,sequential,Sequential,-8.87461350541945,-98.902211232022,-624.16264167192,110,1617
19,19,3,coordinated,Coordinated,-3.36095001241867,-107.433332563185,-767.82181941912,128,1896
19,19,3,delayed_coordination,Delayed Coordination,-8.04239294698421,-105.381687994864,-630.813462536298,118,1642
19,19,5,baseline,Baseline,0,0,0,0,0
19,19,5,early_mover,Early Mover,-5.91253094144538,-84.1986938175718,-620.834539036756,105,1630
19,19,5,sequential,Sequential,-6.28133841897363,-89.782106458024,-687.96630922056,143,1796
19,19,5,coordinated,Coordinated,-6.77554311448253,-104.259684036703,-693.187251645106,123,1912
19,19,5,delayed_coordination,Delayed Coordination,-8.66290145432984,-83.6488415320406,-617.00969006478,111,1688
19,19,7,baseline,Baseline,0,0,0,0,0
19,19,7,early_mover,Early Mover,1.82183468031492,-88.9448218767476,-710.858073444579,155,2168
19,19,7,sequential,Sequential,-1.79881776437362,-93.1699343161863,-745.484617059911,156,2165
19,19,7,coordinated,Coordinated,-2.8386088029019,-83.9701899445901,-777.856088250787,152,2254
19,19,7,delayed_coordination,Delayed Coordination,-2.2502698889238,-90.0936123740426,-721.180810058753,147,2099
20,20,3,baseline,Baseline,0,0,0,0,0
20,20,3,early_mover,Early Mover,-6.68298551365011,-79.7777925146534,-553.930938393324,106,1628
20,20,3,sequential,Sequential,-9.3683392951399,-77.4604575298647,-555.483105368673,101,1529
20,20,3,coordinated,Coordinated,-7.74532237433344,-69.3871706840508,-667.884468940011,126,1878
20,20,3,delayed_coordination,Delayed Coordination,-10.3910816385451,-75.3363051396723,-560.843684990186,100,1612
20,20,5,baseline,Baseline,0,0,0,0,0
20,20,5,early_mover,Early Mover,3.11844202916994,-100.504194061194,-782.271382779651,151,2228
20,20,5,sequential,Sequential,-1.90296978211508,-100.28115200731,-789.587667194322,135,2167
20,20,5,coordinated,Coordinated,-9.69957975110344,-80.3839420703346,-573.854227171247,89,1599
20,20,5,delayed_coordination,Delayed Coordination,-2.50139981766338,-88.7504891706659,-751.009322803262,138,2144
20,20,7,baseline,Baseline,0,0,0,0,0
20,20,7,early_mover,Early Mover,-2.5955401434273,-96.9132495470992,-712.650451010149,142,1994
20,20,7,sequential,Sequential,-3.03917856219294,-103.545914281112,-769.339626221373,154,2077
20,20,7,coordinated,Coordinated,-10.9793775965121,-84.0235661212146,-587.165172269899,93,1610
20,20,7,delayed_coordination,Delayed Coordination,-5.15971814318694,-94.03893373542,-730.465725799756,143,1956
21,21,3,baseline,Baseline,0,0,0,0,0
21,21,3,early_mover,Early Mover,-2.37568114870636,-105.380198531544,-729.159998740151,136,2055
21,21,3,sequential,Sequential,-6.81009988834546,-110.969594313207,-769.295131248716,123,1957
21,21,3,coordinated,Coordinated,-7.29904474874476,-110.885756302,-723.244575469418,110,1821
21,21,3,delayed_coordination,Delayed Coordination,-4.34020306311635,-119.038140364033,-804.562380026852,159,2120
21,21,5,baseline,Baseline,0,0,0,0,0
21,21,5,early_mover,Early Mover,-4.55691204738403,-94.026760520733,-665.353219381221,144,1943
21,21,5,sequential,Sequential,-5.23899682318751,-107.535837051231,-753.733945721061,144,2006
21,21,5,coordinated,Coordinated,-2.93005378420183,-117.638057181893,-768.801127586247,144,2189
21,21,5,delayed_coordination,Delayed Coordination,-4.92350744715671,-107.15639025628,-756.901584637083,156,2086
21,21,7,baseline,Baseline,0,0,0,0,0
21,21,7,early_mover,Early Mover,-3.29681543518697,-91.6907498853463,-672.867212336033,146,2129
21,21,7,sequential,Sequential,-4.42950266215524,-100.932554186159,-793.740610157313,163,2176
21,21,7,coordinated,Coordinated,0.404455363206836,-122.988966748939,-857.842806415187,170,2305
21,21,7,delayed_coordination,Delayed Coordination,-3.9449446552775,-103.007953617128,-782.492452747991,166,2241
22,22,3,baseline,Baseline,0,0,0,0,0
22,22,3,early_mover,Early Mover,-7.69006367776623,-110.104232940558,-596.509829774962,104,1482
22,22,3,sequential,Sequential,-8.674626510519,-130.535566081135,-687.610790312107,121,1621
22,22,3,coordinated,Coordinated,-8.97536879040335,-113.488409940963,-612.104123049062,115,1606
22,22,3,delayed_coordination,Delayed Coordination,-9.71347627073295,-122.681787592083,-622.067563714024,119,1542
22,22,5,baseline,Baseline,0,0,0,0,0
22,22,5,early_mover,Early Mover,-7.36591697960364,-113.947597070665,-605.513485087497,101,1657
22,22,5,sequential,Sequential,-12.485064253861,-113.050506757529,-587.005410966204,88,1395
22,22,5,coordinated,Coordinated,-8.50215800894044,-119.804122026074,-645.192423615056,105,1856
22,22,5,delayed_coordination,Delayed Coordination,-8.13764951352788,-131.109833174417,-655.24348925439,114,1712
22,22,7,baseline,Baseline,0,0,0,0,0
22,22,7,early_mover,Early Mover,-8.21283236309803,-107.095603943627,-555.001667078149,95,1450
22,22,7,sequential,Sequential,-11.6880389372172,-104.267750605213,-546.707882792884,107,1413
22,22,7,coordinated,Coordinated,-4.11245568271525,-121.180285478984,-687.497627405639,132,2003
22,22,7,delayed_coordination,Delayed Coordination,-8.36403088214172,-112.076055145343,-633.325468343272,120,1549
23,23,3,baseline,Baseline,0,0,0,0,0
23,23,3,early_mover,Early Mover,-3.62123506232045,-119.567820973323,-742.083456085051,168,2127
23,23,3,sequential,Sequential,-4.95267681513566,-141.570481601537,-841.360915775058,162,2199
23,23,3,coordinated,Coordinated,-9.96253160988985,-117.169863821144,-696.100967006596,128,1831
23,23,3,delayed_coordination,Delayed Coordination,-10.3156963435171,-127.10557790723,-733.973878885214,125,1849
23,23,5,baseline,Baseline,0,0,0,0,0
23,23,5,early_mover,Early Mover,-3.71419742580416,-118.763319030578,-786.904128694831,163,2236
23,23,5,sequential,Sequential,-3.16915825953465,-134.602177733501,-885.519742839115,184,2382
23,23,5,coordinated,Coordinated,-4.41680742637392,-129.178353877865,-806.47551767086,155,2079
23,23,5,delayed_coordination,Delayed Coordination,-5.71284831290552,-130.603206074947,-851.126323445968,162,2288
23,23,7,baseline,Baseline,0,0,0,0,0
23,23,7,early_mover,Early Mover,-3.50092544966951,-111.729928179754,-775.615502042278,168,2283
23,23,7,sequential,Sequential,-6.11276840754071,-122.13814511636,-841.94814013736,179,2316
23,23,7,coordinated,Coordinated,-5.27851030185452,-127.888211870892,-800.159274404844,172,2188
23,23,7,delayed_coordination,Delayed Coordination,-5.23634202130913,-127.721622281133,-850.558598662372,176,2321
24,24,3,baseline,Baseline,0,0,0,0,0
24,24,3,early_mover,Early Mover,-1.40989151936307,-97.5419587473105,-727.310414125471,153,2379
24,24,3,sequential,Sequential,-0.700680675603337,-110.83165176705,-813.84328327974,133,2230
24,24,3,coordinated,Coordinated,-2.46493316131561,-103.891405468361,-783.175536247817,160,2343
24,24,3,delayed_coordination,Delayed Coordination,-1.19817360782078,-111.631349356906,-814.233983989075,145,2299
24,24,5,baseline,Baseline,0,0,0,0,0
24,24,5,early_mover,Early Mover,0.679104223208739,-108.33291946348,-789.55352033546,159,2325
24,24,5,sequential,Sequential,1.95704210555928,-119.620927811108,-870.969150745464,175,2387
24,24,5,coordinated,Coordinated,-2.91778549103245,-117.031233187505,-762.622263004112,154,2212
24,24,5,delayed_coordination,Delayed Coordination,1.79581646594801,-121.583849760943,-879.882158927431,185,2412
24,24,7,baseline,Baseline,0,0,0,0,0
24,24,7,early_mover,Early Mover,-2.40115251402786,-104.125896769081,-777.189416509228,168,2251
24,24,7,sequential,Sequential,-3.61495740250437,-113.021381227092,-828.432410008896,170,2216
24,24,7,coordinated,Coordinated,-1.65988630131284,-112.000593389953,-813.853969926912,178,2347
24,24,7,delayed_coordination,Delayed Coordination,-4.89106166465324,-111.372074396074,-824.924162865854,166,2192
25,25,3,baseline,Baseline,0,0,0,0,0
25,25,3,early_mover,Early Mover,-12.7681555316641,-85.5764114081533,-464.796653609466,77,1087
25,25,3,sequential,Sequential,-14.2491511839613,-83.869752116063,-578.265773033432,100,1207
25,25,3,coordinated,Coordinated,-17.8997837020117,-84.1922604941145,-477.573922009893,67,1093
25,25,3,delayed_coordination,Delayed Coordination,-13.6887499230251,-99.5000966503802,-537.799848755535,82,1239
25,25,5,baseline,Baseline,0,0,0,0,0
25,25,5,early_mover,Early Mover,-3.60137447636397,-102.168339497867,-646.853170605431,111,1616
25,25,5,sequential,Sequential,-6.75834335207344,-92.1579113593914,-671.104364275923,114,1618
25,25,5,coordinated,Coordinated,-9.13874044330399,-87.8522599112781,-610.72120516762,110,1584
25,25,5,delayed_coordination,Delayed Coordination,-6.13128375141478,-101.517522827303,-685.23408148302,114,1644
25,25,7,baseline,Baseline,0,0,0,0,0
25,25,7,early_mover,Early Mover,-6.99940423926171,-94.8501777642916,-618.33218217297,114,1570
25,25,7,sequential,Sequential,-9.41774173894677,-99.7476455866039,-674.59435472694,134,1638
25,25,7,coordinated,Coordinated,-8.87942296671693,-99.406485877164,-646.953230948944,111,1581
25,25,7,delayed_coordination,Delayed Coordination,-7.49870236552431,-96.2549084547584,-685.344962694615,142,1544
26,26,3,baseline,Baseline,0,0,0,0,0
26,26,3,early_mover,Early Mover,-3.98180935245753,-145.650471741741,-788.395495969682,161,2059
26,26,3,sequential,Sequential,-1.93808787656782,-146.229989891048,-916.773052270142,183,2339
26,26,3,coordinated,Coordinated,-1.45992539019583,-130.716351816955,-909.117462553045,186,2301
26,26,3,delayed_coordination,Delayed Coordination,-1.54714075552151,-156.597956558886,-912.738427626591,172,2287
26,26,5,baseline,Baseline,0,0,0,0,0
26,26,5,early_mover,Early Mover,-1.27682876341768,-132.456320308603,-817.048948350013,155,2120
26,26,5,sequential,Sequential,0.00352714067265936,-135.228260699544,-918.033831394399,180,2239
26,26,5,coordinated,Coordinated,-2.20678687180475,-129.238496643318,-888.824461235622,167,2226
26,26,5,delayed_coordination,Delayed Coordination,0.754267178066016,-135.700292839854,-897.900453697359,180,2298
26,26,7,baseline,Baseline,0,0,0,0,0
26,26,7,early_mover,Early Mover,1.81387935357245,-128.610672163626,-887.489517133604,195,2337
26,26,7,sequential,Sequential,2.72799520790457,-139.404182513171,-944.777321877148,203,2393
26,26,7,coordinated,Coordinated,1.1420768025784,-144.435615035135,-940.289605868522,201,2332
26,26,7,delayed_coordination,Delayed Coordination,3.43902635302872,-140.749821554213,-973.499584765712,197,2516
27,27,3,baseline,Baseline,0,0,0,0,0
27,27,3,early_mover,Early Mover,-2.34398294037517,-110.574308471586,-807.3392903463,146,2109
27,27,3,sequential,Sequential,-4.98498576836539,-122.279671944669,-859.713608802977,148,2104
27,27,3,coordinated,Coordinated,-4.05451681184226,-122.522640035625,-856.424834869604,171,2260
27,27,3,delayed_coordination,Delayed Coordination,-4.3778115156956,-120.186912921853,-886.720573680693,156,2151
27,27,5,baseline,Baseline,0,0,0,0,0
27,27,5,early_mover,Early Mover,2.33835708399501,-128.194692590438,-842.169120428317,159,2482
27,27,5,sequential,Sequential,2.79813903682157,-132.464378355835,-951.728811728211,177,2457
27,27,5,coordinated,Coordinated,-1.85581172839845,-103.817600915244,-859.78087601407,143,2105
27,27,5,delayed_coordination,Delayed Coordination,-1.39937934161838,-121.148942946013,-904.4168763042,178,2497
27,27,7,baseline,Baseline,0,0,0,0,0
27,27,7,early_mover,Early Mover,1.49271270049992,-121.094173037684,-844.20527213798,167,2463
27,27,7,sequential,Sequential,-3.30675110049015,-118.628206927576,-883.566572214016,176,2432
27,27,7,coordinated,Coordinated,0.270899737332286,-120.678071395596,-911.845628162396,185,2672
27,27,7,delayed_coordination,Delayed Coordination,-1.40928325147671,-127.717848221793,-917.470857803077,182,2508
28,28,3,baseline,Baseline,0,0,0,0,0
28,28,3,early_mover,Early Mover,-4.37796504563089,-116.59947429462,-774.008570198352,155,2225
28,28,3,sequential,Sequential,-7.23537016533585,-112.413357030577,-821.757667597023,155,2236
28,28,3,coordinated,Coordinated,-8.40821254081719,-105.066091249083,-801.397102405956,156,2368
28,28,3,delayed_coordination,Delayed Coordination,-6.48089089491221,-113.94735272468,-841.362390054655,171,2309
28,28,5,baseline,Baseline,0,0,0,0,0
28,28,5,early_mover,Early Mover,-5.97130056605934,-99.7692670616436,-720.93452976376,157,2129
28,28,5,sequential,Sequential,-4.49663055138893,-107.560975763147,-845.617799430998,176,2300
28,28,5,coordinated,Coordinated,-9.37338362320719,-100.885036102597,-786.538655935906,169,2007
28,28,5,delayed_coordination,Delayed Coordination,-6.75480029441994,-109.959086225293,-819.965521850409,179,2251
28,28,7,baseline,Baseline,0,0,0,0,0
28,28,7,early_mover,Early Mover,-7.49481335314601,-107.143945584725,-712.219270296211,143,2124
28,28,7,sequential,Sequential,-6.98183239838392,-125.733705865454,-833.066942331216,174,2241
28,28,7,coordinated,Coordinated,-7.91059931798327,-101.284331168554,-815.79764339851,179,2352
28,28,7,delayed_coordination,Delayed Coordination,-7.54790396554932,-113.903340710928,-826.795869969996,170,2204
29,29,3,baseline,Baseline,0,0,0,0,0
29,29,3,early_mover,Early Mover,-6.51613038475043,-73.9332485670742,-614.986239418179,112,1583
29,29,3,sequential,Sequential,-10.7518016199494,-71.1301927665691,-622.131819250175,86,1399
29,29,3,coordinated,Coordinated,-4.03082072688215,-119.069758380604,-843.907238057154,152,2035
29,29,3,delayed_coordination,Delayed Coordination,-0.521705133266877,-121.238460181836,-878.053000943094,175,1989
29,29,5,baseline,Baseline,0,0,0,0,0
29,29,5,early_mover,Early Mover,-0.385148355932159,-79.3452938481832,-721.804373871925,142,1914
29,29,5,sequential,Sequential,-2.30603952783217,-98.4342869824077,-800.317860023684,154,1936
29,29,5,coordinated,Coordinated,-6.03340082043066,-109.077020765282,-761.937742452155,159,1852
29,29,5,delayed_coordination,Delayed Coordination,-1.84397241182751,-103.60151741491,-785.362880225986,172,2002
29,29,7,baseline,Baseline,0,0,0,0,0
29,29,7,early_mover,Early Mover,-4.83255506614998,-77.0904169221183,-644.741041670605,131,1756
29,29,7,sequential,Sequential,-1.73081767042689,-115.103023696383,-836.560745035664,169,1948
29,29,7,coordinated,Coordinated,-7.68375365961342,-95.7889799150458,-720.052435826465,137,1685
29,29,7,delayed_coordination,Delayed Coordination,-10.0939423848932,-86.4936684983356,-671.057825968026,111,1556
30,30,3,baseline,Baseline,0,0,0,0,0
30,30,3,early_mover,Early Mover,-2.44974548275431,-92.0112588759391,-685.831648630824,161,2072
30,30,3,sequential,Sequential,-2.56179974470075,-103.160811846142,-785.369858232348,153,2115
30,30,3,coordinated,Coordinated,-5.66238365610658,-115.541355412234,-777.86420102911,142,2066
30,30,3,delayed_coordination,Delayed Coordination,-3.14447567377923,-108.2863315323,-779.186019891774,171,2198
30,30,5,baseline,Baseline,0,0,0,0,0
30,30,5,early_mover,Early Mover,-5.04426738209787,-86.1342644029136,-625.769497911205,133,1828
30,30,5,sequential,Sequential,-5.97119432500381,-104.570189379594,-712.05756863435,155,1941
30,30,5,coordinated,Coordinated,-4.25879920276705,-108.594699969165,-750.848105673558,160,2203
30,30,5,delayed_coordination,Delayed Coordination,-5.68257976014149,-101.421276547226,-709.583656065595,134,1874
30,30,7,baseline,Baseline,0,0,0,0,0
30,30,7,early_mover,Early Mover,-5.54567392181094,-80.284059763839,-587.492548378424,123,1822
30,30,7,sequential,Sequential,-5.70785486754923,-104.19952291022,-726.344159127531,145,2012
30,30,7,coordinated,Coordinated,-2.64297502522086,-109.430203155901,-789.801810799122,165,2286
30,30,7,delayed_coordination,Delayed Coordination,-4.92314802833729,-102.588737269208,-725.411119394528,146,1956
31,31,3,baseline,Baseline,0,0,0,0,0
31,31,3,early_mover,Early Mover,0.692592316390602,-105.133328919004,-822.754321676959,168,2434
31,31,3,sequential,Sequential,0.924387748502738,-115.01594113302,-929.686043743277,199,2635
31,31,3,coordinated,Coordinated,2.41405670628096,-110.51364035328,-933.54302489379,202,2864
31,31,3,delayed_coordination,Delayed Coordination,-2.39875023537832,-125.119921416272,-877.776458620348,191,2556
31,31,5,baseline,Baseline,0,0,0,0,0
31,31,5,early_mover,Early Mover,4.36677225317911,-108.679143813581,-891.809622803454,192,2619
31,31,5,sequential,Sequential,-0.346128604301299,-120.133415377722,-923.515548245231,185,2635
31,31,5,coordinated,Coordinated,-0.798111255110101,-117.524057714905,-914.719969825985,193,2820
31,31,5,delayed_coordination,Delayed Coordination,1.18779743469274,-126.77722059799,-947.476875444656,186,2610
31,31,7,baseline,Baseline,0,0,0,0,0
31,31,7,early_mover,Early Mover,4.155300939543,-92.8524381807795,-873.381678762451,186,2564
31,31,7,sequential,Sequential,0.599478141730245,-111.801492780435,-936.939168715689,201,2622
31,31,7,coordinated,Coordinated,-3.98015108740954,-107.699068323448,-858.528640906151,186,2441
31,31,7,delayed_coordination,Delayed Coordination,1.78425185062038,-117.222283110214,-963.078299165967,210,2651
32,32,3,baseline,Baseline,0,0,0,0,0
32,32,3,early_mover,Early Mover,-2.73176652152796,-105.919811908338,-768.047794771951,152,2214
32,32,3,sequential,Sequential,-1.89125267316368,-112.922878757121,-835.319416045679,130,2129
32,32,3,coordinated,Coordinated,-0.686878507465082,-96.0898832144513,-772.22556311899,143,2154
32,32,3,delayed_coordination,Delayed Coordination,-4.71511257956412,-105.030332966771,-791.461816196025,119,2062
32,32,5,baseline,Baseline,0,0,0,0,0
32,32,5,early_mover,Early Mover,-2.51499343488014,-91.3599791013933,-758.461826745681,165,2029
32,32,5,sequential,Sequential,-3.23195150804096,-100.840907012106,-825.465251195201,179,2115
32,32,5,coordinated,Coordinated,-9.08713351445,-81.1305836240177,-710.455385029053,120,1767
32,32,5,delayed_coordination,Delayed Coordination,-2.67565654555743,-103.609011400695,-831.131704946478,156,2101
32,32,7,baseline,Baseline,0,0,0,0,0
32,32,7,early_mover,Early Mover,2.44681395859345,-95.6475813996831,-790.891734024072,166,2234
32,32,7,sequential,Sequential,3.45030425094137,-115.578574846926,-888.330815448126,177,2331
32,32,7,coordinated,Coordinated,-5.16592804723849,-92.3842642996743,-731.386074816832,139,1960
32,32,7,delayed_coordination,Delayed Coordination,2.0418094845753,-105.319939152515,-853.969778015249,179,2276
33,33,3,baseline,Baseline,0,0,0,0,0
33,33,3,early_mover,Early Mover,-6.59811070146129,-103.376331451741,-700.624751078664,138,1974
33,33,3,sequential,Sequential,-5.47283581487649,-119.455652953811,-778.115986318453,143,2089
33,33,3,coordinated,Coordinated,-7.00949345810686,-114.066808960757,-759.827353717837,147,2162
33,33,3,delayed_coordination,Delayed Coordination,-5.71443281504386,-120.507745380225,-781.14038251581,167,2109
33,33,5,baseline,Baseline,0,0,0,0,0
33,33,5,early_mover,Early Mover,-4.97455188607391,-97.0663929463452,-732.259689601337,114,1891
33,33,5,sequential,Sequential,-3.69844801350278,-108.282489614627,-850.121802210297,178,2203
33,33,5,coordinated,Coordinated,-8.44901581626607,-102.581818436087,-724.556892546023,148,2128
33,33,5,delayed_coordination,Delayed Coordination,-5.37125401064731,-107.168608652447,-802.577074767023,151,2052
33,33,7,baseline,Baseline,0,0,0,0,0
33,33,7,early_mover,Early Mover,-4.3500461141237,-100.703620593671,-745.538787495149,148,1971
33,33,7,sequential,Sequential,-2.84263200330528,-115.854048393522,-825.518339664395,163,2168
33,33,7,coordinated,Coordinated,-7.70361907247484,-105.105735251703,-744.50486342148,147,2104
33,33,7,delayed_coordination,Delayed Coordination,-2.9776764886835,-111.651076062647,-842.264694658353,162,2172
34,34,3,baseline,Baseline,0,0,0,0,0
34,34,3,early_mover,Early Mover,-0.126597345552597,-122.208851316605,-779.250224071878,130,2251
34,34,3,sequential,Sequential,-1.64840753196439,-133.491321358758,-842.554475884393,158,2341
34,34,3,coordinated,Coordinated,1.05054925586728,-151.712862329911,-869.377666741074,164,2440
34,34,3,delayed_coordination,Delayed Coordination,-1.71152406920434,-125.894274952679,-846.506341898991,150,2399
34,34,5,baseline,Baseline,0,0,0,0,0
34,34,5,early_mover,Early Mover,3.6029346454976,-136.030638755658,-813.527766969661,157,2492
34,34,5,sequential,Sequential,2.91797194194957,-132.948380978282,-883.337251316309,169,2558
34,34,5,coordinated,Coordinated,5.53160014014323,-157.156776735547,-900.607965947303,168,2554
34,34,5,delayed_coordination,Delayed Coordination,1.86341343801962,-130.885510342041,-864.2579350124,169,2540
34,34,7,baseline,Baseline,0,0,0,0,0
34,34,7,early_mover,Early Mover,4.88338359505124,-129.585025867851,-844.906329150102,166,2546
34,34,7,sequential,Sequential,0.467101238677543,-128.936667697095,-871.713507214851,170,2473
34,34,7,coordinated,Coordinated,10.0258489327993,-157.994007748191,-946.298157253159,184,2817
34,34,7,delayed_coordination,Delayed Coordination,-0.223629128318521,-130.612612003415,-861.699386084388,175,2536
35,35,3,baseline,Baseline,0,0,0,0,0
35,35,3,early_mover,Early Mover,-5.56435164898232,-79.439705957962,-749.088281326536,142,1807
35,35,3,sequential,Sequential,-10.3875964858803,-86.6619590178235,-750.298629437338,138,1775
35,35,3,coordinated,Coordinated,-5.18806648887825,-96.9037526753588,-780.552725539076,132,2072
35,35,3,delayed_coordination,Delayed Coordination,-7.8338857295989,-86.0009530792345,-792.865951400071,157,1892
35,35,5,baseline,Baseline,0,0,0,0,0
35,35,5,early_mover,Early Mover,-6.40418958429397,-77.8156479391996,-671.105826125806,133,1845
35,35,5,sequential,Sequential,-8.88010149131658,-83.6528311897393,-737.177325020647,146,1976
35,35,5,coordinated,Coordinated,-7.95829904559172,-76.2536001309064,-763.155561189862,147,2085
35,35,5,delayed_coordination,Delayed Coordination,-7.95252379986684,-79.9059998157553,-760.625034658219,133,2005
35,35,7,baseline,Baseline,0,0,0,0,0
35,35,7,early_mover,Early Mover,-7.08946116894481,-73.6166891281625,-694.480818570383,137,1755
35,35,7,sequential,Sequential,-7.80250301897276,-80.3863155910229,-768.522917711795,157,1888
35,35,7,coordinated,Coordinated,-4.71629831178616,-96.5705902330578,-831.669304481301,176,2258
35,35,7,delayed_coordination,Delayed Coordination,-9.35211888866543,-77.732355726282,-703.482169590768,133,1772
36,36,3,baseline,Baseline,0,0,0,0,0
36,36,3,early_mover,Early Mover,-2.0335479156996,-110.012659470202,-748.696090710158,154,2007
36,36,3,sequential,Sequential,-6.66902464610513,-118.184091894308,-768.254161371981,146,1922
36,36,3,coordinated,Coordinated,-13.2667028818261,-92.6688052293101,-658.414502978585,121,1603
36,36,3,delayed_coordination,Delayed Coordination,-6.83044515400609,-114.263643002938,-790.138302699688,153,1932
36,36,5,baseline,Baseline,0,0,0,0,0
36,36,5,early_mover,Early Mover,-1.75343575398267,-100.174806015699,-716.933682735174,153,1932
36,36,5,sequential,Sequential,-4.81691442833328,-116.949563618928,-771.640601281094,151,1917
36,36,5,coordinated,Coordinated,-8.36792736692706,-110.919207339333,-733.384687483716,145,1821
36,36,5,delayed_coordination,Delayed Coordination,-5.00499591756412,-119.717049318545,-808.217667481574,170,1890
36,36,7,baseline,Baseline,0,0,0,0,0
36,36,7,early_mover,Early Mover,-0.689536603295807,-107.207952140577,-763.447732325673,154,1950
36,36,7,sequential,Sequential,-4.40438418763662,-114.724759169216,-805.943726086772,158,1857
36,36,7,coordinated,Coordinated,-7.32393899425458,-113.459928902065,-773.917109156745,157,1857
36,36,7,delayed_coordination,Delayed Coordination,-3.85170284217773,-117.796381342408,-814.860754193707,152,1946
37,37,3,baseline,Baseline,0,0,0,0,0
37,37,3,early_mover,Early Mover,-3.67158655785741,-93.9643883414109,-679.55597757141,146,2090
37,37,3,sequential,Sequential,-5.34334974254843,-100.391184407062,-749.49014911874,158,2142
37,37,3,coordinated,Coordinated,-7.00054447460411,-83.7755308676284,-660.464310407684,143,1888
37,37,3,delayed_coordination,Delayed Coordination,-4.27552076631171,-99.0882218440329,-737.038929292416,163,2134
37,37,5,baseline,Baseline,0,0,0,0,0
37,37,5,early_mover,Early Mover,-3.47854200342822,-92.0433828002897,-676.333068164955,137,2064
37,37,5,sequential,Sequential,-5.58457855200751,-104.265038389476,-742.926667756598,158,2160
37,37,5,coordinated,Coordinated,-4.25067038789724,-101.233295109077,-717.590131431428,155,2019
37,37,5,delayed_coordination,Delayed Coordination,-5.27264042668908,-98.6355097778327,-739.338311511963,156,2125
37,37,7,baseline,Baseline,0,0,0,0,0
37,37,7,early_mover,Early Mover,-5.56793242713181,-89.379995459396,-637.47147884042,152,1973
37,37,7,sequential,Sequential,-6.66222225702018,-96.9332819560407,-710.879151588287,158,2062
37,37,7,coordinated,Coordinated,-5.94048737331302,-89.6817057975299,-664.822493915399,145,1907
37,37,7,delayed_coordination,Delayed Coordination,-9.65036819652681,-94.5225054018888,-687.279653702083,158,2007
38,38,3,baseline,Baseline,0,0,0,0,0
38,38,3,early_mover,Early Mover,-7.23640248035385,-75.5389450044756,-614.535499030535,98,1440
38,38,3,sequential,Sequential,-10.5228893824818,-80.6573155294993,-643.482437496719,100,1384
38,38,3,coordinated,Coordinated,-12.6541610845212,-74.3246454878577,-589.668677222372,92,1264
38,38,3,delayed_coordination,Delayed Coordination,-7.42788540121904,-82.6163005457098,-671.618368395757,109,1442
38,38,5,baseline,Baseline,0,0,0,0,0
38,38,5,early_mover,Early Mover,-8.01051191377171,-72.9326953260812,-596.802826086559,106,1345
38,38,5,sequential,Sequential,-6.91537147092518,-83.6227210621925,-695.427096022678,131,1448
38,38,5,coordinated,Coordinated,-8.17497714529632,-77.1664823604959,-646.706798720592,120,1482
38,38,5,delayed_coordination,Delayed Coordination,-5.78350568473859,-84.1101917164833,-714.182149883382,123,1417
38,38,7,baseline,Baseline,0,0,0,0,0
38,38,7,early_mover,Early Mover,-3.15227597098502,-79.4501918557075,-687.261187536332,128,1632
38,38,7,sequential,Sequential,-7.11013587159805,-87.04777414558,-690.792256467555,118,1372
38,38,7,coordinated,Coordinated,-8.16137067862562,-81.8320135038604,-676.420556238241,119,1492
38,38,7,delayed_coordination,Delayed Coordination,-6.28909065100295,-86.4471268926177,-676.492955287675,132,1627
39,39,3,baseline,Baseline,0,0,0,0,0
39,39,3,early_mover,Early Mover,-12.9860234720819,-96.7534827734197,-590.207693774387,106,1538
39,39,3,sequential,Sequential,-16.8079527933529,-96.608948465356,-624.160442078532,70,1339
39,39,3,coordinated,Coordinated,-14.0600716050244,-101.948699411389,-675.22393233445,137,1787
39,39,3,delayed_coordination,Delayed Coordination,-15.5904125588888,-106.469047233984,-646.967900018903,120,1718
39,39,5,baseline,Baseline,0,0,0,0,0
39,39,5,early_mover,Early Mover,-4.18792664354379,-116.535837883839,-742.20102792821,149,2135
39,39,5,sequential,Sequential,-7.7752377800233,-123.800195958982,-768.871676373,122,2027
39,39,5,coordinated,Coordinated,-13.5222710939411,-110.763813371578,-685.716453585711,145,1827
39,39,5,delayed_coordination,Delayed Coordination,-6.13737762979687,-128.108046347445,-795.015976365294,139,2079
39,39,7,baseline,Baseline,0,0,0,0,0
39,39,7,early_mover,Early Mover,-6.40371388095036,-110.388310078067,-703.901465435356,126,2078
39,39,7,sequential,Sequential,-6.77005914205201,-125.361565446086,-788.235850792006,139,2057
39,39,7,coordinated,Coordinated,-13.0206523076884,-112.357963852948,-655.634469981134,133,1870
39,39,7,delayed_coordination,Delayed Coordination,-7.9681338654662,-122.029106977703,-763.232678410071,141,2153
40,40,3,baseline,Baseline,0,0,0,0,0
40,40,3,early_mover,Early Mover,3.13716295450304,-100.007131107875,-856.58174764364,176,2484
40,40,3,sequential,Sequential,-1.06580764354054,-107.392534417997,-904.007903419977,188,2496
40,40,3,coordinated,Coordinated,-6.32799817514815,-112.717418340648,-808.820142509355,150,2107
40,40,3,delayed_coordination,Delayed Coordination,-1.55460182501874,-111.59753066812,-922.18257805933,178,2455
40,40,5,baseline,Baseline,0,0,0,0,0
40,40,5,early_mover,Early Mover,-0.261249974408003,-106.908735339202,-813.723374474147,161,2209
40,40,5,sequential,Sequential,-4.31790035563938,-114.27335621979,-849.163109765927,163,2168
40,40,5,coordinated,Coordinated,-6.56581298930112,-105.552809425879,-822.741008732843,173,2078
40,40,5,delayed_coordination,Delayed Coordination,-5.15200458407303,-114.516301843737,-856.601830887377,174,2160
40,40,7,baseline,Baseline,0,0,0,0,0
40,40,7,early_mover,Early Mover,3.49208453127628,-103.302270289739,-857.98959687962,171,2471
40,40,7,sequential,Sequential,-3.15423985894468,-101.804334344988,-897.037221269519,181,2474
40,40,7,coordinated,Coordinated,-2.78317363781336,-107.480917130042,-838.894642096001,175,2374
40,40,7,delayed_coordination,Delayed Coordination,-1.44988994050154,-107.090375637174,-894.149097699721,160,2352
41,41,3,baseline,Baseline,0,0,0,0,0
41,41,3,early_mover,Early Mover,-0.113317286796956,-95.3644474516061,-772.15944444814,146,2095
41,41,3,sequential,Sequential,-3.84553422975605,-96.0515698568564,-762.473897455817,147,2015
41,41,3,coordinated,Coordinated,-4.4595804524412,-107.038079341738,-739.123720320074,127,1893
41,41,3,delayed_coordination,Delayed Coordination,-4.41605044655989,-92.3110777634437,-742.982388947979,135,2047
41,41,5,baseline,Baseline,0,0,0,0,0
41,41,5,early_mover,Early Mover,-1.40305593289227,-95.2824841118219,-728.838484350134,146,2089
41,41,5,sequential,Sequential,-0.840961171851447,-100.299088566342,-778.643413509851,149,2039
41,41,5,coordinated,Coordinated,-2.30923414784496,-103.933374723369,-716.162468917541,124,1893
41,41,5,delayed_coordination,Delayed Coordination,1.52384366300481,-113.020424029924,-866.61046873926,135,2140
41,41,7,baseline,Baseline,0,0,0,0,0
41,41,7,early_mover,Early Mover,0.19384885677897,-105.564224665427,-769.973381242107,150,2260
41,41,7,sequential,Sequential,-2.44166811430981,-115.07825757079,-802.895221781122,145,2014
41,41,7,coordinated,Coordinated,-1.43411269157747,-110.540734034716,-772.280961953489,159,2030
41,41,7,delayed_coordination,Delayed Coordination,1.14749734813824,-118.717349291271,-877.760533098192,167,2312
42,42,3,baseline,Baseline,0,0,0,0,0
42,42,3,early_mover,Early Mover,0.0191496013270722,-126.279706188487,-806.453564378128,162,2279
42,42,3,sequential,Sequential,-7.29134500279909,-124.564713894279,-789.803601210986,105,1718
42,42,3,coordinated,Coordinated,-11.4660879605015,-81.7383746842212,-639.911292871177,124,1423
42,42,3,delayed_coordination,Delayed Coordination,-4.72849655526095,-123.496450628803,-803.295611326596,139,2067
42,42,5,baseline,Baseline,0,0,0,0,0
42,42,5,early_mover,Early Mover,-4.68381904444018,-115.786965033559,-673.91408027436,138,1883
42,42,5,sequential,Sequential,-12.173324357172,-105.416880353617,-608.931275211133,92,1380
42,42,5,coordinated,Coordinated,-11.0220332826401,-92.756989878141,-555.44139236798,108,1393
42,42,5,delayed_coordination,Delayed Coordination,-12.0649507727594,-114.231695831749,-611.095860583264,77,1417
42,42,7,baseline,Baseline,0,0,0,0,0
42,42,7,early_mover,Early Mover,-3.9277283990949,-120.03210289719,-682.337298006063,129,1870
42,42,7,sequential,Sequential,-9.60844076266487,-104.636994528552,-630.804248173494,117,1596
42,42,7,coordinated,Coordinated,-9.66600134678798,-110.883581485287,-635.103551339757,121,1524
42,42,7,delayed_coordination,Delayed Coordination,-6.26690099466052,-122.571601157483,-741.360717943992,141,1758
43,43,3,baseline,Baseline,0,0,0,0,0
43,43,3,early_mover,Early Mover,-0.741369125211691,-110.195725693985,-815.21053610167,155,2234
43,43,3,sequential,Sequential,-3.80994225363546,-125.095292302004,-844.793401648543,165,2244
43,43,3,coordinated,Coordinated,-6.87170253727415,-104.979169145736,-763.014889847698,158,2076
43,43,3,delayed_coordination,Delayed Coordination,-1.74077356660865,-127.767486348059,-864.985806618373,174,2303
43,43,5,baseline,Baseline,0,0,0,0,0
43,43,5,early_mover,Early Mover,-2.39249863586942,-107.659394329667,-782.026725558908,170,2148
43,43,5,sequential,Sequential,-3.38984142599858,-116.452685511388,-840.090477645685,171,2199
43,43,5,coordinated,Coordinated,-5.23084929002022,-111.85089231659,-794.508365419066,167,2084
43,43,5,delayed_coordination,Delayed Coordination,-4.94943520720082,-106.816383326123,-838.28441967252,169,2192
43,43,7,baseline,Baseline,0,0,0,0,0
43,43,7,early_mover,Early Mover,-1.34102614117042,-101.551988209738,-779.961507478248,168,2181
43,43,7,sequential,Sequential,-5.6466743111541,-115.029880402776,-814.616592944642,187,2122
43,43,7,coordinated,Coordinated,-5.75623064615786,-117.941475088953,-773.49137473693,177,2138
43,43,7,delayed_coordination,Delayed Coordination,-4.53662499641145,-112.963063723777,-839.882949834932,184,2025
44,44,3,baseline,Baseline,0,0,0,0,0
44,44,3,early_mover,Early Mover,-4.7122390763902,-102.819712233574,-672.658962744778,120,1838
44,44,3,sequential,Sequential,-8.95742326235059,-101.868515966654,-683.478647395894,138,1832
44,44,3,coordinated,Coordinated,-7.25884154826777,-98.6905920609225,-668.612839177063,129,1961
44,44,3,delayed_coordination,Delayed Coordination,-9.07797439696611,-103.823549758722,-677.381707331101,121,1821
44,44,5,baseline,Baseline,0,0,0,0,0
44,44,5,early_mover,Early Mover,-5.31596312199622,-88.3088397178983,-650.477933116741,118,1679
44,44,5,sequential,Sequential,-10.7830374909758,-92.2055475853096,-648.391369594379,125,1638
44,44,5,coordinated,Coordinated,-5.61649022634255,-102.481541228561,-724.697020478309,141,1997
44,44,5,delayed_coordination,Delayed Coordination,-10.1104488527914,-89.8687169576383,-656.435198873764,117,1654
44,44,7,baseline,Baseline,0,0,0,0,0
44,44,7,early_mover,Early Mover,-1.91228400448998,-106.987243733112,-730.484683012386,146,2053
44,44,7,sequential,Sequential,-3.7183393533131,-109.439442719553,-803.182814135943,160,2058
44,44,7,coordinated,Coordinated,-8.71254970416024,-93.8937395836326,-654.405634075921,148,1708
44,44,7,delayed_coordination,Delayed Coordination,-2.57726685354081,-112.543608888048,-812.890250790864,158,2115
45,45,3,baseline,Baseline,0,0,0,0,0
45,45,3,early_mover,Early Mover,-0.45205009367389,-109.752287015156,-845.606863441368,169,2501
45,45,3,sequential,Sequential,-6.67833202504765,-114.432219135407,-854.943883221267,177,2374
45,45,3,coordinated,Coordinated,-7.46952628758068,-105.914793000595,-842.139424047099,172,2344
45,45,3,delayed_coordination,Delayed Coordination,-6.06692871641214,-116.392844865084,-875.499938640617,168,2469
45,45,5,baseline,Baseline,0,0,0,0,0
45,45,5,early_mover,Early Mover,-3.12216281156908,-121.565856902713,-768.615919523835,150,2065
45,45,5,sequential,Sequential,-8.5686729972645,-116.514060847399,-808.893600615979,149,2060
45,45,5,coordinated,Coordinated,-10.1588410921649,-103.235978870484,-775.505265150699,162,2142
45,45,5,delayed_coordination,Delayed Coordination,-6.28700812722883,-121.683709002939,-852.552403531262,163,2153
45,45,7,baseline,Baseline,0,0,0,0,0
45,45,7,early_mover,Early Mover,1.17168499344216,-107.105272247126,-825.388833425869,181,2508
45,45,7,sequential,Sequential,-6.429417014248,-109.975449704106,-840.189669479759,186,2409
45,45,7,coordinated,Coordinated,-5.82674464527005,-123.560207427682,-879.322395777611,199,2416
45,45,7,delayed_coordination,Delayed Coordination,-5.01186585109265,-113.686156520646,-842.076788055344,181,2430
46,46,3,baseline,Baseline,0,0,0,0,0
46,46,3,early_mover,Early Mover,-5.20365671631581,-99.0498675077956,-683.201753185618,129,1720
46,46,3,sequential,Sequential,-7.93044104955509,-116.350739086225,-741.024727507516,109,1712
46,46,3,coordinated,Coordinated,-10.1798919554478,-77.3704307158879,-628.03850279257,102,1704
46,46,3,delayed_coordination,Delayed Coordination,-3.64867536240756,-113.807598260423,-780.89192627704,141,1922
46,46,5,baseline,Baseline,0,0,0,0,0
46,46,5,early_mover,Early Mover,-2.90383701170066,-91.940998533652,-733.52048375894,148,2034
46,46,5,sequential,Sequential,-2.09786487060765,-112.740749720259,-849.983227649294,177,2120
46,46,5,coordinated,Coordinated,-9.56313535719336,-81.1225792708073,-645.134648409492,127,1816
46,46,5,delayed_coordination,Delayed Coordination,-3.76965436141742,-103.414259307201,-807.018848601253,165,2080
46,46,7,baseline,Baseline,0,0,0,0,0
46,46,7,early_mover,Early Mover,-4.47283854345682,-93.1416200774723,-702.347604646707,154,2040
46,46,7,sequential,Sequential,-8.02073357798865,-93.1949969641755,-739.601668131073,160,1878
46,46,7,coordinated,Coordinated,-5.02322374748753,-89.5970300444936,-713.891144985972,129,1882
46,46,7,delayed_coordination,Delayed Coordination,-0.655556427798459,-111.20841607186,-812.223936400316,172,2170
47,47,3,baseline,Baseline,0,0,0,0,0
47,47,3,early_mover,Early Mover,-0.0761478737350245,-102.010816728636,-776.978878930871,159,2248
47,47,3,sequential,Sequential,-2.21148247543023,-91.6530281066238,-809.955624266278,158,2217
47,47,3,coordinated,Coordinated,-5.07844277491036,-93.8605824852829,-745.126490307455,146,2109
47,47,3,delayed_coordination,Delayed Coordination,-2.41132597012837,-100.901335639667,-846.799130615106,169,2313
47,47,5,baseline,Baseline,0,0,0,0,0
47,47,5,early_mover,Early Mover,3.97276877569426,-118.223477972983,-802.027221126044,164,2428
47,47,5,sequential,Sequential,2.28115323060815,-117.019000566159,-893.958412651721,185,2482
47,47,5,coordinated,Coordinated,-4.66010167245969,-98.6714500720465,-791.923119048181,159,2212
47,47,5,delayed_coordination,Delayed Coordination,2.89138231167148,-111.982535983083,-885.083383849373,171,2435
47,47,7,baseline,Baseline,0,0,0,0,0
47,47,7,early_mover,Early Mover,-0.940315571582929,-86.3196004051038,-716.326943475882,145,2189
47,47,7,sequential,Sequential,-2.38560692487286,-91.6182401311488,-794.186068922808,157,2247
47,47,7,coordinated,Coordinated,-3.38528327622714,-93.5525622632142,-783.318803058696,152,2165
47,47,7,delayed_coordination,Delayed Coordination,-3.21504454261149,-85.6500622011357,-778.999477375778,151,2209
48,48,3,baseline,Baseline,0,0,0,0,0
48,48,3,early_mover,Early Mover,-2.23265122623779,-116.274524797133,-847.900709953996,164,2171
48,48,3,sequential,Sequential,-5.30955716920629,-131.78446718015,-890.956947466928,135,2016
48,48,3,coordinated,Coordinated,-4.85587741296169,-105.443526591839,-844.546923354149,146,2004
48,48,3,delayed_coordination,Delayed Coordination,-7.16166292207127,-120.612780937699,-858.005671630935,156,1992
48,48,5,baseline,Baseline,0,0,0,0,0
48,48,5,early_mover,Early Mover,-4.62037020549481,-107.800832711731,-782.929948472607,159,2136
48,48,5,sequential,Sequential,-9.31236192563127,-97.1766600755375,-778.10464745787,139,1895
48,48,5,coordinated,Coordinated,-11.4380285280405,-80.0984295071521,-687.104973821239,77,1456
48,48,5,delayed_coordination,Delayed Coordination,-6.16371127402363,-109.264535731667,-830.478019837785,151,2066
48,48,7,baseline,Baseline,0,0,0,0,0
48,48,7,early_mover,Early Mover,-4.80906141711414,-107.955136460027,-794.945281563069,153,1918
48,48,7,sequential,Sequential,-11.4668669799836,-88.7385817884648,-757.913134498657,113,1524
48,48,7,coordinated,Coordinated,-4.74634477605589,-87.1167533024,-838.297873592682,149,1819
48,48,7,delayed_coordination,Delayed Coordination,-6.67563025108014,-115.888701599477,-836.277287536058,132,1735
49,49,3,baseline,Baseline,0,0,0,0,0
49,49,3,early_mover,Early Mover,-9.00293827380023,-42.4599947147106,-504.013378603579,70,1158
49,49,3,sequential,Sequential,-13.5939041956025,-58.1156864217292,-523.473635405224,78,1199
49,49,3,coordinated,Coordinated,-9.20133891206086,-62.1167024660491,-593.008450401803,87,1489
49,49,3,delayed_coordination,Delayed Coordination,-13.0723324533255,-51.5988349217673,-528.576129458238,77,1227
49,49,5,baseline,Baseline,0,0,0,0,0
49,49,5,early_mover,Early Mover,-7.36671803138046,-49.9226057671134,-548.791873295525,83,1354
49,49,5,sequential,Sequential,-11.2381602432441,-54.0901654635004,-587.519216045077,73,1291
49,49,5,coordinated,Coordinated,-11.5800112210626,-55.5193412026797,-584.218827170076,97,1540
49,49,5,delayed_coordination,Delayed Coordination,-11.5705316781118,-53.5251732174683,-554.014442846894,78,1367
49,49,7,baseline,Baseline,0,0,0,0,0
49,49,7,early_mover,Early Mover,-1.97730067090187,-86.4837920595143,-682.851574609172,109,1750
49,49,7,sequential,Sequential,-5.65193404952588,-82.4946618562332,-697.981679734436,129,1828
49,49,7,coordinated,Coordinated,-14.1205494943339,-62.9329055365063,-567.67608570452,71,1263
49,49,7,delayed_coordination,Delayed Coordination,-2.1061409250877,-92.7974339855113,-766.630375302727,143,1931
50,50,3,baseline,Baseline,0,0,0,0,0
50,50,3,early_mover,Early Mover,-7.9547969185971,-82.8690133852087,-601.949201718796,112,1620
50,50,3,sequential,Sequential,-7.6581973605622,-98.4985816802728,-682.935485888436,131,1749
50,50,3,coordinated,Coordinated,-5.22881094927725,-102.816652756504,-722.675544580736,130,2052
50,50,3,delayed_coordination,Delayed Coordination,-8.29966026922104,-92.7069192292548,-685.120739695603,119,1732
50,50,5,baseline,Baseline,0,0,0,0,0
50,50,5,early_mover,Early Mover,-3.9235196660355,-111.028167696467,-670.225400923184,146,1877
50,50,5,sequential,Sequential,-7.13156449052967,-114.18081573892,-687.676189157257,148,1826
50,50,5,coordinated,Coordinated,-9.95301290837521,-103.184506169309,-590.906594996369,128,1665
50,50,5,delayed_coordination,Delayed Coordination,-5.99700966942258,-120.86764471861,-717.553313516884,160,1869
50,50,7,baseline,Baseline,0,0,0,0,0
50,50,7,early_mover,Early Mover,-5.20603456138565,-97.6355273169925,-657.419210955982,130,1781
50,50,7,sequential,Sequential,-7.46842664811894,-99.9032220938803,-671.096350546047,123,1714
50,50,7,coordinated,Coordinated,-9.35206695027092,-98.6126249722118,-602.166935019235,116,1637
50,50,7,delayed_coordination,Delayed Coordination,-7.2624899294529,-96.7024489599017,-669.967061955415,121,1745
51,51,3,baseline,Baseline,0,0,0,0,0
51,51,3,early_mover,Early Mover,-5.61063336618855,-125.584757823152,-674.55341189159,125,1934
51,51,3,sequential,Sequential,-4.06195277495991,-151.909499833897,-823.095179499358,161,2209
51,51,3,coordinated,Coordinated,-2.55965769370161,-137.131547790551,-833.087375713945,156,2222
51,51,3,delayed_coordination,Delayed Coordination,-8.21180983565047,-131.335300786257,-735.378575617399,114,1906
51,51,5,baseline,Baseline,0,0,0,0,0
51,51,5,early_mover,Early Mover,-5.73395627372375,-118.017268336432,-674.890044466484,131,1885
51,51,5,sequential,Sequential,-6.93203385464659,-140.297413825707,-730.6391440259,134,1852
51,51,5,coordinated,Coordinated,2.10197683274791,-165.736769953287,-914.490271911052,192,2495
51,51,5,delayed_coordination,Delayed Coordination,-6.54154169760666,-140.369590677152,-743.220641008076,150,1950
51,51,7,baseline,Baseline,0,0,0,0,0
51,51,7,early_mover,Early Mover,-7.32339985387594,-114.580954800693,-613.881773882123,117,1752
51,51,7,sequential,Sequential,-4.06908588534959,-140.081126584499,-761.186013112579,159,2006
51,51,7,coordinated,Coordinated,-1.70737874091961,-143.166179016206,-853.153659547821,164,2205
51,51,7,delayed_coordination,Delayed Coordination,-8.2173451873749,-132.585359978307,-693.22384812451,127,1818
52,52,3,baseline,Baseline,0,0,0,0,0
52,52,3,early_mover,Early Mover,-9.29822491854374,-110.215279036702,-595.337818806137,104,1487
52,52,3,sequential,Sequential,-13.8865625281133,-79.2173238166304,-550.159892149903,80,1302
52,52,3,coordinated,Coordinated,-16.4015426515425,-91.5981369765619,-555.622072163001,71,1137
52,52,3,delayed_coordination,Delayed Coordination,-15.3399766369529,-95.8087587966737,-557.458096935852,97,1391
52,52,5,baseline,Baseline,0,0,0,0,0
52,52,5,early_mover,Early Mover,-7.12069807453057,-102.967235371506,-594.219750702168,107,1608
52,52,5,sequential,Sequential,-11.6083915740191,-92.8729530390548,-594.976884807097,99,1464
52,52,5,coordinated,Coordinated,-14.3470357323173,-85.9851276493117,-573.565462764081,93,1165
52,52,5,delayed_coordination,Delayed Coordination,-10.8621594711569,-102.055831130141,-620.011443313667,102,1504
52,52,7,baseline,Baseline,0,0,0,0,0
52,52,7,early_mover,Early Mover,-3.19552966636354,-119.837615427272,-702.888794375806,120,1673
52,52,7,sequential,Sequential,-13.67699898851,-105.811006890887,-600.134742146883,82,1317
52,52,7,coordinated,Coordinated,-11.4981456005592,-111.686378363582,-625.257221406058,96,1287
52,52,7,delayed_coordination,Delayed Coordination,-6.99010474330652,-119.692690995761,-745.239845475055,117,1599
53,53,3,baseline,Baseline,0,0,0,0,0
53,53,3,early_mover,Early Mover,-11.1761805000787,-79.7818702674147,-550.320113084218,89,1231
53,53,3,sequential,Sequential,-9.42958618198618,-90.2817359143268,-647.530283451481,108,1453
53,53,3,coordinated,Coordinated,-8.65599256841932,-104.727652835824,-676.317711336052,138,1883
53,53,3,delayed_coordination,Delayed Coordination,-13.5375351744133,-85.2748181626726,-568.902915521573,81,1306
53,53,5,baseline,Baseline,0,0,0,0,0
53,53,5,early_mover,Early Mover,-5.60792800110391,-119.840398016087,-690.65452437113,157,1819
53,53,5,sequential,Sequential,-5.19825821718705,-122.974508520187,-710.870540048326,152,1943
53,53,5,coordinated,Coordinated,-6.2216452675319,-122.425406755196,-767.500311522569,167,2064
53,53,5,delayed_coordination,Delayed Coordination,-7.59327545217441,-119.200751828766,-670.18904402819,141,1834
53,53,7,baseline,Baseline,0,0,0,0,0
53,53,7,early_mover,Early Mover,-2.47973323363838,-115.835757646885,-731.569655068862,148,1926
53,53,7,sequential,Sequential,-2.82008902539698,-127.03130228598,-818.083323155823,188,2089
53,53,7,coordinated,Coordinated,-8.26743662091333,-102.9006519234,-646.793987983594,130,1639
53,53,7,delayed_coordination,Delayed Coordination,-2.36021068327744,-127.617786286774,-798.631112814562,171,2077
54,54,3,baseline,Baseline,0,0,0,0,0
54,54,3,early_mover,Early Mover,-3.12024156523178,-103.009203601684,-799.741397880263,157,2210
54,54,3,sequential,Sequential,-8.47645713234243,-96.5487612378042,-793.018157239939,133,2028
54,54,3,coordinated,Coordinated,-12.0787907197436,-102.601717539901,-701.798046070678,89,1610
54,54,3,delayed_coordination,Delayed Coordination,-7.8527326523991,-116.977226059973,-845.258611598279,170,2128
54,54,5,baseline,Baseline,0,0,0,0,0
54,54,5,early_mover,Early Mover,-3.71700436191306,-103.15802660551,-763.542676924047,110,2029
54,54,5,sequential,Sequential,-5.94434032703127,-120.323663384957,-899.516847074198,144,2192
54,54,5,coordinated,Coordinated,-8.06452400700854,-104.772846500769,-800.64187814959,138,1940
54,54,5,delayed_coordination,Delayed Coordination,-9.11165308719616,-112.028454647641,-814.594875803485,111,1947
54,54,7,baseline,Baseline,0,0,0,0,0
54,54,7,early_mover,Early Mover,-8.34173370918292,-81.6043776817294,-674.595360972286,133,1761
54,54,7,sequential,Sequential,-13.3707901691549,-88.8445147439493,-729.283254141824,132,1626
54,54,7,coordinated,Coordinated,-3.07443403662703,-112.320555437272,-848.481296710123,161,2111
54,54,7,delayed_coordination,Delayed Coordination,-10.3196155270793,-95.8772947896805,-756.660846497851,126,1784
55,55,3,baseline,Baseline,0,0,0,0,0
55,55,3,early_mover,Early Mover,1.29264159733209,-129.046036171574,-938.918160470943,169,2285
55,55,3,sequential,Sequential,-3.63787775568832,-120.803736449358,-925.551572806589,176,2350
55,55,3,coordinated,Coordinated,-4.96975130931928,-108.535755705814,-879.604353205035,178,2252
55,55,3,delayed_coordination,Delayed Coordination,0.860700055544896,-133.154151307248,-997.532780347666,188,2503
55,55,5,baseline,Baseline,0,0,0,0,0
55,55,5,early_mover,Early Mover,-0.859697493891645,-119.271409582892,-824.647770733107,151,2317
55,55,5,sequential,Sequential,-2.35953699807119,-125.138872395215,-899.479565136722,186,2392
55,55,5,coordinated,Coordinated,-3.79490149107123,-109.549601042674,-850.651512666841,176,2248
55,55,5,delayed_coordination,Delayed Coordination,-1.75972315420951,-133.515618656399,-918.992900106939,175,2449
55,55,7,baseline,Baseline,0,0,0,0,0
55,55,7,early_mover,Early Mover,-3.57912247883618,-118.502324900532,-830.862969767925,168,2315
55,55,7,sequential,Sequential,-5.02597102843278,-127.626671550986,-890.717065578016,182,2326
55,55,7,coordinated,Coordinated,-4.68170672225325,-123.438984731878,-911.11773862839,181,2252
55,55,7,delayed_coordination,Delayed Coordination,-5.61780572625648,-123.173192328309,-893.052460985084,167,2394
56,56,3,baseline,Baseline,0,0,0,0,0
56,56,3,early_mover,Early Mover,-10.8707058305962,-65.3073441679392,-570.151908387107,114,1332
56,56,3,sequential,Sequential,-18.8609906989987,-58.0564762236642,-500.810010444089,72,815
56,56,3,coordinated,Coordinated,-18.6620373074159,-42.9832845963518,-448.97959079926,80,919
56,56,3,delayed_coordination,Delayed Coordination,-15.076224918753,-73.0248539693478,-617.868033990982,111,1266
56,56,5,baseline,Baseline,0,0,0,0,0
56,56,5,early_mover,Early Mover,-12.5504148043433,-50.9312074122747,-453.537433966228,81,1047
56,56,5,sequential,Sequential,-17.385178518071,-55.8329358120849,-483.403765940269,70,877
56,56,5,coordinated,Coordinated,-17.7903422737345,-52.0576235199522,-442.75125953425,73,987
56,56,5,delayed_coordination,Delayed Coordination,-17.3499171604999,-55.5457718412082,-461.965926556333,67,862
56,56,7,baseline,Baseline,0,0,0,0,0
56,56,7,early_mover,Early Mover,-11.0815149179855,-51.1730698824738,-495.693240849006,94,1198
56,56,7,sequential,Sequential,-14.2002035181322,-61.9512951059067,-615.630220906455,122,1158
56,56,7,coordinated,Coordinated,-11.449805967111,-60.7811734077353,-585.574739663878,111,1291
56,56,7,delayed_coordination,Delayed Coordination,-14.1014618784528,-61.5659201549873,-577.488403835147,97,1187
57,57,3,baseline,Baseline,0,0,0,0,0
57,57,3,early_mover,Early Mover,-1.44099791024644,-112.362695528953,-780.500289350431,147,2089
57,57,3,sequential,Sequential,-3.78975273123396,-152.000529569197,-854.412377807423,167,2048
57,57,3,coordinated,Coordinated,-4.95053648005114,-119.001614287241,-784.279419648091,119,1981
57,57,3,delayed_coordination,Delayed Coordination,-3.07518008215911,-134.851883597218,-855.885804501863,169,2121
57,57,5,baseline,Baseline,0,0,0,0,0
57,57,5,early_mover,Early Mover,-3.20023649714732,-103.126212453275,-713.87572192361,139,1895
57,57,5,sequential,Sequential,-4.1160912511798,-132.453798933406,-812.245451562769,156,2015
57,57,5,coordinated,Coordinated,-4.30987792427408,-133.25853592629,-789.428219351614,163,2047
57,57,5,delayed_coordination,Delayed Coordination,-3.55948582600874,-121.000323177318,-833.2722292847,160,2086
57,57,7,baseline,Baseline,0,0,0,0,0
57,57,7,early_mover,Early Mover,0.912013308360287,-109.121892270357,-780.312521080048,157,2041
57,57,7,sequential,Sequential,0.641005552357342,-137.626579198826,-891.630313647184,182,2137
57,57,7,coordinated,Coordinated,-2.70627069879093,-127.593710041911,-790.143519904768,160,2130
57,57,7,delayed_coordination,Delayed Coordination,-2.50675183384797,-135.145635425028,-858.788602022892,162,2097
58,58,3,baseline,Baseline,0,0,0,0,0
58,58,3,early_mover,Early Mover,-5.17836199502507,-93.1385609558966,-790.645125800028,161,2175
58,58,3,sequential,Sequential,-6.82866183083179,-102.473635436355,-869.226540232245,157,2179
58,58,3,coordinated,Coordinated,-7.99396336858952,-93.1188826022496,-784.251177686337,127,1879
58,58,3,delayed_coordination,Delayed Coordination,-8.30946315206104,-111.591700882928,-860.166150860668,175,2227
58,58,5,baseline,Baseline,0,0,0,0,0
58,58,5,early_mover,Early Mover,-2.43669164240833,-117.920375794781,-802.251998245233,144,2344
58,58,5,sequential,Sequential,-4.2134102411224,-132.163052287855,-892.953647783361,158,2393
58,58,5,coordinated,Coordinated,-4.38073180966617,-120.25784591848,-846.43217935302,169,2344
58,58,5,delayed_coordination,Delayed Coordination,-4.92331611881447,-125.487165018271,-877.335158719178,166,2418
58,58,7,baseline,Baseline,0,0,0,0,0
58,58,7,early_mover,Early Mover,-0.922152006829549,-101.889465422527,-794.813840635442,154,2345
58,58,7,sequential,Sequential,-2.76719471442205,-120.78776238107,-871.324620857543,180,2354
58,58,7,coordinated,Coordinated,-5.84666852757896,-107.76621526125,-838.604322696269,159,2163
58,58,7,delayed_coordination,Delayed Coordination,-1.85249853259805,-121.63734367957,-882.187278639275,186,2405
59,59,3,baseline,Baseline,0,0,0,0,0
59,59,3,early_mover,Early Mover,-2.41473324521587,-106.067414148265,-711.693223769082,150,1984
59,59,3,sequential,Sequential,-3.49870418501688,-123.230336698074,-766.211563379818,141,1967
59,59,3,coordinated,Coordinated,-7.87605074178063,-103.179694758192,-647.193530848858,127,1722
59,59,3,delayed_coordination,Delayed Coordination,-4.02405753673749,-109.5555705477,-757.542152883489,141,1925
59,59,5,baseline,Baseline,0,0,0,0,0
59,59,5,early_mover,Early Mover,-2.84742265547108,-117.802352788203,-703.707584841962,149,1850
59,59,5,sequential,Sequential,-1.51441227879273,-144.219655672339,-820.317047873123,158,1845
59,59,5,coordinated,Coordinated,0.418603218255839,-128.313646523312,-787.186051194888,149,1895
59,59,5,delayed_coordination,Delayed Coordination,-6.07299264397919,-137.231173923686,-785.07185969627,145,1823
59,59,7,baseline,Baseline,0,0,0,0,0
59,59,7,early_mover,Early Mover,-2.3294770141714,-100.227679578679,-718.742480230032,155,2026
59,59,7,sequential,Sequential,-4.80028127440681,-128.844056934852,-752.895237569903,159,1967
59,59,7,coordinated,Coordinated,-2.25373701323069,-137.84374015041,-781.627048941864,163,2058
59,59,7,delayed_coordination,Delayed Coordination,-5.46239269641057,-126.537797118599,-787.641533788581,180,2044
60,60,3,baseline,Baseline,0,0,0,0,0
60,60,3,early_mover,Early Mover,-1.84940934894404,-121.627647339622,-817.526072474304,167,2169
60,60,3,sequential,Sequential,-6.34876344468539,-99.5640473189951,-808.621297410699,148,2062
60,60,3,coordinated,Coordinated,-8.07293642636699,-96.5953095717421,-775.895025364502,159,2088
60,60,3,delayed_coordination,Delayed Coordination,-7.17888212391688,-114.843520630865,-819.065443972515,151,2071
60,60,5,baseline,Baseline,0,0,0,0,0
60,60,5,early_mover,Early Mover,-2.13790320339294,-120.762527891699,-808.670643172309,162,2220
60,60,5,sequential,Sequential,-4.09610075364988,-134.247137673145,-841.39133577273,165,2146
60,60,5,coordinated,Coordinated,-12.5808395280251,-96.9622535260082,-692.783496098163,112,1494
60,60,5,delayed_coordination,Delayed Coordination,-7.42383865663712,-120.455006792683,-802.203591915096,150,2151
60,60,7,baseline,Baseline,0,0,0,0,0
60,60,7,early_mover,Early Mover,-4.34256050694704,-112.712392501183,-762.095583713028,157,2090
60,60,7,sequential,Sequential,-6.22219199575953,-123.729175173633,-829.375374450966,169,2174
60,60,7,coordinated,Coordinated,-9.48490035835417,-99.9764602356828,-734.132597617355,144,1777
60,60,7,delayed_coordination,Delayed Coordination,-6.64522168345916,-124.687689499294,-797.776917775559,164,1984
61,61,3,baseline,Baseline,0,0,0,0,0
61,61,3,early_mover,Early Mover,-0.330727503277572,-127.84282338976,-802.182957800985,163,2146
61,61,3,sequential,Sequential,-3.42302705535811,-146.128952468128,-846.570267095946,145,2112
61,61,3,coordinated,Coordinated,-5.20712966046833,-128.199051555145,-800.275051592108,154,2213
61,61,3,delayed_coordination,Delayed Coordination,-0.0577353115344721,-133.083533802098,-872.11495472389,180,2285
61,61,5,baseline,Baseline,0,0,0,0,0
61,61,5,early_mover,Early Mover,-2.49044160209172,-111.240523277412,-766.576825354606,156,2199
61,61,5,sequential,Sequential,-1.31079846036133,-130.000492636429,-835.774922536932,165,2304
61,61,5,coordinated,Coordinated,-5.03783850058088,-125.190970451105,-760.204763250559,146,2077
61,61,5,delayed_coordination,Delayed Coordination,-3.32979301322209,-112.128187271543,-804.643507413892,151,2234
61,61,7,baseline,Baseline,0,0,0,0,0
61,61,7,early_mover,Early Mover,-5.18895938423117,-111.814588992596,-717.233480786406,150,2029
61,61,7,sequential,Sequential,-5.22321271406494,-127.654531597946,-825.454529348903,167,2107
61,61,7,coordinated,Coordinated,-6.79425901386753,-125.330300571334,-793.77049839434,181,2204
61,61,7,delayed_coordination,Delayed Coordination,-5.85794751226115,-130.883853693922,-791.368801025656,169,2055
62,62,3,baseline,Baseline,0,0,0,0,0
62,62,3,early_mover,Early Mover,-9.2603567182388,-58.6672933479805,-563.047912789654,105,1483
62,62,3,sequential,Sequential,-14.2857073536491,-59.7523075697811,-542.75744295943,77,1244
62,62,3,coordinated,Coordinated,-21.3250691027303,-37.130751334556,-356.689227748772,54,788
62,62,3,delayed_coordination,Delayed Coordination,-11.8459400916236,-65.3631711680169,-576.909263002416,98,1401
62,62,5,baseline,Baseline,0,0,0,0,0
62,62,5,early_mover,Early Mover,-3.91094450945228,-91.4676400239415,-677.159091414638,116,1804
62,62,5,sequential,Sequential,-7.24605489757859,-93.6508793212722,-702.325690932036,122,1832
62,62,5,coordinated,Coordinated,-10.6510512018842,-61.9261904789885,-617.232884778976,132,1622
62,62,5,delayed_coordination,Delayed Coordination,-7.91338129039545,-95.7726806960494,-669.425812726079,121,1776
62,62,7,baseline,Baseline,0,0,0,0,0
62,62,7,early_mover,Early Mover,-2.12818998973569,-117.151145384438,-713.848584996253,145,2046
62,62,7,sequential,Sequential,-7.34470236965038,-124.496335524736,-712.775651544041,152,2018
62,62,7,coordinated,Coordinated,-15.7983279100505,-48.1205305855372,-519.792657681704,110,1244
62,62,7,delayed_coordination,Delayed Coordination,-3.98964397163483,-134.430244617401,-766.955981605663,162,2053
63,63,3,baseline,Baseline,0,0,0,0,0
63,63,3,early_mover,Early Mover,-4.44635402560479,-129.25330132581,-793.737972279479,151,2205
63,63,3,sequential,Sequential,-9.33925906889878,-141.511048948766,-826.853871135417,168,2268
63,63,3,coordinated,Coordinated,-12.0140489325253,-115.311256752941,-641.127772192274,94,1704
63,63,3,delayed_coordination,Delayed Coordination,-7.60028106239062,-134.396371892501,-821.267342730847,143,2098
63,63,5,baseline,Baseline,0,0,0,0,0
63,63,5,early_mover,Early Mover,-6.53574841664444,-119.352759942824,-727.440318626872,161,2136
63,63,5,sequential,Sequential,-7.56997622715494,-132.406426578209,-796.593055459222,167,2149
63,63,5,coordinated,Coordinated,-6.79802563369626,-129.878842387559,-733.18970726807,161,2269
63,63,5,delayed_coordination,Delayed Coordination,-5.50115856988219,-136.319063440345,-849.381820571622,188,2340
63,63,7,baseline,Baseline,0,0,0,0,0
63,63,7,early_mover,Early Mover,-3.38627111309182,-139.160298482349,-828.399964930647,182,2333
63,63,7,sequential,Sequential,-6.30404079817971,-140.765763219125,-806.36161088815,183,2261
63,63,7,coordinated,Coordinated,-2.51308294064134,-133.824609211566,-848.391951595828,187,2415
63,63,7,delayed_coordination,Delayed Coordination,-4.17429191046418,-147.773049573771,-840.653632289009,186,2408
64,64,3,baseline,Baseline,0,0,0,0,0
64,64,3,early_mover,Early Mover,-2.15827825255849,-130.9132598934,-679.565995841037,129,1617
64,64,3,sequential,Sequential,-3.46831345161482,-139.297710377779,-747.90767250799,139,1685
64,64,3,coordinated,Coordinated,-12.7598787447261,-97.9081571583811,-485.152982298596,90,1134
64,64,3,delayed_coordination,Delayed Coordination,-5.49743822574084,-131.528677052239,-701.516252573026,124,1589
64,64,5,baseline,Baseline,0,0,0,0,0
64,64,5,early_mover,Early Mover,-6.41549318733425,-103.974308821198,-577.310701350395,109,1307
64,64,5,sequential,Sequential,-11.5349822290928,-103.600921978243,-586.321972553369,80,1095
64,64,5,coordinated,Coordinated,-14.2194327560797,-94.5460918451523,-520.855115792448,67,967
64,64,5,delayed_coordination,Delayed Coordination,-12.2467614186967,-110.924376755857,-575.243606289675,78,1141
64,64,7,baseline,Baseline,0,0,0,0,0
64,64,7,early_mover,Early Mover,-1.68581632130018,-123.462001736655,-704.311305866631,143,1757
64,64,7,sequential,Sequential,-8.61519880704624,-118.054295886031,-637.157792494036,108,1403
64,64,7,coordinated,Coordinated,-22.0884530211969,-66.6912480771878,-311.52855626342,26,331
64,64,7,delayed_coordination,Delayed Coordination,-5.9595916554424,-126.556873512361,-703.826666820566,105,1457
65,65,3,baseline,Baseline,0,0,0,0,0
65,65,3,early_mover,Early Mover,-1.12448925128233,-131.542821384567,-839.112738735899,164,2364
65,65,3,sequential,Sequential,-3.17321711526941,-146.587154492092,-912.116848992068,159,2368
65,65,3,coordinated,Coordinated,-6.75048150807943,-146.192811365854,-871.577873291625,167,2132
65,65,3,delayed_coordination,Delayed Coordination,-0.890897166986107,-142.142433469406,-959.722757651045,177,2532
65,65,5,baseline,Baseline,0,0,0,0,0
65,65,5,early_mover,Early Mover,-0.769608254485803,-150.100064925668,-859.941423729569,165,2311
65,65,5,sequential,Sequential,-6.78768035442414,-140.771431120085,-891.102441118921,133,2070
65,65,5,coordinated,Coordinated,-10.0402189343826,-130.000141568218,-800.505644304409,116,1901
65,65,5,delayed_coordination,Delayed Coordination,-1.65809992715967,-166.034449449321,-962.327090910815,166,2296
65,65,7,baseline,Baseline,0,0,0,0,0
65,65,7,early_mover,Early Mover,-1.22304609958624,-152.027403628437,-869.728727879499,169,2236
65,65,7,sequential,Sequential,-4.84768464546076,-152.535064288219,-958.191348814229,186,2168
65,65,7,coordinated,Coordinated,-7.78594955699589,-156.02513003322,-823.066566223127,156,1923
65,65,7,delayed_coordination,Delayed Coordination,-1.17346430205197,-161.14166424027,-995.684674725192,187,2386
66,66,3,baseline,Baseline,0,0,0,0,0
66,66,3,early_mover,Early Mover,3.746849753478,-121.514127461603,-808.765661526406,160,2453
66,66,3,sequential,Sequential,-1.75200358219918,-129.067803503421,-832.201995782159,166,2409
66,66,3,coordinated,Coordinated,-3.13748738978121,-117.245617290287,-754.045035120319,153,2331
66,66,3,delayed_coordination,Delayed Coordination,3.2638151397131,-137.073561370065,-900.038056521749,173,2495
66,66,5,baseline,Baseline,0,0,0,0,0
66,66,5,early_mover,Early Mover,5.00113184374818,-137.888678566561,-847.552027614742,159,2527
66,66,5,sequential,Sequential,-0.201863177060247,-143.432800335394,-888.160849895382,160,2405
66,66,5,coordinated,Coordinated,-4.96800430042572,-120.986236444347,-752.49649550102,148,2182
66,66,5,delayed_coordination,Delayed Coordination,-0.162506027284977,-139.019624285853,-868.79394923059,150,2489
66,66,7,baseline,Baseline,0,0,0,0,0
66,66,7,early_mover,Early Mover,-0.598665120126569,-122.628973214473,-710.267828839927,134,2017
66,66,7,sequential,Sequential,-3.52811523691952,-119.246737958848,-760.526064115037,142,1989
66,66,7,coordinated,Coordinated,-2.05402167774619,-132.960222067059,-789.146599848534,153,2185
66,66,7,delayed_coordination,Delayed Coordination,-6.60663672269879,-117.58654573617,-711.479266688053,116,1918
67,67,3,baseline,Baseline,0,0,0,0,0
67,67,3,early_mover,Early Mover,-0.431756719724362,-108.221046077969,-775.162011234258,160,2301
67,67,3,sequential,Sequential,-5.19499605332294,-108.37699958199,-824.129561819141,151,2325
67,67,3,coordinated,Coordinated,-0.657407801866896,-131.490555520781,-894.564187153333,173,2500
67,67,3,delayed_coordination,Delayed Coordination,-3.6416304508318,-112.678340058966,-849.417895996622,170,2384
67,67,5,baseline,Baseline,0,0,0,0,0
67,67,5,early_mover,Early Mover,3.32893307924463,-125.200685803954,-878.528407988118,164,2592
67,67,5,sequential,Sequential,0.175729433435407,-127.593716333325,-908.578048078626,168,2634
67,67,5,coordinated,Coordinated,-0.8185410595664,-127.791426643481,-907.747041217305,169,2611
67,67,5,delayed_coordination,Delayed Coordination,1.8830184935108,-131.816574529049,-936.674260166243,176,2690
67,67,7,baseline,Baseline,0,0,0,0,0
67,67,7,early_mover,Early Mover,4.21625136970795,-123.319047288269,-884.278474246317,172,2620
67,67,7,sequential,Sequential,0.236491487589745,-125.262265261285,-913.689683883069,173,2604
67,67,7,coordinated,Coordinated,2.71476198870567,-135.969052566269,-940.94531536354,183,2709
67,67,7,delayed_coordination,Delayed Coordination,0.126688895575057,-135.496783795155,-932.784998382526,176,2670
68,68,3,baseline,Baseline,0,0,0,0,0
68,68,3,early_mover,Early Mover,-0.0727588532505763,-104.203338832934,-809.987067783394,157,2271
68,68,3,sequential,Sequential,-3.39476438082502,-112.435007220314,-884.026334737109,178,2290
68,68,3,coordinated,Coordinated,-7.91958530557999,-106.666433520644,-802.548051670736,154,2064
68,68,3,delayed_coordination,Delayed Coordination,-2.50894185508058,-117.655424445479,-873.71549226302,179,2346
68,68,5,baseline,Baseline,0,0,0,0,0
68,68,5,early_mover,Early Mover,-0.591015601763644,-98.114417522284,-817.42689886315,161,2202
68,68,5,sequential,Sequential,-1.76864904524824,-118.60425640875,-937.813019710942,191,2372
68,68,5,coordinated,Coordinated,-5.32586241341509,-110.56240439886,-845.091149155157,185,2127
68,68,5,delayed_coordination,Delayed Coordination,-1.52804237273391,-112.508155752201,-910.324843471265,159,2255
68,68,7,baseline,Baseline,0,0,0,0,0
68,68,7,early_mover,Early Mover,1.22596963728428,-108.236241116396,-834.875627445857,179,2300
68,68,7,sequential,Sequential,-1.52856561820484,-114.120472957799,-900.083906017561,197,2369
68,68,7,coordinated,Coordinated,-3.33361313564617,-112.037676257853,-896.195953174607,188,2422
68,68,7,delayed_coordination,Delayed Coordination,0.327687477060934,-120.667066641923,-916.135731683172,195,2415
69,69,3,baseline,Baseline,0,0,0,0,0
69,69,3,early_mover,Early Mover,-2.79790986077413,-104.129396054512,-775.053277565726,139,2066
69,69,3,sequential,Sequential,-2.24248382373833,-124.971392318936,-892.731177616869,157,2193
69,69,3,coordinated,Coordinated,-4.09079946158177,-120.883431218093,-850.252404577782,153,2227
69,69,3,delayed_coordination,Delayed Coordination,-5.55329257567338,-106.803843449225,-827.419176593069,130,2021
69,69,5,baseline,Baseline,0,0,0,0,0
69,69,5,early_mover,Early Mover,-0.156291675985784,-113.88393057555,-851.95356501803,151,2382
69,69,5,sequential,Sequential,-0.525714507378609,-128.215574123505,-921.511440291842,172,2445
69,69,5,coordinated,Coordinated,-2.89568333396393,-125.208080534827,-891.3338162503,174,2269
69,69,5,delayed_coordination,Delayed Coordination,0.286152714765166,-133.024390064712,-948.782683101987,174,2559
69,69,7,baseline,Baseline,0,0,0,0,0
69,69,7,early_mover,Early Mover,-2.14752240212063,-113.248305037271,-820.293887629615,145,2199
69,69,7,sequential,Sequential,-0.186426885557736,-123.926158984703,-912.233794085915,169,2423
69,69,7,coordinated,Coordinated,-1.40205425024988,-115.218807237478,-889.710327185698,163,2207
69,69,7,delayed_coordination,Delayed Coordination,-3.57429541630513,-122.086764212644,-875.374506048323,171,2297
70,70,3,baseline,Baseline,0,0,0,0,0
70,70,3,early_mover,Early Mover,-1.80937585338928,-82.0386678030792,-755.093334958097,152,2272
70,70,3,sequential,Sequential,-1.4218312128552,-94.732086783022,-845.782396791925,175,2343
70,70,3,coordinated,Coordinated,-0.97022604389511,-85.2691703293901,-854.890155624527,150,2540
70,70,3,delayed_coordination,Delayed Coordination,-2.5629413331252,-81.5101087934028,-816.240973001394,158,2348
70,70,5,baseline,Baseline,0,0,0,0,0
70,70,5,early_mover,Early Mover,-0.584005660818519,-66.5138978984893,-720.12515264605,140,2257
70,70,5,sequential,Sequential,0.605354985429358,-89.2504482275655,-846.524718851541,156,2476
70,70,5,coordinated,Coordinated,-0.666253856897001,-84.5269471678714,-826.868798809564,162,2494
70,70,5,delayed_coordination,Delayed Coordination,-1.95413127098162,-72.145922700567,-804.74547764831,159,2347
70,70,7,baseline,Baseline,0,0,0,0,0
70,70,7,early_mover,Early Mover,-3.26649465994143,-66.9766133646349,-702.516962090895,130,2127
70,70,7,sequential,Sequential,-6.78451278262001,-69.2109370936092,-717.279223776132,125,1870
70,70,7,coordinated,Coordinated,-5.74640597729282,-71.626006936138,-738.860527173816,139,2188
70,70,7,delayed_coordination,Delayed Coordination,-5.00221638455895,-73.80870439736,-751.976255915634,150,2060
71,71,3,baseline,Baseline,0,0,0,0,0
71,71,3,early_mover,Early Mover,-6.5702337308975,-80.873832798284,-634.213864345752,136,1867
71,71,3,sequential,Sequential,-10.8361581304862,-71.0480429776525,-635.916010538288,103,1548
71,71,3,coordinated,Coordinated,-11.1868355708729,-86.593031877589,-678.678836431547,120,1827
71,71,3,delayed_coordination,Delayed Coordination,-8.8019800445468,-80.6663815116794,-677.385129478217,133,1785
71,71,5,baseline,Baseline,0,0,0,0,0
71,71,5,early_mover,Early Mover,-8.11484730893601,-82.2931004873708,-647.48131644817,142,1908
71,71,5,sequential,Sequential,-8.93082680417452,-88.4656281040995,-705.179340964385,149,1939
71,71,5,coordinated,Coordinated,-10.5335946886119,-77.5576470619255,-662.510924756355,125,1818
71,71,5,delayed_coordination,Delayed Coordination,-9.48846993695858,-83.193245588948,-700.487632539997,145,1894
71,71,7,baseline,Baseline,0,0,0,0,0
71,71,7,early_mover,Early Mover,-6.08848302122156,-91.1955785152195,-693.170242478933,146,2091
71,71,7,sequential,Sequential,-8.09509766833436,-89.4173229590014,-749.054174064479,147,2014
71,71,7,coordinated,Coordinated,-6.6851853495946,-104.521574793672,-736.778973898645,150,2034
71,71,7,delayed_coordination,Delayed Coordination,-5.57934825400132,-99.749422823813,-791.187095482357,148,2102
72,72,3,baseline,Baseline,0,0,0,0,0
72,72,3,early_mover,Early Mover,0.218940705508558,-109.670797514953,-827.564270471223,133,2211
72,72,3,sequential,Sequential,-8.87360899960221,-119.614605560119,-792.557104636543,108,1907
72,72,3,coordinated,Coordinated,-9.44099685846643,-111.917992837751,-722.893055436655,116,1824
72,72,3,delayed_coordination,Delayed Coordination,-7.19166076948959,-116.394702090891,-847.763292922945,112,2061
72,72,5,baseline,Baseline,0,0,0,0,0
72,72,5,early_mover,Early Mover,1.16167982289207,-122.859272824259,-852.33019901515,159,2300
72,72,5,sequential,Sequential,-3.93437298895708,-125.758305044752,-846.451050790075,136,2090
72,72,5,coordinated,Coordinated,-6.49115046217079,-123.463244295129,-794.533669137744,144,1970
72,72,5,delayed_coordination,Delayed Coordination,2.40208417610559,-145.241171445128,-962.562190253331,177,2462
72,72,7,baseline,Baseline,0,0,0,0,0
72,72,7,early_mover,Early Mover,-1.87307905288564,-126.533752203314,-762.714829446024,138,1907
72,72,7,sequential,Sequential,-2.95507134645409,-140.351358750452,-866.108658709566,173,2072
72,72,7,coordinated,Coordinated,-8.04897903933279,-121.7860928709,-787.841006607163,149,1972
72,72,7,delayed_coordination,Delayed Coordination,1.29980929222039,-144.012593417458,-944.515995456303,186,2195
73,73,3,baseline,Baseline,0,0,0,0,0
73,73,3,early_mover,Early Mover,-10.0519151206947,-74.412321730973,-555.061597085211,107,1521
73,73,3,sequential,Sequential,-14.9293944954787,-71.842267788878,-543.470771216061,92,1422
73,73,3,coordinated,Coordinated,-19.3209626324227,-54.4174708824035,-422.453427868276,64,1130
73,73,3,delayed_coordination,Delayed Coordination,-14.0951142610325,-73.488170890085,-578.121663055769,94,1405
73,73,5,baseline,Baseline,0,0,0,0,0
73,73,5,early_mover,Early Mover,-13.2757444153369,-36.7133485904547,-462.300311167794,88,1369
73,73,5,sequential,Sequential,-13.4002950676565,-41.6594805514032,-544.517878199191,110,1449
73,73,5,coordinated,Coordinated,-15.598359374042,-37.2076900962753,-459.751786141228,98,1402
73,73,5,delayed_coordination,Delayed Coordination,-15.6783714515268,-39.8885908985212,-509.821375645102,93,1325
73,73,7,baseline,Baseline,0,0,0,0,0
73,73,7,early_mover,Early Mover,-15.442320253385,-52.8189603413713,-411.046831125649,73,1062
73,73,7,sequential,Sequential,-20.2807246304953,-54.3516848422226,-414.456380328318,53,910
73,73,7,coordinated,Coordinated,-17.6809595669328,-51.2618489700038,-430.563401193576,65,1185
73,73,7,delayed_coordination,Delayed Coordination,-18.6941705867716,-56.9950846387561,-441.199389392818,69,1102
74,74,3,baseline,Baseline,0,0,0,0,0
74,74,3,early_mover,Early Mover,-3.02960084105747,-98.4006874769937,-762.421282405525,152,2171
74,74,3,sequential,Sequential,-3.09250377980835,-120.291137277686,-880.738481127805,153,2319
74,74,3,coordinated,Coordinated,-6.0389153213478,-120.97254751008,-837.482589811508,168,2163
74,74,3,delayed_coordination,Delayed Coordination,-6.20247983036789,-107.993994768609,-824.854868571816,143,2158
74,74,5,baseline,Baseline,0,0,0,0,0
74,74,5,early_mover,Early Mover,-3.48142087509181,-107.252432662295,-755.125788626907,137,2093
74,74,5,sequential,Sequential,-7.67515123986939,-92.4168501263483,-741.851253466197,121,1859
74,74,5,coordinated,Coordinated,-6.83996826751888,-106.646228870309,-814.811172167436,155,2077
74,74,5,delayed_coordination,Delayed Coordination,-5.74662792702127,-114.236540208374,-821.722986685971,163,2240
74,74,7,baseline,Baseline,0,0,0,0,0
74,74,7,early_mover,Early Mover,-0.967374085884686,-110.402902459874,-802.312636005674,134,2071
74,74,7,sequential,Sequential,-4.84322977778562,-121.880677163017,-856.106805233832,165,2221
74,74,7,coordinated,Coordinated,-7.56580439530609,-77.4186486925096,-761.372343033687,146,2103
74,74,7,delayed_coordination,Delayed Coordination,-5.54684171409913,-122.076942507139,-854.251538416661,151,2123
75,75,3,baseline,Baseline,0,0,0,0,0
75,75,3,early_mover,Early Mover,2.90756216032165,-113.987566498138,-786.62501950443,168,2253
75,75,3,sequential,Sequential,-1.36503020842875,-126.690941266086,-853.187590671318,169,2215
75,75,3,coordinated,Coordinated,0.317318106712023,-130.291649465435,-877.322832869487,183,2461
75,75,3,delayed_coordination,Delayed Coordination,-0.862000294939477,-119.777629057224,-850.650329707473,177,2308
75,75,5,baseline,Baseline,0,0,0,0,0
75,75,5,early_mover,Early Mover,0.387968466617906,-110.967637005702,-741.655777060731,158,2182
75,75,5,sequential,Sequential,-1.59688425968822,-121.438278229855,-790.546544822405,152,2211
75,75,5,coordinated,Coordinated,-1.51564272544157,-127.942545411979,-827.663962868097,179,2404
75,75,5,delayed_coordination,Delayed Coordination,-4.32364811753231,-113.036492730366,-749.464031605625,153,2093
75,75,7,baseline,Baseline,0,0,0,0,0
75,75,7,early_mover,Early Mover,-1.34805350894111,-103.883060375713,-673.530936821791,145,2026
75,75,7,sequential,Sequential,-4.8486978149912,-111.310123396978,-721.965208788797,164,2055
75,75,7,coordinated,Coordinated,0.582172572966954,-122.792218010581,-839.800934655916,174,2530
75,75,7,delayed_coordination,Delayed Coordination,-5.80671107516535,-112.42583188581,-719.560279245169,145,2006
76,76,3,baseline,Baseline,0,0,0,0,0
76,76,3,early_mover,Early Mover,1.51673769911331,-114.779805172936,-766.262291090303,156,2214
76,76,3,sequential,Sequential,-1.04967994877568,-122.197842379346,-812.629806271174,156,2243
76,76,3,coordinated,Coordinated,-5.69375426675248,-108.529037364087,-703.044447400527,126,1949
76,76,3,delayed_coordination,Delayed Coordination,-0.144281827750845,-127.432203199676,-847.160765393884,159,2344
76,76,5,baseline,Baseline,0,0,0,0,0
76,76,5,early_mover,Early Mover,1.74946808043789,-113.623736667938,-761.852758995283,121,2071
76,76,5,sequential,Sequential,-0.677668774629652,-133.232098531403,-824.656112789115,163,2245
76,76,5,coordinated,Coordinated,-4.46004240599281,-120.079805525629,-744.76771312752,131,2045
76,76,5,delayed_coordination,Delayed Coordination,-1.38842831703523,-123.829610892557,-804.229153372439,147,2194
76,76,7,baseline,Baseline,0,0,0,0,0
76,76,7,early_mover,Early Mover,3.0290133766071,-107.161191619061,-776.009525582479,169,2209
76,76,7,sequential,Sequential,-2.35036803562797,-113.24672175606,-796.219848115445,149,2090
76,76,7,coordinated,Coordinated,-0.870830228060342,-120.199355599997,-806.366219525648,164,2182
76,76,7,delayed_coordination,Delayed Coordination,-0.976643629100508,-111.587476064974,-813.145660577777,163,2260
77,77,3,baseline,Baseline,0,0,0,0,0
77,77,3,early_mover,Early Mover,-1.15424665526366,-119.885440969019,-786.609274492246,162,2334
77,77,3,sequential,Sequential,-3.84472797290627,-119.362111032851,-795.779839400857,159,2246
77,77,3,coordinated,Coordinated,-6.65637279774631,-94.8982971944449,-705.984415353521,150,2045
77,77,3,delayed_coordination,Delayed Coordination,-5.77558618744781,-116.743821754795,-800.34497760143,140,2209
77,77,5,baseline,Baseline,0,0,0,0,0
77,77,5,early_mover,Early Mover,-1.98500892509128,-119.277960193113,-762.002436671636,146,2068
77,77,5,sequential,Sequential,-5.07288301560475,-131.065205485747,-808.914695661296,162,2186
77,77,5,coordinated,Coordinated,-4.80968020671287,-112.393557971722,-777.774025555756,159,2089
77,77,5,delayed_coordination,Delayed Coordination,-4.42282321140686,-124.604640981438,-827.624593875439,140,2063
77,77,7,baseline,Baseline,0,0,0,0,0
77,77,7,early_mover,Early Mover,-1.22540677554051,-114.799877075195,-788.647285194103,164,2233
77,77,7,sequential,Sequential,-2.20017797492122,-130.533688959053,-866.118118700102,182,2275
77,77,7,coordinated,Coordinated,-5.27497734395764,-106.791612512543,-786.343244021371,174,2109
77,77,7,delayed_coordination,Delayed Coordination,-2.42430065548768,-130.170273206931,-852.27842487832,186,2251
78,78,3,baseline,Baseline,0,0,0,0,0
78,78,3,early_mover,Early Mover,-12.658806744806,-95.0664299298402,-543.259670028932,126,1596
78,78,3,sequential,Sequential,-14.6425315925132,-88.2959598638563,-575.391049212206,112,1555
78,78,3,coordinated,Coordinated,-14.846183600027,-95.3962817728936,-560.259312958147,100,1558
78,78,3,delayed_coordination,Delayed Coordination,-17.5871460457099,-86.3982091048625,-544.845045291611,97,1475
78,78,5,baseline,Baseline,0,0,0,0,0
78,78,5,early_mover,Early Mover,-11.993848921701,-94.4223996985854,-553.496577705444,101,1580
78,78,5,sequential,Sequential,-13.1229558782577,-111.285370723013,-616.091082440532,119,1618
78,78,5,coordinated,Coordinated,-14.8495703858762,-100.16080472108,-556.607637642795,99,1540
78,78,5,delayed_coordination,Delayed Coordination,-15.0032150047281,-104.189228555292,-571.19164149407,115,1576
78,78,7,baseline,Baseline,0,0,0,0,0
78,78,7,early_mover,Early Mover,-10.8254779223119,-91.1820747427878,-666.027758076885,126,1662
78,78,7,sequential,Sequential,-10.9333483204733,-118.180718393142,-722.710400750121,146,1708
78,78,7,coordinated,Coordinated,-13.8019364062406,-93.377668031074,-592.118213232961,114,1598
78,78,7,delayed_coordination,Delayed Coordination,-12.4611115213354,-111.487397802257,-693.602951854979,125,1737
79,79,3,baseline,Baseline,0,0,0,0,0
79,79,3,early_mover,Early Mover,-4.91593356829141,-106.174939904318,-719.7724236992,113,1783
79,79,3,sequential,Sequential,-8.21399236949182,-108.567096736118,-772.323845672312,82,1675
79,79,3,coordinated,Coordinated,-7.75728310878274,-117.016846243359,-796.194276835219,134,1730
79,79,3,delayed_coordination,Delayed Coordination,-7.34932311494589,-108.412143769997,-768.501463405632,109,1774
79,79,5,baseline,Baseline,0,0,0,0,0
79,79,5,early_mover,Early Mover,0.0484798405522042,-125.848363899707,-856.318944757344,158,2245
79,79,5,sequential,Sequential,-4.08083376090727,-137.873629941335,-886.205455695015,166,2095
79,79,5,coordinated,Coordinated,-10.6950291878069,-119.730228988444,-755.231597019652,136,1596
79,79,5,delayed_coordination,Delayed Coordination,-2.63887086016445,-136.553919101034,-901.16563942086,162,2239
79,79,7,baseline,Baseline,0,0,0,0,0
79,79,7,early_mover,Early Mover,-0.420917371239739,-123.574844386909,-846.491257174654,161,2103
79,79,7,sequential,Sequential,-6.81571930725205,-113.31569052447,-762.580709244372,132,1831
79,79,7,coordinated,Coordinated,-7.08853838245773,-117.782361414851,-782.3697045561,146,1780
79,79,7,delayed_coordination,Delayed Coordination,-3.3764721821471,-125.385480961784,-872.468607611006,166,2103
80,80,3,baseline,Baseline,0,0,0,0,0
80,80,3,early_mover,Early Mover,2.06015040399775,-144.39068765208,-870.327541809847,170,2418
80,80,3,sequential,Sequential,0.789920850277426,-151.237558378302,-903.47353094147,185,2500
80,80,3,coordinated,Coordinated,-2.75889469554012,-126.549943247593,-856.408157360952,162,2511
80,80,3,delayed_coordination,Delayed Coordination,-1.33898952570566,-146.531246784052,-929.126622106509,183,2478
80,80,5,baseline,Baseline,0,0,0,0,0
80,80,5,early_mover,Early Mover,0.932613285535993,-150.463309141887,-827.461970571968,158,2382
80,80,5,sequential,Sequential,1.87165396362916,-164.515369979918,-952.585321727806,193,2412
80,80,5,coordinated,Coordinated,-4.11352592764058,-135.345578204701,-847.526183252939,189,2270
80,80,5,delayed_coordination,Delayed Coordination,1.33554422879199,-157.30311172949,-913.816472505539,185,2569
80,80,7,baseline,Baseline,0,0,0,0,0
80,80,7,early_mover,Early Mover,5.88649866798961,-166.20871714743,-902.945007509706,179,2485
80,80,7,sequential,Sequential,0.421460193365149,-159.11405136554,-905.272366013726,201,2431
80,80,7,coordinated,Coordinated,-6.46079776180964,-128.607409630821,-804.998159429356,174,2234
80,80,7,delayed_coordination,Delayed Coordination,4.59377712833573,-169.894085328482,-959.756468686583,198,2605
81,81,3,baseline,Baseline,0,0,0,0,0
81,81,3,early_mover,Early Mover,-0.471002785976964,-113.840253307437,-823.070720345556,160,2262
81,81,3,sequential,Sequential,-5.49574940374468,-115.607767260003,-856.584895786121,143,2137
81,81,3,coordinated,Coordinated,-7.88583091129725,-125.193486462794,-806.547552564654,146,1936
81,81,3,delayed_coordination,Delayed Coordination,-3.45027344019148,-120.772337901482,-901.722532284857,170,2284
81,81,5,baseline,Baseline,0,0,0,0,0
81,81,5,early_mover,Early Mover,-2.43024186784099,-117.659015257608,-817.867015646447,170,2328
81,81,5,sequential,Sequential,-1.01937575497364,-142.422347815528,-961.206368572976,195,2387
81,81,5,coordinated,Coordinated,-4.42833425624289,-119.895999784307,-826.395951329116,183,2244
81,81,5,delayed_coordination,Delayed Coordination,-3.68569422989954,-137.426789037572,-910.632979493425,184,2386
81,81,7,baseline,Baseline,0,0,0,0,0
81,81,7,early_mover,Early Mover,1.72199379653675,-127.554205175332,-880.396711887051,190,2466
81,81,7,sequential,Sequential,0.76820756401456,-134.326961709347,-972.166278923323,195,2422
81,81,7,coordinated,Coordinated,-5.23459101419168,-120.033973102513,-809.754105087655,183,2237
81,81,7,delayed_coordination,Delayed Coordination,0.551783443361501,-136.536657490225,-930.150871842845,207,2354
82,82,3,baseline,Baseline,0,0,0,0,0
82,82,3,early_mover,Early Mover,-7.191899500472,-111.1770145091,-738.705771595228,138,1968
82,82,3,sequential,Sequential,-11.2528363040012,-105.948978618773,-716.491758089996,115,1807
82,82,3,coordinated,Coordinated,-11.7191701591666,-82.2509668609754,-664.19962848881,87,1644
82,82,3,delayed_coordination,Delayed Coordination,-10.2078676560168,-115.644331775873,-759.958083360768,133,1965
82,82,5,baseline,Baseline,0,0,0,0,0
82,82,5,early_mover,Early Mover,0.485994140903088,-115.617963320116,-838.292620834108,155,2252
82,82,5,sequential,Sequential,-5.65945340407164,-118.89467542498,-827.794530935708,152,2056
82,82,5,coordinated,Coordinated,-8.51721840387846,-105.821004926924,-780.458024210046,151,2010
82,82,5,delayed_coordination,Delayed Coordination,-3.97500055517064,-126.234061483243,-871.041042690323,169,2279
82,82,7,baseline,Baseline,0,0,0,0,0
82,82,7,early_mover,Early Mover,-4.15034001470208,-107.975908962481,-779.886612595113,155,2128
82,82,7,sequential,Sequential,-4.62612947015593,-119.808918321427,-835.005570322414,173,2143
82,82,7,coordinated,Coordinated,-7.525299829362,-120.688634128136,-785.762494843254,156,2064
82,82,7,delayed_coordination,Delayed Coordination,-5.06076044089811,-119.416491921843,-853.550283308209,172,2222
83,83,3,baseline,Baseline,0,0,0,0,0
83,83,3,early_mover,Early Mover,-4.41309545071486,-97.2077943493225,-698.06867237878,132,2086
83,83,3,sequential,Sequential,-4.90386157524775,-121.73605181888,-793.903590100077,148,2115
83,83,3,coordinated,Coordinated,-9.30626057180849,-110.73151096624,-634.511467900745,112,1731
83,83,3,delayed_coordination,Delayed Coordination,-4.94659871014015,-122.696355151482,-787.323940562816,122,2081
83,83,5,baseline,Baseline,0,0,0,0,0
83,83,5,early_mover,Early Mover,-3.46496654126227,-95.8335928870519,-745.57574077776,143,2133
83,83,5,sequential,Sequential,-7.87568006336204,-112.787745856954,-766.849361443707,125,1904
83,83,5,coordinated,Coordinated,-6.31167770408524,-117.272779072572,-689.536425541352,124,1841
83,83,5,delayed_coordination,Delayed Coordination,-4.74326460750139,-115.997152428258,-824.64242119974,123,2028
83,83,7,baseline,Baseline,0,0,0,0,0
83,83,7,early_mover,Early Mover,-2.2460023056923,-100.405592340828,-759.720863665698,151,2043
83,83,7,sequential,Sequential,-0.959113370878924,-136.176386921226,-868.181995874478,173,2184
83,83,7,coordinated,Coordinated,-7.32343479930825,-124.696284804062,-686.560932961064,130,1834
83,83,7,delayed_coordination,Delayed Coordination,-2.7016466512794,-125.093741384662,-856.469644911402,157,2156
84,84,3,baseline,Baseline,0,0,0,0,0
84,84,3,early_mover,Early Mover,-7.16732659859281,-68.2636035116886,-573.369957174427,127,1755
84,84,3,sequential,Sequential,-3.35561891027236,-142.897472024555,-797.351331669759,151,1927
84,84,3,coordinated,Coordinated,-2.18412802104879,-144.641798599432,-773.825255363238,165,2234
84,84,3,delayed_coordination,Delayed Coordination,-4.92425216260884,-135.437608197409,-793.980019016519,163,1946
84,84,5,baseline,Baseline,0,0,0,0,0
84,84,5,early_mover,Early Mover,-5.16326998957497,-68.5293074283912,-626.557637087575,131,1792
84,84,5,sequential,Sequential,-2.19379290606176,-133.890745259225,-850.759517644298,176,2013
84,84,5,coordinated,Coordinated,-3.1296286972792,-150.234986608031,-768.437612685231,168,2269
84,84,5,delayed_coordination,Delayed Coordination,-1.50563305160833,-148.135505537128,-853.315287925664,166,2065
84,84,7,baseline,Baseline,0,0,0,0,0
84,84,7,early_mover,Early Mover,-7.05782026967846,-68.5522337538793,-606.148088757824,133,1792
84,84,7,sequential,Sequential,-4.71927508337308,-126.849391698604,-764.260578757808,160,1926
84,84,7,coordinated,Coordinated,-5.2063594033784,-152.356664983535,-761.303677551591,167,2140
84,84,7,delayed_coordination,Delayed Coordination,-2.78866501902837,-144.078173693643,-843.889356620592,176,2103
85,85,3,baseline,Baseline,0,0,0,0,0
85,85,3,early_mover,Early Mover,-11.3060521706497,-83.8502325995711,-522.896649306369,88,1307
85,85,3,sequential,Sequential,-14.9304162854333,-81.8700776806742,-543.53777639997,82,1194
85,85,3,coordinated,Coordinated,-11.852318359984,-75.010203576166,-568.219600642321,105,1579
85,85,3,delayed_coordination,Delayed Coordination,-15.4661281647045,-82.578911191103,-536.06056918006,68,1196
85,85,5,baseline,Baseline,0,0,0,0,0
85,85,5,early_mover,Early Mover,-8.3274408418433,-94.0661220900839,-633.049927124702,131,1738
85,85,5,sequential,Sequential,-13.3140592017929,-95.3233935250859,-641.3102850015,91,1515
85,85,5,coordinated,Coordinated,-11.2286111906212,-89.9959304162127,-649.458745926838,105,1674
85,85,5,delayed_coordination,Delayed Coordination,-11.5257679695626,-98.0567378824708,-666.226751283926,116,1661
85,85,7,baseline,Baseline,0,0,0,0,0
85,85,7,early_mover,Early Mover,-5.68134762455972,-87.0942362989254,-661.000293204661,126,1825
85,85,7,sequential,Sequential,-11.1937988940436,-90.4724748473359,-658.466217591001,125,1578
85,85,7,coordinated,Coordinated,-16.0603909221498,-73.539023453562,-480.973346614015,104,1182
85,85,7,delayed_coordination,Delayed Coordination,-7.72277016165627,-90.0118553964301,-703.66739041551,121,1851
86,86,3,baseline,Baseline,0,0,0,0,0
86,86,3,early_mover,Early Mover,-2.85787773392845,-91.3818912902715,-740.437390441956,164,2171
86,86,3,sequential,Sequential,-8.60375230632948,-103.849236337599,-742.499644825785,140,1960
86,86,3,coordinated,Coordinated,-8.64560962965265,-118.210990090108,-765.547106670548,147,1997
86,86,3,delayed_coordination,Delayed Coordination,-6.61496033806799,-108.244128169264,-780.887261954677,133,1993
86,86,5,baseline,Baseline,0,0,0,0,0
86,86,5,early_mover,Early Mover,-3.98064952276835,-125.82357797398,-780.07191255333,170,2040
86,86,5,sequential,Sequential,-10.111113486548,-106.581404892998,-762.540092557325,151,1939
86,86,5,coordinated,Coordinated,-11.5354021246188,-96.1453445868748,-696.688967366379,126,1870
86,86,5,delayed_coordination,Delayed Coordination,-7.17626878421537,-134.302608052881,-822.525342284768,166,2050
86,86,7,baseline,Baseline,0,0,0,0,0
86,86,7,early_mover,Early Mover,-6.7296892539315,-119.446609149285,-748.794488200612,158,2095
86,86,7,sequential,Sequential,-10.1258826864109,-103.925235247995,-739.759582085002,157,2008
86,86,7,coordinated,Coordinated,-12.599372490098,-89.1802087047571,-660.113012846759,128,1803
86,86,7,delayed_coordination,Delayed Coordination,-10.7834442959626,-133.434821113411,-815.951337440352,162,2103
87,87,3,baseline,Baseline,0,0,0,0,0
87,87,3,early_mover,Early Mover,-4.78888936913658,-117.430370701484,-704.505926720204,142,1929
87,87,3,sequential,Sequential,-7.18627358692105,-109.835595460577,-736.848280291636,138,1946
87,87,3,coordinated,Coordinated,-8.04023940373577,-90.0369923118204,-635.78057645008,128,1800
87,87,3,delayed_coordination,Delayed Coordination,-4.72895053752744,-147.587591512183,-848.510890556794,165,1977
87,87,5,baseline,Baseline,0,0,0,0,0
87,87,5,early_mover,Early Mover,-4.93427989989145,-109.601848533837,-637.419553690859,139,1844
87,87,5,sequential,Sequential,-2.96700417138528,-136.509042138611,-829.015403939454,173,2077
87,87,5,coordinated,Coordinated,-2.3345580356616,-148.56769774246,-855.59326615138,178,2329
87,87,5,delayed_coordination,Delayed Coordination,-5.35569177452243,-123.202715677651,-791.220241928023,170,1998
87,87,7,baseline,Baseline,0,0,0,0,0
87,87,7,early_mover,Early Mover,-3.87976084609343,-107.989489726048,-676.642967662487,129,1992
87,87,7,sequential,Sequential,-2.92845220427368,-131.839264016534,-842.640828771614,176,2218
87,87,7,coordinated,Coordinated,-6.19305249593073,-112.229332697334,-726.91306832079,134,2011
87,87,7,delayed_coordination,Delayed Coordination,-5.67319425087527,-108.442953017175,-700.234179517823,135,1962
88,88,3,baseline,Baseline,0,0,0,0,0
88,88,3,early_mover,Early Mover,-3.39105983354712,-96.2301802104501,-705.538309733033,151,1983
88,88,3,sequential,Sequential,-9.62926255093116,-104.367564160327,-659.953218757276,116,1657
88,88,3,coordinated,Coordinated,-8.29764944068478,-94.0602296562638,-659.779259095319,146,1952
88,88,3,delayed_coordination,Delayed Coordination,-8.32563652521274,-102.870014909885,-759.583288366437,144,1984
88,88,5,baseline,Baseline,0,0,0,0,0
88,88,5,early_mover,Early Mover,-9.32726630382409,-91.4089270234014,-559.474815988865,107,1488
88,88,5,sequential,Sequential,-9.37522326888956,-98.8492887102781,-661.189117904599,135,1668
88,88,5,coordinated,Coordinated,-9.91390603490342,-105.032328071663,-635.0483870033,129,1738
88,88,5,delayed_coordination,Delayed Coordination,-11.5973604495874,-99.0752404983808,-611.475169475734,111,1492
88,88,7,baseline,Baseline,0,0,0,0,0
88,88,7,early_mover,Early Mover,-8.64208590438795,-95.8601854585717,-541.342542005356,102,1515
88,88,7,sequential,Sequential,-10.3505985527349,-106.479521882123,-631.545205856357,123,1543
88,88,7,coordinated,Coordinated,-3.5584830786562,-103.993070496438,-762.675204222203,170,1925
88,88,7,delayed_coordination,Delayed Coordination,-9.70367587549541,-99.2813678239139,-641.969611649518,120,1524
89,89,3,baseline,Baseline,0,0,0,0,0
89,89,3,early_mover,Early Mover,-9.93833517194001,-75.3105965496405,-593.482647817869,111,1701
89,89,3,sequential,Sequential,-13.9371189088243,-89.6447032082393,-634.939001010635,93,1597
89,89,3,coordinated,Coordinated,-11.8433326846426,-88.6618642717713,-629.590144561201,97,1721
89,89,3,delayed_coordination,Delayed Coordination,-12.146524368287,-85.4866001837236,-621.642633545727,114,1618
89,89,5,baseline,Baseline,0,0,0,0,0
89,89,5,early_mover,Early Mover,-8.44496749712317,-83.507420761137,-639.840938404107,130,1716
89,89,5,sequential,Sequential,-14.9195147088281,-86.2668009414855,-599.38687910581,129,1582
89,89,5,coordinated,Coordinated,-7.57154949397243,-106.523890183667,-755.775965689646,148,2132
89,89,5,delayed_coordination,Delayed Coordination,-10.2739299602426,-96.6400379466693,-727.276658753048,137,1831
89,89,7,baseline,Baseline,0,0,0,0,0
89,89,7,early_mover,Early Mover,-6.57968793893023,-88.8252196925525,-664.748881000963,150,1856
89,89,7,sequential,Sequential,-9.33945058974946,-98.6279432000963,-736.679512950653,136,1763
89,89,7,coordinated,Coordinated,-7.78143482068053,-99.9195676523625,-738.037073028683,147,2031
89,89,7,delayed_coordination,Delayed Coordination,-12.1732317163357,-99.095189432077,-710.424700227663,144,1751
90,90,3,baseline,Baseline,0,0,0,0,0
90,90,3,early_mover,Early Mover,1.6175628110136,-122.955085668904,-886.478446876362,157,2258
90,90,3,sequential,Sequential,-4.61321401703452,-137.099102863081,-910.45950563705,172,2171
90,90,3,coordinated,Coordinated,-6.37149648524301,-116.118419660018,-844.270160198747,155,2063
90,90,3,delayed_coordination,Delayed Coordination,-4.12040939748823,-146.393410115389,-918.851687695662,156,2212
90,90,5,baseline,Baseline,0,0,0,0,0
90,90,5,early_mover,Early Mover,-0.911275789624099,-123.52223788407,-863.313384672427,161,2166
90,90,5,sequential,Sequential,-5.66991577880337,-127.50732435985,-853.831458522072,155,1972
90,90,5,coordinated,Coordinated,-7.95823962139903,-114.336852291031,-819.257278335229,146,1992
90,90,5,delayed_coordination,Delayed Coordination,-3.79186857380763,-132.921879453302,-899.586158581905,159,2137
90,90,7,baseline,Baseline,0,0,0,0,0
90,90,7,early_mover,Early Mover,0.303604791489064,-117.332634210362,-847.215492996442,165,2175
90,90,7,sequential,Sequential,-3.25886039721979,-144.075050530668,-919.466997154183,177,2148
90,90,7,coordinated,Coordinated,-6.52480445032037,-124.897768260565,-840.934835152026,139,1916
90,90,7,delayed_coordination,Delayed Coordination,-2.34731445835314,-138.339328239466,-920.886027616795,161,2073
91,91,3,baseline,Baseline,0,0,0,0,0
91,91,3,early_mover,Early Mover,2.85459296943517,-104.463628497521,-798.932844127401,159,2460
91,91,3,sequential,Sequential,1.35119493189391,-116.438111446639,-863.153559966132,165,2484
91,91,3,coordinated,Coordinated,-4.06496758234883,-105.185200364403,-773.113022240457,145,2082
91,91,3,delayed_coordination,Delayed Coordination,0.951775875879321,-110.713671977846,-859.392085047777,161,2423
91,91,5,baseline,Baseline,0,0,0,0,0
91,91,5,early_mover,Early Mover,2.26714273402095,-97.9887197572452,-800.592885554761,145,2299
91,91,5,sequential,Sequential,-2.07902184723477,-102.043996148053,-819.15079209835,150,2212
91,91,5,coordinated,Coordinated,3.55035516162773,-122.566399324748,-920.769863538369,175,2600
91,91,5,delayed_coordination,Delayed Coordination,-1.66531309916992,-99.3124722380127,-818.169673882235,139,2182
91,91,7,baseline,Baseline,0,0,0,0,0
91,91,7,early_mover,Early Mover,4.79375024195494,-107.321975076116,-855.279884497685,156,2549
91,91,7,sequential,Sequential,2.47362982122905,-109.529127533348,-923.560975842621,183,2568
91,91,7,coordinated,Coordinated,0.112551581690326,-114.059247628343,-863.634459131334,146,2180
91,91,7,delayed_coordination,Delayed Coordination,2.26659343703925,-105.283088615257,-899.856627459453,172,2553
92,92,3,baseline,Baseline,0,0,0,0,0
92,92,3,early_mover,Early Mover,-4.42253195897921,-117.623974967457,-689.371394036508,136,1940
92,92,3,sequential,Sequential,-6.50202599761978,-121.957592738487,-734.523101587245,111,1674
92,92,3,coordinated,Coordinated,-14.5801020075468,-94.7361823088424,-567.971868827726,115,1333
92,92,3,delayed_coordination,Delayed Coordination,-4.81320657010393,-133.99734618162,-777.391598575648,143,1872
92,92,5,baseline,Baseline,0,0,0,0,0
92,92,5,early_mover,Early Mover,-4.9155539661288,-108.312575430369,-631.068389310614,128,1787
92,92,5,sequential,Sequential,-7.59422997343924,-116.498086022886,-678.879483463083,137,1824
92,92,5,coordinated,Coordinated,-11.3497694799861,-102.708498408853,-646.479890043872,127,1726
92,92,5,delayed_coordination,Delayed Coordination,-6.46266059704932,-119.907206795348,-694.235332564113,124,1877
92,92,7,baseline,Baseline,0,0,0,0,0
92,92,7,early_mover,Early Mover,-9.54296767011215,-96.9604618947402,-576.548007744517,123,1606
92,92,7,sequential,Sequential,-11.6293949081603,-110.829601149965,-638.803438030187,124,1587
92,92,7,coordinated,Coordinated,-14.2966787258348,-103.786411933546,-542.93875780617,112,1395
92,92,7,delayed_coordination,Delayed Coordination,-12.2451678466806,-102.307614014826,-605.865786673603,109,1592
93,93,3,baseline,Baseline,0,0,0,0,0
93,93,3,early_mover,Early Mover,2.3434184420983,-131.031429457374,-865.790642869323,168,2506
93,93,3,sequential,Sequential,2.4871529146519,-140.632668687555,-939.336120143257,175,2545
93,93,3,coordinated,Coordinated,-4.5573691107184,-116.452839357613,-819.30078982891,168,2192
93,93,3,delayed_coordination,Delayed Coordination,2.19361735039048,-136.119824502435,-935.525611029884,166,2458
93,93,5,baseline,Baseline,0,0,0,0,0
93,93,5,early_mover,Early Mover,-1.33100182175365,-121.190164533746,-763.086062903986,161,2233
93,93,5,sequential,Sequential,-5.65602209204739,-121.987830592564,-787.012691338111,137,2018
93,93,5,coordinated,Coordinated,-7.40011138662349,-104.320825967672,-709.391417515895,144,1883
93,93,5,delayed_coordination,Delayed Coordination,-2.61632641027573,-133.340445900948,-829.060859522846,171,2232
93,93,7,baseline,Baseline,0,0,0,0,0
93,93,7,early_mover,Early Mover,1.24926907775352,-133.471372805574,-848.651492129337,168,2446
93,93,7,sequential,Sequential,1.35668996430583,-146.349520004096,-934.193531781897,196,2454
93,93,7,coordinated,Coordinated,-4.78265619604591,-107.730229211777,-741.22071789287,139,2059
93,93,7,delayed_coordination,Delayed Coordination,2.06652214891666,-148.391142715726,-940.34311337639,184,2436
94,94,3,baseline,Baseline,0,0,0,0,0
94,94,3,early_mover,Early Mover,-0.638510950270216,-85.0616815870816,-706.117541023165,148,2029
94,94,3,sequential,Sequential,-3.57766999279504,-90.4033638708296,-731.519814165973,151,2053
94,94,3,coordinated,Coordinated,-2.53521529488062,-104.955305151548,-772.515587804064,156,2410
94,94,3,delayed_coordination,Delayed Coordination,-5.69924491639884,-89.1106733348071,-731.254892108672,150,2038
94,94,5,baseline,Baseline,0,0,0,0,0
94,94,5,early_mover,Early Mover,2.09444815919045,-117.91864522484,-807.471699742868,165,2412
94,94,5,sequential,Sequential,-1.90379107763133,-123.354156165043,-805.812648696193,168,2415
94,94,5,coordinated,Coordinated,0.406567330959433,-121.529710139453,-830.628818192081,171,2474
94,94,5,delayed_coordination,Delayed Coordination,-0.717339328450606,-120.098142056933,-838.306262626998,170,2467
94,94,7,baseline,Baseline,0,0,0,0,0
94,94,7,early_mover,Early Mover,3.52604900209775,-114.959538990708,-806.758636334954,162,2477
94,94,7,sequential,Sequential,-0.59102284165391,-124.651996843113,-849.016109319692,190,2484
94,94,7,coordinated,Coordinated,1.15239999325618,-119.724090738154,-823.477974695338,169,2513
94,94,7,delayed_coordination,Delayed Coordination,-1.1965139477217,-120.714681222719,-819.066413567189,181,2496
95,95,3,baseline,Baseline,0,0,0,0,0
95,95,3,early_mover,Early Mover,1.85734274569046,-128.117181533006,-848.663043598537,164,2404
95,95,3,sequential,Sequential,-1.00437769492987,-132.49722568236,-906.495261032504,183,2503
95,95,3,coordinated,Coordinated,-2.44133193897045,-120.99603608768,-809.389777773771,173,2344
95,95,3,delayed_coordination,Delayed Coordination,-3.44986067762083,-136.109325782875,-858.072170525661,180,2429
95,95,5,baseline,Baseline,0,0,0,0,0
95,95,5,early_mover,Early Mover,0.599948979187204,-129.334497379822,-865.265330574498,180,2420
95,95,5,sequential,Sequential,-0.916618211556369,-134.539287248691,-916.431505514776,177,2450
95,95,5,coordinated,Coordinated,-6.86161106823322,-123.073658516798,-780.207428839281,133,2157
95,95,5,delayed_coordination,Delayed Coordination,2.36268100499119,-141.918393001978,-949.160033389029,200,2625
95,95,7,baseline,Baseline,0,0,0,0,0
95,95,7,early_mover,Early Mover,1.92875257612241,-126.2486521459,-850.627636047579,166,2409
95,95,7,sequential,Sequential,-1.7568769802908,-132.638659574192,-889.246840759562,179,2331
95,95,7,coordinated,Coordinated,-4.34399332286772,-137.150147864815,-830.110710604257,180,2250
95,95,7,delayed_coordination,Delayed Coordination,-1.48769641698073,-125.778959750948,-893.696803001507,180,2367
96,96,3,baseline,Baseline,0,0,0,0,0
96,96,3,early_mover,Early Mover,2.34858427021216,-98.6112633144654,-771.960588808792,146,2168
96,96,3,sequential,Sequential,-3.32239499955982,-93.0030116379032,-730.702181193932,164,2070
96,96,3,coordinated,Coordinated,-8.37918720604644,-71.3873002128828,-590.970231141951,121,1783
96,96,3,delayed_coordination,Delayed Coordination,-3.47577902562305,-91.4602388457731,-761.113409183521,145,2135
96,96,5,baseline,Baseline,0,0,0,0,0
96,96,5,early_mover,Early Mover,-1.83340913334651,-76.3230036579311,-687.542872718545,134,1953
96,96,5,sequential,Sequential,-2.76703628103682,-80.711221529177,-739.330207786726,133,1975
96,96,5,coordinated,Coordinated,-4.23663099961458,-86.9284607007377,-713.129016133391,132,2006
96,96,5,delayed_coordination,Delayed Coordination,-4.18072515210245,-99.4898432596166,-767.605786689299,140,1949
96,96,7,baseline,Baseline,0,0,0,0,0
96,96,7,early_mover,Early Mover,0.417572633343809,-94.9967689074116,-753.164586101118,160,2039
96,96,7,sequential,Sequential,-4.34881332962739,-88.0500374398468,-730.641619876336,162,2051
96,96,7,coordinated,Coordinated,-3.64694228643432,-107.06323100917,-738.008971921088,154,2047
96,96,7,delayed_coordination,Delayed Coordination,-1.77690318843966,-89.9690502560983,-752.99947854457,159,2048
97,97,3,baseline,Baseline,0,0,0,0,0
97,97,3,early_mover,Early Mover,-0.333705520961615,-125.179500013533,-828.451634669054,156,2047
97,97,3,sequential,Sequential,-7.80920412311698,-129.397292951741,-824.455306203289,149,1829
97,97,3,coordinated,Coordinated,-16.1612248922271,-99.0514544132782,-693.715528248372,81,1056
97,97,3,delayed_coordination,Delayed Coordination,-5.28062264849106,-139.746089480591,-864.807691181587,138,1872
97,97,5,baseline,Baseline,0,0,0,0,0
97,97,5,early_mover,Early Mover,-1.10583842122024,-130.255641511808,-831.158307059442,161,1985
97,97,5,sequential,Sequential,-6.1740970376687,-135.415424422611,-872.254804647338,154,1904
97,97,5,coordinated,Coordinated,-12.9627685264025,-90.11803952671,-755.878162204102,122,1547
97,97,5,delayed_coordination,Delayed Coordination,-5.30363059573324,-135.043445322069,-876.580369598234,146,1809
97,97,7,baseline,Baseline,0,0,0,0,0
97,97,7,early_mover,Early Mover,-3.41000623831754,-123.891461935413,-795.279544543649,155,2082
97,97,7,sequential,Sequential,-6.92835861314546,-133.493276116165,-854.08558843944,157,1966
97,97,7,coordinated,Coordinated,-8.75879081512505,-116.957831419902,-814.549403938734,136,1671
97,97,7,delayed_coordination,Delayed Coordination,-7.34155392161932,-136.064445876865,-838.322325449388,143,1928
98,98,3,baseline,Baseline,0,0,0,0,0
98,98,3,early_mover,Early Mover,-1.60854350054021,-112.416455698222,-760.908398424721,138,2085
98,98,3,sequential,Sequential,-5.79865651066511,-129.816460183861,-751.275190302198,162,1927
98,98,3,coordinated,Coordinated,-7.83157132783093,-110.933583526684,-675.424562393304,131,1873
98,98,3,delayed_coordination,Delayed Coordination,-3.31013124173357,-131.020937769009,-809.929104850639,143,2033
98,98,5,baseline,Baseline,0,0,0,0,0
98,98,5,early_mover,Early Mover,-5.6248360622959,-79.9498140625462,-682.046499865959,135,1813
98,98,5,sequential,Sequential,-6.79808024328909,-109.347494066776,-716.001765646118,155,1821
98,98,5,coordinated,Coordinated,-7.02358502372543,-115.929173307169,-762.181911171851,156,2069
98,98,5,delayed_coordination,Delayed Coordination,-5.89109801951076,-119.824926616801,-747.295586734801,149,1896
98,98,7,baseline,Baseline,0,0,0,0,0
98,98,7,early_mover,Early Mover,-3.55701894060641,-127.949186656713,-753.959779854735,148,1994
98,98,7,sequential,Sequential,-1.94930813943263,-129.514337491696,-818.56330996033,176,2112
98,98,7,coordinated,Coordinated,-8.48743007261828,-105.449549787508,-644.405782600161,132,1792
98,98,7,delayed_coordination,Delayed Coordination,-2.78429597544817,-120.233865247253,-805.268167554407,174,1962
99,99,3,baseline,Baseline,0,0,0,0,0
99,99,3,early_mover,Early Mover,3.08483060592155,-144.321267752965,-902.210335677372,184,2577
99,99,3,sequential,Sequential,3.04081696271895,-148.165303925906,-1017.67796848086,201,2652
99,99,3,coordinated,Coordinated,-3.10101326475674,-140.435677619925,-915.312322989839,169,2507
99,99,3,delayed_coordination,Delayed Coordination,5.00346147855464,-151.172277013841,-1063.67893314876,204,2739
99,99,5,baseline,Baseline,0,0,0,0,0
99,99,5,early_mover,Early Mover,2.09940559522521,-137.552150525629,-928.210506711753,174,2498
99,99,5,sequential,Sequential,1.6216182368633,-144.339983956106,-993.891344649561,182,2413
99,99,5,coordinated,Coordinated,-0.0703933750874626,-129.204107849945,-906.51603269197,178,2512
99,99,5,delayed_coordination,Delayed Coordination,1.54847260704153,-145.810072498371,-1025.86351369674,202,2499
99,99,7,baseline,Baseline,0,0,0,0,0
99,99,7,early_mover,Early Mover,2.70889316991017,-144.783905719407,-927.348286770063,192,2475
99,99,7,sequential,Sequential,-0.642258024856744,-130.69694129075,-941.520125109945,189,2364
99,99,7,coordinated,Coordinated,2.63137246879836,-139.776875247888,-957.946142333937,181,2595
99,99,7,delayed_coordination,Delayed Coordination,2.205805002105,-145.352562365099,-994.009794319114,182,2477
100,100,3,baseline,Baseline,0,0,0,0,0
100,100,3,early_mover,Early Mover,-6.95812904452276,-112.368537831351,-658.878754261332,116,1736
100,100,3,sequential,Sequential,-11.1777813989003,-118.494020744297,-662.843944403549,105,1571
100,100,3,coordinated,Coordinated,-10.265832658399,-107.892515545043,-669.14112914006,116,1624
100,100,3,delayed_coordination,Delayed Coordination,-10.543106546641,-134.672235718159,-711.172491593486,123,1770
100,100,5,baseline,Baseline,0,0,0,0,0
100,100,5,early_mover,Early Mover,-3.19096116987123,-108.790989890405,-738.107135180735,146,2111
100,100,5,sequential,Sequential,-8.77788346036228,-112.366044505667,-739.988925818039,126,1851
100,100,5,coordinated,Coordinated,-10.3129580143973,-128.222072203861,-735.432398576964,130,1906
100,100,5,delayed_coordination,Delayed Coordination,-5.04595120314383,-135.824898447379,-821.862849377039,150,2063
100,100,7,baseline,Baseline,0,0,0,0,0
100,100,7,early_mover,Early Mover,-6.98115760535147,-108.765710120921,-698.025201511519,127,1669
100,100,7,sequential,Sequential,-10.5148035362941,-118.250908247669,-725.776980952414,142,1666
100,100,7,coordinated,Coordinated,-8.03313539696629,-109.348014245648,-749.261190237732,137,1949
100,100,7,delayed_coordination,Delayed Coordination,-8.51645294267368,-126.138874363535,-788.723893473129,159,1740
