replication,seed,recoveryHorizon,scenarioID,scenarioName,finalFitness,finalRisk,finalTrade,finalRecoveringLinks,totalSwitches,localSwitches,globalSwitches
1,1,3,baseline,Baseline,122.961905734854,390.474957302817,2646.51422844217,69,1468,560,908
1,1,3,early_mover,Early Mover,115.825327701735,313.255673104847,2045.63085785866,198,3221,994,2227
1,1,3,sequential,Sequential,108.400393829268,301.47318724106,2021.91725889231,199,3099,1011,2088
1,1,3,coordinated,Coordinated,120.941385625622,260.711413918247,1806.3527480393,246,3811,1061,2750
1,1,3,delayed_coordination,Delayed Coordination,117.375702266691,274.60494571982,1858.0412133411,225,3452,1051,2401
1,1,5,baseline,Baseline,123.409902094528,388.905688852563,2626.28447587375,77,1531,594,937
1,1,5,early_mover,Early Mover,122.312911826272,276.857362878702,1906.95515763826,223,3466,1063,2403
1,1,5,sequential,Sequential,123.149814504869,244.232515342964,1755.9857980025,245,3612,1112,2500
1,1,5,coordinated,Coordinated,117.270733718121,288.737803641952,1905.1838276424,207,3485,1102,2383
1,1,5,delayed_coordination,Delayed Coordination,122.572753333865,252.632127155263,1790.17362975759,243,3668,1117,2551
1,1,7,baseline,Baseline,124.490096637405,378.646101624597,2613.26075596566,77,1569,603,966
1,1,7,early_mover,Early Mover,122.596140671005,282.633090482313,1903.18320219916,212,3601,1068,2533
1,1,7,sequential,Sequential,119.42585990181,264.856128269897,1810.15353455176,238,3705,1095,2610
1,1,7,coordinated,Coordinated,121.740787942685,263.229949871586,1792.00310904792,242,3779,1172,2607
1,1,7,delayed_coordination,Delayed Coordination,121.959666162228,255.049576306458,1795.76962701342,234,3749,1109,2640
2,2,3,baseline,Baseline,122.554459857292,393.327051967435,2606.71782812793,83,1741,636,1105
2,2,3,early_mover,Early Mover,123.737206280983,257.043857732764,1717.13041870155,261,4369,1323,3046
2,2,3,sequential,Sequential,123.209578467381,243.278013597597,1635.0266027406,270,4374,1366,3008
2,2,3,coordinated,Coordinated,118.860272303838,250.952447986711,1723.02649281947,254,4200,1254,2946
2,2,3,delayed_coordination,Delayed Coordination,120.589105904296,250.876040879578,1688.46775657008,244,4316,1261,3055
2,2,5,baseline,Baseline,122.62599675657,393.21231572829,2604.53433086301,83,1741,638,1103
2,2,5,early_mover,Early Mover,124.70203551947,257.853408134083,1738.25049385161,261,4276,1226,3050
2,2,5,sequential,Sequential,121.897330502215,248.414320038528,1679.93733086594,280,4310,1297,3013
2,2,5,coordinated,Coordinated,121.671496601204,251.422633144648,1686.98449866941,254,4264,1174,3090
2,2,5,delayed_coordination,Delayed Coordination,121.585454017342,261.69632978306,1702.26697877439,265,4327,1270,3057
2,2,7,baseline,Baseline,122.473897312227,391.21258482683,2609.94265051708,87,1739,640,1099
2,2,7,early_mover,Early Mover,120.358669183001,263.931201796737,1809.73696203306,229,3829,1142,2687
2,2,7,sequential,Sequential,117.165499716949,256.052975237676,1762.03327962081,241,3780,1202,2578
2,2,7,coordinated,Coordinated,115.718782457051,261.56935082006,1833.62116425455,227,3771,1160,2611
2,2,7,delayed_coordination,Delayed Coordination,117.793537343666,264.872154020962,1753.85041461559,244,3843,1190,2653
3,3,3,baseline,Baseline,127.461435873473,412.242798966012,2587.38426070588,85,1664,623,1041
3,3,3,early_mover,Early Mover,126.53356915636,290.555168400764,1788.97208444709,239,3824,1214,2610
3,3,3,sequential,Sequential,122.94612751963,284.166959199364,1781.39886566155,231,3757,1161,2596
3,3,3,coordinated,Coordinated,120.399103018893,287.41959304494,1789.70944669628,241,3830,1226,2604
3,3,3,delayed_coordination,Delayed Coordination,126.522925211678,274.297497454234,1719.9928945532,242,3919,1218,2701
3,3,5,baseline,Baseline,127.376172453757,413.161971118621,2590.35879427508,82,1645,630,1015
3,3,5,early_mover,Early Mover,124.954933359321,296.37321999332,1833.18529342646,234,3773,1205,2568
3,3,5,sequential,Sequential,124.394326365786,277.430256894128,1754.00612631805,255,3835,1264,2571
3,3,5,coordinated,Coordinated,121.107439854344,292.677760004236,1773.24690828007,243,3877,1197,2680
3,3,5,delayed_coordination,Delayed Coordination,126.952231124834,277.039505705663,1685.19326665208,267,3979,1247,2732
3,3,7,baseline,Baseline,127.43586383547,419.582159083223,2600.37113731581,82,1644,634,1010
3,3,7,early_mover,Early Mover,124.993372340926,301.48521433177,1803.76984954465,247,3787,1234,2553
3,3,7,sequential,Sequential,123.136786956324,278.899043590615,1763.19903337969,252,3759,1261,2498
3,3,7,coordinated,Coordinated,123.395466054747,283.467864151142,1697.7378549135,272,3954,1214,2740
3,3,7,delayed_coordination,Delayed Coordination,125.693215359752,276.066621672659,1707.22394030882,259,3895,1287,2608
4,4,3,baseline,Baseline,122.121325927133,387.185614016628,2575.31668470452,95,1897,521,1376
4,4,3,early_mover,Early Mover,122.887955137587,278.279184738558,1723.15493861845,259,4236,1090,3146
4,4,3,sequential,Sequential,119.863042887113,278.741171823689,1689.24327340649,261,4138,1171,2967
4,4,3,coordinated,Coordinated,119.891369648633,271.944744988353,1668.35622319608,264,4185,1126,3059
4,4,3,delayed_coordination,Delayed Coordination,120.158848242699,274.607966179736,1676.94498712019,261,4212,1133,3079
4,4,5,baseline,Baseline,122.444222007046,388.222152444097,2567.15396998536,99,1891,525,1366
4,4,5,early_mover,Early Mover,125.078081098137,252.555685790038,1637.3771543941,268,4371,1062,3309
4,4,5,sequential,Sequential,121.494910688604,259.702654476614,1617.15460857784,280,4321,1131,3190
4,4,5,coordinated,Coordinated,117.437990668408,299.556569288894,1746.75276000042,253,4071,1131,2940
4,4,5,delayed_coordination,Delayed Coordination,122.440420067639,241.929156999902,1581.88206601595,285,4520,1160,3360
4,4,7,baseline,Baseline,123.129728402481,379.994725803806,2548.1022429561,98,1972,523,1449
4,4,7,early_mover,Early Mover,121.908535734637,264.882609635447,1719.39052191239,263,4112,1059,3053
4,4,7,sequential,Sequential,122.937627565787,243.36247023207,1572.21030813903,300,4349,1156,3193
4,4,7,coordinated,Coordinated,119.360065002931,282.0026943242,1693.12633189362,257,4105,1165,2940
4,4,7,delayed_coordination,Delayed Coordination,123.213704973206,243.727252501412,1578.48314280618,295,4203,1150,3053
5,5,3,baseline,Baseline,122.700640430597,375.746860423492,2508.76232330943,98,2124,464,1660
5,5,3,early_mover,Early Mover,121.231045028627,266.218892372214,1779.86720303687,242,4174,1127,3047
5,5,3,sequential,Sequential,118.486900502443,273.734835198952,1773.39448000259,229,4068,1146,2922
5,5,3,coordinated,Coordinated,110.39826598339,289.95037063504,1948.19068867433,190,3594,1102,2492
5,5,3,delayed_coordination,Delayed Coordination,118.484138752143,267.473660639966,1777.84378357115,238,4160,1173,2987
5,5,5,baseline,Baseline,122.999682145179,375.753072594,2500.85760980198,97,2156,480,1676
5,5,5,early_mover,Early Mover,118.895829097692,275.995270092931,1851.0569143788,227,3791,1078,2713
5,5,5,sequential,Sequential,112.559154489061,281.056372629668,1901.3216047123,218,3623,1114,2509
5,5,5,coordinated,Coordinated,110.70512797609,305.843030416939,1966.26207469496,174,3422,1063,2359
5,5,5,delayed_coordination,Delayed Coordination,113.833006391221,294.830909747808,1908.52551284766,203,3595,1094,2501
5,5,7,baseline,Baseline,122.872456559734,375.496976679706,2504.71940683623,108,2139,486,1653
5,5,7,early_mover,Early Mover,120.53170477993,273.701177913774,1849.67456543015,234,3958,1170,2788
5,5,7,sequential,Sequential,113.399390961568,279.325157935118,1891.74665349428,235,3777,1175,2602
5,5,7,coordinated,Coordinated,111.898867460174,296.910368285171,1918.23220062735,225,3656,1107,2549
5,5,7,delayed_coordination,Delayed Coordination,121.137458892774,259.022238299666,1774.80765967105,261,4023,1233,2790
6,6,3,baseline,Baseline,122.774118459212,357.638980542767,2505.19618870188,100,2013,654,1359
6,6,3,early_mover,Early Mover,109.970830047668,286.159849089785,2095.02968914752,162,2816,1000,1816
6,6,3,sequential,Sequential,104.005069084462,283.358603139977,2082.52299747535,158,2714,995,1719
6,6,3,coordinated,Coordinated,116.939421820661,256.036501860942,1819.18557069367,221,3902,1121,2781
6,6,3,delayed_coordination,Delayed Coordination,102.26913524193,289.855787699496,2125.10624888773,133,2627,975,1652
6,6,5,baseline,Baseline,121.975141289964,365.804511914658,2527.51690733263,96,1959,588,1371
6,6,5,early_mover,Early Mover,127.576854112926,254.933320135202,1672.51067823722,274,4362,1062,3300
6,6,5,sequential,Sequential,125.573045433173,248.224015472931,1651.62986315284,267,4351,1192,3159
6,6,5,coordinated,Coordinated,122.172575091648,257.18997343435,1678.96425575928,244,4238,1246,2992
6,6,5,delayed_coordination,Delayed Coordination,125.235227105998,247.560838443848,1662.12651273848,264,4293,1186,3107
6,6,7,baseline,Baseline,121.975852313877,365.803746775282,2527.50736136017,98,1959,589,1370
6,6,7,early_mover,Early Mover,124.975142327447,247.643856556545,1726.58490099725,253,4168,1138,3030
6,6,7,sequential,Sequential,121.108538953546,244.280501202352,1707.54115959245,248,4026,1237,2789
6,6,7,coordinated,Coordinated,120.298528958184,248.338025545226,1729.42910048729,233,4073,1201,2872
6,6,7,delayed_coordination,Delayed Coordination,123.85186866181,238.119859832344,1668.02535755757,257,4236,1216,3020
7,7,3,baseline,Baseline,126.780311126883,339.022517196061,2346.11114432493,126,2569,608,1961
7,7,3,early_mover,Early Mover,122.022207725014,233.479927651441,1661.396333645,252,4397,1119,3278
7,7,3,sequential,Sequential,119.085611815118,245.49628892979,1660.19907058449,257,4374,1145,3229
7,7,3,coordinated,Coordinated,114.774480724569,246.612887168035,1727.30318369413,249,4245,1106,3139
7,7,3,delayed_coordination,Delayed Coordination,117.840571540866,242.141140218708,1670.91323126289,242,4322,1150,3172
7,7,5,baseline,Baseline,126.285880825954,335.424054168838,2353.91426159706,123,2547,619,1928
7,7,5,early_mover,Early Mover,119.142988874797,258.462191299714,1726.10463400483,226,4078,1077,3001
7,7,5,sequential,Sequential,117.81399162947,252.208906749522,1678.80086512606,245,4218,1112,3106
7,7,5,coordinated,Coordinated,118.805611715615,238.468990244378,1639.1037261194,257,4416,1135,3281
7,7,5,delayed_coordination,Delayed Coordination,114.575273335396,259.938565703739,1719.0633709251,229,4101,1065,3036
7,7,7,baseline,Baseline,125.946913882329,334.85562242074,2358.83641285041,122,2536,611,1925
7,7,7,early_mover,Early Mover,122.636812867999,230.192780865774,1675.62039342551,273,4396,1120,3276
7,7,7,sequential,Sequential,122.050024179752,233.649787667428,1612.83882637747,273,4503,1192,3311
7,7,7,coordinated,Coordinated,117.456448529257,237.797126158203,1659.99130332769,267,4302,1080,3222
7,7,7,delayed_coordination,Delayed Coordination,123.46126624772,224.524313723443,1586.30236941548,282,4575,1173,3402
8,8,3,baseline,Baseline,124.215640065451,344.454809549673,2402.39893504079,114,2231,531,1700
8,8,3,early_mover,Early Mover,117.588193238866,232.243879453948,1702.44679339662,252,4146,1164,2982
8,8,3,sequential,Sequential,117.094738187677,231.766639717199,1627.08870980268,264,4270,1186,3084
8,8,3,coordinated,Coordinated,115.572905148955,231.557311521762,1659.06543040045,264,4333,1157,3176
8,8,3,delayed_coordination,Delayed Coordination,113.560386569037,234.64352459889,1715.17029919412,233,4088,1123,2965
8,8,5,baseline,Baseline,124.411283169884,344.552030241259,2373.25748789315,115,2261,551,1710
8,8,5,early_mover,Early Mover,121.304060658927,231.665043898074,1622.71959232611,271,4371,1149,3222
8,8,5,sequential,Sequential,115.499857908592,234.378745888268,1653.78500417996,261,4294,1171,3123
8,8,5,coordinated,Coordinated,115.767971592379,237.377304898262,1697.90192502208,248,4227,1173,3054
8,8,5,delayed_coordination,Delayed Coordination,117.883489259908,229.822180146449,1617.73904854042,264,4358,1172,3186
8,8,7,baseline,Baseline,123.912098832845,343.71362127841,2386.1546552413,118,2226,540,1686
8,8,7,early_mover,Early Mover,115.654657451934,239.913362691951,1759.397294473,238,3966,1080,2886
8,8,7,sequential,Sequential,116.747391532819,221.754667636879,1625.95932403416,246,4154,1156,2998
8,8,7,coordinated,Coordinated,115.124873641379,233.82027294098,1694.63183445491,260,4248,1150,3098
8,8,7,delayed_coordination,Delayed Coordination,112.229679911429,243.03109037351,1727.18680819622,248,4018,1107,2911
9,9,3,baseline,Baseline,125.56066073081,382.957334524122,2539.87031552171,110,2124,713,1411
9,9,3,early_mover,Early Mover,122.554585800131,269.131475599765,1765.22237820035,259,4205,1185,3020
9,9,3,sequential,Sequential,122.401811181146,252.15539615317,1669.91135227385,244,4320,1248,3072
9,9,3,coordinated,Coordinated,121.430268857542,254.823509326806,1700.14408703053,246,4132,1212,2920
9,9,3,delayed_coordination,Delayed Coordination,120.295810674987,251.426492791365,1701.72789458747,234,4193,1194,2999
9,9,5,baseline,Baseline,126.134336117382,382.651208075247,2533.70637661774,102,2140,723,1417
9,9,5,early_mover,Early Mover,120.957762088491,262.874877904633,1756.3419483951,267,4176,1204,2972
9,9,5,sequential,Sequential,116.781642670766,260.378744118661,1795.72899660208,264,4113,1321,2792
9,9,5,coordinated,Coordinated,119.173098364895,268.676482254043,1741.29442952014,244,4152,1265,2887
9,9,5,delayed_coordination,Delayed Coordination,118.844664856434,259.289461261696,1708.31321384727,259,4244,1257,2987
9,9,7,baseline,Baseline,126.660168701728,382.925572556688,2527.56261853055,113,2182,731,1451
9,9,7,early_mover,Early Mover,123.11807883778,280.713595648941,1775.18235117401,267,4196,1193,3003
9,9,7,sequential,Sequential,119.650662771673,266.69218690215,1723.50801911738,276,4200,1240,2960
9,9,7,coordinated,Coordinated,120.872677285562,249.405129301505,1709.42955106976,275,4150,1230,2920
9,9,7,delayed_coordination,Delayed Coordination,121.023831856554,271.790704362961,1692.62282867033,284,4175,1217,2958
10,10,3,baseline,Baseline,122.409608333101,374.337775684881,2552.41338540339,99,1862,567,1295
10,10,3,early_mover,Early Mover,121.828077058019,281.424603490644,1839.56744039918,246,4178,924,3254
10,10,3,sequential,Sequential,123.784950449055,263.777619205174,1681.350833272,264,4458,1051,3407
10,10,3,coordinated,Coordinated,123.398158794195,259.32511565674,1713.39769731428,271,4550,1099,3451
10,10,3,delayed_coordination,Delayed Coordination,123.300098724793,262.995514705667,1692.14346480349,286,4468,1081,3387
10,10,5,baseline,Baseline,121.12507650568,377.312450933345,2611.49638986085,87,1773,548,1225
10,10,5,early_mover,Early Mover,122.017903050189,269.116308479342,1830.55598704268,240,4265,977,3288
10,10,5,sequential,Sequential,121.872879253166,256.047833224991,1695.83250306106,269,4478,1031,3447
10,10,5,coordinated,Coordinated,121.812759230717,261.490199460016,1722.62174709098,273,4528,1120,3408
10,10,5,delayed_coordination,Delayed Coordination,122.184603967106,258.900664659112,1695.17254554805,274,4486,1092,3394
10,10,7,baseline,Baseline,121.039253333807,377.888917422411,2623.73110290308,88,1764,547,1217
10,10,7,early_mover,Early Mover,126.87165512466,258.894402533218,1734.92780631054,276,4373,922,3451
10,10,7,sequential,Sequential,126.347063074646,248.128286673443,1612.1154826402,284,4464,1079,3385
10,10,7,coordinated,Coordinated,121.661327262791,250.400045762779,1686.84857951524,274,4208,1122,3086
10,10,7,delayed_coordination,Delayed Coordination,126.020296775855,245.423133930322,1614.98390619936,288,4557,1063,3494
11,11,3,baseline,Baseline,122.345717474205,365.471497250491,2536.58143732381,102,1965,455,1510
11,11,3,early_mover,Early Mover,119.932212159479,265.734201009281,1867.7823370415,243,4013,866,3147
11,11,3,sequential,Sequential,120.462345475506,250.89455037978,1752.62543529878,268,4162,949,3213
11,11,3,coordinated,Coordinated,114.006355935089,268.135777561654,1900.8518202275,223,3845,898,2947
11,11,3,delayed_coordination,Delayed Coordination,116.071448159771,260.391394726262,1859.35927018165,234,4056,907,3149
11,11,5,baseline,Baseline,122.538837882093,365.505860819239,2526.48078579143,107,2006,467,1539
11,11,5,early_mover,Early Mover,118.958112789984,271.051925374149,1899.99982054976,239,3863,906,2957
11,11,5,sequential,Sequential,120.06595640572,263.090725743482,1751.64306621395,256,4126,985,3141
11,11,5,coordinated,Coordinated,116.304090557919,263.573258379985,1824.60917131536,255,3996,953,3043
11,11,5,delayed_coordination,Delayed Coordination,119.239300542657,258.06742376554,1785.40466901081,249,3947,924,3023
11,11,7,baseline,Baseline,122.974258312658,364.669923919207,2518.59772186317,108,2018,471,1547
11,11,7,early_mover,Early Mover,120.849029481095,268.493294675163,1867.96211499666,252,3913,918,2995
11,11,7,sequential,Sequential,117.609181456161,250.163328845584,1814.58616728183,275,3927,978,2949
11,11,7,coordinated,Coordinated,116.494986015584,258.485073585536,1839.99335500218,246,3854,945,2909
11,11,7,delayed_coordination,Delayed Coordination,124.231977591632,246.078820557605,1699.55835579112,274,4025,999,3026
12,12,3,baseline,Baseline,124.265970414548,333.099863110959,2379.75502494521,131,2731,537,2194
12,12,3,early_mover,Early Mover,121.343381098928,232.839263470979,1606.60938310727,279,4776,1066,3710
12,12,3,sequential,Sequential,117.687716352164,234.100870184347,1575.05300873823,277,4704,1146,3558
12,12,3,coordinated,Coordinated,113.433058431246,239.734034283172,1660.42173852335,240,4347,1081,3266
12,12,3,delayed_coordination,Delayed Coordination,118.016227017415,227.003103078397,1574.46275721424,280,4796,1135,3661
12,12,5,baseline,Baseline,124.307217503296,331.763044993455,2367.7325189163,133,2709,545,2164
12,12,5,early_mover,Early Mover,117.251908989849,235.844539155758,1697.78157869462,253,4609,1082,3527
12,12,5,sequential,Sequential,117.814575683454,226.244614942255,1600.74997558391,264,4646,1135,3511
12,12,5,coordinated,Coordinated,119.328826163881,233.360795434952,1602.78675655517,292,4730,1154,3576
12,12,5,delayed_coordination,Delayed Coordination,118.900851897125,225.895532715774,1585.28815437803,268,4674,1119,3555
12,12,7,baseline,Baseline,124.605251822512,325.462159851433,2351.31270618894,139,2735,569,2166
12,12,7,early_mover,Early Mover,121.229806992651,228.113906631701,1639.59363331372,277,4587,1101,3486
12,12,7,sequential,Sequential,116.270252670527,234.489966140399,1613.70417477031,273,4485,1109,3376
12,12,7,coordinated,Coordinated,112.359098902231,244.709792179319,1696.35322777002,240,4203,1079,3124
12,12,7,delayed_coordination,Delayed Coordination,119.373905141807,226.952276078305,1578.41033550365,275,4564,1098,3466
13,13,3,baseline,Baseline,124.44918837547,377.982428848507,2452.61656673958,118,2372,521,1851
13,13,3,early_mover,Early Mover,119.388231076996,250.869869798059,1664.20308645987,270,4521,1243,3278
13,13,3,sequential,Sequential,118.583149210779,252.68014653854,1611.86784165895,257,4519,1344,3175
13,13,3,coordinated,Coordinated,116.663862618379,245.613131719149,1660.61654167501,250,4327,1280,3047
13,13,3,delayed_coordination,Delayed Coordination,116.093898136282,257.508182243234,1651.72925691486,276,4454,1309,3145
13,13,5,baseline,Baseline,124.243023609303,377.687743761073,2454.8957992683,119,2364,514,1850
13,13,5,early_mover,Early Mover,120.847734091098,249.186874198747,1667.53457003904,280,4565,1212,3353
13,13,5,sequential,Sequential,120.20140661086,239.166262779787,1569.60241921477,309,4669,1318,3351
13,13,5,coordinated,Coordinated,116.783487151579,252.421879739488,1625.92295867292,261,4315,1281,3034
13,13,5,delayed_coordination,Delayed Coordination,119.737545883678,242.049734340509,1606.19914645275,283,4580,1297,3283
13,13,7,baseline,Baseline,124.379477668558,376.417598385449,2450.94474334418,119,2381,506,1875
13,13,7,early_mover,Early Mover,120.183494582735,255.299804890587,1635.59425763771,283,4673,1221,3452
13,13,7,sequential,Sequential,119.67976956422,250.913129345969,1579.43032609181,301,4612,1341,3271
13,13,7,coordinated,Coordinated,119.222514959572,258.703336123398,1611.69944219862,284,4397,1344,3053
13,13,7,delayed_coordination,Delayed Coordination,119.542558733904,250.423186557798,1579.19576141416,294,4646,1325,3321
14,14,3,baseline,Baseline,124.228940476932,359.557020430768,2545.5753199691,85,1759,502,1257
14,14,3,early_mover,Early Mover,122.824538304825,253.067254335647,1769.22542238609,255,3885,1178,2707
14,14,3,sequential,Sequential,122.519802211543,233.187016273616,1661.28646025575,259,4037,1237,2800
14,14,3,coordinated,Coordinated,120.216418155525,265.391508654261,1743.78130436376,245,3854,1146,2708
14,14,3,delayed_coordination,Delayed Coordination,118.407606759907,243.051610400759,1712.66981801929,248,3832,1215,2617
14,14,5,baseline,Baseline,123.875449154238,359.58021065883,2555.11600260768,87,1738,486,1252
14,14,5,early_mover,Early Mover,120.724760998912,255.727853800537,1805.59777208237,219,3732,1138,2594
14,14,5,sequential,Sequential,117.559176377306,254.048609814001,1777.74349913543,202,3657,1129,2528
14,14,5,coordinated,Coordinated,121.595032099686,239.966326459186,1678.73349408287,248,3869,1168,2701
14,14,5,delayed_coordination,Delayed Coordination,114.565827971312,282.036754452373,1855.20618800299,191,3542,1097,2445
14,14,7,baseline,Baseline,123.652195206534,358.0450022335,2553.60767825244,85,1731,477,1254
14,14,7,early_mover,Early Mover,120.309731384748,260.415167387808,1808.31883355897,244,3748,1146,2602
14,14,7,sequential,Sequential,113.979806985166,292.264338990058,1911.40478243665,214,3438,1118,2320
14,14,7,coordinated,Coordinated,121.962631544227,240.33421849736,1652.92174793977,272,3947,1192,2755
14,14,7,delayed_coordination,Delayed Coordination,118.676059705161,250.033454595455,1761.89261469214,248,3686,1108,2578
15,15,3,baseline,Baseline,123.574665321384,370.955398422274,2588.41444010163,97,1890,521,1369
15,15,3,early_mover,Early Mover,119.975266709901,248.251471824047,1871.69051732231,225,3858,1035,2823
15,15,3,sequential,Sequential,120.007067863048,237.1750011398,1778.6598004979,236,4028,1111,2917
15,15,3,coordinated,Coordinated,115.211885159746,261.294647446609,1862.5413741744,197,3684,1077,2607
15,15,3,delayed_coordination,Delayed Coordination,120.644251810367,237.288370731756,1770.93794283257,253,4048,1108,2940
15,15,5,baseline,Baseline,123.695300625095,369.101920317739,2565.16332384631,99,1896,513,1383
15,15,5,early_mover,Early Mover,120.776963739994,253.012198389068,1868.90036909945,223,3856,1058,2798
15,15,5,sequential,Sequential,119.394404160417,244.167126160611,1793.08643045997,251,3973,1127,2846
15,15,5,coordinated,Coordinated,120.671890069632,235.089836208596,1727.56532346342,238,4100,1117,2983
15,15,5,delayed_coordination,Delayed Coordination,119.82562739298,233.862223462918,1780.43505083674,238,3952,1135,2817
15,15,7,baseline,Baseline,123.336558005514,369.417329445537,2576.07918449363,98,1886,508,1378
15,15,7,early_mover,Early Mover,120.073266422433,236.60036108173,1821.56468951688,235,3968,1072,2896
15,15,7,sequential,Sequential,118.905578580125,237.68412168626,1734.40379449373,257,4090,1133,2957
15,15,7,coordinated,Coordinated,121.892420646519,236.859365467173,1710.76222636973,266,4150,1197,2953
15,15,7,delayed_coordination,Delayed Coordination,119.551532410835,231.994728667594,1745.49783524085,251,4040,1125,2915
16,16,3,baseline,Baseline,124.033632432215,346.246359018983,2426.1846942771,120,2265,552,1713
16,16,3,early_mover,Early Mover,120.456824889629,263.626954520414,1831.97576695136,208,3865,1206,2659
16,16,3,sequential,Sequential,117.196471673722,247.917470182517,1805.02062565893,215,3798,1161,2637
16,16,3,coordinated,Coordinated,113.548239907359,255.095554002877,1868.92298910331,209,3612,1123,2489
16,16,3,delayed_coordination,Delayed Coordination,119.535007397309,240.614687998885,1760.82701348055,229,3960,1209,2751
16,16,5,baseline,Baseline,124.373982222118,349.242642682057,2409.87022510275,117,2295,548,1747
16,16,5,early_mover,Early Mover,120.612719385895,265.159154081374,1862.64893338528,210,3645,1190,2455
16,16,5,sequential,Sequential,120.083274614578,245.303050847697,1802.55775446332,222,3774,1227,2547
16,16,5,coordinated,Coordinated,115.207392595186,250.575065213304,1854.92754518827,234,3742,1154,2588
16,16,5,delayed_coordination,Delayed Coordination,121.123040482823,244.903789352344,1787.51282176038,232,3788,1224,2564
16,16,7,baseline,Baseline,124.769630230499,349.574167560828,2408.98787843099,124,2305,560,1745
16,16,7,early_mover,Early Mover,123.119753014011,257.930691237469,1780.73088361416,246,3904,1231,2673
16,16,7,sequential,Sequential,120.268643551134,242.29232298905,1724.37013327511,257,4036,1256,2780
16,16,7,coordinated,Coordinated,112.894832995876,254.053891525152,1905.36289372273,219,3588,1158,2430
16,16,7,delayed_coordination,Delayed Coordination,121.027079119508,242.77996972917,1722.49249532609,260,3910,1236,2674
17,17,3,baseline,Baseline,120.980542326395,385.949623136333,2585.43560891041,96,2055,378,1677
17,17,3,early_mover,Early Mover,122.205631868909,263.756265084154,1751.55065531427,264,4652,1045,3607
17,17,3,sequential,Sequential,124.632200148876,241.665861778539,1642.97792423838,284,4746,1123,3623
17,17,3,coordinated,Coordinated,118.215180965028,248.741645634997,1790.00779881927,242,4415,1063,3352
17,17,3,delayed_coordination,Delayed Coordination,121.483361811079,246.74366734632,1677.39810502298,267,4654,1140,3514
17,17,5,baseline,Baseline,121.114785143167,383.40364612281,2576.56413544104,100,2086,398,1688
17,17,5,early_mover,Early Mover,120.640135458793,267.47349203927,1791.88962290524,248,4497,1077,3420
17,17,5,sequential,Sequential,118.943168618327,259.494317003325,1698.52372284901,269,4543,1191,3352
17,17,5,coordinated,Coordinated,116.560892408434,251.779193379,1763.27997962853,256,4362,1112,3250
17,17,5,delayed_coordination,Delayed Coordination,119.909318794966,244.594672163343,1690.68649840038,270,4541,1122,3419
17,17,7,baseline,Baseline,121.206830865947,384.121468968292,2578.29034497724,97,2062,384,1678
17,17,7,early_mover,Early Mover,121.588126640941,261.196188791091,1756.61432985921,261,4523,1059,3464
17,17,7,sequential,Sequential,120.914128046787,240.213531871196,1670.61856753124,271,4588,1146,3442
17,17,7,coordinated,Coordinated,118.804169293098,243.775904139672,1750.13227524591,258,4463,1144,3319
17,17,7,delayed_coordination,Delayed Coordination,121.03227078355,257.467592405206,1684.90138242265,271,4576,1092,3484
18,18,3,baseline,Baseline,123.349452005997,342.981324716726,2420.60619861624,106,2151,592,1559
18,18,3,early_mover,Early Mover,119.879449761369,239.861112568297,1679.03667921556,230,4243,1041,3202
18,18,3,sequential,Sequential,124.651291320308,237.837226080447,1591.95983738347,262,4455,1183,3272
18,18,3,coordinated,Coordinated,120.732981507003,249.334619888618,1695.15476321313,233,4274,1191,3083
18,18,3,delayed_coordination,Delayed Coordination,120.033170774273,236.663060222644,1628.64941151447,241,4330,1119,3211
18,18,5,baseline,Baseline,123.383552995967,347.590988160746,2418.31657658367,106,2137,591,1546
18,18,5,early_mover,Early Mover,122.694925819787,251.04153264618,1625.95985753568,274,4622,1179,3443
18,18,5,sequential,Sequential,124.790067988986,238.408107472954,1548.10305498924,287,4786,1276,3510
18,18,5,coordinated,Coordinated,123.888137202173,239.713276628113,1591.67341805511,291,4710,1227,3483
18,18,5,delayed_coordination,Delayed Coordination,126.092267653718,232.6263173716,1567.24390096756,302,4771,1202,3569
18,18,7,baseline,Baseline,123.461667289354,339.669512113333,2428.818928122,106,2178,626,1552
18,18,7,early_mover,Early Mover,124.426804288072,249.617304754347,1562.21712098509,271,4559,1116,3443
18,18,7,sequential,Sequential,128.076323375847,236.352085996668,1513.76467048979,283,4792,1231,3561
18,18,7,coordinated,Coordinated,127.591008333243,237.866110860652,1544.8244211129,299,4914,1298,3616
18,18,7,delayed_coordination,Delayed Coordination,127.340154966902,236.717523355237,1517.94036044778,291,4784,1152,3632
19,19,3,baseline,Baseline,122.837374365421,360.035469524999,2523.24358810652,98,1943,527,1416
19,19,3,early_mover,Early Mover,118.364027991308,258.257039934012,1934.17836231553,187,3539,954,2585
19,19,3,sequential,Sequential,113.962760860001,261.133258292977,1899.0809464346,208,3560,982,2578
19,19,3,coordinated,Coordinated,119.476424353002,252.602136961814,1755.4217686874,226,3839,1088,2751
19,19,3,delayed_coordination,Delayed Coordination,114.794981418437,254.653781530135,1892.43012557022,216,3585,964,2621
19,19,5,baseline,Baseline,123.762129921536,352.624674775641,2498.6291195112,102,2007,555,1452
19,19,5,early_mover,Early Mover,117.849598980091,268.42598095807,1877.79458047444,207,3637,1036,2601
19,19,5,sequential,Sequential,117.480791502563,262.842568317618,1810.66281029064,245,3803,1116,2687
19,19,5,coordinated,Coordinated,116.986586807054,248.364990738939,1805.44186786609,225,3919,1089,2830
19,19,5,delayed_coordination,Delayed Coordination,115.099228467207,268.975833243601,1881.61942944642,213,3695,1087,2608
19,19,7,baseline,Baseline,123.852368220235,345.242281710966,2493.90557829706,99,2027,557,1470
19,19,7,early_mover,Early Mover,125.67420290055,256.297459834219,1783.04750485249,254,4195,1154,3041
19,19,7,sequential,Sequential,122.053550455861,252.07234739478,1748.42096123715,255,4192,1195,2997
19,19,7,coordinated,Coordinated,121.013759417333,261.272091766376,1716.04949004628,251,4281,1186,3095
19,19,7,delayed_coordination,Delayed Coordination,121.602098331311,255.148669336924,1772.72476823831,246,4126,1185,2941
20,20,3,baseline,Baseline,124.126500094286,346.160962394748,2453.50828961515,104,2221,534,1687
20,20,3,early_mover,Early Mover,117.443514580636,266.383169880094,1899.57735122183,210,3849,981,2868
20,20,3,sequential,Sequential,114.758160799147,268.700504864883,1898.02518424648,205,3750,967,2783
20,20,3,coordinated,Coordinated,116.381177719953,276.773791710697,1785.62382067514,230,4099,982,3117
20,20,3,delayed_coordination,Delayed Coordination,113.735418455741,270.824657255076,1892.66460462497,204,3833,985,2848
20,20,5,baseline,Baseline,124.905690147808,340.092483468099,2417.11303483285,125,2322,558,1764
20,20,5,early_mover,Early Mover,128.024132176978,239.588289406905,1634.8416520532,276,4550,1004,3546
20,20,5,sequential,Sequential,123.002720365693,239.811331460789,1627.52536763852,260,4489,1027,3462
20,20,5,coordinated,Coordinated,115.206110396705,259.708541397764,1843.2588076616,214,3921,911,3010
20,20,5,delayed_coordination,Delayed Coordination,122.404290330145,251.341994297433,1666.10371202958,263,4466,1004,3462
20,20,7,baseline,Baseline,125.23081193622,345.796590620137,2431.65199332386,119,2345,574,1771
20,20,7,early_mover,Early Mover,122.635271792793,248.883341073038,1719.00154231371,261,4339,975,3364
20,20,7,sequential,Sequential,122.191633374027,242.250676339026,1662.31236710248,273,4422,1018,3404
20,20,7,coordinated,Coordinated,114.251434339708,261.773024498923,1844.48682105396,212,3955,945,3010
20,20,7,delayed_coordination,Delayed Coordination,120.071093793033,251.757656884717,1701.1862675241,262,4301,981,3320
21,21,3,baseline,Baseline,122.161080626944,393.146221849502,2571.66901787736,94,1937,565,1372
21,21,3,early_mover,Early Mover,119.785399478238,287.766023317958,1842.50901913721,230,3992,1120,2872
21,21,3,sequential,Sequential,115.350980738599,282.176627536295,1802.37388662864,217,3894,1100,2794
21,21,3,coordinated,Coordinated,114.862035878199,282.260465547502,1848.42444240794,204,3758,1072,2686
21,21,3,delayed_coordination,Delayed Coordination,117.820877563828,274.108081485469,1767.10663785051,253,4057,1103,2954
21,21,5,baseline,Baseline,122.069413653323,392.819814427912,2569.53673767079,89,1936,565,1371
21,21,5,early_mover,Early Mover,117.512501605939,298.793053907179,1904.18351828957,233,3879,1052,2827
21,21,5,sequential,Sequential,116.830416830135,285.28397737668,1815.80279194973,233,3942,1030,2912
21,21,5,coordinated,Coordinated,119.139359869121,275.181757246019,1800.73561008454,233,4125,1217,2908
21,21,5,delayed_coordination,Delayed Coordination,117.145906206166,285.663424171632,1812.63515303371,245,4022,1015,3007
21,21,7,baseline,Baseline,121.983502669586,387.031637516557,2568.42067174592,91,1935,540,1395
21,21,7,early_mover,Early Mover,118.686687234399,295.340887631211,1895.55345940989,237,4064,1222,2842
21,21,7,sequential,Sequential,117.554000007431,286.099083330398,1774.68006158861,254,4111,1200,2911
21,21,7,coordinated,Coordinated,122.387958032793,264.042670767618,1710.57786533073,261,4240,1309,2931
21,21,7,delayed_coordination,Delayed Coordination,118.038558014309,284.023683899429,1785.92821899793,257,4176,1182,2994
22,22,3,baseline,Baseline,123.163315386815,374.472239440042,2422.12227809045,110,2273,566,1707
22,22,3,early_mover,Early Mover,115.473251709049,264.368006499484,1825.61244831548,214,3755,992,2763
22,22,3,sequential,Sequential,114.488688876296,243.936673358907,1734.51148777834,231,3894,1035,2859
22,22,3,coordinated,Coordinated,114.187946596411,260.983829499079,1810.01815504138,225,3879,959,2920
22,22,3,delayed_coordination,Delayed Coordination,113.449839116082,251.790451847959,1800.05471437642,229,3815,975,2840
22,22,5,baseline,Baseline,123.838041390419,374.045860159719,2412.9909957533,117,2313,571,1742
22,22,5,early_mover,Early Mover,116.472124410815,260.098263089054,1807.4775106658,218,3970,914,3056
22,22,5,sequential,Sequential,111.352977136558,260.99535340219,1825.9855847871,205,3708,935,2773
22,22,5,coordinated,Coordinated,115.335883381478,254.241738133646,1767.79857213825,222,4169,1001,3168
22,22,5,delayed_coordination,Delayed Coordination,115.700391876891,242.936026985303,1757.74750649891,231,4025,921,3104
22,22,7,baseline,Baseline,123.040601841892,372.779852204613,2409.5433103839,115,2320,582,1738
22,22,7,early_mover,Early Mover,114.827769478794,265.684248260986,1854.54164330575,210,3770,933,2837
22,22,7,sequential,Sequential,111.352562904675,268.5121015994,1862.83542759101,222,3733,954,2779
22,22,7,coordinated,Coordinated,118.928146159177,251.599566725629,1722.04568297826,247,4323,1038,3285
22,22,7,delayed_coordination,Delayed Coordination,114.676570959751,260.70379705927,1776.21784204063,235,3869,997,2872
23,23,3,baseline,Baseline,124.630548223574,385.062861384265,2484.92368370004,97,2034,682,1352
23,23,3,early_mover,Early Mover,121.009313161254,265.495040410942,1742.84022761499,265,4161,1246,2915
23,23,3,sequential,Sequential,119.677871408439,243.492379782728,1643.56276792498,259,4233,1292,2941
23,23,3,coordinated,Coordinated,114.668016613685,267.892997563121,1788.82271669345,225,3865,1214,2651
23,23,3,delayed_coordination,Delayed Coordination,114.314851880057,257.957283477035,1750.94980481483,222,3883,1218,2665
23,23,5,baseline,Baseline,124.430330110819,383.570648273512,2492.86880677941,98,2000,705,1295
23,23,5,early_mover,Early Mover,120.716132685015,264.807329242934,1705.96467808458,261,4236,1270,2966
23,23,5,sequential,Sequential,121.261171851284,248.968470540011,1607.34906394029,282,4382,1365,3017
23,23,5,coordinated,Coordinated,120.013522684445,254.392294395647,1686.39328910855,253,4079,1296,2783
23,23,5,delayed_coordination,Delayed Coordination,118.717481797913,252.967442198565,1641.74248333344,260,4288,1284,3004
23,23,7,baseline,Baseline,124.436081360814,383.535691444694,2492.50474817873,99,2000,704,1296
23,23,7,early_mover,Early Mover,120.935155911145,271.80576326494,1716.88924613645,267,4283,1262,3021
23,23,7,sequential,Sequential,118.323312953273,261.397546328334,1650.55660804137,278,4316,1320,2996
23,23,7,coordinated,Coordinated,119.15757105896,255.647479573803,1692.34547377388,271,4188,1383,2805
23,23,7,delayed_coordination,Delayed Coordination,119.199739339505,255.814069163561,1641.94614951636,275,4321,1284,3037
24,24,3,baseline,Baseline,123.647903414357,333.937426374269,2388.43886708186,120,2377,510,1867
24,24,3,early_mover,Early Mover,122.238011894994,236.395467626958,1661.12845295639,273,4756,1153,3603
24,24,3,sequential,Sequential,122.947222738754,223.105774607219,1574.59558380212,253,4607,1138,3469
24,24,3,coordinated,Coordinated,121.182970253041,230.046020905907,1605.26333083404,280,4720,1119,3601
24,24,3,delayed_coordination,Delayed Coordination,122.449729806536,222.306077017363,1574.20488309278,265,4676,1115,3561
24,24,5,baseline,Baseline,123.234960931557,342.156953752131,2406.73077717014,114,2367,497,1870
24,24,5,early_mover,Early Mover,123.914065154766,233.824034288651,1617.17725683468,273,4692,1075,3617
24,24,5,sequential,Sequential,125.192003037116,222.536025941022,1535.76162642467,289,4754,1181,3573
24,24,5,coordinated,Coordinated,120.317175440524,225.125720564626,1644.10851416603,268,4579,1163,3416
24,24,5,delayed_coordination,Delayed Coordination,125.030777397505,220.573103991188,1526.84861824271,299,4779,1165,3614
24,24,7,baseline,Baseline,123.703619611014,336.991634380164,2401.11459402752,115,2372,506,1866
24,24,7,early_mover,Early Mover,121.302467096986,232.865737611083,1623.92517751829,283,4623,1131,3492
24,24,7,sequential,Sequential,120.08866220851,223.970253153072,1572.68218401863,285,4588,1232,3356
24,24,7,coordinated,Coordinated,122.043733309701,224.991040990211,1587.26062410061,293,4719,1174,3545
24,24,7,delayed_coordination,Delayed Coordination,118.812557946361,225.61955998409,1576.19043116167,281,4564,1176,3388
25,25,3,baseline,Baseline,124.658929560292,352.252825947851,2420.4916792386,129,2562,596,1966
25,25,3,early_mover,Early Mover,111.890774028628,266.676414539698,1955.69502562913,206,3649,1035,2614
25,25,3,sequential,Sequential,110.409778376331,268.383073831788,1842.22590620517,229,3769,1071,2698
25,25,3,coordinated,Coordinated,106.75914585828,268.060565453737,1942.9177572287,196,3655,1058,2597
25,25,3,delayed_coordination,Delayed Coordination,110.970179637267,252.752729297471,1882.69183048306,211,3801,1051,2750
25,25,5,baseline,Baseline,124.267889561608,344.914842392407,2409.57083030262,131,2539,588,1951
25,25,5,early_mover,Early Mover,120.666515085244,242.74650289454,1762.71765969719,242,4155,1141,3014
25,25,5,sequential,Sequential,117.509546209534,252.756931033016,1738.4664660267,245,4157,1152,3005
25,25,5,coordinated,Coordinated,115.129149118304,257.062582481129,1798.849625135,241,4123,1110,3013
25,25,5,delayed_coordination,Delayed Coordination,118.136605810193,243.397319565104,1724.3367488196,245,4183,1093,3090
25,25,7,baseline,Baseline,124.197968677108,349.098622354155,2417.67880568523,128,2496,564,1932
25,25,7,early_mover,Early Mover,117.198564437846,254.248444589864,1799.34662351226,242,4066,1085,2981
25,25,7,sequential,Sequential,114.780226938161,249.350976767551,1743.08445095829,262,4134,1114,3020
25,25,7,coordinated,Coordinated,115.318545710391,249.692136476991,1770.72557473629,239,4077,1113,2964
25,25,7,delayed_coordination,Delayed Coordination,116.699266311584,252.843713899397,1732.33384299062,270,4040,1121,2919
26,26,3,baseline,Baseline,123.579281423903,392.355384245302,2612.13479441,91,1808,453,1355
26,26,3,early_mover,Early Mover,119.597472071446,246.704912503562,1823.73929844032,252,3867,1090,2777
26,26,3,sequential,Sequential,121.641193547336,246.125394354254,1695.36174213986,274,4147,1122,3025
26,26,3,coordinated,Coordinated,122.119356033708,261.639032428348,1703.01733185696,277,4109,1143,2966
26,26,3,delayed_coordination,Delayed Coordination,122.032140668382,235.757427686416,1699.39636678341,263,4095,1103,2992
26,26,5,baseline,Baseline,122.794667434974,394.835168064089,2632.75547953005,91,1776,462,1314
26,26,5,early_mover,Early Mover,121.517838671557,262.378847755485,1815.70653118003,246,3896,1129,2767
26,26,5,sequential,Sequential,122.798194575647,259.606907364545,1714.72164813565,271,4015,1157,2858
26,26,5,coordinated,Coordinated,120.58788056317,265.596671420771,1743.93101829442,258,4002,1094,2908
26,26,5,delayed_coordination,Delayed Coordination,123.54893461304,259.134875224235,1734.85502583269,271,4074,1142,2932
26,26,7,baseline,Baseline,123.198918760395,394.791232516991,2628.21827548046,87,1787,463,1324
26,26,7,early_mover,Early Mover,125.012798113967,266.180560353365,1740.72875834686,282,4124,1155,2969
26,26,7,sequential,Sequential,125.926913968299,255.387050003819,1683.44095360331,290,4180,1205,2975
26,26,7,coordinated,Coordinated,124.340995562973,250.355617481855,1687.92866961194,288,4119,1166,2953
26,26,7,delayed_coordination,Delayed Coordination,126.637945113424,254.041410962778,1654.71869071475,284,4303,1182,3121
27,27,3,baseline,Baseline,123.440467989176,358.225229005041,2486.22936828531,105,2321,398,1923
27,27,3,early_mover,Early Mover,121.096485048801,247.650920533455,1678.89007793901,251,4430,1066,3364
27,27,3,sequential,Sequential,118.455482220811,235.945557060372,1626.51575948234,253,4425,1116,3309
27,27,3,coordinated,Coordinated,119.385951177334,235.702588969416,1629.80453341571,276,4581,1169,3412
27,27,3,delayed_coordination,Delayed Coordination,119.062656473481,238.038316083188,1599.50879460462,261,4472,1180,3292
27,27,5,baseline,Baseline,123.484148831971,354.950461734877,2485.3260833099,106,2314,395,1919
27,27,5,early_mover,Early Mover,125.822505915966,226.755769144439,1643.15696288158,265,4796,1093,3703
27,27,5,sequential,Sequential,126.282287868792,222.486083379042,1533.59727158169,283,4771,1177,3594
27,27,5,coordinated,Coordinated,121.628337103572,251.132860819633,1625.54520729583,249,4419,1139,3280
27,27,5,delayed_coordination,Delayed Coordination,122.084769490352,233.801518788864,1580.9092070057,284,4811,1167,3644
27,27,7,baseline,Baseline,123.421471606418,356.823934543762,2486.28989422776,104,2314,383,1931
27,27,7,early_mover,Early Mover,124.914184306917,235.729761506077,1642.08462208978,271,4777,1127,3650
27,27,7,sequential,Sequential,120.114720505927,238.195727616186,1602.72332201375,280,4746,1225,3521
27,27,7,coordinated,Coordinated,123.69237134375,236.145863148165,1574.44426606537,289,4986,1241,3745
27,27,7,delayed_coordination,Delayed Coordination,122.012188354941,229.106086321969,1568.81903642468,286,4822,1261,3561
28,28,3,baseline,Baseline,123.926489056383,356.943420232072,2516.00219454601,103,2156,429,1727
28,28,3,early_mover,Early Mover,119.548524010753,240.343945937452,1741.99362434766,258,4381,1051,3330
28,28,3,sequential,Sequential,116.691118891048,244.530063201494,1694.24452694899,258,4392,1078,3314
28,28,3,coordinated,Coordinated,115.518276515566,251.877328982989,1714.60509214005,259,4524,1049,3475
28,28,3,delayed_coordination,Delayed Coordination,117.445598161471,242.996067507392,1674.63980449135,274,4465,1059,3406
28,28,5,baseline,Baseline,123.934316562996,348.346477928763,2507.68635842833,103,2183,443,1740
28,28,5,early_mover,Early Mover,117.963015996936,248.577210867119,1786.75182866457,260,4312,1085,3227
28,28,5,sequential,Sequential,119.437686011607,240.785502165615,1662.06855899733,279,4483,1134,3349
28,28,5,coordinated,Coordinated,114.560932939789,247.461441826165,1721.14770249242,272,4190,1014,3176
28,28,5,delayed_coordination,Delayed Coordination,117.179516268576,238.387391703469,1687.72083657792,282,4434,1088,3346
28,28,7,baseline,Baseline,124.35656604878,350.204266256942,2495.68109010347,109,2237,466,1771
28,28,7,early_mover,Early Mover,116.861752695634,243.060320672216,1783.46181980725,252,4361,1062,3299
28,28,7,sequential,Sequential,117.374733650396,224.470560391488,1662.61414777225,283,4478,1097,3381
28,28,7,coordinated,Coordinated,116.445966730797,248.919935088388,1679.88344670496,288,4589,1067,3522
28,28,7,delayed_coordination,Delayed Coordination,116.808662083231,236.300925546014,1668.88522013347,279,4441,1085,3356
29,29,3,baseline,Baseline,122.274930401073,355.415685709938,2488.45536707306,95,2023,484,1539
29,29,3,early_mover,Early Mover,115.758800016323,281.482437142863,1873.46912765489,207,3606,1013,2593
29,29,3,sequential,Sequential,111.523128781124,284.285492943369,1866.32354782289,181,3422,1073,2349
29,29,3,coordinated,Coordinated,118.244109674191,236.345927329333,1644.54812901591,247,4058,1145,2913
29,29,3,delayed_coordination,Delayed Coordination,121.753225267807,234.177225528102,1610.40236612997,270,4012,1185,2827
29,29,5,baseline,Baseline,122.311664000477,352.660497117094,2472.58628109562,98,2055,474,1581
29,29,5,early_mover,Early Mover,121.926515644545,273.315203268911,1750.78190722369,240,3969,1074,2895
29,29,5,sequential,Sequential,120.005624472645,254.226210134687,1672.26842107193,252,3991,1148,2843
29,29,5,coordinated,Coordinated,116.278263180047,243.583476351812,1710.64853864346,257,3907,1194,2713
29,29,5,delayed_coordination,Delayed Coordination,120.46769158865,249.058979702184,1687.22340086963,270,4057,1125,2932
29,29,7,baseline,Baseline,122.310022977708,352.659909208272,2472.64963909802,98,2055,472,1583
29,29,7,early_mover,Early Mover,117.477467911558,275.569492286154,1827.90859742742,229,3811,1059,2752
29,29,7,sequential,Sequential,120.579205307281,237.55688551189,1636.08889406236,267,4003,1192,2811
29,29,7,coordinated,Coordinated,114.626269318094,256.870929293227,1752.59720327156,235,3740,1164,2576
29,29,7,delayed_coordination,Delayed Coordination,112.216080592815,266.166240709937,1801.59181313,209,3611,1091,2520
30,30,3,baseline,Baseline,127.109123914324,340.011249756153,2442.73751461382,101,2123,614,1509
30,30,3,early_mover,Early Mover,124.65937843157,247.999990880214,1756.90586598299,262,4195,1160,3035
30,30,3,sequential,Sequential,124.547324169623,236.850437910011,1657.36765638147,254,4238,1270,2968
30,30,3,coordinated,Coordinated,121.446740258218,224.469894343919,1664.87331358471,243,4189,1183,3006
30,30,3,delayed_coordination,Delayed Coordination,123.964648240545,231.724918223852,1663.55149472204,272,4321,1243,3078
30,30,5,baseline,Baseline,127.051171193614,343.379555524151,2442.23337820158,102,2148,613,1535
30,30,5,early_mover,Early Mover,122.006903811516,257.245291121238,1816.46388029038,235,3976,1088,2888
30,30,5,sequential,Sequential,121.07997686861,238.809366144557,1730.17580956723,257,4089,1209,2880
30,30,5,coordinated,Coordinated,122.792371990847,234.784855554986,1691.38527252803,262,4351,1247,3104
30,30,5,delayed_coordination,Delayed Coordination,121.368591433473,241.958278976926,1732.64972213599,236,4022,1171,2851
30,30,7,baseline,Baseline,126.978081969121,343.967896741504,2441.83678326034,110,2132,628,1504
30,30,7,early_mover,Early Mover,121.43240804731,263.683836977665,1854.34423488191,233,3954,1116,2838
30,30,7,sequential,Sequential,121.270227101571,239.768373831284,1715.49262413281,255,4144,1200,2944
30,30,7,coordinated,Coordinated,124.3351069439,234.537693585603,1652.03497246122,275,4418,1309,3109
30,30,7,delayed_coordination,Delayed Coordination,122.054933940783,241.379159472296,1716.42566386581,256,4088,1185,2903
31,31,3,baseline,Baseline,123.656825374421,376.295459304311,2580.30180967374,96,1824,429,1395
31,31,3,early_mover,Early Mover,124.349417690812,271.162130385308,1757.54748799678,264,4258,1080,3178
31,31,3,sequential,Sequential,124.581213122924,261.279518171292,1650.61576593046,295,4459,1159,3300
31,31,3,coordinated,Coordinated,126.070882080702,265.781818951032,1646.75878477995,298,4688,1168,3520
31,31,3,delayed_coordination,Delayed Coordination,121.258075139043,251.175537888039,1702.52535105339,287,4380,1129,3251
31,31,5,baseline,Baseline,123.758900905518,383.774031746938,2588.60387813359,93,1801,434,1367
31,31,5,early_mover,Early Mover,128.125673158697,275.094887933357,1696.79425533014,285,4420,1028,3392
31,31,5,sequential,Sequential,123.412772301216,263.640616369215,1665.08832988836,278,4436,1077,3359
31,31,5,coordinated,Coordinated,122.960789650408,266.249974032033,1673.88390830761,286,4621,1141,3480
31,31,5,delayed_coordination,Delayed Coordination,124.94669834021,256.996811148948,1641.12700268894,279,4411,1132,3279
31,31,7,baseline,Baseline,124.325533237995,373.599291810399,2571.57663350748,91,1854,452,1402
31,31,7,early_mover,Early Mover,128.480834177538,280.74685362962,1698.19495474502,277,4418,1007,3411
31,31,7,sequential,Sequential,124.925011379726,261.797799029964,1634.63746479179,292,4476,1138,3338
31,31,7,coordinated,Coordinated,120.345382150586,265.900223486951,1713.04799260132,277,4295,1162,3133
31,31,7,delayed_coordination,Delayed Coordination,126.109785088616,256.377008700185,1608.49833434151,301,4505,1114,3391
32,32,3,baseline,Baseline,124.082638546316,359.121746792955,2465.47766557515,113,2309,491,1818
32,32,3,early_mover,Early Mover,121.350872024788,253.201934884618,1697.4298708032,265,4523,1140,3383
32,32,3,sequential,Sequential,122.191385873153,246.198868035835,1630.15824952947,243,4438,1211,3227
32,32,3,coordinated,Coordinated,123.395760038851,263.031863578504,1693.25210245616,256,4463,1169,3294
32,32,3,delayed_coordination,Delayed Coordination,119.367525966752,254.091413826184,1674.01584937913,232,4371,1172,3199
32,32,5,baseline,Baseline,123.918006068336,359.156379924508,2469.56518852925,106,2301,475,1826
32,32,5,early_mover,Early Mover,121.403012633456,267.796400823115,1711.10336178357,271,4330,1098,3232
32,32,5,sequential,Sequential,120.686054560295,258.315472912402,1644.09993733405,285,4416,1186,3230
32,32,5,coordinated,Coordinated,114.830872553886,278.02579630049,1759.1098035002,226,4068,1189,2879
32,32,5,delayed_coordination,Delayed Coordination,121.242349522779,255.547368523813,1638.43348358277,262,4402,1206,3196
32,32,7,baseline,Baseline,124.021741441211,358.115844240875,2464.20847444992,110,2300,475,1825
32,32,7,early_mover,Early Mover,126.468555399804,262.468262841192,1673.31674042585,276,4534,1121,3413
32,32,7,sequential,Sequential,127.472045692152,242.537269393948,1575.87765900179,287,4631,1170,3461
32,32,7,coordinated,Coordinated,118.855813393972,265.7315799412,1732.82239963309,249,4260,1112,3148
32,32,7,delayed_coordination,Delayed Coordination,126.063550925786,252.79590508836,1610.23869643467,289,4576,1208,3368
33,33,3,baseline,Baseline,124.012068869621,363.673989215297,2519.39692577047,101,2081,606,1475
33,33,3,early_mover,Early Mover,117.41395816816,260.297657763555,1818.7721746918,239,4055,1138,2917
33,33,3,sequential,Sequential,118.539233054745,244.218336261486,1741.28093945201,244,4170,1150,3020
33,33,3,coordinated,Coordinated,117.002575411515,249.607180254539,1759.56957205263,248,4243,1145,3098
33,33,3,delayed_coordination,Delayed Coordination,118.297636054578,243.166243835072,1738.25654325466,268,4190,1180,3010
33,33,5,baseline,Baseline,124.189427074348,357.401105600908,2517.63038189174,104,2092,607,1485
33,33,5,early_mover,Early Mover,119.214875188275,260.334712654563,1785.3706922904,218,3983,1134,2849
33,33,5,sequential,Sequential,120.490979060846,249.118615986281,1667.50857968144,282,4295,1192,3103
33,33,5,coordinated,Coordinated,115.740411258082,254.819287164821,1793.07348934572,252,4220,1152,3068
33,33,5,delayed_coordination,Delayed Coordination,118.818173063701,250.232496948461,1715.05330712472,255,4144,1157,2987
33,33,7,baseline,Baseline,123.762908675973,362.336751358575,2526.69463339612,103,2064,620,1444
33,33,7,early_mover,Early Mover,119.412862561849,261.633130764903,1781.15584590097,251,4035,1137,2898
33,33,7,sequential,Sequential,120.920276672667,246.482702965053,1701.17629373173,266,4232,1228,3004
33,33,7,coordinated,Coordinated,116.059289603498,257.231016106872,1782.18976997464,250,4168,1165,3003
33,33,7,delayed_coordination,Delayed Coordination,120.785232187289,250.685675295928,1684.42993873777,265,4236,1192,3044
34,34,3,baseline,Baseline,125.994487705655,381.510832045976,2508.83278752306,111,2224,648,1576
34,34,3,early_mover,Early Mover,125.867890360102,259.301980729371,1729.58256345118,241,4475,1153,3322
34,34,3,sequential,Sequential,124.346080173691,248.019510687217,1666.27831163867,269,4565,1294,3271
34,34,3,coordinated,Coordinated,127.045036961522,229.797969716065,1639.45512078199,275,4664,1304,3360
34,34,3,delayed_coordination,Delayed Coordination,124.282963636451,255.616557093297,1662.32644562407,261,4623,1271,3352
34,34,5,baseline,Baseline,126.037768596746,381.451362974249,2507.78705760914,112,2224,648,1576
34,34,5,early_mover,Early Mover,129.640703242244,245.420724218592,1694.25929063948,269,4716,1123,3593
34,34,5,sequential,Sequential,128.955740538696,248.502981995967,1624.44980629283,281,4782,1239,3543
34,34,5,coordinated,Coordinated,131.569368736889,224.294586238702,1607.17909166184,280,4778,1296,3482
34,34,5,delayed_coordination,Delayed Coordination,127.901182034766,250.565852632208,1643.52912259674,281,4764,1216,3548
34,34,7,baseline,Baseline,126.236541026329,378.47621650156,2499.44567635197,117,2211,695,1516
34,34,7,early_mover,Early Mover,131.11992462138,248.891190633709,1654.53934720187,283,4757,1142,3615
34,34,7,sequential,Sequential,126.703642265006,249.539548804465,1627.73216913712,287,4684,1208,3476
34,34,7,coordinated,Coordinated,136.262389959128,220.482208753369,1553.14751909881,301,5028,1351,3677
34,34,7,delayed_coordination,Delayed Coordination,126.01291189801,247.863604498145,1637.74629026758,292,4747,1202,3545
35,35,3,baseline,Baseline,121.624045081351,328.98679968932,2465.94809754516,118,2357,477,1880
35,35,3,early_mover,Early Mover,116.059693432368,249.547093731358,1716.85981621863,260,4164,1102,3062
35,35,3,sequential,Sequential,111.23644859547,242.324840671497,1715.64946810782,256,4132,1113,3019
35,35,3,coordinated,Coordinated,116.435978592473,232.083047013961,1685.39537200609,250,4429,1109,3320
35,35,3,delayed_coordination,Delayed Coordination,113.790159351752,242.985846610086,1673.08214614509,275,4249,1144,3105
35,35,5,baseline,Baseline,122.203400557974,317.438713879936,2443.41639706945,125,2358,468,1890
35,35,5,early_mover,Early Mover,115.79921097368,239.623065940737,1772.31057094365,258,4203,1107,3096
35,35,5,sequential,Sequential,113.323299066658,233.785882690197,1706.23907204881,271,4334,1128,3206
35,35,5,coordinated,Coordinated,114.245101512383,241.18511374903,1680.26083587959,272,4443,1194,3249
35,35,5,delayed_coordination,Delayed Coordination,114.250876758107,237.532714064181,1682.79136241123,258,4363,1138,3225
35,35,7,baseline,Baseline,122.233111839531,316.883837565777,2442.434357886,125,2358,470,1888
35,35,7,early_mover,Early Mover,115.143650670587,243.267148437615,1747.95353931562,262,4113,1021,3092
35,35,7,sequential,Sequential,114.430608820559,236.497521974754,1673.91144017421,282,4246,1096,3150
35,35,7,coordinated,Coordinated,117.516813527745,220.313247332719,1610.7650534047,301,4616,1176,3440
35,35,7,delayed_coordination,Delayed Coordination,112.880992950866,239.151481839495,1738.95218829523,258,4130,1077,3053
36,36,3,baseline,Baseline,123.317043008366,367.199004804403,2411.42005880724,111,2463,483,1980
36,36,3,early_mover,Early Mover,121.283495092666,257.186345334202,1662.72396809709,265,4470,1192,3278
36,36,3,sequential,Sequential,116.648018362261,249.014912910095,1643.16589743526,257,4385,1254,3131
36,36,3,coordinated,Coordinated,110.05034012654,274.530199575093,1753.00555582866,232,4066,1203,2863
36,36,3,delayed_coordination,Delayed Coordination,116.48659785436,252.935361801465,1621.28175610756,264,4395,1274,3121
36,36,5,baseline,Baseline,123.181266346022,366.845130165577,2422.66650620485,122,2474,503,1971
36,36,5,early_mover,Early Mover,121.42783059204,266.670324149878,1705.73282346968,275,4406,1218,3188
36,36,5,sequential,Sequential,118.364351917689,249.895566546648,1651.02590492376,273,4391,1234,3157
36,36,5,coordinated,Coordinated,114.813338979095,255.925922826244,1689.28181872114,267,4295,1188,3107
36,36,5,delayed_coordination,Delayed Coordination,118.176270428458,247.128080847031,1614.44883872328,292,4364,1287,3077
36,36,7,baseline,Baseline,123.518376182144,366.338109370009,2416.03184470297,126,2493,507,1986
36,36,7,early_mover,Early Mover,122.828839578849,259.130157229432,1652.5841123773,280,4443,1188,3255
36,36,7,sequential,Sequential,119.113991994508,251.613350200793,1610.0881186162,284,4350,1199,3151
36,36,7,coordinated,Coordinated,116.19443718789,252.878180467944,1642.11473554623,283,4350,1212,3138
36,36,7,delayed_coordination,Delayed Coordination,119.666673339967,248.541728027601,1601.17109050927,278,4439,1222,3217
37,37,3,baseline,Baseline,120.744040265909,367.905442347676,2631.5526572825,71,1598,379,1219
37,37,3,early_mover,Early Mover,117.072453708052,273.941054006265,1951.99667971109,217,3688,934,2754
37,37,3,sequential,Sequential,115.400690523361,267.514257940614,1882.06250816376,229,3740,1009,2731
37,37,3,coordinated,Coordinated,113.743495791305,284.129911480048,1971.08834687482,214,3486,1017,2469
37,37,3,delayed_coordination,Delayed Coordination,116.468519499598,268.817220503643,1894.51372799009,234,3732,1019,2713
37,37,5,baseline,Baseline,120.995397386235,367.487287669611,2622.66849804464,73,1613,368,1245
37,37,5,early_mover,Early Mover,117.516855382807,275.443904869321,1946.33542987968,210,3677,968,2709
37,37,5,sequential,Sequential,115.410818834227,263.222249280135,1879.74183028804,231,3773,1035,2738
37,37,5,coordinated,Coordinated,116.744726998338,266.253992560534,1905.07836661321,228,3632,990,2642
37,37,5,delayed_coordination,Delayed Coordination,115.722756959546,268.851777891778,1883.33018653267,229,3738,1021,2717
37,37,7,baseline,Baseline,121.309193031251,367.220637891975,2618.67984401227,72,1633,386,1247
37,37,7,early_mover,Early Mover,115.74126060412,277.840642432579,1981.20836517185,224,3606,949,2657
37,37,7,sequential,Sequential,114.646970774231,270.287355935934,1907.80069242398,230,3695,1023,2672
37,37,7,coordinated,Coordinated,115.368705657938,277.538932094445,1953.85735009687,217,3540,1018,2522
37,37,7,delayed_coordination,Delayed Coordination,111.658824834725,272.698132490086,1931.40019031019,230,3640,975,2665
38,38,3,baseline,Baseline,127.331849570395,378.417920068008,2441.4231563587,100,2051,684,1367
38,38,3,early_mover,Early Mover,120.095447090041,302.878975063533,1826.88765732817,198,3491,1241,2250
38,38,3,sequential,Sequential,116.808960187913,297.760604538509,1797.94071886198,200,3435,1197,2238
38,38,3,coordinated,Coordinated,114.677688485874,304.093274580151,1851.75447913633,192,3315,1135,2180
38,38,3,delayed_coordination,Delayed Coordination,119.903964169176,295.801619522298,1769.80478796295,209,3493,1208,2285
38,38,5,baseline,Baseline,127.577206101062,377.630307914947,2433.66280019806,106,2075,698,1377
38,38,5,early_mover,Early Mover,119.566694187291,304.697612588866,1836.8599741115,212,3420,1203,2217
38,38,5,sequential,Sequential,120.661834630137,294.007586852754,1738.23570417538,237,3523,1251,2272
38,38,5,coordinated,Coordinated,119.402228955766,300.463825554451,1786.95600147747,226,3557,1214,2343
38,38,5,delayed_coordination,Delayed Coordination,121.793700416324,293.520116198464,1719.48065031468,229,3492,1221,2271
38,38,7,baseline,Baseline,127.087754064659,379.635092873861,2446.20437880033,104,2041,691,1350
38,38,7,early_mover,Early Mover,123.935478093674,300.184901018153,1758.943191264,232,3673,1252,2421
38,38,7,sequential,Sequential,119.977618193061,292.587318728281,1755.41212233278,222,3413,1231,2182
38,38,7,coordinated,Coordinated,118.926383386034,297.80307937,1769.78382256209,223,3533,1230,2303
38,38,7,delayed_coordination,Delayed Coordination,120.798663413656,293.187965981243,1769.71142351266,236,3668,1273,2395
39,39,3,baseline,Baseline,124.238566998532,347.692700627435,2390.66844943659,124,2531,466,2065
39,39,3,early_mover,Early Mover,111.252543526451,250.939217854015,1800.4607556622,230,4069,1139,2930
39,39,3,sequential,Sequential,107.430614205179,251.083752162079,1766.50800735805,194,3870,1110,2760
39,39,3,coordinated,Coordinated,110.178495393508,245.744001216046,1715.44451710214,261,4318,1061,3257
39,39,3,delayed_coordination,Delayed Coordination,108.648154439644,241.223653393451,1743.70054941768,244,4249,1134,3115
39,39,5,baseline,Baseline,124.09745148445,349.706748933333,2385.84488505604,123,2552,466,2086
39,39,5,early_mover,Early Mover,119.909524840907,233.170911049493,1643.64385712784,272,4687,1154,3533
39,39,5,sequential,Sequential,116.322213704427,225.906552974351,1616.97320868304,245,4579,1166,3413
39,39,5,coordinated,Coordinated,110.575180390509,238.942935561754,1700.12843147033,268,4379,1142,3237
39,39,5,delayed_coordination,Delayed Coordination,117.960073854653,221.598702585887,1590.82890869075,262,4631,1156,3475
39,39,7,baseline,Baseline,124.147340261686,348.393909154514,2388.28728326976,131,2565,468,2097
39,39,7,early_mover,Early Mover,117.743626380736,238.005599076447,1684.3858178344,257,4643,1133,3510
39,39,7,sequential,Sequential,117.377281119634,223.032343708427,1600.05143247775,270,4622,1131,3491
39,39,7,coordinated,Coordinated,111.126687953998,236.035945301566,1732.65281328862,264,4435,1115,3320
39,39,7,delayed_coordination,Delayed Coordination,116.17920639622,226.364802176811,1625.05460485969,272,4718,1195,3523
40,40,3,baseline,Baseline,123.061877892991,357.278522806109,2595.91745442896,90,1825,420,1405
40,40,3,early_mover,Early Mover,126.199040847494,257.271391698233,1739.33570678532,266,4309,1030,3279
40,40,3,sequential,Sequential,121.996070249451,249.885988388112,1691.90955100898,278,4321,1109,3212
40,40,3,coordinated,Coordinated,116.733879717843,244.56110446546,1787.09731191961,240,3932,934,2998
40,40,3,delayed_coordination,Delayed Coordination,121.507276067973,245.680992137989,1673.73487636963,268,4280,1061,3219
40,40,5,baseline,Baseline,123.819788928621,360.968161058056,2572.53020639491,95,1878,426,1452
40,40,5,early_mover,Early Mover,123.558538954213,254.059425718854,1758.80683192076,256,4087,958,3129
40,40,5,sequential,Sequential,119.501888572982,246.694804838266,1723.36709662898,258,4046,1044,3002
40,40,5,coordinated,Coordinated,117.25397593932,255.415351632177,1749.78919766207,268,3956,1007,2949
40,40,5,delayed_coordination,Delayed Coordination,118.667784344548,246.451859214319,1715.92837550753,269,4038,1009,3029
40,40,7,baseline,Baseline,123.535126119124,355.567460621276,2567.37776796867,93,1878,415,1463
40,40,7,early_mover,Early Mover,127.0272106504,252.265190331538,1709.38817108905,264,4349,1019,3330
40,40,7,sequential,Sequential,120.380886260179,253.763126276289,1670.34054669915,274,4352,1109,3243
40,40,7,coordinated,Coordinated,120.751952481311,248.086543491234,1728.48312587267,268,4252,1059,3193
40,40,7,delayed_coordination,Delayed Coordination,122.085236178622,248.477084984102,1673.22867026895,253,4230,1055,3175
41,41,3,baseline,Baseline,125.644025679908,367.733489580023,2524.48235543229,102,2124,484,1640
41,41,3,early_mover,Early Mover,125.530708393111,272.369042128417,1752.32291098415,248,4219,1064,3155
41,41,3,sequential,Sequential,121.798491450152,271.681919723166,1762.00845797647,249,4139,1052,3087
41,41,3,coordinated,Coordinated,121.184445227467,260.695410238285,1785.35863511221,229,4017,1149,2868
41,41,3,delayed_coordination,Delayed Coordination,121.227975233348,275.422411816579,1781.49996648431,237,4171,1035,3136
41,41,5,baseline,Baseline,125.096454364417,367.146473867274,2533.26219593657,102,2101,507,1594
41,41,5,early_mover,Early Mover,123.693398431525,271.863989755452,1804.42371158643,248,4190,1107,3083
41,41,5,sequential,Sequential,124.255493192566,266.847385300932,1754.61878242671,251,4140,1123,3017
41,41,5,coordinated,Coordinated,122.787220216572,263.213099143906,1817.09972701902,226,3994,1085,2909
41,41,5,delayed_coordination,Delayed Coordination,126.620298027422,254.126049837351,1666.65172719731,237,4241,1094,3147
41,41,7,baseline,Baseline,125.088993880442,372.931768977463,2537.55455774376,101,2089,476,1613
41,41,7,early_mover,Early Mover,125.282842737221,267.367544312035,1767.58117650165,251,4349,1136,3213
41,41,7,sequential,Sequential,122.647325766132,257.853511406672,1734.65933596264,246,4103,1127,2976
41,41,7,coordinated,Coordinated,123.654881188864,262.391034942747,1765.27359579027,260,4119,1136,2983
41,41,7,delayed_coordination,Delayed Coordination,126.23649122858,254.214419686191,1659.79402464557,268,4401,1140,3261
42,42,3,baseline,Baseline,126.973486819371,371.229838157859,2478.41657544159,111,2150,646,1504
42,42,3,early_mover,Early Mover,126.992636420698,244.950131969372,1671.96301106347,273,4429,1223,3206
42,42,3,sequential,Sequential,119.682141816572,246.66512426358,1688.61297423061,216,3868,1206,2662
42,42,3,coordinated,Coordinated,115.50739885887,289.491463473638,1838.50528257042,235,3573,1122,2451
42,42,3,delayed_coordination,Delayed Coordination,122.24499026411,247.733387529056,1675.120964115,250,4217,1261,2956
42,42,5,baseline,Baseline,127.504293027151,369.163174821464,2425.67829103309,115,2254,671,1583
42,42,5,early_mover,Early Mover,122.820473982711,253.376209787905,1751.76421075873,253,4137,1200,2937
42,42,5,sequential,Sequential,115.330968669979,263.746294467847,1816.74701582196,207,3634,1134,2500
42,42,5,coordinated,Coordinated,116.482259744511,276.406184943323,1870.23689866511,223,3647,1104,2543
42,42,5,delayed_coordination,Delayed Coordination,115.439342254392,254.931478989715,1814.58243044983,192,3671,1148,2523
42,42,7,baseline,Baseline,126.443059392307,377.037760395197,2459.81372551683,102,2204,635,1569
42,42,7,early_mover,Early Mover,122.515330993212,257.005657498007,1777.47642751077,231,4074,1109,2965
42,42,7,sequential,Sequential,116.834618629642,272.400765866645,1829.00947734334,219,3800,1136,2664
42,42,7,coordinated,Coordinated,116.777058045519,266.15417890991,1824.71017417708,223,3728,1093,2635
42,42,7,delayed_coordination,Delayed Coordination,120.176158397647,254.466159237714,1718.45300757284,243,3962,1146,2816
43,43,3,baseline,Baseline,122.023417483924,355.636237508543,2443.95686742506,107,2321,542,1779
43,43,3,early_mover,Early Mover,121.282048358713,245.440511814558,1628.74633132339,262,4555,1171,3384
43,43,3,sequential,Sequential,118.213475230289,230.540945206539,1599.16346577652,272,4565,1174,3391
43,43,3,coordinated,Coordinated,115.15171494665,250.657068362807,1680.94197757736,265,4397,1188,3209
43,43,3,delayed_coordination,Delayed Coordination,120.282643917316,227.868751160484,1578.97106080669,281,4624,1164,3460
43,43,5,baseline,Baseline,122.103532834207,354.874177332574,2431.87942593581,114,2383,577,1806
43,43,5,early_mover,Early Mover,119.711034198337,247.214783002907,1649.8527003769,284,4531,1193,3338
43,43,5,sequential,Sequential,118.713691408208,238.421491821186,1591.78894829012,285,4582,1285,3297
43,43,5,coordinated,Coordinated,116.872683544186,243.023285015984,1637.37106051674,281,4467,1201,3266
43,43,5,delayed_coordination,Delayed Coordination,117.154097627006,248.05779400645,1593.59500626329,283,4575,1201,3374
43,43,7,baseline,Baseline,122.095189365573,355.00931631245,2439.13403320736,112,2360,581,1779
43,43,7,early_mover,Early Mover,120.754163224402,253.457328102712,1659.17252572911,280,4541,1192,3349
43,43,7,sequential,Sequential,116.448515054419,239.979435909674,1624.51744026272,299,4482,1267,3215
43,43,7,coordinated,Coordinated,116.338958719415,237.067841223497,1665.64265847043,289,4498,1159,3339
43,43,7,delayed_coordination,Delayed Coordination,117.558564369161,242.046252588673,1599.25108337243,296,4385,1210,3175
44,44,3,baseline,Baseline,123.260291399862,368.429226747257,2537.89638928519,96,1971,535,1436
44,44,3,early_mover,Early Mover,118.548052323472,265.609514513683,1865.23742654041,216,3809,1023,2786
44,44,3,sequential,Sequential,114.302868137511,266.560710780603,1854.41774188929,234,3803,1066,2737
44,44,3,coordinated,Coordinated,116.001449851594,269.738634686334,1869.28355010812,225,3932,1132,2800
44,44,3,delayed_coordination,Delayed Coordination,114.182317002896,264.605676988535,1860.51468195409,217,3792,1033,2759
44,44,5,baseline,Baseline,124.299708475963,360.445373311897,2496.21071910777,108,2074,561,1513
44,44,5,early_mover,Early Mover,118.983745353967,272.136533593999,1845.73278599103,226,3753,1078,2675
44,44,5,sequential,Sequential,113.516670984987,268.239825726587,1847.81934951339,233,3712,1128,2584
44,44,5,coordinated,Coordinated,118.68321824962,257.963832083336,1771.51369862946,249,4071,1165,2906
44,44,5,delayed_coordination,Delayed Coordination,114.189259623171,270.576656354259,1839.77552023401,225,3728,1106,2622
44,44,7,baseline,Baseline,123.592514107812,363.887994043634,2517.59914796056,106,2031,539,1492
44,44,7,early_mover,Early Mover,121.680230103322,256.900750310522,1787.11446494818,252,4084,1097,2987
44,44,7,sequential,Sequential,119.874174754499,254.44855132408,1714.41633382462,266,4089,1156,2933
44,44,7,coordinated,Coordinated,114.879964403652,269.994254460001,1863.19351388464,254,3739,1095,2644
44,44,7,delayed_coordination,Delayed Coordination,121.015247254272,251.344385155585,1704.7088971697,264,4146,1152,2994
45,45,3,baseline,Baseline,124.537744828587,378.605511600521,2577.3958221315,90,1919,461,1458
45,45,3,early_mover,Early Mover,124.085694734914,268.853224585364,1731.78895869013,259,4420,1125,3295
45,45,3,sequential,Sequential,117.85941280354,264.173292465114,1722.45193891023,267,4293,1130,3163
45,45,3,coordinated,Coordinated,117.068218541007,272.690718599926,1735.2563980844,262,4263,1180,3083
45,45,3,delayed_coordination,Delayed Coordination,118.470816112175,262.212666735437,1701.89588349088,258,4388,1139,3249
45,45,5,baseline,Baseline,124.759221726618,378.385170862158,2569.29021130521,98,1979,480,1499
45,45,5,early_mover,Early Mover,121.637058915049,256.819313959445,1800.67429178137,248,4044,1138,2906
45,45,5,sequential,Sequential,116.190548729353,261.871110014759,1760.39661068923,247,4039,1134,2905
45,45,5,coordinated,Coordinated,114.600380634453,275.149191991674,1793.78494615451,260,4121,1142,2979
45,45,5,delayed_coordination,Delayed Coordination,118.472213599389,256.701461859219,1716.73780777395,261,4132,1142,2990
45,45,7,baseline,Baseline,124.679852753775,381.099935484293,2585.75597599096,92,1896,475,1421
45,45,7,early_mover,Early Mover,125.851537747217,273.994663237167,1760.36714256509,273,4404,1112,3292
45,45,7,sequential,Sequential,118.250435739527,271.124485780188,1745.5663065112,278,4305,1124,3181
45,45,7,coordinated,Coordinated,118.853108108505,257.539728056611,1706.43358021335,291,4312,1100,3212
45,45,7,delayed_coordination,Delayed Coordination,119.667986902682,267.413778963647,1743.67918793562,273,4326,1151,3175
46,46,3,baseline,Baseline,123.905080181683,368.278502810639,2510.47525460778,101,2035,525,1510
46,46,3,early_mover,Early Mover,118.701423465368,269.228635302843,1827.27350142216,230,3755,986,2769
46,46,3,sequential,Sequential,115.974639132128,251.927763724414,1769.45052710026,210,3747,1033,2714
46,46,3,coordinated,Coordinated,113.725188226236,290.908072094751,1882.43675181521,203,3739,1029,2710
46,46,3,delayed_coordination,Delayed Coordination,120.256404819276,254.470904550216,1729.58332833074,242,3957,1092,2865
46,46,5,baseline,Baseline,123.914326956905,368.616702472674,2520.61889905657,98,2038,527,1511
46,46,5,early_mover,Early Mover,121.010489945205,276.675703939022,1787.09841529763,246,4072,1017,3055
46,46,5,sequential,Sequential,121.816462086298,255.875952752415,1670.63567140728,275,4158,1129,3029
46,46,5,coordinated,Coordinated,114.351191599712,287.494123201867,1875.48425064708,225,3854,1084,2770
46,46,5,delayed_coordination,Delayed Coordination,120.144672595488,265.202443165473,1713.60005045532,263,4118,1120,2998
46,46,7,baseline,Baseline,123.924096482142,368.589895467046,2520.31898979841,100,2038,526,1512
46,46,7,early_mover,Early Mover,119.451257938685,275.448275389573,1817.9713851517,254,4078,1034,3044
46,46,7,sequential,Sequential,115.903362904153,275.39489850287,1780.71732166734,260,3916,1070,2846
46,46,7,coordinated,Coordinated,118.900872734654,278.992865422552,1806.42784481244,229,3920,1132,2788
46,46,7,delayed_coordination,Delayed Coordination,123.268540054343,257.381479395185,1708.09505339809,272,4208,1125,3083
47,47,3,baseline,Baseline,122.080096102298,342.60992594816,2514.41611884328,101,2078,553,1525
47,47,3,early_mover,Early Mover,122.003948228563,240.599109219524,1737.43723991241,260,4326,1062,3264
47,47,3,sequential,Sequential,119.868613626868,250.956897841536,1704.460494577,259,4295,1104,3191
47,47,3,coordinated,Coordinated,117.001653327388,248.749343462877,1769.28962853582,247,4187,1115,3072
47,47,3,delayed_coordination,Delayed Coordination,119.66877013217,241.708590308493,1667.61698822817,270,4391,1123,3268
47,47,5,baseline,Baseline,123.169355189242,337.108112885398,2485.14014823711,107,2125,550,1575
47,47,5,early_mover,Early Mover,127.142123964936,218.884634912414,1683.11292711107,271,4553,1111,3442
47,47,5,sequential,Sequential,125.45050841985,220.089112319239,1591.18173558539,292,4607,1195,3412
47,47,5,coordinated,Coordinated,118.509253516782,238.436662813351,1693.21702918893,266,4337,1149,3188
47,47,5,delayed_coordination,Delayed Coordination,126.060737500913,225.125576902314,1600.05676438774,278,4560,1158,3402
47,47,7,baseline,Baseline,123.907234333527,328.086081724342,2458.94967355461,117,2189,553,1636
47,47,7,early_mover,Early Mover,122.966918761944,241.766481319238,1742.62273007873,262,4378,1157,3221
47,47,7,sequential,Sequential,121.521627408654,236.467841593193,1664.7636046318,274,4436,1199,3237
47,47,7,coordinated,Coordinated,120.5219510573,234.533519461128,1675.63087049591,269,4354,1172,3182
47,47,7,delayed_coordination,Delayed Coordination,120.692189790915,242.436019523206,1679.95019617883,268,4398,1145,3253
48,48,3,baseline,Baseline,121.673967774316,382.208809621312,2611.37422064711,87,1755,589,1166
48,48,3,early_mover,Early Mover,119.441316548078,265.934284824179,1763.47351069311,251,3926,1123,2803
48,48,3,sequential,Sequential,116.36441060511,250.424342441162,1720.41727318018,222,3771,1139,2632
48,48,3,coordinated,Coordinated,116.818090361354,276.765283029473,1766.82729729296,233,3759,1104,2655
48,48,3,delayed_coordination,Delayed Coordination,114.512304852245,261.596028683613,1753.36854901617,243,3747,1088,2659
48,48,5,baseline,Baseline,122.10791954081,374.821510868769,2590.74409504504,90,1823,612,1211
48,48,5,early_mover,Early Mover,117.487549335315,267.020678157038,1807.81414657243,249,3959,1119,2840
48,48,5,sequential,Sequential,112.795557615179,277.644850793231,1812.63944758717,229,3718,1069,2649
48,48,5,coordinated,Coordinated,110.66989101277,294.723081361617,1903.6391212238,167,3279,976,2303
48,48,5,delayed_coordination,Delayed Coordination,115.944208266786,265.556975137101,1760.26607520725,241,3889,1094,2795
48,48,7,baseline,Baseline,121.862554813483,376.19892263232,2600.50399885245,86,1791,598,1193
48,48,7,early_mover,Early Mover,117.053493396369,268.243786172294,1805.55871728938,239,3709,1101,2608
48,48,7,sequential,Sequential,110.395687833499,287.460340843856,1842.59086435379,199,3315,1060,2255
48,48,7,coordinated,Coordinated,117.116210037427,289.08216932992,1762.20612525976,235,3610,998,2612
48,48,7,delayed_coordination,Delayed Coordination,115.186924562403,260.310221032843,1764.22671131639,218,3526,1046,2480
49,49,3,baseline,Baseline,126.043301752918,313.893730879985,2369.02247993693,119,2385,675,1710
49,49,3,early_mover,Early Mover,117.040363479118,271.433736165274,1865.00910133335,189,3543,1001,2542
49,49,3,sequential,Sequential,112.449397557316,255.778044458255,1845.54884453171,197,3584,1012,2572
49,49,3,coordinated,Coordinated,116.841962840858,251.777028413935,1776.01402953513,206,3874,1139,2735
49,49,3,delayed_coordination,Delayed Coordination,112.970969299593,262.294895958217,1840.44635047869,196,3612,1034,2578
49,49,5,baseline,Baseline,125.5455032382,315.655058958907,2404.0907749784,123,2309,647,1662
49,49,5,early_mover,Early Mover,118.178785206819,265.732453191793,1855.29890168288,206,3663,1056,2607
49,49,5,sequential,Sequential,114.307342994956,261.564893495406,1816.57155893332,196,3600,1070,2530
49,49,5,coordinated,Coordinated,113.965492017137,260.135717756227,1819.87194780833,220,3849,1114,2735
49,49,5,delayed_coordination,Delayed Coordination,113.974971560088,262.129885741438,1850.07633213151,201,3676,1076,2600
49,49,7,baseline,Baseline,125.440054292823,319.585730174978,2407.79540208282,120,2291,634,1657
49,49,7,early_mover,Early Mover,123.462753621921,233.101938115464,1724.94382747364,229,4041,1064,2977
49,49,7,sequential,Sequential,119.788120243297,237.091068318745,1709.81372234838,249,4119,1143,2976
49,49,7,coordinated,Coordinated,111.319504798489,256.652824638472,1840.1193163783,191,3554,1050,2504
49,49,7,delayed_coordination,Delayed Coordination,123.333913367735,226.788296189467,1641.16502678009,263,4222,1132,3090
50,50,3,baseline,Baseline,125.338507110255,343.949541517797,2520.89531469972,102,2116,601,1515
50,50,3,early_mover,Early Mover,117.383710191658,261.080528132588,1918.94611298092,214,3736,1175,2561
50,50,3,sequential,Sequential,117.680309749693,245.450959837524,1837.95982881128,233,3865,1207,2658
50,50,3,coordinated,Coordinated,120.109696160978,241.132888761293,1798.21977011898,232,4168,1201,2967
50,50,3,delayed_coordination,Delayed Coordination,117.038846841034,251.242622288542,1835.77457500411,221,3848,1151,2697
50,50,5,baseline,Baseline,126.293308402581,350.200206957506,2478.55805462828,111,2189,608,1581
50,50,5,early_mover,Early Mover,122.369788736546,239.172039261039,1808.3326537051,257,4066,1221,2845
50,50,5,sequential,Sequential,119.161743912052,236.019391218585,1790.88186547102,259,4015,1264,2751
50,50,5,coordinated,Coordinated,116.340295494206,247.015700788197,1887.65145963191,239,3854,1239,2615
50,50,5,delayed_coordination,Delayed Coordination,120.296298733159,229.332562238895,1761.0047411114,271,4058,1234,2824
50,50,7,baseline,Baseline,125.903502413997,350.927326262397,2495.60052671294,112,2166,630,1536
50,50,7,early_mover,Early Mover,120.697467852612,253.291798945404,1838.18131575696,242,3947,1220,2727
50,50,7,sequential,Sequential,118.435075765878,251.024104168516,1824.50417616689,235,3880,1213,2667
50,50,7,coordinated,Coordinated,116.551435463726,252.314701290185,1893.4335916937,228,3803,1207,2596
50,50,7,delayed_coordination,Delayed Coordination,118.641012484544,254.224877302495,1825.63346475752,233,3911,1251,2660
51,51,3,baseline,Baseline,121.760326499564,374.519554306499,2562.08996839752,99,2022,533,1489
51,51,3,early_mover,Early Mover,116.149693133376,248.934796483347,1887.53655650593,224,3956,1113,2843
51,51,3,sequential,Sequential,117.698373724604,222.610054472602,1738.99478889817,260,4231,1244,2987
51,51,3,coordinated,Coordinated,119.200668805863,237.388006515948,1729.00259268358,255,4244,1186,3058
51,51,3,delayed_coordination,Delayed Coordination,113.548516663914,243.184253520242,1826.71139278012,213,3928,1125,2803
51,51,5,baseline,Baseline,121.398304223386,381.822678488842,2567.41180017882,99,2018,549,1469
51,51,5,early_mover,Early Mover,115.664347949662,263.80541015241,1892.52175571234,230,3903,1097,2806
51,51,5,sequential,Sequential,114.466270368739,241.525264663135,1836.77265615292,233,3870,1118,2752
51,51,5,coordinated,Coordinated,123.500281056134,216.085908535556,1652.92152826777,291,4513,1215,3298
51,51,5,delayed_coordination,Delayed Coordination,114.856762525779,241.45308781169,1824.19115917075,249,3968,1114,2854
51,51,7,baseline,Baseline,121.841300101964,378.732913123241,2548.73521158361,107,2069,577,1492
51,51,7,early_mover,Early Mover,114.517900248088,264.151958322548,1934.85343770149,224,3821,1076,2745
51,51,7,sequential,Sequential,117.772214216614,238.651786538742,1787.54919847103,266,4075,1145,2930
51,51,7,coordinated,Coordinated,120.133921361044,235.566734107034,1695.58155203579,271,4274,1178,3096
51,51,7,delayed_coordination,Delayed Coordination,113.623954914589,246.147553144934,1855.5113634591,234,3887,1117,2770
52,52,3,baseline,Baseline,127.632069853349,369.167280183937,2454.51442984211,115,2288,545,1743
52,52,3,early_mover,Early Mover,118.333844934805,258.952001147235,1859.17661103597,219,3775,1057,2718
52,52,3,sequential,Sequential,113.745507325235,289.949956367306,1904.3545376922,195,3590,1118,2472
52,52,3,coordinated,Coordinated,111.230527201806,277.569143207375,1898.89235767911,186,3425,1020,2405
52,52,3,delayed_coordination,Delayed Coordination,112.292093216396,273.358521387263,1897.05633290625,212,3679,1031,2648
52,52,5,baseline,Baseline,127.705157333736,369.28361146561,2468.09164463911,114,2296,549,1747
52,52,5,early_mover,Early Mover,120.584459259205,266.316376094104,1873.87189393694,221,3904,1131,2773
52,52,5,sequential,Sequential,116.096765759717,276.410658426555,1873.11475983201,213,3760,1128,2632
52,52,5,coordinated,Coordinated,113.358121601418,283.298483816298,1894.52618187503,207,3461,1024,2437
52,52,5,delayed_coordination,Delayed Coordination,116.842997862579,267.227780335469,1848.08020132544,216,3800,1148,2652
52,52,7,baseline,Baseline,126.978331072546,372.538678127469,2475.46210710759,114,2271,537,1734
52,52,7,early_mover,Early Mover,123.782801406183,252.701062700197,1772.57331273179,234,3944,1144,2800
52,52,7,sequential,Sequential,113.301332084036,266.727671236582,1875.32736496071,196,3588,1062,2526
52,52,7,coordinated,Coordinated,115.480185471987,260.852299763887,1850.20488570153,210,3558,1057,2501
52,52,7,delayed_coordination,Delayed Coordination,119.98822632924,252.845987131708,1730.22226163254,231,3870,1133,2737
53,53,3,baseline,Baseline,121.604900908072,347.064434350218,2400.25874487282,112,2356,533,1823
53,53,3,early_mover,Early Mover,110.428720407994,267.282564082803,1849.9386317886,201,3587,1026,2561
53,53,3,sequential,Sequential,112.175314726086,256.782698435891,1752.72846142134,220,3809,1082,2727
53,53,3,coordinated,Coordinated,112.948908339653,242.336781514394,1723.94103353677,250,4239,1151,3088
53,53,3,delayed_coordination,Delayed Coordination,108.067365733659,261.789616187545,1831.35582935125,193,3662,1054,2608
53,53,5,baseline,Baseline,121.943142381239,346.688670172948,2387.7162702576,115,2381,575,1806
53,53,5,early_mover,Early Mover,116.335214380135,226.848272156861,1697.06174588647,272,4200,1098,3102
53,53,5,sequential,Sequential,116.744884164052,223.714161652761,1676.84573020927,267,4324,1140,3184
53,53,5,coordinated,Coordinated,115.721497113707,224.263263417752,1620.21595873503,282,4445,1124,3321
53,53,5,delayed_coordination,Delayed Coordination,114.349866929065,227.487918344182,1717.52722622941,256,4215,1102,3113
53,53,7,baseline,Baseline,122.900908409691,341.576802625598,2361.33963948449,124,2463,586,1877
53,53,7,early_mover,Early Mover,120.421175176053,225.741044978712,1629.76998441562,272,4389,1183,3206
53,53,7,sequential,Sequential,120.080819384294,214.545500339618,1543.25631632866,312,4552,1222,3330
53,53,7,coordinated,Coordinated,114.633471788778,238.676150702197,1714.54565150089,254,4102,1083,3019
53,53,7,delayed_coordination,Delayed Coordination,120.540697726414,213.959016338824,1562.70852666992,295,4540,1206,3334
54,54,3,baseline,Baseline,124.106847359619,364.670274076983,2545.39905994842,101,2063,672,1391
54,54,3,early_mover,Early Mover,120.986605794387,261.661070475299,1745.65766206816,258,4273,1175,3098
54,54,3,sequential,Sequential,115.630390227276,268.121512839179,1752.38090270849,234,4091,1182,2909
54,54,3,coordinated,Coordinated,112.028056639875,262.068556537082,1843.60101387775,190,3673,1101,2572
54,54,3,delayed_coordination,Delayed Coordination,116.25411470722,247.69304801701,1700.14044835014,271,4191,1182,3009
54,54,5,baseline,Baseline,124.588828871826,357.889736470548,2511.14128804655,113,2153,727,1426
54,54,5,early_mover,Early Mover,120.871824509912,254.731709865038,1747.5986111225,223,4182,1081,3101
54,54,5,sequential,Sequential,118.644488544794,237.566073085591,1611.62444097235,257,4345,1187,3158
54,54,5,coordinated,Coordinated,116.524304864817,253.116889969779,1710.49940989696,251,4093,1200,2893
54,54,5,delayed_coordination,Delayed Coordination,115.477175784629,245.861281822907,1696.54641224306,224,4100,1087,3013
54,54,7,baseline,Baseline,125.000866919998,358.049966493199,2509.10026783144,107,2164,753,1411
54,54,7,early_mover,Early Mover,116.659133210815,276.445588811469,1834.50490685915,240,3925,1102,2823
54,54,7,sequential,Sequential,111.630076750843,269.20545174925,1779.81701368962,239,3790,1131,2659
54,54,7,coordinated,Coordinated,121.926432883371,245.729411055927,1660.61897112132,268,4275,1253,3022
54,54,7,delayed_coordination,Delayed Coordination,114.681251392919,262.172671703518,1752.43942133359,233,3948,1160,2788
55,55,3,baseline,Baseline,125.119546356208,368.876226094014,2566.57369769598,95,1943,613,1330
55,55,3,early_mover,Early Mover,126.41218795354,239.830189922439,1627.65553722504,264,4228,1216,3012
55,55,3,sequential,Sequential,121.481668600519,248.072489644656,1641.0221248894,271,4293,1283,3010
55,55,3,coordinated,Coordinated,120.149795046888,260.340470388199,1686.96934449095,273,4195,1246,2949
55,55,3,delayed_coordination,Delayed Coordination,125.980246411753,235.722074786766,1569.04091734832,283,4446,1306,3140
55,55,5,baseline,Baseline,125.591206911265,364.572262315941,2522.15984650322,104,1997,650,1347
55,55,5,early_mover,Early Mover,124.731509417373,245.30085273305,1697.51207577012,255,4314,1277,3037
55,55,5,sequential,Sequential,123.231669913194,239.433389920727,1622.6802813665,290,4389,1321,3068
55,55,5,coordinated,Coordinated,121.796305420194,255.022661273267,1671.50833383638,280,4245,1252,2993
55,55,5,delayed_coordination,Delayed Coordination,123.831483757056,231.056643659542,1603.16694639628,279,4446,1291,3155
55,55,7,baseline,Baseline,125.545501978788,365.906942595382,2558.87024566845,102,1961,644,1317
55,55,7,early_mover,Early Mover,121.966379499951,247.404617694851,1728.00727590052,270,4276,1241,3035
55,55,7,sequential,Sequential,120.519530950355,238.280271044396,1668.15318009043,284,4287,1309,2978
55,55,7,coordinated,Coordinated,120.863795256534,242.467957863504,1647.75250704006,283,4213,1254,2959
55,55,7,delayed_coordination,Delayed Coordination,119.927696252531,242.733750267074,1665.81778468337,269,4355,1369,2986
56,56,3,baseline,Baseline,124.3461332003,365.955652779169,2462.15671527491,106,2275,608,1667
56,56,3,early_mover,Early Mover,113.475427369704,300.64830861123,1892.00480688781,220,3607,1128,2479
56,56,3,sequential,Sequential,105.485142501301,307.899176555505,1961.34670483083,178,3090,1051,2039
56,56,3,coordinated,Coordinated,105.684095892884,322.972368182817,2013.17712447565,186,3194,993,2201
56,56,3,delayed_coordination,Delayed Coordination,109.269908281547,292.930798809821,1844.28868128393,217,3541,1035,2506
56,56,5,baseline,Baseline,124.548312553382,363.304036232974,2442.58528145174,113,2297,621,1676
56,56,5,early_mover,Early Mover,111.997897749039,312.372828820699,1989.04784748551,194,3344,1121,2223
56,56,5,sequential,Sequential,107.163134035311,307.471100420889,1959.18151551147,183,3174,1077,2097
56,56,5,coordinated,Coordinated,106.757970279647,311.246412713022,1999.83402191748,186,3284,1048,2236
56,56,5,delayed_coordination,Delayed Coordination,107.198395392882,307.758264391766,1980.6193548954,180,3159,1058,2101
56,56,7,baseline,Baseline,124.344864149166,364.637549396555,2457.06588332787,113,2297,623,1674
56,56,7,early_mover,Early Mover,113.26334923118,313.464479514081,1961.37264247886,207,3495,1134,2361
56,56,7,sequential,Sequential,110.144660631033,302.686254290648,1841.43566242142,235,3455,1133,2322
56,56,7,coordinated,Coordinated,112.895058182054,303.85637598882,1871.49114366399,224,3588,1090,2498
56,56,7,delayed_coordination,Delayed Coordination,110.243402270713,303.071629241568,1879.57747949272,210,3484,1111,2373
57,57,3,baseline,Baseline,125.970079395001,382.585395620863,2480.16380121643,108,2293,464,1829
57,57,3,early_mover,Early Mover,124.529081484755,270.222700091911,1699.663511866,255,4382,1199,3183
57,57,3,sequential,Sequential,122.180326663767,230.584866051666,1625.75142340901,275,4341,1207,3134
57,57,3,coordinated,Coordinated,121.01954291495,263.583781333622,1695.88438156834,227,4274,1205,3069
57,57,3,delayed_coordination,Delayed Coordination,122.894899312842,247.733512023645,1624.27799671457,277,4414,1208,3206
57,57,5,baseline,Baseline,126.141976716695,381.660266349182,2474.53264964,115,2313,470,1843
57,57,5,early_mover,Early Mover,122.941740219548,278.534053895906,1760.65692771639,254,4208,1118,3090
57,57,5,sequential,Sequential,122.025885465516,249.206467415775,1662.28719807723,271,4328,1201,3127
57,57,5,coordinated,Coordinated,121.832098792421,248.401730422892,1685.10443028838,278,4360,1223,3137
57,57,5,delayed_coordination,Delayed Coordination,122.582490890687,260.659943171863,1641.2604203553,275,4399,1172,3227
57,57,7,baseline,Baseline,126.019046982315,380.692025761819,2474.68157305594,115,2321,460,1861
57,57,7,early_mover,Early Mover,126.931060290675,271.570133491462,1694.36905197589,272,4362,1191,3171
57,57,7,sequential,Sequential,126.660052534672,243.065446562992,1583.05125940875,297,4458,1253,3205
57,57,7,coordinated,Coordinated,123.312776283524,253.098315719908,1684.53805315117,275,4451,1247,3204
57,57,7,delayed_coordination,Delayed Coordination,123.512295148467,245.54639033679,1615.89297103305,277,4418,1238,3180
58,58,3,baseline,Baseline,125.333510861696,331.903030893433,2462.5165076472,106,2165,493,1672
58,58,3,early_mover,Early Mover,120.155148866671,238.764469937537,1671.87138184718,267,4340,1034,3306
58,58,3,sequential,Sequential,118.504849030864,229.429395457078,1593.28996741496,263,4344,1085,3259
58,58,3,coordinated,Coordinated,117.339547493107,238.784148291183,1678.26532996087,233,4044,1098,2946
58,58,3,delayed_coordination,Delayed Coordination,117.024047709635,220.311330010506,1602.35035678654,281,4392,1073,3319
58,58,5,baseline,Baseline,124.668455530396,347.798210249246,2480.97145333531,104,2125,462,1663
58,58,5,early_mover,Early Mover,122.231763887987,229.877834454465,1678.71945509008,248,4469,1047,3422
58,58,5,sequential,Sequential,120.455045289273,215.635157961391,1588.01780555195,262,4518,1139,3379
58,58,5,coordinated,Coordinated,120.287723720729,227.540364330766,1634.53927398229,273,4469,1083,3386
58,58,5,delayed_coordination,Delayed Coordination,119.745139411581,222.311045230974,1603.63629461614,270,4543,1149,3394
58,58,7,baseline,Baseline,125.42255913412,334.920700112076,2465.87359609939,109,2182,513,1669
58,58,7,early_mover,Early Mover,124.500407127291,233.031234689549,1671.05975546395,263,4527,1104,3423
58,58,7,sequential,Sequential,122.655364419698,214.132937731006,1594.54897524185,289,4536,1201,3335
58,58,7,coordinated,Coordinated,119.575890606541,227.154484850826,1627.26927340312,268,4345,1084,3261
58,58,7,delayed_coordination,Delayed Coordination,123.570060601522,213.283356432506,1583.68631746012,295,4587,1184,3403
59,59,3,baseline,Baseline,124.631566727724,345.309924988992,2354.85682015172,129,2522,578,1944
59,59,3,early_mover,Early Mover,122.216833482508,239.242510840728,1643.16359638264,279,4506,1339,3167
59,59,3,sequential,Sequential,121.132862542707,222.079588290918,1588.64525677191,270,4489,1403,3086
59,59,3,coordinated,Coordinated,116.755515985943,242.1302302308,1707.66328930287,256,4244,1360,2884
59,59,3,delayed_coordination,Delayed Coordination,120.607509190986,235.754354441292,1597.31466726824,270,4447,1371,3076
59,59,5,baseline,Baseline,123.239344067742,359.915174216756,2395.31713185643,122,2429,570,1859
59,59,5,early_mover,Early Mover,120.391921412271,242.112821428552,1691.60954701447,271,4279,1213,3066
59,59,5,sequential,Sequential,121.72493178895,215.695518544416,1575.0000839833,280,4274,1393,2881
59,59,5,coordinated,Coordinated,123.657947285998,231.601527693443,1608.13108066154,271,4324,1398,2926
59,59,5,delayed_coordination,Delayed Coordination,117.166351423763,222.68400029307,1610.24527216016,267,4252,1276,2976
59,59,7,baseline,Baseline,124.389896588916,356.671017794049,2374.48914815153,125,2494,614,1880
59,59,7,early_mover,Early Mover,122.060419574745,256.443338215371,1655.74666792149,280,4520,1271,3249
59,59,7,sequential,Sequential,119.589615314509,227.826960859198,1621.59391058162,284,4461,1322,3139
59,59,7,coordinated,Coordinated,122.136159575686,218.82727764364,1592.86209920966,288,4552,1366,3186
59,59,7,delayed_coordination,Delayed Coordination,118.927503892506,230.133220675451,1586.84761436295,305,4538,1280,3258
60,60,3,baseline,Baseline,121.106060987663,374.456024990866,2544.83718965259,105,2149,474,1675
60,60,3,early_mover,Early Mover,119.256651638719,252.828377651244,1727.31111717829,272,4318,1044,3274
60,60,3,sequential,Sequential,114.757297542978,274.891977671871,1736.21589224189,253,4211,1142,3069
60,60,3,coordinated,Coordinated,113.033124561296,277.860715419124,1768.94216428809,264,4237,1155,3082
60,60,3,delayed_coordination,Delayed Coordination,113.927178863747,259.612504360001,1725.77174568007,256,4220,1118,3102
60,60,5,baseline,Baseline,121.214190982886,374.836436712824,2552.32998897754,102,2118,472,1646
60,60,5,early_mover,Early Mover,119.076287779493,254.073908821125,1743.65934580523,264,4338,1090,3248
60,60,5,sequential,Sequential,117.118090229236,240.58929903968,1710.93865320481,267,4264,1187,3077
60,60,5,coordinated,Coordinated,108.633351454861,277.874183186816,1859.54649287938,214,3612,1009,2603
60,60,5,delayed_coordination,Delayed Coordination,113.790352326248,254.381429920142,1750.12639706244,252,4269,1158,3111
60,60,7,baseline,Baseline,122.030977708093,370.529567036488,2525.11662688836,107,2162,485,1677
60,60,7,early_mover,Early Mover,117.688417201146,257.817174535306,1763.02104317533,264,4252,1093,3159
60,60,7,sequential,Sequential,115.808785712333,246.800391862855,1695.7412524374,276,4336,1149,3187
60,60,7,coordinated,Coordinated,112.546077349738,270.553106800806,1790.98402927101,251,3939,1115,2824
60,60,7,delayed_coordination,Delayed Coordination,115.385756024634,245.841877537195,1727.3397091128,271,4146,1109,3037
61,61,3,baseline,Baseline,122.732331068317,344.890502195771,2378.32823040013,121,2644,505,2139
61,61,3,early_mover,Early Mover,122.401603565039,217.04767880601,1576.14527259914,284,4790,1156,3634
61,61,3,sequential,Sequential,119.309304012959,198.761549727643,1531.75796330418,266,4756,1271,3485
61,61,3,coordinated,Coordinated,117.525201407848,216.691450640625,1578.05317880802,275,4857,1312,3545
61,61,3,delayed_coordination,Delayed Coordination,122.674595756782,211.806968393673,1506.21327567624,301,4929,1330,3599
61,61,5,baseline,Baseline,123.06487274691,343.897694927733,2368.63974280316,126,2664,476,2188
61,61,5,early_mover,Early Mover,120.574431144819,232.65717165032,1602.06291744855,282,4863,1223,3640
61,61,5,sequential,Sequential,121.754074286549,213.897202291304,1532.86482026623,291,4968,1255,3713
61,61,5,coordinated,Coordinated,118.02703424633,218.706724476628,1608.4349795526,272,4741,1233,3508
61,61,5,delayed_coordination,Delayed Coordination,119.735079733688,231.76950765619,1563.99623538927,277,4898,1302,3596
61,61,7,baseline,Baseline,123.274926342432,342.554957382842,2362.58713238903,131,2664,481,2183
61,61,7,early_mover,Early Mover,118.085966958201,230.740368390245,1645.35365160262,281,4693,1140,3553
61,61,7,sequential,Sequential,118.051713628368,214.900425784895,1537.13260304013,298,4771,1245,3526
61,61,7,coordinated,Coordinated,116.480667328565,217.224656811507,1568.81663399469,312,4868,1313,3555
61,61,7,delayed_coordination,Delayed Coordination,117.416978830171,211.671103688919,1571.21833136337,300,4719,1218,3501
62,62,3,baseline,Baseline,125.257991362644,337.244802278302,2380.14116610423,118,2454,456,1998
62,62,3,early_mover,Early Mover,115.997634644406,278.577508930321,1817.09325331457,223,3937,995,2942
62,62,3,sequential,Sequential,110.972284008995,277.49249470852,1837.3837231448,195,3698,970,2728
62,62,3,coordinated,Coordinated,103.932922259914,300.114050943746,2023.45193835545,172,3242,854,2388
62,62,3,delayed_coordination,Delayed Coordination,113.412051271021,271.881631110285,1803.23190310181,216,3855,972,2883
62,62,5,baseline,Baseline,124.993593815148,337.484797323248,2390.89790928518,123,2460,484,1976
62,62,5,early_mover,Early Mover,121.082649305696,246.017157299307,1713.73881787054,239,4264,1085,3179
62,62,5,sequential,Sequential,117.74753891757,243.833918001976,1688.57221835314,245,4292,1081,3211
62,62,5,coordinated,Coordinated,114.342542613264,275.55860684426,1773.6650245062,255,4082,1052,3030
62,62,5,delayed_coordination,Delayed Coordination,117.080212524753,241.712116627199,1721.4720965591,244,4236,1099,3137
62,62,7,baseline,Baseline,124.956992660433,337.652929882701,2391.61987204936,120,2456,485,1971
62,62,7,early_mover,Early Mover,122.828802670697,220.501784498262,1677.77128705311,265,4502,1111,3391
62,62,7,sequential,Sequential,117.612290290782,213.156594357965,1678.84422050532,272,4474,1196,3278
62,62,7,coordinated,Coordinated,109.158664750382,289.532399297163,1871.82721436766,230,3700,961,2739
62,62,7,delayed_coordination,Delayed Coordination,120.967348688798,203.2226852653,1624.6638904437,282,4509,1143,3366
63,63,3,baseline,Baseline,122.515782788455,361.165160948078,2468.46996681343,108,2129,403,1726
63,63,3,early_mover,Early Mover,118.06942876285,231.911859622268,1674.73199453395,259,4334,1099,3235
63,63,3,sequential,Sequential,113.176523719556,219.654111999312,1641.61609567801,276,4397,1137,3260
63,63,3,coordinated,Coordinated,110.50173385593,245.853904195137,1827.34219462115,202,3833,1060,2773
63,63,3,delayed_coordination,Delayed Coordination,114.915501726064,226.768789055577,1647.20262408258,251,4227,1105,3122
63,63,5,baseline,Baseline,122.196611871315,360.991759284303,2481.09017600919,98,2086,381,1705
63,63,5,early_mover,Early Mover,115.660863454671,241.638999341479,1753.64985738232,259,4222,1044,3178
63,63,5,sequential,Sequential,114.62663564416,228.585332706094,1684.49712054997,265,4235,1107,3128
63,63,5,coordinated,Coordinated,115.398586237619,231.112916896744,1747.90046874112,259,4355,1145,3210
63,63,5,delayed_coordination,Delayed Coordination,116.695453301433,224.672695843958,1631.70835543757,286,4426,1105,3321
63,63,7,baseline,Baseline,122.32327745214,360.659509242325,2473.42520914017,103,2095,392,1703
63,63,7,early_mover,Early Mover,118.937006339048,221.499210759976,1645.02524420952,285,4428,1098,3330
63,63,7,sequential,Sequential,116.01923665396,219.8937460232,1667.06359825202,286,4356,1181,3175
63,63,7,coordinated,Coordinated,119.810194511498,226.834900030759,1625.03325754434,290,4510,1221,3289
63,63,7,delayed_coordination,Delayed Coordination,118.148985541676,212.886459668554,1632.77157685116,289,4503,1140,3363
64,64,3,baseline,Baseline,124.443276192883,375.578815061927,2488.88456197969,96,2048,669,1379
64,64,3,early_mover,Early Mover,122.284997940324,244.665555168527,1809.31856613866,225,3665,1062,2603
64,64,3,sequential,Sequential,120.974962741268,236.281104684148,1740.9768894717,235,3733,1123,2610
64,64,3,coordinated,Coordinated,111.683397448157,277.670657903546,2003.7315796811,186,3182,1054,2128
64,64,3,delayed_coordination,Delayed Coordination,118.945837967142,244.050138009688,1787.36830940667,220,3637,1076,2561
64,64,5,baseline,Baseline,125.442163520397,368.535873589824,2449.41737307218,102,2106,676,1430
64,64,5,early_mover,Early Mover,119.026670333063,264.561564768625,1872.10667172178,211,3413,1078,2335
64,64,5,sequential,Sequential,113.907181291304,264.934951611581,1863.09540051881,182,3201,1026,2175
64,64,5,coordinated,Coordinated,111.222730764318,273.989781744671,1928.56225727973,169,3073,992,2081
64,64,5,delayed_coordination,Delayed Coordination,113.195402101701,257.611496833967,1874.1737667825,180,3247,1001,2246
64,64,7,baseline,Baseline,126.297560218927,364.579386161052,2428.07216264792,117,2213,681,1532
64,64,7,early_mover,Early Mover,124.611743897627,241.117384424397,1723.76085678129,260,3970,1210,2760
64,64,7,sequential,Sequential,117.682361411881,246.525090275021,1790.91437015389,225,3616,1120,2496
64,64,7,coordinated,Coordinated,104.20910719773,297.888138083864,2116.5436063845,143,2544,902,1642
64,64,7,delayed_coordination,Delayed Coordination,120.337968563485,238.022512648691,1724.24549582736,222,3670,1126,2544
65,65,3,baseline,Baseline,123.134683489065,372.743305926183,2511.3483203871,93,1972,414,1558
65,65,3,early_mover,Early Mover,122.010194237783,241.200484541616,1672.2355816512,257,4336,1042,3294
65,65,3,sequential,Sequential,119.961466373795,226.156151434091,1599.23147139503,252,4340,1068,3272
65,65,3,coordinated,Coordinated,116.384201980985,226.550494560329,1639.77044709548,260,4104,1020,3084
65,65,3,delayed_coordination,Delayed Coordination,122.243786322079,230.600872456777,1551.62556273606,270,4504,1127,3377
65,65,5,baseline,Baseline,122.781354871532,391.278525139383,2531.45910782441,95,1949,384,1565
65,65,5,early_mover,Early Mover,122.011746617047,241.178460213714,1671.51768409484,260,4260,987,3273
65,65,5,sequential,Sequential,115.993674517108,250.507094019297,1640.35666670548,228,4019,1050,2969
65,65,5,coordinated,Coordinated,112.74113593715,261.278383571164,1730.95346352,211,3850,1014,2836
65,65,5,delayed_coordination,Delayed Coordination,121.123254944373,225.244075690062,1569.13201691359,261,4245,1067,3178
65,65,7,baseline,Baseline,123.623847723839,382.695384247846,2513.20804445852,100,1992,417,1575
65,65,7,early_mover,Early Mover,122.400801624253,230.667980619409,1643.47931657902,269,4228,934,3294
65,65,7,sequential,Sequential,118.776163078378,230.160319959627,1555.01669564429,286,4160,1003,3157
65,65,7,coordinated,Coordinated,115.837898166843,226.670254214626,1690.14147823539,256,3915,999,2916
65,65,7,delayed_coordination,Delayed Coordination,122.450383421787,221.553720007576,1517.52336973333,287,4378,1015,3363
66,66,3,baseline,Baseline,122.109417418061,345.277443132966,2453.76316116201,99,2164,570,1594
66,66,3,early_mover,Early Mover,125.856267171539,223.763315671364,1644.9974996356,259,4617,1194,3423
66,66,3,sequential,Sequential,120.357413835862,216.209639629545,1621.56116537985,265,4573,1175,3398
66,66,3,coordinated,Coordinated,118.97193002828,228.031825842679,1699.71812604169,252,4495,1339,3156
66,66,3,delayed_coordination,Delayed Coordination,125.373232557774,208.203881762901,1553.72510464026,272,4659,1230,3429
66,66,5,baseline,Baseline,122.122966190991,345.120175692554,2450.64675561296,103,2162,566,1596
66,66,5,early_mover,Early Mover,127.124098034739,207.231497125994,1603.09472799822,262,4689,1166,3523
66,66,5,sequential,Sequential,121.92110301393,201.687375357161,1562.48590571758,263,4567,1187,3380
66,66,5,coordinated,Coordinated,117.154961890565,224.133939248207,1698.15026011194,251,4344,1286,3058
66,66,5,delayed_coordination,Delayed Coordination,121.960460163706,206.100551406701,1581.85280638237,253,4651,1216,3435
66,66,7,baseline,Baseline,122.530818159147,344.709348455091,2441.81053306787,108,2191,598,1593
66,66,7,early_mover,Early Mover,121.93215303902,222.080375240618,1731.54270422794,242,4208,1169,3039
66,66,7,sequential,Sequential,119.002702922227,225.462610496243,1681.28446895283,250,4180,1206,2974
66,66,7,coordinated,Coordinated,120.476796481401,211.749126388032,1652.66393321934,261,4376,1299,3077
66,66,7,delayed_coordination,Delayed Coordination,115.924181436448,227.122802718921,1730.33126637982,224,4109,1215,2894
67,67,3,baseline,Baseline,122.349408768177,374.191970634746,2555.81548244742,97,2007,511,1496
67,67,3,early_mover,Early Mover,121.917652048453,265.970924556777,1780.65347121316,257,4308,1048,3260
67,67,3,sequential,Sequential,117.154412714854,265.814971052755,1731.68592062828,248,4332,1106,3226
67,67,3,coordinated,Coordinated,121.692000966311,242.701415113964,1661.25129529408,270,4507,1174,3333
67,67,3,delayed_coordination,Delayed Coordination,118.707778317346,261.51363057578,1706.3975864508,267,4391,1088,3303
67,67,5,baseline,Baseline,121.657265709083,384.258998914857,2572.88776075311,98,1934,490,1444
67,67,5,early_mover,Early Mover,124.986198788328,259.058313110903,1694.35935276499,262,4526,1003,3523
67,67,5,sequential,Sequential,121.832995142519,256.665282581532,1664.30971267448,266,4568,1151,3417
67,67,5,coordinated,Coordinated,120.838724649517,256.467572271376,1665.14071953581,267,4545,1148,3397
67,67,5,delayed_coordination,Delayed Coordination,123.540284202594,252.442424385809,1636.21350058687,274,4624,1104,3520
67,67,7,baseline,Baseline,121.687687231681,381.667691331083,2569.05546229163,101,1958,481,1477
67,67,7,early_mover,Early Mover,125.903938601389,258.348644042814,1684.77698804531,273,4578,968,3610
67,67,7,sequential,Sequential,121.92417871927,256.405426069798,1655.36577840856,274,4562,1065,3497
67,67,7,coordinated,Coordinated,124.402449220386,245.698638764814,1628.11014692809,284,4667,1169,3498
67,67,7,delayed_coordination,Delayed Coordination,121.814376127256,246.170907535929,1636.2704639091,277,4628,1062,3566
68,68,3,baseline,Baseline,124.681550782564,351.104404629588,2438.23556663703,118,2484,483,2001
68,68,3,early_mover,Early Mover,124.608791929313,246.901065796654,1628.24849885364,275,4755,1248,3507
68,68,3,sequential,Sequential,121.286786401739,238.669397409274,1554.20923189992,296,4774,1286,3488
68,68,3,coordinated,Coordinated,116.761965476984,244.437971108944,1635.6875149663,272,4548,1143,3405
68,68,3,delayed_coordination,Delayed Coordination,122.172608927483,233.448980184108,1564.52007437401,297,4830,1312,3518
68,68,5,baseline,Baseline,125.141755156698,349.851810072568,2429.36553911372,119,2489,472,2017
68,68,5,early_mover,Early Mover,124.550739554935,251.737392550284,1611.93864025057,280,4691,1253,3438
68,68,5,sequential,Sequential,123.37310611145,231.247553663818,1491.55251940278,310,4861,1338,3523
68,68,5,coordinated,Coordinated,119.815892743283,239.289405673708,1584.27438995856,304,4616,1256,3360
68,68,5,delayed_coordination,Delayed Coordination,123.613712783964,237.343654320367,1519.04069564245,278,4744,1343,3401
68,68,7,baseline,Baseline,125.404858070451,345.788009891773,2419.03979632396,123,2520,494,2026
68,68,7,early_mover,Early Mover,126.630827707736,237.551768775377,1584.1641688781,302,4820,1246,3574
68,68,7,sequential,Sequential,123.876292452247,231.667536933974,1518.9558903064,320,4889,1311,3578
68,68,7,coordinated,Coordinated,122.071244934805,233.75033363392,1522.84384314935,311,4942,1234,3708
68,68,7,delayed_coordination,Delayed Coordination,125.732545547512,225.12094324985,1502.90406464079,318,4935,1343,3592
69,69,3,baseline,Baseline,122.898281361665,346.086932667791,2431.51858032185,112,2406,570,1836
69,69,3,early_mover,Early Mover,120.100371500891,241.957536613279,1656.46530275612,251,4472,1109,3363
69,69,3,sequential,Sequential,120.655797537926,221.115540348855,1538.78740270498,269,4599,1158,3441
69,69,3,coordinated,Coordinated,118.807481900083,225.203501449698,1581.26617574407,265,4633,1159,3474
69,69,3,delayed_coordination,Delayed Coordination,117.344988785991,239.283089218566,1604.09940372878,242,4427,1115,3312
69,69,5,baseline,Baseline,123.322063383934,346.62292674835,2425.4033803533,127,2439,580,1859
69,69,5,early_mover,Early Mover,123.165771707948,232.738996172801,1573.44981533527,278,4821,1069,3752
69,69,5,sequential,Sequential,122.796348876555,218.407352624846,1503.89194006146,299,4884,1250,3634
69,69,5,coordinated,Coordinated,120.42638004997,221.414846213524,1534.069564103,301,4708,1147,3561
69,69,5,delayed_coordination,Delayed Coordination,123.608216098699,213.598536683638,1476.62069725131,301,4998,1255,3743
69,69,7,baseline,Baseline,123.389638128608,346.708360839964,2425.4314302685,127,2439,584,1855
69,69,7,early_mover,Early Mover,121.242115726488,233.460055802693,1605.13754263889,272,4638,1138,3500
69,69,7,sequential,Sequential,123.203211243051,222.782201855261,1513.19763618259,296,4862,1201,3661
69,69,7,coordinated,Coordinated,121.987583878359,231.489553602486,1535.7211030828,290,4646,1144,3502
69,69,7,delayed_coordination,Delayed Coordination,119.815342712303,224.621596627319,1550.05692422018,298,4736,1225,3511
70,70,3,baseline,Baseline,121.872344100625,330.407362548455,2473.08834310876,103,1950,678,1272
70,70,3,early_mover,Early Mover,120.062968247236,248.368694745376,1717.99500815067,255,4222,1082,3140
70,70,3,sequential,Sequential,120.45051288777,235.675275765433,1627.30594631684,278,4293,1095,3198
70,70,3,coordinated,Coordinated,120.90211805673,245.138192219065,1618.19818748424,253,4490,1113,3377
70,70,3,delayed_coordination,Delayed Coordination,119.3094027675,248.897253755052,1656.84737010737,261,4298,1119,3179
70,70,5,baseline,Baseline,121.629816127759,329.995175370353,2449.60797195475,106,1972,664,1308
70,70,5,early_mover,Early Mover,121.04581046694,263.481277471864,1729.4828193087,246,4229,1104,3125
70,70,5,sequential,Sequential,122.235171113188,240.744727142788,1603.08325310321,262,4448,1109,3339
70,70,5,coordinated,Coordinated,120.963562270862,245.468228202482,1622.73917314519,268,4466,1168,3298
70,70,5,delayed_coordination,Delayed Coordination,119.675684856777,257.849252669786,1644.86249430644,265,4319,1092,3227
70,70,7,baseline,Baseline,122.505103043595,333.706086577966,2453.13973240758,109,1987,694,1293
70,70,7,early_mover,Early Mover,119.238608383653,266.729473213331,1750.62277031669,239,4114,1106,3008
70,70,7,sequential,Sequential,115.720590260975,264.495149484357,1735.86050863145,234,3857,1111,2746
70,70,7,coordinated,Coordinated,116.758697066302,262.080079641828,1714.27920523377,248,4175,1106,3069
70,70,7,delayed_coordination,Delayed Coordination,117.502886659036,259.897382180606,1701.16347649195,259,4047,1069,2978
71,71,3,baseline,Baseline,123.949821484891,331.068357514712,2351.35523041022,117,2589,594,1995
71,71,3,early_mover,Early Mover,117.379587753993,250.194524716428,1717.14136606447,253,4456,1192,3264
71,71,3,sequential,Sequential,113.113663354404,260.02031453706,1715.43921987193,220,4137,1148,2989
71,71,3,coordinated,Coordinated,112.762985914018,244.475325637123,1672.67639397867,237,4416,1186,3230
71,71,3,delayed_coordination,Delayed Coordination,115.147841440344,250.401976003033,1673.970100932,250,4374,1158,3216
71,71,5,baseline,Baseline,124.296754707297,328.802696202771,2335.14366176455,127,2654,601,2053
71,71,5,early_mover,Early Mover,116.181907398361,246.5095957154,1687.66234531638,269,4562,1115,3447
71,71,5,sequential,Sequential,115.365927903123,240.337068098671,1629.96432080017,276,4593,1185,3408
71,71,5,coordinated,Coordinated,113.763160018685,251.245049140845,1672.6327370082,252,4472,1186,3286
71,71,5,delayed_coordination,Delayed Coordination,114.808284770339,245.609450613823,1634.65602922455,272,4548,1157,3391
71,71,7,baseline,Baseline,123.625153391206,334.827963922563,2357.42948045951,128,2571,598,1973
71,71,7,early_mover,Early Mover,117.536670369984,243.632385407344,1664.25923798058,274,4662,1148,3514
71,71,7,sequential,Sequential,115.530055722871,245.410640963562,1608.37530639503,275,4585,1172,3413
71,71,7,coordinated,Coordinated,116.939968041611,230.306389128892,1620.65050656087,278,4605,1170,3435
71,71,7,delayed_coordination,Delayed Coordination,118.045805137204,235.07854109875,1566.24238497716,276,4673,1152,3521
72,72,3,baseline,Baseline,124.260664054881,370.919172070774,2515.11072285595,107,2187,590,1597
72,72,3,early_mover,Early Mover,124.479604760389,261.248374555821,1687.54645238473,240,4398,1085,3313
72,72,3,sequential,Sequential,115.387055055278,251.304566510655,1722.55361821941,215,4094,1067,3027
72,72,3,coordinated,Coordinated,114.819667196414,259.001179233023,1792.21766741929,223,4011,1211,2800
72,72,3,delayed_coordination,Delayed Coordination,117.069003285391,254.524469979883,1667.347429933,219,4248,1110,3138
72,72,5,baseline,Baseline,123.584797435207,376.155450647838,2535.99596996849,103,2162,582,1580
72,72,5,early_mover,Early Mover,124.7464772581,253.296177823579,1683.66577095334,262,4462,1167,3295
72,72,5,sequential,Sequential,119.65042444625,250.397145603086,1689.54491917842,239,4252,1173,3079
72,72,5,coordinated,Coordinated,117.093646973037,252.692206352709,1741.46230083075,247,4132,1191,2941
72,72,5,delayed_coordination,Delayed Coordination,125.986881611313,230.91427920271,1573.43377971516,280,4624,1238,3386
72,72,7,baseline,Baseline,123.463002736129,376.140111881004,2532.04189505664,101,2169,574,1595
72,72,7,early_mover,Early Mover,121.589923683244,249.60635967769,1769.32706561062,239,4076,1136,2940
72,72,7,sequential,Sequential,120.507931389675,235.788753130551,1665.93323634708,274,4241,1231,3010
72,72,7,coordinated,Coordinated,115.414023696797,254.354019010104,1744.20088844948,250,4141,1272,2869
72,72,7,delayed_coordination,Delayed Coordination,124.76281202835,232.127518463546,1587.52589960034,287,4364,1194,3170
73,73,3,baseline,Baseline,125.311471610394,357.359466058726,2339.96333368304,134,2704,672,2032
73,73,3,early_mover,Early Mover,115.259556489699,282.947144327753,1784.90173659782,241,4225,1194,3031
73,73,3,sequential,Sequential,110.382077114915,285.517198269848,1796.49256246697,226,4126,1170,2956
73,73,3,coordinated,Coordinated,105.990508977971,302.941995176323,1917.50990581476,198,3834,1103,2731
73,73,3,delayed_coordination,Delayed Coordination,111.216357349361,283.871295168641,1761.84167062727,228,4109,1155,2954
73,73,5,baseline,Baseline,126.024905246215,334.647935943198,2294.32508591037,132,2742,673,2069
73,73,5,early_mover,Early Mover,112.749160830878,297.934587352743,1832.02477474257,220,4111,1178,2933
73,73,5,sequential,Sequential,112.624610178558,292.988455391795,1749.80720771118,242,4191,1194,2997
73,73,5,coordinated,Coordinated,110.426545872173,297.440245846922,1834.57329976914,230,4144,1212,2932
73,73,5,delayed_coordination,Delayed Coordination,110.346533794688,294.759345044677,1784.50371026527,225,4067,1142,2925
73,73,7,baseline,Baseline,125.910688988212,350.39280145171,2318.43943329736,155,2715,692,2023
73,73,7,early_mover,Early Mover,110.468368734827,297.573841110339,1907.39260217171,228,3777,1101,2676
73,73,7,sequential,Sequential,105.629964357717,296.041116609488,1903.98305296904,208,3625,1033,2592
73,73,7,coordinated,Coordinated,108.229729421279,299.130952481707,1887.87603210379,220,3900,1071,2829
73,73,7,delayed_coordination,Delayed Coordination,107.21651840144,293.397716812954,1877.24004390454,224,3817,1079,2738
74,74,3,baseline,Baseline,122.770231095585,380.906437948589,2580.17988136808,101,1961,591,1370
74,74,3,early_mover,Early Mover,119.740630254528,282.505750471596,1817.75859896255,253,4132,1044,3088
74,74,3,sequential,Sequential,119.677727315777,260.615300670903,1699.44140024027,254,4280,1098,3182
74,74,3,coordinated,Coordinated,116.731315774237,259.93389043851,1742.69729155657,269,4124,1164,2960
74,74,3,delayed_coordination,Delayed Coordination,116.567751265217,272.91244317998,1755.32501279626,244,4119,1029,3090
74,74,5,baseline,Baseline,122.640868227524,373.05173672127,2576.33988978672,102,1937,580,1357
74,74,5,early_mover,Early Mover,119.159447352433,265.799304058975,1821.21410115982,239,4030,1060,2970
74,74,5,sequential,Sequential,114.965716987655,280.634886594922,1834.48863632053,223,3796,1078,2718
74,74,5,coordinated,Coordinated,115.800899960006,266.405507850961,1761.52871761929,257,4014,1101,2913
74,74,5,delayed_coordination,Delayed Coordination,116.894240300503,258.815196512895,1754.61690310075,265,4177,1099,3078
74,74,7,baseline,Baseline,122.62804127437,372.770659150788,2583.83022886422,102,1906,600,1306
74,74,7,early_mover,Early Mover,121.660667188486,262.367756690914,1781.51759285855,236,3977,1048,2929
74,74,7,sequential,Sequential,117.784811496585,250.889981987771,1727.72342363039,267,4127,1153,2974
74,74,7,coordinated,Coordinated,115.062236879064,295.352010458279,1822.45788583054,248,4009,1134,2875
74,74,7,delayed_coordination,Delayed Coordination,117.081199560271,250.693716643649,1729.57869044756,253,4029,1086,2943
75,75,3,baseline,Baseline,122.428893615361,378.961587837195,2465.28939821291,95,2084,549,1535
75,75,3,early_mover,Early Mover,125.336455775683,264.974021339058,1678.66437870848,263,4337,1108,3229
75,75,3,sequential,Sequential,121.063863406933,252.27064657111,1612.10180754159,264,4299,1204,3095
75,75,3,coordinated,Coordinated,122.746211722073,248.66993837176,1587.96656534342,278,4545,1259,3286
75,75,3,delayed_coordination,Delayed Coordination,121.566893320422,259.183958779971,1614.63906850544,272,4392,1239,3153
75,75,5,baseline,Baseline,122.478907474524,378.871050383297,2463.92470325732,95,2068,540,1528
75,75,5,early_mover,Early Mover,122.866875941142,267.903413377595,1722.26892619659,253,4250,1167,3083
75,75,5,sequential,Sequential,120.882023214836,257.432772153442,1673.37815843491,247,4279,1299,2980
75,75,5,coordinated,Coordinated,120.963264749083,250.928504971317,1636.26074038922,274,4472,1269,3203
75,75,5,delayed_coordination,Delayed Coordination,118.155259356992,265.834557652931,1714.46067165169,248,4161,1258,2903
75,75,7,baseline,Baseline,122.477580325246,378.870257126248,2463.92823573128,96,2068,538,1530
75,75,7,early_mover,Early Mover,121.129526816305,274.987196750535,1790.39729890949,241,4094,1196,2898
75,75,7,sequential,Sequential,117.628882510255,267.56013372927,1741.96302694248,260,4123,1231,2892
75,75,7,coordinated,Coordinated,123.059752898213,256.078039115667,1624.12730107536,270,4598,1306,3292
75,75,7,delayed_coordination,Delayed Coordination,116.670869250081,266.444425240438,1744.36795648611,241,4074,1216,2858
76,76,3,baseline,Baseline,122.458438105644,370.251758467005,2514.10213988521,106,2160,544,1616
76,76,3,early_mover,Early Mover,123.975175804757,255.471953294069,1747.83984879491,262,4374,1063,3311
76,76,3,sequential,Sequential,121.408758156868,248.053916087659,1701.47233361404,262,4403,1130,3273
76,76,3,coordinated,Coordinated,116.764683838892,261.722721102918,1811.05769248468,232,4109,1117,2992
76,76,3,delayed_coordination,Delayed Coordination,122.314156277893,242.819555267329,1666.94137449133,265,4504,1131,3373
76,76,5,baseline,Baseline,122.80043810822,369.865741078293,2514.70602048922,111,2168,538,1630
76,76,5,early_mover,Early Mover,124.549906188658,256.242004410355,1752.85326149394,232,4239,1081,3158
76,76,5,sequential,Sequential,122.12276933359,236.633642546891,1690.04990770011,274,4413,1220,3193
76,76,5,coordinated,Coordinated,118.340395702227,249.785935552664,1769.9383073617,242,4213,1103,3110
76,76,5,delayed_coordination,Delayed Coordination,121.412009791184,246.036130185737,1710.47686711679,258,4362,1170,3192
76,76,7,baseline,Baseline,123.366713928538,365.347089458372,2491.80022849137,115,2212,570,1642
76,76,7,early_mover,Early Mover,126.395727305145,258.185897839311,1715.7907029089,284,4421,1115,3306
76,76,7,sequential,Sequential,121.01634589291,252.100367702312,1695.58038037593,264,4302,1107,3195
76,76,7,coordinated,Coordinated,122.495883700477,245.147733858375,1685.43400896573,279,4394,1188,3206
76,76,7,delayed_coordination,Delayed Coordination,122.390070299437,253.759613393398,1678.6545679136,278,4472,1150,3322
77,77,3,baseline,Baseline,122.191657378077,389.548402874753,2511.94800112767,101,2040,639,1401
77,77,3,early_mover,Early Mover,121.037410722813,269.662961905734,1725.33872663542,263,4374,1223,3151
77,77,3,sequential,Sequential,118.34692940517,270.186291841902,1716.16816172681,260,4286,1219,3067
77,77,3,coordinated,Coordinated,115.53528458033,294.650105680308,1805.96358577415,251,4085,1203,2882
77,77,3,delayed_coordination,Delayed Coordination,116.416071190629,272.804581119958,1711.60302352624,241,4249,1224,3025
77,77,5,baseline,Baseline,121.901483722514,392.186387077521,2516.25620815098,103,2039,650,1389
77,77,5,early_mover,Early Mover,119.916474797422,272.908426884408,1754.25377147935,249,4107,1255,2852
77,77,5,sequential,Sequential,116.828600706909,261.121181591774,1707.34151248969,265,4225,1276,2949
77,77,5,coordinated,Coordinated,117.091803515801,279.792829105799,1738.48218259523,262,4128,1290,2838
77,77,5,delayed_coordination,Delayed Coordination,117.478660511107,267.581746096083,1688.63161427554,243,4102,1293,2809
77,77,7,baseline,Baseline,122.063206819587,391.813315931882,2513.15435516191,102,2045,658,1387
77,77,7,early_mover,Early Mover,120.837800044047,277.013438856687,1724.50706996781,266,4278,1138,3140
77,77,7,sequential,Sequential,119.863028844666,261.279626972829,1647.03623646181,284,4320,1248,3072
77,77,7,coordinated,Coordinated,116.78822947563,285.021703419339,1726.81111114054,276,4154,1288,2866
77,77,7,delayed_coordination,Delayed Coordination,119.6389061641,261.643042724951,1660.87593028359,288,4296,1205,3091
78,78,3,baseline,Baseline,123.336675300572,365.407767019991,2449.94331233113,111,2377,506,1871
78,78,3,early_mover,Early Mover,110.677868555766,270.341337090151,1906.6836423022,237,3973,989,2984
78,78,3,sequential,Sequential,108.694143708058,277.111807156135,1874.55226311893,223,3932,1027,2905
78,78,3,coordinated,Coordinated,108.490491700545,270.011485247097,1889.68399937299,211,3935,1067,2868
78,78,3,delayed_coordination,Delayed Coordination,105.749529254862,279.009557915129,1905.09826703952,208,3852,988,2864
78,78,5,baseline,Baseline,122.292713842599,375.176698648158,2474.89887584027,110,2309,526,1783
78,78,5,early_mover,Early Mover,110.298864920898,280.754298949572,1921.40229813483,211,3889,942,2947
78,78,5,sequential,Sequential,109.169757964341,263.891327925144,1858.80779339974,229,3927,1033,2894
78,78,5,coordinated,Coordinated,107.443143456723,275.015893927078,1918.29123819748,209,3849,1016,2833
78,78,5,delayed_coordination,Delayed Coordination,107.289498837871,270.987470092865,1903.7072343462,225,3885,966,2919
78,78,7,baseline,Baseline,122.307445528324,375.078605850418,2474.41747135914,110,2309,526,1783
78,78,7,early_mover,Early Mover,111.481967606012,283.89653110763,1808.38971328225,236,3971,997,2974
78,78,7,sequential,Sequential,111.374097207851,256.897887457275,1751.70707060901,256,4017,1041,2976
78,78,7,coordinated,Coordinated,108.505509122084,281.700937819344,1882.29925812617,224,3907,1002,2905
78,78,7,delayed_coordination,Delayed Coordination,109.846334006989,263.591208048161,1780.81451950416,235,4046,1035,3011
79,79,3,baseline,Baseline,125.327742815685,374.293681618673,2562.92937353992,99,2012,594,1418
79,79,3,early_mover,Early Mover,120.411809247394,268.118741714355,1843.15694984072,212,3795,995,2800
79,79,3,sequential,Sequential,117.113750446193,265.726584882555,1790.60552786761,181,3687,1006,2681
79,79,3,coordinated,Coordinated,117.570459706902,257.276835375314,1766.7350967047,233,3742,976,2766
79,79,3,delayed_coordination,Delayed Coordination,117.978419700739,265.881537848675,1794.42791013429,208,3786,1004,2782
79,79,5,baseline,Baseline,125.260971645592,374.308676069199,2562.35197809865,100,2025,588,1437
79,79,5,early_mover,Early Mover,125.309451486144,248.460312169492,1706.0330333413,258,4270,1007,3263
79,79,5,sequential,Sequential,121.180137884685,236.435046127864,1676.14652240363,266,4120,1058,3062
79,79,5,coordinated,Coordinated,114.565942457785,254.578447080755,1807.120381079,236,3621,954,2667
79,79,5,delayed_coordination,Delayed Coordination,122.622100785428,237.754756968166,1661.18633867779,262,4264,1066,3198
79,79,7,baseline,Baseline,125.262704180155,374.310755781088,2562.33321865788,100,2025,587,1438
79,79,7,early_mover,Early Mover,124.841786808915,250.73591139418,1715.84196148323,261,4128,1012,3116
79,79,7,sequential,Sequential,118.446984872903,260.995065256619,1799.75250941351,232,3856,1021,2835
79,79,7,coordinated,Coordinated,118.174165797697,256.528394366238,1779.96351410178,246,3805,1015,2790
79,79,7,delayed_coordination,Delayed Coordination,121.886231998008,248.925274819305,1689.86461104688,266,4128,1030,3098
80,80,3,baseline,Baseline,121.932462209164,384.495110131558,2524.75106298462,92,1978,455,1523
80,80,3,early_mover,Early Mover,123.992612613162,240.104422479478,1654.42352117477,262,4396,1109,3287
80,80,3,sequential,Sequential,122.722383059441,233.257551753256,1621.27753204315,277,4478,1216,3262
80,80,3,coordinated,Coordinated,119.173567513624,257.945166883965,1668.34290562367,254,4489,1191,3298
80,80,3,delayed_coordination,Delayed Coordination,120.593472683458,237.963863347506,1595.62444087811,275,4456,1177,3279
80,80,5,baseline,Baseline,121.972860375058,382.804133630701,2522.68162372281,97,1995,453,1542
80,80,5,early_mover,Early Mover,122.905473660594,232.340824488814,1695.21965315084,255,4377,1141,3236
80,80,5,sequential,Sequential,123.844514338687,218.288763650782,1570.096301995,290,4407,1195,3212
80,80,5,coordinated,Coordinated,117.859334447418,247.458555426,1675.15544046987,286,4265,1109,3156
80,80,5,delayed_coordination,Delayed Coordination,123.30840460385,225.50102190121,1608.86515121727,282,4564,1209,3355
80,80,7,baseline,Baseline,122.447243750505,381.789542964855,2508.52913086086,96,2019,482,1537
80,80,7,early_mover,Early Mover,128.333742418495,215.580825817425,1605.58412335115,275,4504,1156,3348
80,80,7,sequential,Sequential,122.868703943871,222.675491599316,1603.25676484713,297,4450,1132,3318
80,80,7,coordinated,Coordinated,115.986445988696,253.182133334034,1703.5309714315,270,4253,1189,3064
80,80,7,delayed_coordination,Delayed Coordination,127.041020878841,211.895457636373,1548.77266217427,294,4624,1216,3408
81,81,3,baseline,Baseline,124.27490901196,369.772745080111,2580.88287985518,94,1971,380,1591
81,81,3,early_mover,Early Mover,123.803906225983,255.932491772674,1757.81215950962,254,4233,1243,2990
81,81,3,sequential,Sequential,118.779159608216,254.164977820108,1724.29798406906,237,4108,1275,2833
81,81,3,coordinated,Coordinated,116.389078100663,244.579258617317,1774.33532729052,240,3907,1142,2765
81,81,3,delayed_coordination,Delayed Coordination,120.824635571769,249.000407178629,1679.16034757032,264,4255,1324,2931
81,81,5,baseline,Baseline,124.161773878851,370.34615973172,2582.28795750304,85,1955,365,1590
81,81,5,early_mover,Early Mover,121.73153201101,252.687144474112,1764.42094185659,255,4283,1263,3020
81,81,5,sequential,Sequential,123.142398123877,227.923811916192,1621.08158893007,280,4342,1332,3010
81,81,5,coordinated,Coordinated,119.733439622608,250.450159947413,1755.89200617392,268,4199,1225,2974
81,81,5,delayed_coordination,Delayed Coordination,120.476079648951,232.919370694148,1671.65497800962,269,4341,1292,3049
81,81,7,baseline,Baseline,124.173185354175,370.322164619023,2581.83160551684,85,1955,365,1590
81,81,7,early_mover,Early Mover,125.895179150712,242.767959443691,1701.43489362979,275,4421,1284,3137
81,81,7,sequential,Sequential,124.941392918189,235.995202909676,1609.66532659351,280,4377,1284,3093
81,81,7,coordinated,Coordinated,118.938594339983,250.288191516511,1772.07750042918,268,4192,1221,2971
81,81,7,delayed_coordination,Delayed Coordination,124.724968797536,233.785507128798,1651.68073367399,292,4309,1247,3062
82,82,3,baseline,Baseline,125.094908463591,360.730680390723,2455.07278720458,108,2259,385,1874
82,82,3,early_mover,Early Mover,117.903008963119,249.553665881623,1716.36701560935,246,4227,1348,2879
82,82,3,sequential,Sequential,113.84207215959,254.781701771949,1738.58102911458,223,4066,1321,2745
82,82,3,coordinated,Coordinated,113.375738304424,278.479713529747,1790.87315871577,195,3903,1205,2698
82,82,3,delayed_coordination,Delayed Coordination,114.887040807574,245.08634861485,1695.11470384381,241,4224,1350,2874
82,82,5,baseline,Baseline,125.275086880404,360.585160139149,2446.88526520105,109,2295,395,1900
82,82,5,early_mover,Early Mover,125.761081021307,244.967196819033,1608.59264436694,264,4547,1343,3204
82,82,5,sequential,Sequential,119.615633476332,241.690484714168,1619.09073426534,261,4351,1382,2969
82,82,5,coordinated,Coordinated,116.757868476525,254.764155212225,1666.427240991,260,4305,1383,2922
82,82,5,delayed_coordination,Delayed Coordination,121.300086325233,234.351098655906,1575.84422251072,278,4574,1396,3178
82,82,7,baseline,Baseline,127.035246694371,358.573263088782,2412.41841287455,113,2412,416,1996
82,82,7,early_mover,Early Mover,122.884906679669,250.597354126301,1632.53180027943,268,4540,1270,3270
82,82,7,sequential,Sequential,122.409117224215,238.764344767355,1577.41284255213,286,4555,1313,3242
82,82,7,coordinated,Coordinated,119.509946865009,237.884628960646,1626.65591803129,269,4476,1407,3069
82,82,7,delayed_coordination,Delayed Coordination,121.974486253473,239.15677116694,1558.86812956634,285,4634,1311,3323
83,83,3,baseline,Baseline,123.73713638434,370.470841363849,2461.99329086518,108,2244,484,1760
83,83,3,early_mover,Early Mover,119.324040933625,273.263047014527,1763.9246184864,240,4330,995,3335
83,83,3,sequential,Sequential,118.833274809093,248.734789544969,1668.08970076511,256,4359,1095,3264
83,83,3,coordinated,Coordinated,114.430875812532,259.739330397609,1827.48182296444,220,3975,1003,2972
83,83,3,delayed_coordination,Delayed Coordination,118.7905376742,247.774486212367,1674.66935030237,230,4325,1056,3269
83,83,5,baseline,Baseline,123.277085500418,374.808632819193,2489.53603342903,105,2204,451,1753
83,83,5,early_mover,Early Mover,119.812118959156,278.975039932141,1743.96029265127,248,4337,1023,3314
83,83,5,sequential,Sequential,115.401405437056,262.020886962239,1722.68667198533,230,4108,1032,3076
83,83,5,coordinated,Coordinated,116.965407796333,257.535853746621,1799.99960788768,229,4045,953,3092
83,83,5,delayed_coordination,Delayed Coordination,118.533820892917,258.811480390935,1664.89361222929,228,4232,1046,3186
83,83,7,baseline,Baseline,123.241929874868,375.08775222975,2490.08692802237,102,2196,442,1754
83,83,7,early_mover,Early Mover,120.995927569176,274.682159888921,1730.36606435668,253,4239,1036,3203
83,83,7,sequential,Sequential,122.282816503989,238.911365308523,1621.9049321479,275,4380,1148,3232
83,83,7,coordinated,Coordinated,115.91849507556,250.391467425688,1803.52599506131,232,4030,998,3032
83,83,7,delayed_coordination,Delayed Coordination,120.540283223589,249.994010845088,1633.61728311097,259,4352,1064,3288
84,84,3,baseline,Baseline,121.975680706552,386.806560886253,2501.72450472962,89,1829,501,1328
84,84,3,early_mover,Early Mover,114.808354107959,318.542957374564,1928.3545475552,216,3584,947,2637
84,84,3,sequential,Sequential,118.62006179628,243.909088861698,1704.37317305986,240,3756,1100,2656
84,84,3,coordinated,Coordinated,119.791552685503,242.16476228682,1727.89924936639,254,4063,1127,2936
84,84,3,delayed_coordination,Delayed Coordination,117.051428543943,251.368952688843,1707.7444857131,252,3775,1051,2724
84,84,5,baseline,Baseline,122.382220403805,384.611755633274,2494.95503142493,93,1825,511,1314
84,84,5,early_mover,Early Mover,117.21895041423,316.082448204883,1868.39739433735,224,3617,959,2658
84,84,5,sequential,Sequential,120.188427497743,250.72101037405,1644.19551378063,269,3838,1074,2764
84,84,5,coordinated,Coordinated,119.252591706526,234.376769025243,1726.51741873969,261,4094,1166,2928
84,84,5,delayed_coordination,Delayed Coordination,120.876587352197,236.476250096146,1641.63974349926,259,3890,1092,2798
84,84,7,baseline,Baseline,123.290604097782,384.503415219675,2479.8339575593,99,1875,504,1371
84,84,7,early_mover,Early Mover,116.232783828103,315.951181465795,1873.68586880147,232,3667,987,2680
84,84,7,sequential,Sequential,118.571329014408,257.654023521071,1715.57337880149,259,3801,1096,2705
84,84,7,coordinated,Coordinated,118.084244694403,232.14675023614,1718.5302800077,266,4015,1127,2888
84,84,7,delayed_coordination,Delayed Coordination,120.501939078753,240.425241526032,1635.9446009387,275,3978,1085,2893
85,85,3,baseline,Baseline,123.599842302006,340.633326498341,2442.36685399901,113,2268,566,1702
85,85,3,early_mover,Early Mover,112.293790131356,256.78309389877,1919.47020469264,201,3575,978,2597
85,85,3,sequential,Sequential,108.669426016573,258.763248817667,1898.82907759904,195,3462,970,2492
85,85,3,coordinated,Coordinated,111.747523942022,265.623122922175,1874.14725335668,218,3847,1078,2769
85,85,3,delayed_coordination,Delayed Coordination,108.133714137301,258.054415307238,1906.30628481894,181,3464,954,2510
85,85,5,baseline,Baseline,124.930595785233,337.809753779667,2437.627732152,121,2308,573,1735
85,85,5,early_mover,Early Mover,116.60315494339,243.743631689583,1804.5778050273,252,4046,1123,2923
85,85,5,sequential,Sequential,111.61653658344,242.486360254581,1796.3174471505,212,3823,1092,2731
85,85,5,coordinated,Coordinated,113.701984594612,247.813823363454,1788.16898622516,226,3982,1155,2827
85,85,5,delayed_coordination,Delayed Coordination,113.404827815671,239.753015897196,1771.40098086807,237,3969,1132,2837
85,85,7,baseline,Baseline,123.800045344822,339.844654040929,2458.61181294931,114,2239,556,1683
85,85,7,early_mover,Early Mover,118.118697720262,252.750417742004,1797.61151974465,240,4064,1202,2862
85,85,7,sequential,Sequential,112.606246450778,249.372179193593,1800.14559535831,239,3817,1095,2722
85,85,7,coordinated,Coordinated,107.739654422672,266.305630587367,1977.6384663353,218,3421,1027,2394
85,85,7,delayed_coordination,Delayed Coordination,116.077275183166,249.832798644499,1754.9444225338,235,4090,1165,2925
86,86,3,baseline,Baseline,124.690062398858,416.10714531845,2621.30469065907,79,1692,428,1264
86,86,3,early_mover,Early Mover,121.832184664929,324.725254028179,1880.86730021712,243,3863,1023,2840
86,86,3,sequential,Sequential,116.086310092528,312.257908980852,1878.80504583329,219,3652,1019,2633
86,86,3,coordinated,Coordinated,116.044452769205,297.896155228342,1855.75758398852,226,3689,1116,2573
86,86,3,delayed_coordination,Delayed Coordination,118.07510206079,307.863017149186,1840.4174287044,212,3685,1033,2652
86,86,5,baseline,Baseline,124.489326992393,413.496681892735,2632.63421941163,85,1666,416,1250
86,86,5,early_mover,Early Mover,120.508677469624,287.673103918755,1852.5623068583,255,3706,1018,2688
86,86,5,sequential,Sequential,114.378213505845,306.915276999738,1870.09412685431,236,3605,1043,2562
86,86,5,coordinated,Coordinated,112.953924867774,317.351337305861,1935.94525204525,211,3536,1003,2533
86,86,5,delayed_coordination,Delayed Coordination,117.313058208177,279.194073839854,1810.10887712686,251,3716,1024,2692
86,86,7,baseline,Baseline,125.180261459285,412.075478507955,2626.61853347934,85,1704,422,1282
86,86,7,early_mover,Early Mover,118.450572205353,292.62886935867,1877.82404527873,243,3799,1020,2779
86,86,7,sequential,Sequential,115.054378772874,308.15024325996,1886.85895139434,242,3712,1008,2704
86,86,7,coordinated,Coordinated,112.580888969187,322.895269803198,1966.50552063258,213,3507,1014,2493
86,86,7,delayed_coordination,Delayed Coordination,114.396817163322,278.640657394543,1810.66719603899,247,3807,1043,2764
87,87,3,baseline,Baseline,121.385126674654,400.480006409565,2679.86493604967,70,1354,503,851
87,87,3,early_mover,Early Mover,116.596237305517,283.049635708081,1975.35900932947,212,3283,1042,2241
87,87,3,sequential,Sequential,114.198853087733,290.644410948988,1943.01665575803,208,3300,1112,2188
87,87,3,coordinated,Coordinated,113.344887270918,310.443014097744,2044.08435959959,198,3154,1105,2049
87,87,3,delayed_coordination,Delayed Coordination,116.656176137126,252.892414897382,1831.35404549288,235,3331,1124,2207
87,87,5,baseline,Baseline,121.418985134136,400.783435125497,2682.01457983065,67,1341,496,845
87,87,5,early_mover,Early Mover,116.484705234245,291.181586591661,2044.59502613979,206,3185,992,2193
87,87,5,sequential,Sequential,118.451980962751,264.274392986887,1852.99917589119,240,3418,1121,2297
87,87,5,coordinated,Coordinated,119.084427098475,252.215737383037,1826.42131367927,245,3670,1116,2554
87,87,5,delayed_coordination,Delayed Coordination,116.063293359614,277.580719447846,1890.79433790262,237,3339,1080,2259
87,87,7,baseline,Baseline,121.943322250572,399.805951104283,2663.57124059054,78,1406,529,877
87,87,7,early_mover,Early Mover,118.063561404479,291.816461378235,1986.92827292805,207,3398,1021,2377
87,87,7,sequential,Sequential,119.014870046299,267.966687087749,1820.93041181892,254,3624,1122,2502
87,87,7,coordinated,Coordinated,115.750269754641,287.576618406949,1936.65817226975,212,3417,1070,2347
87,87,7,delayed_coordination,Delayed Coordination,116.270127999697,291.362998087108,1963.33706107271,213,3368,1041,2327
88,88,3,baseline,Baseline,123.380473988576,368.402086041126,2524.1766554005,90,1986,636,1350
88,88,3,early_mover,Early Mover,119.989414155029,272.171905830675,1818.63834566747,241,3969,1188,2781
88,88,3,sequential,Sequential,113.751211437645,264.034521880798,1864.22343664323,206,3643,1140,2503
88,88,3,coordinated,Coordinated,115.082824547891,274.341856384862,1864.39739630518,236,3938,1286,2652
88,88,3,delayed_coordination,Delayed Coordination,115.054837463363,265.53207113124,1764.59336703407,234,3970,1188,2782
88,88,5,baseline,Baseline,123.358877201516,368.297700493625,2524.95541174584,89,1968,619,1349
88,88,5,early_mover,Early Mover,114.031610897692,276.888773470224,1965.48059575698,196,3456,1073,2383
88,88,5,sequential,Sequential,113.983653932627,269.448411783347,1863.76629384124,224,3636,1119,2517
88,88,5,coordinated,Coordinated,113.444971166613,263.265372421963,1889.90702474254,218,3706,1181,2525
88,88,5,delayed_coordination,Delayed Coordination,111.761516751929,269.222459995245,1913.48024227011,200,3460,1058,2402
88,88,7,baseline,Baseline,123.539080140392,367.105695769803,2518.61848025155,96,1996,635,1361
88,88,7,early_mover,Early Mover,114.896994236004,271.245510311231,1977.27593824619,198,3511,1074,2437
88,88,7,sequential,Sequential,113.188481587657,260.62617388768,1887.07327439519,219,3539,1106,2433
88,88,7,coordinated,Coordinated,119.980597061736,263.112625273365,1755.94327602934,266,3921,1276,2645
88,88,7,delayed_coordination,Delayed Coordination,113.835404264897,267.824327945889,1876.64886860203,216,3520,1103,2417
89,89,3,baseline,Baseline,124.738744073471,353.912719357491,2390.52729956004,117,2330,587,1743
89,89,3,early_mover,Early Mover,114.800408901531,278.60212280785,1797.04465174217,228,4031,1223,2808
89,89,3,sequential,Sequential,110.801625164646,264.268016149251,1755.5882985494,210,3927,1161,2766
89,89,3,coordinated,Coordinated,112.895411388828,265.250855085719,1760.93715499883,214,4051,1217,2834
89,89,3,delayed_coordination,Delayed Coordination,112.592219705184,268.426119173767,1768.88466601431,231,3948,1167,2781
89,89,5,baseline,Baseline,125.161425539448,358.03341690049,2385.98506582655,116,2333,582,1751
89,89,5,early_mover,Early Mover,116.716458042325,274.525996139353,1746.14412742244,246,4049,1178,2871
89,89,5,sequential,Sequential,110.24191083062,271.766615959005,1786.59818672074,245,3915,1166,2749
89,89,5,coordinated,Coordinated,117.589876045476,251.509526716823,1630.2091001369,264,4465,1319,3146
89,89,5,delayed_coordination,Delayed Coordination,114.887495579205,261.393378953821,1658.7084070735,253,4164,1204,2960
89,89,7,baseline,Baseline,125.047634474133,357.975175378865,2386.18993305691,115,2332,595,1737
89,89,7,early_mover,Early Mover,118.467946535203,269.149955686312,1721.44105205595,265,4188,1168,3020
89,89,7,sequential,Sequential,115.708183884384,259.347232178768,1649.51042010626,251,4095,1172,2923
89,89,7,coordinated,Coordinated,117.266199653452,258.055607726502,1648.15286002823,262,4363,1223,3140
89,89,7,delayed_coordination,Delayed Coordination,112.874402757797,258.879985946788,1675.76523282925,259,4083,1162,2921
90,90,3,baseline,Baseline,125.314191128814,387.000010243003,2569.79800089118,101,2098,558,1540
90,90,3,early_mover,Early Mover,126.931753939827,264.044924574098,1683.31955401481,258,4356,1191,3165
90,90,3,sequential,Sequential,120.700977111779,249.900907379922,1659.33849525413,273,4269,1157,3112
90,90,3,coordinated,Coordinated,118.942694643571,270.881590582984,1725.52784069243,256,4161,1113,3048
90,90,3,delayed_coordination,Delayed Coordination,121.193781731325,240.606600127614,1650.94631319552,257,4310,1183,3127
90,90,5,baseline,Baseline,125.150602127758,390.122755307945,2574.01700730986,98,2086,538,1548
90,90,5,early_mover,Early Mover,124.239326338134,266.600517423875,1710.70362263743,259,4252,1196,3056
90,90,5,sequential,Sequential,119.480686348954,262.615430948095,1720.18554878778,253,4058,1213,2845
90,90,5,coordinated,Coordinated,117.192362506359,275.785903016914,1754.75972897463,244,4078,1111,2967
90,90,5,delayed_coordination,Delayed Coordination,121.35873355395,257.200875854643,1674.43084872795,257,4223,1118,3105
90,90,7,baseline,Baseline,125.296079013719,387.148016000432,2567.02577157631,103,2095,544,1551
90,90,7,early_mover,Early Mover,125.599683805209,269.81538179007,1719.81027857986,268,4270,1210,3060
90,90,7,sequential,Sequential,122.0372186165,243.072965469764,1647.55877442212,280,4243,1195,3048
90,90,7,coordinated,Coordinated,118.771274563399,262.250247739867,1726.09093642428,242,4011,1083,2928
90,90,7,delayed_coordination,Delayed Coordination,122.948764555366,248.808687760966,1646.13974395951,264,4168,1197,2971
91,91,3,baseline,Baseline,123.269471216233,376.119790992056,2605.6229849839,100,2023,686,1337
91,91,3,early_mover,Early Mover,126.124064185668,271.656162494535,1806.6901408565,259,4483,1103,3380
91,91,3,sequential,Sequential,124.620666148127,259.681679545417,1742.46942501777,265,4507,1208,3299
91,91,3,coordinated,Coordinated,119.204503633884,270.934590627654,1832.50996274344,245,4105,1153,2952
91,91,3,delayed_coordination,Delayed Coordination,124.221247092112,265.406119014211,1746.23089993612,261,4446,1147,3299
91,91,5,baseline,Baseline,124.366945692891,371.848259915583,2595.42635025199,108,2088,709,1379
91,91,5,early_mover,Early Mover,126.634088426912,273.859540158338,1794.83346469723,253,4387,1147,3240
91,91,5,sequential,Sequential,122.287923845656,269.80426376753,1776.27555815364,258,4300,1187,3113
91,91,5,coordinated,Coordinated,127.917300854519,249.281860590835,1674.65648671362,283,4688,1240,3448
91,91,5,delayed_coordination,Delayed Coordination,122.701632593721,272.535787677571,1777.25667636975,247,4270,1161,3109
91,91,7,baseline,Baseline,123.714131649057,371.157366686032,2605.23854421864,104,2048,685,1363
91,91,7,early_mover,Early Mover,128.507881891012,263.835391609916,1749.95865972095,260,4597,1160,3437
91,91,7,sequential,Sequential,126.187761470286,261.628239152684,1681.67756837602,287,4616,1218,3398
91,91,7,coordinated,Coordinated,123.826683230748,257.098119057689,1741.60408508731,250,4228,1190,3038
91,91,7,delayed_coordination,Delayed Coordination,125.980725086096,265.874278070775,1705.38191675919,276,4601,1205,3396
92,92,3,baseline,Baseline,123.316544785061,342.03625715429,2354.67656352727,102,2250,466,1784
92,92,3,early_mover,Early Mover,118.894012826081,224.412282186833,1665.30516949076,238,4190,1034,3156
92,92,3,sequential,Sequential,116.814518787441,220.078664415803,1620.15346194002,213,3924,1037,2887
92,92,3,coordinated,Coordinated,108.736442777514,247.300074845447,1786.70469469954,217,3583,945,2638
92,92,3,delayed_coordination,Delayed Coordination,118.503338214957,208.03891097267,1577.28496495162,245,4122,1056,3066
92,92,5,baseline,Baseline,122.459361623281,345.426779138657,2383.87147088819,98,2129,432,1697
92,92,5,early_mover,Early Mover,117.543807657152,237.114203708288,1752.80308157758,226,3916,874,3042
92,92,5,sequential,Sequential,114.865131649842,228.92869311577,1704.99198742511,235,3953,930,3023
92,92,5,coordinated,Coordinated,111.109592143295,242.718280729803,1737.39158084432,225,3855,940,2915
92,92,5,delayed_coordination,Delayed Coordination,115.996701026231,225.519572343309,1689.63613832408,222,4006,909,3097
92,92,7,baseline,Baseline,122.785421548034,345.621202866208,2375.33357147158,97,2147,437,1710
92,92,7,early_mover,Early Mover,113.242453877922,248.660740971468,1798.78556372706,220,3753,877,2876
92,92,7,sequential,Sequential,111.156026639874,234.791601716244,1736.53013344139,221,3734,933,2801
92,92,7,coordinated,Coordinated,108.488742822199,241.834790932663,1832.39481366541,209,3542,843,2699
92,92,7,delayed_coordination,Delayed Coordination,110.540253701353,243.313588851382,1769.46778479798,206,3739,929,2810
93,93,3,baseline,Baseline,123.45642216023,372.017662904757,2468.7242990438,118,2238,482,1756
93,93,3,early_mover,Early Mover,125.799840602328,240.986233447383,1602.93365617448,286,4744,1078,3666
93,93,3,sequential,Sequential,125.943575074882,231.384994217202,1529.38817890055,293,4783,1248,3535
93,93,3,coordinated,Coordinated,118.899053049512,255.564823547144,1649.42350921489,286,4430,1173,3257
93,93,3,delayed_coordination,Delayed Coordination,125.650039510621,235.897838402322,1533.19868801392,284,4696,1235,3461
93,93,5,baseline,Baseline,121.822841630677,377.720201571613,2508.69696981082,104,2120,460,1660
93,93,5,early_mover,Early Mover,120.491839808923,256.530037037867,1745.61090690683,265,4353,1154,3199
93,93,5,sequential,Sequential,116.166819538629,255.732370979049,1721.68427847271,241,4138,1229,2909
93,93,5,coordinated,Coordinated,114.422730244053,273.399375603941,1799.30555229492,248,4003,1184,2819
93,93,5,delayed_coordination,Delayed Coordination,119.206515220401,244.379755670665,1679.63611028797,275,4352,1246,3106
93,93,7,baseline,Baseline,122.018152649424,378.109905754479,2515.54264306935,107,2061,479,1582
93,93,7,early_mover,Early Mover,123.267421727178,244.638532948905,1666.89115094001,275,4507,1141,3366
93,93,7,sequential,Sequential,123.37484261373,231.760385750383,1581.34911128745,303,4515,1272,3243
93,93,7,coordinated,Coordinated,117.235496453378,270.379676542702,1774.32192517648,246,4120,1167,2953
93,93,7,delayed_coordination,Delayed Coordination,124.084674798341,229.718763038754,1575.19952969296,291,4497,1215,3282
94,94,3,baseline,Baseline,123.820297237027,381.278030489354,2515.8713344946,81,1792,492,1300
94,94,3,early_mover,Early Mover,123.181786286757,296.216348902272,1809.75379347144,229,3821,988,2833
94,94,3,sequential,Sequential,120.242627244232,290.874666618524,1784.35152032863,232,3845,1068,2777
94,94,3,coordinated,Coordinated,121.285081942146,276.322725337806,1743.35574669054,237,4202,1130,3072
94,94,3,delayed_coordination,Delayed Coordination,118.121052320628,292.167357154547,1784.61644238593,231,3830,1077,2753
94,94,5,baseline,Baseline,124.536688118596,380.440820874373,2500.32680469769,90,1852,519,1333
94,94,5,early_mover,Early Mover,126.631136277787,262.522175649533,1692.85510495483,255,4264,1057,3207
94,94,5,sequential,Sequential,122.632897040965,257.08666470933,1694.5141560015,258,4267,1159,3108
94,94,5,coordinated,Coordinated,124.943255449556,258.91111073492,1669.69798650561,261,4326,1198,3128
94,94,5,delayed_coordination,Delayed Coordination,123.819348790146,260.34267881744,1662.0205420707,260,4319,1140,3179
94,94,7,baseline,Baseline,124.398738613695,380.584797121291,2502.99956752162,89,1851,512,1339
94,94,7,early_mover,Early Mover,127.924787615793,265.625258130582,1696.24093118667,251,4328,1060,3268
94,94,7,sequential,Sequential,123.807715772041,255.932800278178,1653.98345820193,279,4335,1168,3167
94,94,7,coordinated,Coordinated,125.551138606952,260.860706383137,1679.52159282629,258,4364,1207,3157
94,94,7,delayed_coordination,Delayed Coordination,123.202224665974,259.870115898572,1683.93315395443,270,4347,1162,3185
95,95,3,baseline,Baseline,127.539768789644,380.467055614235,2486.29915458638,107,2100,644,1456
95,95,3,early_mover,Early Mover,129.397111535334,252.349874081228,1637.63611098785,271,4504,1217,3287
95,95,3,sequential,Sequential,126.535391094714,247.969829931875,1579.80389355388,290,4603,1288,3315
95,95,3,coordinated,Coordinated,125.098436850673,259.471019526555,1676.90937681261,280,4444,1346,3098
95,95,3,delayed_coordination,Delayed Coordination,124.089908112023,244.357729831359,1628.22698406072,287,4529,1220,3309
95,95,5,baseline,Baseline,127.264144576925,381.937551516144,2498.40150307596,104,2094,636,1458
95,95,5,early_mover,Early Mover,127.864093556112,252.603054136321,1633.13617250146,284,4514,1215,3299
95,95,5,sequential,Sequential,126.347526365368,247.398264267453,1581.96999756119,281,4544,1346,3198
95,95,5,coordinated,Coordinated,120.402533508692,258.863892999346,1718.19407423668,237,4251,1256,2995
95,95,5,delayed_coordination,Delayed Coordination,129.626825581916,240.019158514166,1549.24146968693,304,4719,1319,3400
95,95,7,baseline,Baseline,126.938568709925,381.198571394362,2497.60635222056,107,2111,647,1464
95,95,7,early_mover,Early Mover,128.867321286047,254.949919248462,1646.97871617299,273,4520,1251,3269
95,95,7,sequential,Sequential,125.181691729634,248.55991182017,1608.359511461,286,4442,1285,3157
95,95,7,coordinated,Coordinated,122.594575387057,244.048423529546,1667.49564161631,287,4361,1320,3041
95,95,7,delayed_coordination,Delayed Coordination,125.450872292944,255.419611643414,1603.90954921906,287,4478,1281,3197
96,96,3,baseline,Baseline,122.488228851902,360.332192994046,2475.70428347698,104,2035,556,1479
96,96,3,early_mover,Early Mover,124.836813122114,261.720929679581,1703.74369466819,250,4203,1092,3111
96,96,3,sequential,Sequential,119.165833852342,267.329181356143,1745.00210228305,268,4105,1133,2972
96,96,3,coordinated,Coordinated,114.109041645855,288.944892781163,1884.73405233503,225,3818,1085,2733
96,96,3,delayed_coordination,Delayed Coordination,119.012449826279,268.871954148273,1714.59087429346,249,4170,1172,2998
96,96,5,baseline,Baseline,120.88222279939,363.386772031506,2509.15184939891,98,1993,528,1465
96,96,5,early_mover,Early Mover,119.048813666044,287.063768373575,1821.60897668037,232,3946,1114,2832
96,96,5,sequential,Sequential,118.115186518354,282.675550502329,1769.82164161219,231,3968,1085,2883
96,96,5,coordinated,Coordinated,116.645591799776,276.458311330768,1796.02283326552,230,3999,1141,2858
96,96,5,delayed_coordination,Delayed Coordination,116.701497647288,263.896928771889,1741.54606270961,238,3942,1081,2861
96,96,7,baseline,Baseline,121.030882485006,366.430327148692,2518.15664885808,97,1958,517,1441
96,96,7,early_mover,Early Mover,121.44845511835,271.433558241281,1764.99206275696,257,3997,1125,2872
96,96,7,sequential,Sequential,116.682069155379,278.380289708845,1787.51502898174,259,4009,1152,2857
96,96,7,coordinated,Coordinated,117.383940198572,259.367096139522,1780.14767693699,251,4005,1104,2901
96,96,7,delayed_coordination,Delayed Coordination,119.253979296567,276.461276892594,1765.15717031351,256,4006,1160,2846
97,97,3,baseline,Baseline,123.307616657413,343.201679436141,2504.72564613501,117,2452,509,1943
97,97,3,early_mover,Early Mover,122.973911136451,218.022179422608,1676.27401146596,273,4499,1182,3317
97,97,3,sequential,Sequential,115.498412534296,213.804386484399,1680.27033993172,266,4281,1205,3076
97,97,3,coordinated,Coordinated,107.146391765186,244.150225022862,1811.01011788664,198,3508,1138,2370
97,97,3,delayed_coordination,Delayed Coordination,118.026994008922,203.45558995555,1639.91795495342,255,4324,1228,3096
97,97,5,baseline,Baseline,123.443892012537,342.707249631367,2495.22599334016,117,2461,508,1953
97,97,5,early_mover,Early Mover,122.338053591317,212.451608119559,1664.06768628071,278,4446,1241,3205
97,97,5,sequential,Sequential,117.269794974868,207.291825208756,1622.97118869282,271,4365,1255,3110
97,97,5,coordinated,Coordinated,110.481123486135,252.589210104657,1739.34783113605,239,4008,1166,2842
97,97,5,delayed_coordination,Delayed Coordination,118.140261416804,207.663804309298,1618.64562374192,263,4270,1296,2974
97,97,7,baseline,Baseline,122.80529434545,339.172345804079,2514.95486079358,115,2395,488,1907
97,97,7,early_mover,Early Mover,119.395288107133,215.280883868666,1719.67531624993,270,4477,1189,3288
97,97,7,sequential,Sequential,115.876935732305,205.679069687914,1660.86927235414,272,4361,1251,3110
97,97,7,coordinated,Coordinated,114.046503530325,222.214514384177,1700.40545685484,251,4066,1191,2875
97,97,7,delayed_coordination,Delayed Coordination,115.463740423831,203.107899927214,1676.63253534419,258,4323,1202,3121
98,98,3,baseline,Baseline,121.979187967749,379.519114044911,2402.73764729239,115,2285,567,1718
98,98,3,early_mover,Early Mover,120.370644467209,267.102658346689,1641.82924886767,253,4370,1145,3225
98,98,3,sequential,Sequential,116.180531457084,249.702653861049,1651.46245699019,277,4212,1209,3003
98,98,3,coordinated,Coordinated,114.147616639918,268.585530518227,1727.31308489909,246,4158,1160,2998
98,98,3,delayed_coordination,Delayed Coordination,118.669056726015,248.498176275902,1592.80854244175,258,4318,1191,3127
98,98,5,baseline,Baseline,122.414644025495,378.254738517727,2396.08950673789,115,2255,587,1668
98,98,5,early_mover,Early Mover,116.789807963199,298.304924455181,1714.04300687193,250,4068,1133,2935
98,98,5,sequential,Sequential,115.616563782206,268.907244450951,1680.08774109177,270,4076,1163,2913
98,98,5,coordinated,Coordinated,115.391059001769,262.325565210558,1633.90759556603,271,4324,1175,3149
98,98,5,delayed_coordination,Delayed Coordination,116.523546005984,258.429811900926,1648.79392000309,264,4151,1204,2947
98,98,7,baseline,Baseline,122.614187279311,376.677196701381,2386.50406140149,115,2279,582,1697
98,98,7,early_mover,Early Mover,119.057168338704,248.728010044668,1632.54428154676,263,4273,1155,3118
98,98,7,sequential,Sequential,120.664879139878,247.162859209685,1567.94075144116,291,4391,1253,3138
98,98,7,coordinated,Coordinated,114.126757206693,271.227646913874,1742.09827880133,247,4071,1139,2932
98,98,7,delayed_coordination,Delayed Coordination,119.829891303863,256.443331454128,1581.23589384709,289,4241,1232,3009
99,99,3,baseline,Baseline,123.53697056922,376.288452032573,2667.56467793761,79,1619,405,1214
99,99,3,early_mover,Early Mover,126.621801175141,231.967184279608,1765.35434226024,263,4196,1112,3084
99,99,3,sequential,Sequential,126.577787531939,228.123148106667,1649.88670945675,280,4271,1155,3116
99,99,3,coordinated,Coordinated,120.435957304463,235.852774412648,1752.25235494777,248,4126,1153,2973
99,99,3,delayed_coordination,Delayed Coordination,128.540432047775,225.116175018732,1603.88574478885,283,4358,1145,3213
99,99,5,baseline,Baseline,124.131801211366,370.657942371323,2653.91846267098,83,1672,424,1248
99,99,5,early_mover,Early Mover,126.231206806591,233.105791845694,1725.70795595923,257,4170,1086,3084
99,99,5,sequential,Sequential,125.753419448229,226.317958415217,1660.02711802142,265,4085,1140,2945
99,99,5,coordinated,Coordinated,124.061407836279,241.453834521378,1747.40242997901,261,4184,1149,3035
99,99,5,delayed_coordination,Delayed Coordination,125.680273818408,224.847869872952,1628.05494897425,285,4171,1171,3000
99,99,7,baseline,Baseline,124.228037483022,371.221763396764,2662.53564279405,84,1665,420,1245
99,99,7,early_mover,Early Mover,126.936930652932,226.437857677357,1735.18735602399,276,4140,1089,3051
99,99,7,sequential,Sequential,123.585779458165,240.524822106014,1721.0155176841,273,4029,1141,2888
99,99,7,coordinated,Coordinated,126.85940995182,231.444888148876,1704.58950046011,265,4260,1193,3067
99,99,7,delayed_coordination,Delayed Coordination,126.433842485127,225.869201031665,1668.52584847494,266,4142,1178,2964
100,100,3,baseline,Baseline,121.695898006904,367.906133978483,2441.34974021449,109,2261,605,1656
100,100,3,early_mover,Early Mover,114.737768962381,255.537596147132,1782.47098595316,225,3997,1119,2878
100,100,3,sequential,Sequential,110.518116608004,249.412113234186,1778.50579581094,214,3832,1093,2739
100,100,3,coordinated,Coordinated,111.430065348505,260.01361843344,1772.20861107443,225,3885,1040,2845
100,100,3,delayed_coordination,Delayed Coordination,111.152791460263,233.233898260324,1730.177248621,232,4031,1147,2884
100,100,5,baseline,Baseline,121.659077184905,364.422206982611,2459.38025859286,112,2253,627,1626
100,100,5,early_mover,Early Mover,118.468116015034,255.631217092207,1721.27312341213,258,4364,1222,3142
100,100,5,sequential,Sequential,112.881193724542,252.056162476945,1719.39133277483,238,4104,1204,2900
100,100,5,coordinated,Coordinated,111.346119170507,236.200134778751,1723.9478600159,242,4159,1115,3044
100,100,5,delayed_coordination,Delayed Coordination,116.613125981761,228.597308535232,1637.51740921582,262,4316,1187,3129
100,100,7,baseline,Baseline,122.196378722983,358.244499387407,2441.16046411886,110,2295,634,1661
100,100,7,early_mover,Early Mover,115.215221117631,249.478789266486,1743.13526260734,237,3964,1185,2779
100,100,7,sequential,Sequential,111.681575186689,239.993591139737,1715.38348316644,252,3961,1185,2776
100,100,7,coordinated,Coordinated,114.163243326017,248.896485141758,1691.89927388113,247,4244,1135,3109
100,100,7,delayed_coordination,Delayed Coordination,113.679925780309,232.105625023871,1652.43657064573,269,4035,1160,2875
