replication,seed,recovery_horizon,scenario_A,scenario_B,delta_final_fitness_A_minus_B,delta_final_risk_A_minus_B,delta_final_trade_A_minus_B,delta_switches_A_minus_B
1,1,3,early_mover,sequential,3.78988575021292,17.2315765451229,18.3446132274375,179
1,1,3,early_mover,coordinated,2.57761281515701,14.2957208428905,20.3182949622849,-23
1,1,3,early_mover,delayed_coordination,6.16812577085567,3.26134032673991,-25.5024175701601,233
1,1,3,sequential,coordinated,-1.21227293505591,-2.9358557022324,1.97368173484733,-202
1,1,3,sequential,delayed_coordination,2.37824002064275,-13.970236218383,-43.8470307975977,54
1,1,3,coordinated,delayed_coordination,3.59051295569866,-11.0343805161506,-45.820712532445,256
1,1,5,early_mover,sequential,4.23635975641483,3.78354778452791,12.5811747595403,96
1,1,5,early_mover,coordinated,4.91718822562532,0.428729885523978,-65.2264093197537,224
1,1,5,early_mover,delayed_coordination,3.36087052165068,9.51199204821512,24.5627641057154,-27
1,1,5,sequential,coordinated,0.680828469210496,-3.35481789900393,-77.807584079294,128
1,1,5,sequential,delayed_coordination,-0.875489234764146,5.72844426368721,11.981589346175,-123
1,1,5,coordinated,delayed_coordination,-1.55631770397464,9.08326216269114,89.789173425469,-251
1,1,7,early_mover,sequential,3.64515564983985,7.82798360214952,21.6425913925227,170
1,1,7,early_mover,coordinated,7.48397671841957,3.09370729794537,-38.240186107816,255
1,1,7,early_mover,delayed_coordination,1.94150802736095,14.1745687791333,50.4854653342875,23
1,1,7,sequential,coordinated,3.83882106857972,-4.73427630420414,-59.8827775003388,85
1,1,7,sequential,delayed_coordination,-1.7036476224789,6.34658517698381,28.8428739417648,-147
1,1,7,coordinated,delayed_coordination,-5.54246869105862,11.080861481188,88.7256514421035,-232
2,2,3,early_mover,sequential,2.98806726591658,13.1877788328308,58.3329392231165,-67
2,2,3,early_mover,coordinated,3.23371097364529,-0.367396244118595,47.8311206559679,-90
2,2,3,early_mover,delayed_coordination,1.27609455862222,7.06620208053556,98.8816114393649,-113
2,2,3,sequential,coordinated,0.245643707728703,-13.5551750769494,-10.5018185671486,-23
2,2,3,sequential,delayed_coordination,-1.71197270729436,-6.12157675229528,40.5486722162484,-46
2,2,3,coordinated,delayed_coordination,-1.95761641502307,7.43359832465416,51.050490783397,-23
2,2,5,early_mover,sequential,2.71761569580015,2.34424387319703,57.130263569084,-101
2,2,5,early_mover,coordinated,4.114492320124,4.88295769943321,11.3137039742574,-147
2,2,5,early_mover,delayed_coordination,-0.139628870868449,11.3658776423693,94.6578751720613,-124
2,2,5,sequential,coordinated,1.39687662432385,2.53871382623618,-45.8165595948267,-46
2,2,5,sequential,delayed_coordination,-2.8572445666686,9.0216337691723,37.5276116029772,-23
2,2,5,coordinated,delayed_coordination,-4.25412119099245,6.48291994293612,83.3441711978039,23
2,2,7,early_mover,sequential,3.2076754979597,12.6250263833944,45.8134411226463,88
2,2,7,early_mover,coordinated,-3.55889465072413,31.7534254543293,181.745604626502,-504
2,2,7,early_mover,delayed_coordination,3.11043076290233,11.5228774816744,29.0006623488732,54
2,2,7,sequential,coordinated,-6.76657014868383,19.1283990709349,135.932163503855,-592
2,2,7,sequential,delayed_coordination,-0.0972447350573731,-1.10214890172006,-16.8127787737731,-34
2,2,7,coordinated,delayed_coordination,6.66932541362645,-20.2305479726549,-152.744942277629,558
3,3,3,early_mover,sequential,-2.14130766716414,26.8863447484478,163.295180722325,-275
3,3,3,early_mover,coordinated,2.28387503424588,19.0398340124641,61.3161105986585,-38
3,3,3,early_mover,delayed_coordination,-2.17405536863022,26.7056645253422,148.029051278775,-340
3,3,3,sequential,coordinated,4.42518270141002,-7.84651073598371,-101.979070123666,237
3,3,3,sequential,delayed_coordination,-0.0327477014660786,-0.180680223105639,-15.2661294435502,-65
3,3,3,coordinated,delayed_coordination,-4.4579304028761,7.66583051287807,86.7129406801162,-302
3,3,5,early_mover,sequential,0.286609657930015,6.52925262099603,91.3095420327222,-30
3,3,5,early_mover,coordinated,-1.28943624300926,5.20023858984263,78.5308473380164,-109
3,3,5,early_mover,delayed_coordination,2.24968110802288,-3.85777131311715,50.7310102965882,-39
3,3,5,sequential,coordinated,-1.57604590093928,-1.32901403115341,-12.7786946947058,-79
3,3,5,sequential,delayed_coordination,1.96307145009287,-10.3870239341132,-40.578531736134,-9
3,3,5,coordinated,delayed_coordination,3.53911735103215,-9.05800990295978,-27.7998370414282,70
3,3,7,early_mover,sequential,0.146939369704938,29.8180312153091,129.125366989246,-77
3,3,7,early_mover,coordinated,3.76307135266202,14.4633807914409,-6.79830297220497,65
3,3,7,early_mover,delayed_coordination,-1.71967932171654,32.2530011266634,146.274248696021,-176
3,3,7,sequential,coordinated,3.61613198295709,-15.3546504238682,-135.923669961451,142
3,3,7,sequential,delayed_coordination,-1.86661869142148,2.43496991135433,17.148881706775,-99
3,3,7,coordinated,delayed_coordination,-5.48275067437856,17.7896203352225,153.072551668226,-241
4,4,3,early_mover,sequential,2.26062459503312,2.24363703089742,-31.544664655655,209
4,4,3,early_mover,coordinated,2.70539155208299,22.4273136222588,-36.9875812149896,29
4,4,3,early_mover,delayed_coordination,2.57349991802549,-1.35303327569798,-12.558640317189,147
4,4,3,sequential,coordinated,0.444766957049865,20.1836765913614,-5.44291655933466,-180
4,4,3,sequential,delayed_coordination,0.312875322992369,-3.5966703065954,18.986024338466,-62
4,4,3,coordinated,delayed_coordination,-0.131891634057496,-23.7803468979568,24.4289408978007,118
4,4,5,early_mover,sequential,6.86078047979456,-24.7299727657763,-59.9784843708603,128
4,4,5,early_mover,coordinated,6.68573191534321,-9.28445897760767,-62.0016234942575,114
4,4,5,early_mover,delayed_coordination,2.55378840989101,2.16010606439232,38.9353058543873,-93
4,4,5,sequential,coordinated,-0.175048564451345,15.4455137881686,-2.02313912339719,-14
4,4,5,sequential,delayed_coordination,-4.30699206990354,26.8900788301686,98.9137902252476,-221
4,4,5,coordinated,delayed_coordination,-4.1319435054522,11.444565042,100.936929348645,-207
4,4,7,early_mover,sequential,2.25818706991488,6.82334619295793,40.8227767491042,14
4,4,7,early_mover,coordinated,5.17815119010051,3.0722200322229,-47.1069976916108,153
4,4,7,early_mover,delayed_coordination,1.83918777419677,12.1197562725644,54.4787750167729,-22
4,4,7,sequential,coordinated,2.91996412018563,-3.75112616073503,-87.9297744407149,139
4,4,7,sequential,delayed_coordination,-0.418999295718109,5.29641007960649,13.6559982676688,-36
4,4,7,coordinated,delayed_coordination,-3.33896341590373,9.04753624034151,101.585772708384,-175
5,5,3,early_mover,sequential,-0.669851224012831,20.8446301327828,84.6611830008787,-252
5,5,3,early_mover,coordinated,-2.23270780482733,13.7486497902868,97.5708599030315,-214
5,5,3,early_mover,delayed_coordination,-0.0517193153785769,20.5147064122087,76.9729568061007,-174
5,5,3,sequential,coordinated,-1.5628565808145,-7.09598034249595,12.9096769021528,38
5,5,3,sequential,delayed_coordination,0.618131908634254,-0.329923720574072,-7.68822619477805,78
5,5,3,coordinated,delayed_coordination,2.18098848944875,6.76605662192188,-20.5979030969308,40
5,5,5,early_mover,sequential,0.753209292594633,12.4137779621535,71.5833275706702,-152
5,5,5,early_mover,coordinated,6.64072799495315,1.78946494289065,-53.2793949540721,281
5,5,5,early_mover,delayed_coordination,-0.108924104211951,11.7052804369325,66.3354549252142,-135
5,5,5,sequential,coordinated,5.88751870235852,-10.6243130192629,-124.862722524742,433
5,5,5,sequential,delayed_coordination,-0.862133396806584,-0.708497525220992,-5.24787264545603,17
5,5,5,coordinated,delayed_coordination,-6.7496520991651,9.91581549404188,119.614849879286,-416
5,5,7,early_mover,sequential,3.52502978809059,1.15777689507212,1.09610680864216,-48
5,5,7,early_mover,coordinated,1.36134392666337,1.73734221927975,-6.72162873216939,8
5,5,7,early_mover,delayed_coordination,1.28516878546365,14.0997858093126,40.4826879304517,-98
5,5,7,sequential,coordinated,-2.16368586142723,0.579565324207636,-7.81773554081155,56
5,5,7,sequential,delayed_coordination,-2.23986100262694,12.9420089142404,39.3865811218095,-50
5,5,7,coordinated,delayed_coordination,-0.0761751411997125,12.3624435900328,47.2043166626211,-106
6,6,3,early_mover,sequential,6.22649281645296,-7.78800485336578,-3.81738478937109,148
6,6,3,early_mover,coordinated,4.03308472271546,-10.8888824838904,-22.879894498258,14
6,6,3,early_mover,delayed_coordination,2.95018271066971,2.82101791715417,8.03844768478643,54
6,6,3,sequential,coordinated,-2.1934080937375,-3.10087763052465,-19.0625097088869,-134
6,6,3,sequential,delayed_coordination,-3.27631010578325,10.6090227705199,11.8558324741575,-94
6,6,3,coordinated,delayed_coordination,-1.08290201204575,13.7099004010446,30.9183421830444,40
6,6,5,early_mover,sequential,3.94545254498605,13.0573923550571,54.823854397996,-1
6,6,5,early_mover,coordinated,11.7565580474332,-19.2607885891827,-106.675058830897,235
6,6,5,early_mover,delayed_coordination,3.90570399048846,4.63953192222411,21.0170144994975,3
6,6,5,sequential,coordinated,7.81110550244712,-32.3181809442398,-161.498913228893,236
6,6,5,sequential,delayed_coordination,-0.0397485544975922,-8.41786043283298,-33.8068398984985,4
6,6,5,coordinated,delayed_coordination,-7.85085405694471,23.9003205114068,127.692073330394,-232
6,6,7,early_mover,sequential,2.55305746039757,8.68683890807512,52.4329109867895,-19
6,6,7,early_mover,coordinated,6.49951577658058,-9.86277829741226,-11.546405729456,27
6,6,7,early_mover,delayed_coordination,3.52757463245882,-1.79115454599196,44.1591483995924,17
6,6,7,sequential,coordinated,3.94645831618301,-18.5496172054874,-63.9793167162454,46
6,6,7,sequential,delayed_coordination,0.974517172061255,-10.4779934540671,-8.2737625871971,36
6,6,7,coordinated,delayed_coordination,-2.97194114412176,8.0716237514203,55.7055541290483,-10
7,7,3,early_mover,sequential,-1.06484294937982,2.72785943916844,110.475970632089,-104
7,7,3,early_mover,coordinated,8.41597659870529,-10.5761743832797,-43.0049108453725,593
7,7,3,early_mover,delayed_coordination,2.29826724854888,11.8060419951663,94.1159806164183,-56
7,7,3,sequential,coordinated,9.48081954808511,-13.3040338224482,-153.480881477462,697
7,7,3,sequential,delayed_coordination,3.36311019792871,9.0781825559979,-16.3599900156712,48
7,7,3,coordinated,delayed_coordination,-6.1177093501564,22.3822163784461,137.120891461791,-649
7,7,5,early_mover,sequential,2.80519226802252,9.69563521230504,57.9558820428645,16
7,7,5,early_mover,coordinated,3.37925652268015,7.60570651927901,56.2827241877087,15
7,7,5,early_mover,delayed_coordination,3.86478239402786,2.95535791462575,41.4238625424155,-1
7,7,5,sequential,coordinated,0.574064254657628,-2.08992869302602,-1.67315785515575,-1
7,7,5,sequential,delayed_coordination,1.05959012600533,-6.74027729767928,-16.532019500449,-17
7,7,5,coordinated,delayed_coordination,0.485525871347704,-4.65034860465326,-14.8588616452932,-16
7,7,7,early_mover,sequential,2.39512702340122,11.2877372467083,84.404579545467,-133
7,7,7,early_mover,coordinated,5.72319822084484,6.06366847678981,3.71381708351396,69
7,7,7,early_mover,delayed_coordination,3.42248639445771,5.72046808793098,40.6731699294473,-17
7,7,7,sequential,coordinated,3.32807119744362,-5.22406876991849,-80.690762461953,202
7,7,7,sequential,delayed_coordination,1.02735937105649,-5.56726915877732,-43.7314096160196,116
7,7,7,coordinated,delayed_coordination,-2.30071182638713,-0.343200388858833,36.9593528459334,-86
8,8,3,early_mover,sequential,6.47732610521359,-5.84014833999476,-38.5677911319631,361
8,8,3,early_mover,coordinated,-3.41986311563207,6.05546838554346,95.8197721416907,-340
8,8,3,early_mover,delayed_coordination,3.77218867811624,-0.976077718339525,-11.0445300143474,139
8,8,3,sequential,coordinated,-9.89718922084566,11.8956167255382,134.387563273654,-701
8,8,3,sequential,delayed_coordination,-2.70513742709736,4.86407062165523,27.5232611176157,-222
8,8,3,coordinated,delayed_coordination,7.19205179374831,-7.03154610388299,-106.864302156038,479
8,8,5,early_mover,sequential,2.58616701228178,2.12954794651887,28.9928097785039,47
8,8,5,early_mover,coordinated,2.29669454997472,10.7165758124447,48.4968133549173,78
8,8,5,early_mover,delayed_coordination,2.52384259899003,4.78434451877084,28.6962747619309,-20
8,8,5,sequential,coordinated,-0.28947246230706,8.58702786592579,19.5040035764134,31
8,8,5,sequential,delayed_coordination,-0.0623244132917478,2.65479657225197,-0.296535016572989,-67
8,8,5,coordinated,delayed_coordination,0.227148049015312,-5.93223129367382,-19.8005385929864,-98
8,8,7,early_mover,sequential,1.36408756924132,10.4633576792508,58.7567182408093,-75
8,8,7,early_mover,coordinated,2.85643735334835,9.29356403556707,34.8232682096543,10
8,8,7,early_mover,delayed_coordination,2.09039313671468,5.41447927014661,43.2829965852243,73
8,8,7,sequential,coordinated,1.49234978410703,-1.1697936436837,-23.933450031155,85
8,8,7,sequential,delayed_coordination,0.726305567473361,-5.04887840910416,-15.473721655585,148
8,8,7,coordinated,delayed_coordination,-0.766044216633674,-3.87908476542046,8.45972837556997,63
9,9,3,early_mover,sequential,2.4065866512254,11.7557801457212,46.5367365175503,70
9,9,3,early_mover,coordinated,5.05192417415657,-8.05589920555346,-64.5470313036267,318
9,9,3,early_mover,delayed_coordination,3.73352117513019,15.309528251005,10.6992811332007,-13
9,9,3,sequential,coordinated,2.64533752293117,-19.8116793512747,-111.083767821177,248
9,9,3,sequential,delayed_coordination,1.3269345239048,3.5537481052838,-35.8374553843496,-83
9,9,3,coordinated,delayed_coordination,-1.31840299902638,23.3654274565585,75.2463124368273,-331
9,9,5,early_mover,sequential,4.0437974455085,2.42049001451346,29.434771510045,54
9,9,5,early_mover,coordinated,8.19546999678199,-13.3641389338323,-53.4781870890147,109
9,9,5,early_mover,delayed_coordination,5.4626030704181,-4.72129151763411,5.47850552859859,117
9,9,5,sequential,coordinated,4.15167255127349,-15.7846289483457,-82.9129585990597,55
9,9,5,sequential,delayed_coordination,1.4188056249096,-7.14178153214758,-23.9562659814464,63
9,9,5,coordinated,delayed_coordination,-2.7328669263639,8.64284741619815,58.9566926176133,8
9,9,7,early_mover,sequential,0.340486627322463,13.6870545700972,90.702388222677,-2
9,9,7,early_mover,coordinated,-7.60570540086563,22.1901011468049,220.158354320321,-629
9,9,7,early_mover,delayed_coordination,2.22152227051635,4.85730307369522,44.7104546746996,47
9,9,7,sequential,coordinated,-7.94619202818809,8.50304657670773,129.455966097644,-627
9,9,7,sequential,delayed_coordination,1.88103564319388,-8.829751496402,-45.9919335479774,49
9,9,7,coordinated,delayed_coordination,9.82722767138198,-17.3327980731097,-175.447899645622,676
10,10,3,early_mover,sequential,1.75079632258284,-6.91464686551399,0.0226959686542614,25
10,10,3,early_mover,coordinated,5.35175421334628,-4.50694775669271,-71.023402929955,19
10,10,3,early_mover,delayed_coordination,0.355768127134624,3.72585437632276,27.9247064745839,-143
10,10,3,sequential,coordinated,3.60095789076344,2.40769910882128,-71.0460988986092,-6
10,10,3,sequential,delayed_coordination,-1.39502819544822,10.6405012418367,27.9020105059296,-168
10,10,3,coordinated,delayed_coordination,-4.99598608621166,8.23280213301547,98.9481094045389,-162
10,10,5,early_mover,sequential,3.70584772247241,-12.0264363197798,45.6459530691388,43
10,10,5,early_mover,coordinated,1.40341105801299,1.90336212550926,48.239136432361,-294
10,10,5,early_mover,delayed_coordination,2.1934577537433,0.734065543916671,49.2484286480017,-146
10,10,5,sequential,coordinated,-2.30243666445942,13.9297984452891,2.59318336322212,-337
10,10,5,sequential,delayed_coordination,-1.51238996872911,12.7605018636965,3.60247557886282,-189
10,10,5,coordinated,delayed_coordination,0.790046695730311,-1.16929658159259,1.0092922156407,148
10,10,7,early_mover,sequential,0.424485989175935,2.15360139125997,63.8312740511692,-214
10,10,7,early_mover,coordinated,0.0128332928815951,14.8400904648905,87.966240783973,-408
10,10,7,early_mover,delayed_coordination,1.36829490145104,1.58201030778824,49.9239345006522,-105
10,10,7,sequential,coordinated,-0.41165269629434,12.6864890736306,24.1349667328038,-194
10,10,7,sequential,delayed_coordination,0.943808912275102,-0.571591083471731,-13.907339550517,109
10,10,7,coordinated,delayed_coordination,1.35546160856944,-13.2580801571023,-38.0423062833208,303
11,11,3,early_mover,sequential,-1.11029324160562,14.6211638137786,161.468247347328,-260
11,11,3,early_mover,coordinated,2.85835487402173,7.11371303315991,15.6323812917744,-123
11,11,3,early_mover,delayed_coordination,-1.87025573562664,12.7658923920041,165.570617673028,-301
11,11,3,sequential,coordinated,3.96864811562735,-7.50745078061871,-145.835866055554,137
11,11,3,sequential,delayed_coordination,-0.759962494021025,-1.85527142177452,4.10237032570035,-41
11,11,3,coordinated,delayed_coordination,-4.72861060964837,5.65217935884419,149.938236381254,-178
11,11,5,early_mover,sequential,1.87088609331015,5.03348823706841,15.76616192798,10
11,11,5,early_mover,coordinated,0.302203629818038,5.63560262445608,14.0925507484046,-142
11,11,5,early_mover,delayed_coordination,1.78875566305048,3.46597820893913,34.183687490842,-27
11,11,5,sequential,coordinated,-1.56868246349211,0.602114387387672,-1.67361117957535,-152
11,11,5,sequential,delayed_coordination,-0.0821304302596673,-1.56751002812928,18.417525562862,-37
11,11,5,coordinated,delayed_coordination,1.48655203323244,-2.16962441551695,20.0911367424374,115
11,11,7,early_mover,sequential,2.20786881905642,13.6821209947373,8.20795061978151,34
11,11,7,early_mover,coordinated,-0.985483437555985,22.5268442683181,46.5947693254989,-177
11,11,7,early_mover,delayed_coordination,3.01040551636012,15.873065974436,19.3113217696668,4
11,11,7,sequential,coordinated,-3.1933522566124,8.84472327358083,38.3868187057174,-211
11,11,7,sequential,delayed_coordination,0.802536697303708,2.19094497969871,11.1033711498853,-30
11,11,7,coordinated,delayed_coordination,3.99588895391611,-6.65377829388211,-27.283447555832,181
12,12,3,early_mover,sequential,3.2474669687693,10.8194054485743,47.6121505196102,-48
12,12,3,early_mover,coordinated,3.87955580215201,-2.24735064959287,37.6229899253872,71
12,12,3,early_mover,delayed_coordination,2.47688657071036,18.5796456277413,62.0410955257564,-82
12,12,3,sequential,coordinated,0.63208883338271,-13.0667560981672,-9.98916059422299,119
12,12,3,sequential,delayed_coordination,-0.770580398058939,7.76024017916706,14.4289450061463,-34
12,12,3,coordinated,delayed_coordination,-1.40266923144165,20.8269962773342,24.4181056003692,-153
12,12,5,early_mover,sequential,1.99652853217412,13.2749212898385,74.5030610874771,-184
12,12,5,early_mover,coordinated,4.96955659971685,-1.20847631635706,-30.6458813348208,45
12,12,5,early_mover,delayed_coordination,3.10052140283976,16.4332256744992,65.843866203081,-77
12,12,5,sequential,coordinated,2.97302806754273,-14.4833976061956,-105.148942422298,229
12,12,5,sequential,delayed_coordination,1.10399287066564,3.15830438466068,-8.65919488439613,107
12,12,5,coordinated,delayed_coordination,-1.86903519687709,17.6417019908563,96.4897475379018,-122
12,12,7,early_mover,sequential,-0.283602993410042,20.6740058925797,109.787128157848,-207
12,12,7,early_mover,coordinated,5.13620834335148,10.3161502808055,-2.81907886794556,16
12,12,7,early_mover,delayed_coordination,4.16149321391781,15.2162974287028,49.4749311612418,-104
12,12,7,sequential,coordinated,5.41981133676153,-10.3578556117743,-112.606207025793,223
12,12,7,sequential,delayed_coordination,4.44509620732785,-5.45770846387688,-60.3121969966057,103
12,12,7,coordinated,delayed_coordination,-0.974715129433676,4.90014714789737,52.2940100291873,-120
13,13,3,early_mover,sequential,2.05236553565102,13.6415684530205,78.2539081188077,-99
13,13,3,early_mover,coordinated,4.15068198175989,0.115203501002497,8.12319583764247,-72
13,13,3,early_mover,delayed_coordination,1.37372512801406,10.2829566778364,64.294057585493,-96
13,13,3,sequential,coordinated,2.09831644610887,-13.526364952018,-70.1307122811652,27
13,13,3,sequential,delayed_coordination,-0.678640407636962,-3.3586117751841,-13.9598505333147,3
13,13,3,coordinated,delayed_coordination,-2.77695685374583,10.1677531768339,56.1708617478505,-24
13,13,5,early_mover,sequential,0.957826567839817,11.6488274432537,53.2930512601697,-126
13,13,5,early_mover,coordinated,0.0314760229965714,12.2265060589399,65.9722408915261,-77
13,13,5,early_mover,delayed_coordination,1.9989500170185,7.01775061150801,41.9618785316943,-61
13,13,5,sequential,coordinated,-0.926350544843245,0.577678615686182,12.6791896313564,49
13,13,5,sequential,delayed_coordination,1.04112344917868,-4.6310768317457,-11.3311727284754,65
13,13,5,coordinated,delayed_coordination,1.96747399402193,-5.20875544743188,-24.0103623598318,16
13,13,7,early_mover,sequential,1.86626988140563,15.1680914334757,63.3510546336461,-113
13,13,7,early_mover,coordinated,-1.37136013945528,11.355867243281,81.7062084729241,-122
13,13,7,early_mover,delayed_coordination,1.38283207742388,10.7633494804401,53.1011069638894,-100
13,13,7,sequential,coordinated,-3.23763002086091,-3.81222419019468,18.355153839278,-9
13,13,7,sequential,delayed_coordination,-0.483437803981744,-4.40474195303563,-10.2499476697567,13
13,13,7,coordinated,delayed_coordination,2.75419221687916,-0.592517762840941,-28.6051015090347,22
14,14,3,early_mover,sequential,4.76458603428084,11.3306253189917,11.7798713513728,88
14,14,3,early_mover,coordinated,6.55708108965349,-9.22482728933841,-62.9306051215758,272
14,14,3,early_mover,delayed_coordination,3.84558085586491,7.30722074371107,9.31161431391752,93
14,14,3,sequential,coordinated,1.79249505537265,-20.5554526083301,-74.7104764729486,184
14,14,3,sequential,delayed_coordination,-0.919005178415929,-4.02340457528067,-2.46825703745526,5
14,14,3,coordinated,delayed_coordination,-2.71150023378858,16.5320480330495,72.2422194354933,-179
14,14,5,early_mover,sequential,5.93542955308007,-1.28260549399494,-0.294216848793894,74
14,14,5,early_mover,coordinated,4.2146409088694,-0.775523092578709,20.1993970027984,-41
14,14,5,early_mover,delayed_coordination,3.15377214447282,3.16066221743691,33.7565533749826,-57
14,14,5,sequential,coordinated,-1.72078864421067,0.507082401416227,20.4936138515923,-115
14,14,5,sequential,delayed_coordination,-2.78165740860724,4.44326771143184,34.0507702237765,-131
14,14,5,coordinated,delayed_coordination,-1.06086876439657,3.93618531001562,13.5571563721842,-16
14,14,7,early_mover,sequential,6.11435190652139,5.94846658056937,8.50594271740147,211
14,14,7,early_mover,coordinated,14.2956683968975,-23.8730925249289,-147.824367509205,1022
14,14,7,early_mover,delayed_coordination,5.73662606986207,5.96825957860483,20.6521814273426,144
14,14,7,sequential,coordinated,8.18131649037609,-29.8215591054983,-156.330310226606,811
14,14,7,sequential,delayed_coordination,-0.377725836659323,0.0197929980354559,12.1462387099411,-67
14,14,7,coordinated,delayed_coordination,-8.55904232703541,29.8413521035338,168.476548936547,-878
15,15,3,early_mover,sequential,-0.330479600482846,14.2916103731143,96.1497545096968,-176
15,15,3,early_mover,coordinated,2.10817216256845,2.54227756986347,50.0321632627092,-11
15,15,3,early_mover,delayed_coordination,-0.647668598182861,20.7180629098455,87.5905602689791,-166
15,15,3,sequential,coordinated,2.4386517630513,-11.7493328032508,-46.1175912469876,165
15,15,3,sequential,delayed_coordination,-0.317188997700015,6.4264525367312,-8.55919424071772,10
15,15,3,coordinated,delayed_coordination,-2.75584076075131,18.175785339982,37.5583970062698,-155
15,15,5,early_mover,sequential,-0.553801287771037,19.5902310832736,77.8939842704792,-118
15,15,5,early_mover,coordinated,1.06796998087179,16.5578301083631,52.6086308465881,-53
15,15,5,early_mover,delayed_coordination,0.807382898301682,12.6720123661072,62.5614666759841,-91
15,15,5,sequential,coordinated,1.62177126864283,-3.0324009749105,-25.2853534238911,65
15,15,5,sequential,delayed_coordination,1.36118418607272,-6.91821871716641,-15.3325175944951,27
15,15,5,coordinated,delayed_coordination,-0.260587082570112,-3.88581774225591,9.95283582939601,-38
15,15,7,early_mover,sequential,2.93410157109651,9.10606625435037,28.0644570419452,-23
15,15,7,early_mover,coordinated,1.73606401751151,8.66867974064246,23.6155075348895,-61
15,15,7,early_mover,delayed_coordination,0.279612072013506,12.0348517000042,66.4420715756994,-28
15,15,7,sequential,coordinated,-1.198037553585,-0.437386513707906,-4.44894950705566,-38
15,15,7,sequential,delayed_coordination,-2.654489499083,2.9287854456538,38.3776145337542,-5
15,15,7,coordinated,delayed_coordination,-1.456451945498,3.36617195936171,42.8265640408099,33
16,16,3,early_mover,sequential,3.3871070738746,14.4186554416666,69.6773051746331,-108
16,16,3,early_mover,coordinated,9.99332175215159,-17.5435957192998,-77.7140377059513,406
16,16,3,early_mover,delayed_coordination,-0.127780477180949,11.6678538659631,88.1134571891976,-248
16,16,3,sequential,coordinated,6.60621467827698,-31.9622511609664,-147.391342880584,514
16,16,3,sequential,delayed_coordination,-3.51488755105555,-2.75080157570358,18.4361520145644,-140
16,16,3,coordinated,delayed_coordination,-10.1211022293325,29.2114495852629,165.827494895149,-654
16,16,5,early_mover,sequential,1.38008513997907,5.29907779065991,60.3050193282693,-57
16,16,5,early_mover,coordinated,9.83393881979936,-1.91122991771502,-40.2576370851677,619
16,16,5,early_mover,delayed_coordination,-0.605670963195507,12.4817209194635,91.5685325679078,-151
16,16,5,sequential,coordinated,8.45385367982028,-7.21030770837493,-100.562656413437,676
16,16,5,sequential,delayed_coordination,-1.98575610317458,7.18264312880356,31.2635132396385,-94
16,16,5,coordinated,delayed_coordination,-10.4396097829949,14.3929508371785,131.826169653076,-770
16,16,7,early_mover,sequential,1.38223987722333,30.1772036624225,61.7195592230782,-335
16,16,7,early_mover,coordinated,3.31307630927581,19.493445409677,20.6433694635757,11
16,16,7,early_mover,delayed_coordination,1.30912543939577,19.5733638547705,67.2374459272119,-151
16,16,7,sequential,coordinated,1.93083643205249,-10.6837582527455,-41.0761897595025,346
16,16,7,sequential,delayed_coordination,-0.0731144378275559,-10.603839807652,5.51788670413362,184
16,16,7,coordinated,delayed_coordination,-2.00395086988004,0.0799184450934547,46.5940764636362,-162
17,17,3,early_mover,sequential,-0.526025810838476,9.82218679820531,88.8841414151693,-168
17,17,3,early_mover,coordinated,2.57918828077929,6.04354240678924,18.5038698079152,39
17,17,3,early_mover,delayed_coordination,1.60740825546394,-1.17150590891276,51.9782643644903,4
17,17,3,sequential,coordinated,3.10521409161777,-3.77864439141607,-70.3802716072541,207
17,17,3,sequential,delayed_coordination,2.13343406630241,-10.9936927071181,-36.905877050679,172
17,17,3,coordinated,delayed_coordination,-0.971780025315354,-7.21504831570201,33.4743945565751,-35
17,17,5,early_mover,sequential,0.293051490930381,3.36783368873969,57.8935432757901,-34
17,17,5,early_mover,coordinated,7.36922968476112,4.15079251804127,-64.6229473722965,244
17,17,5,early_mover,delayed_coordination,-2.94756878838636,8.35341503816969,68.6799941049424,-110
17,17,5,sequential,coordinated,7.07617819383074,0.782958829301577,-122.516490648087,278
17,17,5,sequential,delayed_coordination,-3.24062027931674,4.98558134942999,10.7864508291523,-76
17,17,5,coordinated,delayed_coordination,-10.3167984731475,4.20262252012841,133.302941477239,-354
17,17,7,early_mover,sequential,1.65703392200179,3.76964136429709,59.7837403489134,9
17,17,7,early_mover,coordinated,-0.543985503468264,11.2121875489792,91.9951557717991,-39
17,17,7,early_mover,delayed_coordination,7.15638508804071,-18.4649944165922,-25.1395118558428,361
17,17,7,sequential,coordinated,-2.20101942547005,7.44254618468207,32.2114154228857,-48
17,17,7,sequential,delayed_coordination,5.49935116603892,-22.2346357808893,-84.9232522047562,352
17,17,7,coordinated,delayed_coordination,7.70037059150897,-29.6771819655714,-117.134667627642,400
18,18,3,early_mover,sequential,-0.332294419661508,14.1602920432615,67.6145191666863,48
18,18,3,early_mover,coordinated,0.135182307178553,5.5953571301612,51.7820348235155,106
18,18,3,early_mover,delayed_coordination,-1.66075609385072,22.9116085574183,82.0868642905034,-11
18,18,3,sequential,coordinated,0.467476726840061,-8.56493491310027,-15.8324843431708,58
18,18,3,sequential,delayed_coordination,-1.32846167418921,8.75131651415683,14.4723451238171,-59
18,18,3,coordinated,delayed_coordination,-1.79593840102928,17.3162514272571,30.3048294669879,-117
18,18,5,early_mover,sequential,4.1685484071418,2.44724865415648,14.9015905154768,269
18,18,5,early_mover,coordinated,1.62599843797281,23.1575781145615,62.7049620782554,49
18,18,5,early_mover,delayed_coordination,2.52927918998105,15.1755000681414,67.5395209617834,139
18,18,5,sequential,coordinated,-2.54254996916899,20.7103294604051,47.8033715627787,-220
18,18,5,sequential,delayed_coordination,-1.63926921716075,12.7282514139849,52.6379304463067,-130
18,18,5,coordinated,delayed_coordination,0.903280752008243,-7.98207804642016,4.83455888352796,90
18,18,7,early_mover,sequential,3.61077950116376,6.72965303093116,28.3284775189459,107
18,18,7,early_mover,coordinated,6.00792335851861,-13.5776958469093,-114.524778760019,500
18,18,7,early_mover,delayed_coordination,1.24326588640626,6.41805064105904,62.0912583356203,71
18,18,7,sequential,coordinated,2.39714385735485,-20.3073488778404,-142.853256278965,393
18,18,7,sequential,delayed_coordination,-2.3675136147575,-0.311602389872121,33.7627808166744,-36
18,18,7,coordinated,delayed_coordination,-4.76465747211235,19.9957464879683,176.61603709564,-429
19,19,3,early_mover,sequential,5.67695620648014,-0.406408966050037,5.81754270034685,4
19,19,3,early_mover,coordinated,1.11234494406214,12.3583846966148,51.1830364773527,-120
19,19,3,early_mover,delayed_coordination,3.57995051266685,10.7225560140569,26.7690559023065,-17
19,19,3,sequential,coordinated,-4.564611262418,12.7647936626649,45.3654937770059,-124
19,19,3,sequential,delayed_coordination,-2.09700569381329,11.128964980107,20.9515132019596,-21
19,19,3,coordinated,delayed_coordination,2.46760556860471,-1.6358286825579,-24.4139805750463,103
19,19,5,early_mover,sequential,4.3628205472161,0.832800032955987,28.9056477503959,-12
19,19,5,early_mover,coordinated,6.08427035437252,0.985621138223649,-27.8594143534954,261
19,19,5,early_mover,delayed_coordination,3.36862442487022,4.74008421807571,31.1386110584247,-43
19,19,5,sequential,coordinated,1.72144980715642,0.152821105267662,-56.7650621038913,273
19,19,5,sequential,delayed_coordination,-0.994196122345883,3.90728418511972,2.23296330802873,-31
19,19,5,coordinated,delayed_coordination,-2.7156459295023,3.75446307985206,58.99802541192,-304
19,19,7,early_mover,sequential,6.40005334298455,-3.39049031265728,-2.76819550242658,105
19,19,7,early_mover,coordinated,9.20674816003228,-4.40656053448791,-76.1013505874957,290
19,19,7,early_mover,delayed_coordination,5.53383237762247,0.693020189212461,14.3260750007807,52
19,19,7,sequential,coordinated,2.80669481704773,-1.01607022183063,-73.3331550850692,185
19,19,7,sequential,delayed_coordination,-0.866220965362075,4.08351050186974,17.0942705032073,-53
19,19,7,coordinated,delayed_coordination,-3.6729157824098,5.09958072370037,90.4274255882765,-238
20,20,3,early_mover,sequential,2.37172526776845,6.73464203319276,45.8852939785495,-80
20,20,3,early_mover,coordinated,9.77677426131402,-23.482424972581,-90.6746493039579,435
20,20,3,early_mover,delayed_coordination,-0.710582465169182,14.8464952269632,72.1283352729035,-118
20,20,3,sequential,coordinated,7.40504899354556,-30.2170670057737,-136.559943282507,515
20,20,3,sequential,delayed_coordination,-3.08230773293764,8.11185319377043,26.243041294354,-38
20,20,3,coordinated,delayed_coordination,-10.4873567264832,38.3289201995442,162.802984576861,-553
20,20,5,early_mover,sequential,-1.4572048147724,10.0991889419578,65.5648067558454,-161
20,20,5,early_mover,coordinated,4.12331784001769,5.87013222569681,-69.2048580954047,83
20,20,5,early_mover,delayed_coordination,4.24748401128262,0.364977207287836,-2.45268476657566,-1
20,20,5,sequential,coordinated,5.58052265479009,-4.229056716261,-134.76966485125,244
20,20,5,sequential,delayed_coordination,5.70468882605502,-9.73421173466997,-68.0174915224211,160
20,20,5,coordinated,delayed_coordination,0.124166171264932,-5.50515501840897,66.752173328829,-84
20,20,7,early_mover,sequential,3.54592783261775,-4.31240086974438,-6.08786497013284,154
20,20,7,early_mover,coordinated,7.35123552086938,-0.185275259905751,-75.4946498141969,277
20,20,7,early_mover,delayed_coordination,6.20573258148485,-1.33078042555798,-31.4452258747629,150
20,20,7,sequential,coordinated,3.80530768825163,4.12712560983863,-69.4067848440641,123
20,20,7,sequential,delayed_coordination,2.6598047488671,2.9816204441864,-25.35736090463,-4
20,20,7,coordinated,delayed_coordination,-1.14550293938453,-1.14550516565222,44.0494239394341,-127
21,21,3,early_mover,sequential,3.26761751260813,-5.35444171900429,-3.87345076964198,124
21,21,3,early_mover,coordinated,-0.119087995068242,0.320257614780559,72.144517670182,-173
21,21,3,early_mover,delayed_coordination,4.86696764307129,-12.9183444769006,-39.5461829968581,176
21,21,3,sequential,coordinated,-3.38670550767637,5.67469933378484,76.017968439824,-297
21,21,3,sequential,delayed_coordination,1.59935013046316,-7.5639027578963,-35.6727322272161,52
21,21,3,coordinated,delayed_coordination,4.98605563813953,-13.2386020916811,-111.69070066704,349
21,21,5,early_mover,sequential,0.262797479103881,-6.66287390759686,41.2697302814913,-20
21,21,5,early_mover,coordinated,-3.47994574710705,6.30923067465989,77.0020871130787,-177
21,21,5,early_mover,delayed_coordination,1.94349468329573,-8.70317008234582,33.8851602651098,-16
21,21,5,sequential,coordinated,-3.74274322621093,12.9721045822567,35.7323568315874,-157
21,21,5,sequential,delayed_coordination,1.68069720419184,-2.04029617474896,-7.38457001638153,4
21,21,5,coordinated,delayed_coordination,5.42344043040278,-15.0124007570057,-43.1169268479689,161
21,21,7,early_mover,sequential,2.38612184525235,0.413446571440602,36.085570168211,171
21,21,7,early_mover,coordinated,-0.470368985569905,1.45354684467605,97.5944195785069,-156
21,21,7,early_mover,delayed_coordination,2.16611104453351,-6.17770082683495,30.1084358636458,106
21,21,7,sequential,coordinated,-2.85649083082225,1.04010027323545,61.5088494102959,-327
21,21,7,sequential,delayed_coordination,-0.220010800718839,-6.59114739827555,-5.9771343045652,-65
21,21,7,coordinated,delayed_coordination,2.63648003010341,-7.63124767151101,-67.485983714861,262
22,22,3,early_mover,sequential,3.56930513759998,7.1434017782579,38.1632402780624,14
22,22,3,early_mover,coordinated,-0.69472600988496,-1.34571904981618,68.0466670688922,-176
22,22,3,early_mover,delayed_coordination,-0.0756062716110506,9.81294357903616,82.1347296582564,-108
22,22,3,sequential,coordinated,-4.26403114748494,-8.48912082807408,29.8834267908298,-190
22,22,3,sequential,delayed_coordination,-3.64491140921103,2.66954180077826,43.971489380194,-122
22,22,3,coordinated,delayed_coordination,0.619119738273909,11.1586626288523,14.0880625893642,68
22,22,5,early_mover,sequential,1.16244313896539,-2.04131212237635,24.0433704200937,-96
22,22,5,early_mover,coordinated,1.21197102034668,3.64779826270302,32.829478852055,-134
22,22,5,early_mover,delayed_coordination,0.797936660503041,4.54822679074886,47.9405625830882,-88
22,22,5,sequential,coordinated,0.0495278813812945,5.68911038507937,8.78610843196134,-38
22,22,5,sequential,delayed_coordination,-0.364506478462346,6.58953891312521,23.8971921629945,8
22,22,5,coordinated,delayed_coordination,-0.41403435984364,0.900428528045836,15.1110837310332,46
22,22,7,early_mover,sequential,-0.463906678505424,15.5340290193964,67.4196839046203,-168
22,22,7,early_mover,coordinated,2.26066345697667,16.7062319251626,59.8723283950394,-55
22,22,7,early_mover,delayed_coordination,-0.803599097206416,10.5626840788383,85.4303918440096,-198
22,22,7,sequential,coordinated,2.7245701354821,1.17220290576614,-7.54735550958094,113
22,22,7,sequential,delayed_coordination,-0.339692418700992,-4.97134494055808,18.0107079393892,-30
22,22,7,coordinated,delayed_coordination,-3.06426255418309,-6.14354784632422,25.5580634489702,-143
23,23,3,early_mover,sequential,1.04954837552607,0.647338001228434,36.6797535280559,7
23,23,3,early_mover,coordinated,3.21315068378819,1.04492002514274,15.8234000690602,83
23,23,3,early_mover,delayed_coordination,0.285701962472444,7.90867009118352,80.0867415152284,-51
23,23,3,sequential,coordinated,2.16360230826211,0.39758202391431,-20.8563534589957,76
23,23,3,sequential,delayed_coordination,-0.763846413053628,7.26133208995509,43.4069879871724,-58
23,23,3,coordinated,delayed_coordination,-2.92744872131574,6.86375006604078,64.2633414461682,-134
23,23,5,early_mover,sequential,-1.1115340487498,10.5937725936668,75.6161622266559,-52
23,23,5,early_mover,coordinated,0.893779358529287,16.5973610700437,59.6102513968954,-11
23,23,5,early_mover,delayed_coordination,-0.703500509968677,10.9314691295181,77.9448274656306,-84
23,23,5,sequential,coordinated,2.00531340727909,6.00358847637693,-16.0059108297605,41
23,23,5,sequential,delayed_coordination,0.408033538781126,0.337696535851364,2.32866523897474,-32
23,23,5,coordinated,delayed_coordination,-1.59727986849796,-5.66589194052557,18.3345760687353,-73
23,23,7,early_mover,sequential,1.19720053352569,5.77928639393869,31.5705771679861,20
23,23,7,early_mover,coordinated,2.27136294866891,-2.97197894852323,9.03194366368211,306
23,23,7,early_mover,delayed_coordination,0.54027426763426,10.0849753477157,60.0176489348689,-66
23,23,7,sequential,coordinated,1.07416241514322,-8.75126534246192,-22.538633504304,286
23,23,7,sequential,delayed_coordination,-0.656926265891428,4.30568895377704,28.4470717668828,-86
23,23,7,coordinated,delayed_coordination,-1.73108868103465,13.056954296239,50.9857052711868,-372
24,24,3,early_mover,sequential,4.11318478530811,2.4419017456286,1.10411904686794,166
24,24,3,early_mover,coordinated,8.51475792495046,-6.4340440925657,-94.1806199126966,440
24,24,3,early_mover,delayed_coordination,4.09576284014585,-2.89960854428691,-2.7257958872533,196
24,24,3,sequential,coordinated,4.40157313964235,-8.8759458381943,-95.2847389595645,274
24,24,3,sequential,delayed_coordination,-0.0174219451622548,-5.3415102899155,-3.82991493412123,30
24,24,3,coordinated,delayed_coordination,-4.41899508480461,3.53443554827879,91.4548240254433,-244
24,24,5,early_mover,sequential,2.55529437218939,3.23554970017418,40.5154163270965,192
24,24,5,early_mover,coordinated,7.81064442793186,-8.97351001122561,-50.5626282244061,470
24,24,5,early_mover,delayed_coordination,2.31569396192975,10.3759140825082,58.6859970199969,43
24,24,5,sequential,coordinated,5.25535005574247,-12.2090597113998,-91.0780445515027,278
24,24,5,sequential,delayed_coordination,-0.239600410259641,7.14036438233398,18.1705806929003,-149
24,24,5,coordinated,delayed_coordination,-5.49495046600211,19.3494240937338,109.248625244403,-427
24,24,7,early_mover,sequential,-3.1537879617847,21.563507019921,145.01495367926,-188
24,24,7,early_mover,coordinated,2.22073633459146,21.9784438114435,33.3199064609732,149
24,24,7,early_mover,delayed_coordination,0.986315246787228,13.7692447354846,74.4040701235795,-45
24,24,7,sequential,coordinated,5.37452429637617,0.41493679152245,-111.695047218286,337
24,24,7,sequential,delayed_coordination,4.14010320857193,-7.7942622844364,-70.6108835556802,143
24,24,7,coordinated,delayed_coordination,-1.23442108780424,-8.20919907595885,41.0841636626062,-194
25,25,3,early_mover,sequential,7.41301669462726,-0.552585438113113,-6.5663969191769,285
25,25,3,early_mover,coordinated,18.4346155334989,-29.1330626809626,-182.820746429987,1019
25,25,3,early_mover,delayed_coordination,2.28904012147973,7.20876377961292,30.4696907104644,56
25,25,3,sequential,coordinated,11.0215988388717,-28.5804772428494,-176.25434951081,734
25,25,3,sequential,delayed_coordination,-5.12397657314753,7.76134921772604,37.0360876296413,-229
25,25,3,coordinated,delayed_coordination,-16.1455754120192,36.3418264605755,213.290437140451,-963
25,25,5,early_mover,sequential,0.303406167172355,8.6207214227054,88.0868379697188,-122
25,25,5,early_mover,coordinated,-1.24896724000153,-1.73889273564492,64.8294354071072,-69
25,25,5,early_mover,delayed_coordination,3.5115841523109,2.83136452767087,28.1197945387428,92
25,25,5,sequential,coordinated,-1.55237340717389,-10.3596141583503,-23.2574025626116,53
25,25,5,sequential,delayed_coordination,3.20817798513855,-5.78935689503453,-59.967043430976,214
25,25,5,coordinated,delayed_coordination,4.76055139231244,4.5702572633158,-36.7096408683644,161
25,25,7,early_mover,sequential,-0.132439709696186,12.9314072169504,76.711054045476,-8
25,25,7,early_mover,coordinated,0.277800652755928,40.691028826157,138.550587228981,-269
25,25,7,early_mover,delayed_coordination,3.27134816688805,2.01837380480583,32.1959557024616,199
25,25,7,sequential,coordinated,0.410240362452114,27.7596216092065,61.8395331835054,-261
25,25,7,sequential,delayed_coordination,3.40378787658423,-10.9130334121446,-44.5150983430144,207
25,25,7,coordinated,delayed_coordination,2.99354751413212,-38.6726550213511,-106.35463152652,468
26,26,3,early_mover,sequential,-1.35560760049063,15.8158554280928,61.8645269347487,-164
26,26,3,early_mover,coordinated,3.81156510773354,2.73157052115772,-15.4620961266439,-160
26,26,3,early_mover,delayed_coordination,-4.09387204016039,21.2886645890444,108.38947326417,-199
26,26,3,sequential,coordinated,5.16717270822417,-13.0842849069351,-77.3266230613926,4
26,26,3,sequential,delayed_coordination,-2.73826443966976,5.47280916095158,46.5249463294217,-35
26,26,3,coordinated,delayed_coordination,-7.90543714789393,18.5570940678867,123.851569390814,-39
26,26,5,early_mover,sequential,0.0886561478355219,20.3287018481479,93.6442376405171,-184
26,26,5,early_mover,coordinated,1.6561884046781,16.7204027823032,45.8467269241225,-55
26,26,5,early_mover,delayed_coordination,-2.28187885718086,15.7077020733142,96.3811609348195,-242
26,26,5,sequential,coordinated,1.56753225684258,-3.6082990658447,-47.7975107163945,129
26,26,5,sequential,delayed_coordination,-2.37053500501638,-4.62099977483371,2.73692329430241,-58
26,26,5,coordinated,delayed_coordination,-3.93806726185896,-1.012700708989,50.5344340106969,-187
26,26,7,early_mover,sequential,-3.88468835983227,19.1971740995857,102.255162374843,-210
26,26,7,early_mover,coordinated,1.40830162240871,-3.53131894392232,35.4915492426653,30
26,26,7,early_mover,delayed_coordination,-4.01689914720285,23.2004176794405,134.088016780661,-257
26,26,7,sequential,coordinated,5.29298998224098,-22.728493043508,-66.7636131321781,240
26,26,7,sequential,delayed_coordination,-0.132210787370582,4.0032435798548,31.8328544058177,-47
26,26,7,coordinated,delayed_coordination,-5.42520076961156,26.7317366233628,98.5964675379957,-287
27,27,3,early_mover,sequential,7.28893947773744,-12.8215909030908,-15.2335189918133,179
27,27,3,early_mover,coordinated,4.73350123273343,-15.8339982749641,55.7733086734174,-25
27,27,3,early_mover,delayed_coordination,5.86128121694165,-5.14568212143701,25.849148824831,89
27,27,3,sequential,coordinated,-2.55543824500401,-3.01240737187331,71.0068276652307,-204
27,27,3,sequential,delayed_coordination,-1.42765826079579,7.67590878165379,41.0826678166443,-90
27,27,3,coordinated,delayed_coordination,1.12777998420822,10.6883161535271,-29.9241598485864,114
27,27,5,early_mover,sequential,5.40553157402539,3.76146207292049,25.9097247696968,171
27,27,5,early_mover,coordinated,8.48072022541487,-12.0432357643357,-0.828637189883921,201
27,27,5,early_mover,delayed_coordination,5.46618815099073,1.77043760352086,33.7777006213119,47
27,27,5,sequential,coordinated,3.07518865138948,-15.8046978372562,-26.7383619595807,30
27,27,5,sequential,delayed_coordination,0.0606565769653429,-1.99102446939963,7.86797585161503,-124
27,27,5,coordinated,delayed_coordination,-3.01453207442414,13.8136733678566,34.6063378111958,-154
27,27,7,early_mover,sequential,2.19270972028616,-3.7295327237091,52.3572476373586,55
27,27,7,early_mover,coordinated,2.14563624386913,-8.50219199377176,25.267122179511,122
27,27,7,early_mover,delayed_coordination,4.28439106568929,3.34390598127339,39.5124484042915,112
27,27,7,sequential,coordinated,-0.047073476417026,-4.77265927006266,-27.0901254578475,67
27,27,7,sequential,delayed_coordination,2.09168134540313,7.07343870498249,-12.8447992330671,57
27,27,7,coordinated,delayed_coordination,2.13875482182016,11.8460979750452,14.2453262247805,-10
28,28,3,early_mover,sequential,-1.93114407731888,11.5013601465932,89.8499743417858,-89
28,28,3,early_mover,coordinated,-0.0612899614760494,7.0686341780266,74.8458313858241,-126
28,28,3,early_mover,delayed_coordination,0.706202495146556,7.44940324593898,62.4226550534663,-78
28,28,3,sequential,coordinated,1.86985411584283,-4.43272596856659,-15.0041429559617,-37
28,28,3,sequential,delayed_coordination,2.63734657246543,-4.0519569006542,-27.4273192883195,11
28,28,3,coordinated,delayed_coordination,0.767492456622605,0.380769067912382,-12.4231763323578,48
28,28,5,early_mover,sequential,-0.478279285636191,11.9196554865844,89.3120303785938,-200
28,28,5,early_mover,coordinated,4.6651366455639,4.49435542260258,-3.86980103942415,-1
28,28,5,early_mover,delayed_coordination,2.039131617552,6.18758558606922,33.6400816779426,14
28,28,5,sequential,coordinated,5.1434159312001,-7.42530006398178,-93.181831418018,199
28,28,5,sequential,delayed_coordination,2.51741090318819,-5.73206990051514,-55.6719487006512,214
28,28,5,coordinated,delayed_coordination,-2.6260050280119,1.69323016346664,37.5098827173667,15
28,28,7,early_mover,sequential,-1.85393668896815,7.66459919676558,97.9630026233463,-232
28,28,7,early_mover,coordinated,-1.38712794128763,9.34811036475816,90.1230538050513,-172
28,28,7,early_mover,delayed_coordination,0.104407447234735,7.12344644564459,76.8612972423784,-62
28,28,7,sequential,coordinated,0.466808747680517,1.68351116799258,-7.83994881829494,60
28,28,7,sequential,delayed_coordination,1.95834413620288,-0.54115275112099,-21.1017053809678,170
28,28,7,coordinated,delayed_coordination,1.49153538852237,-2.22466391911357,-13.2617565626729,110
29,29,3,early_mover,sequential,0.23568169712523,11.0018836784663,31.7797113700592,17
29,29,3,early_mover,coordinated,1.28150834094239,8.92954955434615,69.9234855399693,-46
29,29,3,early_mover,delayed_coordination,-0.229090438511648,14.4433517676836,67.0393621284816,-19
29,29,3,sequential,coordinated,1.04582664381716,-2.07233412412012,38.1437741699101,-63
29,29,3,sequential,delayed_coordination,-0.464772135636878,3.44146808921732,35.2596507584224,-36
29,29,3,coordinated,delayed_coordination,-1.51059877945404,5.51380221333744,-2.88412341148774,27
29,29,5,early_mover,sequential,0.612241530330266,1.70487075754792,88.6531672767333,-26
29,29,5,early_mover,coordinated,3.19731462199928,-2.80075826627805,43.0930930361055,-11
29,29,5,early_mover,delayed_coordination,3.45288021608286,1.51474056532075,51.1432623417668,-38
29,29,5,sequential,coordinated,2.58507309166902,-4.50562902382597,-45.5600742406277,15
29,29,5,sequential,delayed_coordination,2.84063868575259,-0.190130192227173,-37.5099049349665,-12
29,29,5,coordinated,delayed_coordination,0.255565594083578,4.3154988315988,8.05016930566126,-27
29,29,7,early_mover,sequential,5.42492137350865,1.98023282363832,16.0372409249469,-48
29,29,7,early_mover,coordinated,0.478712087082215,2.62431086883683,35.6967144975238,25
29,29,7,early_mover,delayed_coordination,2.45979544512065,8.89605590641773,44.444928277032,-94
29,29,7,sequential,coordinated,-4.94620928642644,0.644078045198512,19.6594735725769,73
29,29,7,sequential,delayed_coordination,-2.96512592838801,6.91582308277941,28.4076873520851,-46
29,29,7,coordinated,delayed_coordination,1.98108335803843,6.2717450375809,8.74821377950821,-119
30,30,3,early_mover,sequential,3.26087571143543,2.11462886933199,35.3805140094778,-29
30,30,3,early_mover,coordinated,3.80452489736004,-9.74061302244857,-35.2393190116982,34
30,30,3,early_mover,delayed_coordination,2.78857443283295,-1.34660124180812,17.6351478202703,-17
30,30,3,sequential,coordinated,0.543649185924608,-11.8552418917806,-70.619833021176,63
30,30,3,sequential,delayed_coordination,-0.472301278602487,-3.46123011114011,-17.7453661892075,12
30,30,3,coordinated,delayed_coordination,-1.01595046452709,8.39401178064045,52.8744668319684,-51
30,30,5,early_mover,sequential,1.85295388683295,2.12748213080755,72.637297635966,-86
30,30,5,early_mover,coordinated,4.06975112244849,1.60126355100402,16.032314980112,-71
30,30,5,early_mover,delayed_coordination,-1.22778548987175,10.312025385476,118.010440558881,-253
30,30,5,sequential,coordinated,2.21679723561554,-0.526218579803526,-56.604982655854,15
30,30,5,sequential,delayed_coordination,-3.0807393767047,8.18454325466843,45.3731429229147,-167
30,30,5,coordinated,delayed_coordination,-5.29753661232024,8.71076183447195,101.978125578769,-182
30,30,7,early_mover,sequential,1.23849588640016,4.61575370425851,46.6977901129553,49
30,30,7,early_mover,coordinated,3.71397606481244,2.76856715796544,-10.6930877467346,21
30,30,7,early_mover,delayed_coordination,1.06933004026409,12.9186275995726,51.5532064451766,-98
30,30,7,sequential,coordinated,2.47548017841228,-1.84718654629307,-57.3908778596899,-28
30,30,7,sequential,delayed_coordination,-0.169165846136067,8.30287389531409,4.85541633222124,-147
30,30,7,coordinated,delayed_coordination,-2.64464602454835,10.1500604416072,62.2462941919111,-119
31,31,3,early_mover,sequential,4.98961715175685,6.6110388754534,47.8921485882852,-13
31,31,3,early_mover,coordinated,7.41247391197845,-6.62530203550352,-66.5375801245841,400
31,31,3,early_mover,delayed_coordination,3.20481854825087,6.16473966163309,47.5970486539559,7
31,31,3,sequential,coordinated,2.42285676022161,-13.2363409109569,-114.429728712869,413
31,31,3,sequential,delayed_coordination,-1.78479860350598,-0.446299213820311,-0.295099934329301,20
31,31,3,coordinated,delayed_coordination,-4.20765536372758,12.7900416971366,114.13462877854,-393
31,31,5,early_mover,sequential,6.7857934808884,0.310560454860507,18.5866041040381,60
31,31,5,early_mover,coordinated,13.8264707630653,-17.6995230429394,-86.654986527476,725
31,31,5,early_mover,delayed_coordination,5.7720746451171,5.80335383840563,32.6104649765844,17
31,31,5,sequential,coordinated,7.04067728217694,-18.0100834977999,-105.241590631514,665
31,31,5,sequential,delayed_coordination,-1.0137188357713,5.49279338354512,14.0238608725463,-43
31,31,5,coordinated,delayed_coordination,-8.05439611794824,23.5028768813451,119.26545150406,-708
31,31,7,early_mover,sequential,4.84472103704076,6.73971516494046,30.1355686887268,44
31,31,7,early_mover,coordinated,3.04540326192361,14.1423512079988,15.4018400732505,154
31,31,7,early_mover,delayed_coordination,3.99885320976449,5.90110794586761,44.6472937242199,6
31,31,7,sequential,coordinated,-1.79931777511715,7.40263604305838,-14.7337286154764,110
31,31,7,sequential,delayed_coordination,-0.845867827276265,-0.838607219072856,14.5117250354931,-38
31,31,7,coordinated,delayed_coordination,0.95344994784088,-8.24124326213123,29.2454536509695,-148
32,32,3,early_mover,sequential,2.04877239102383,5.56286077891116,54.2950469601824,0
32,32,3,early_mover,coordinated,0.294044542993149,-0.165713719405346,46.401637012897,194
32,32,3,early_mover,delayed_coordination,3.31902098412901,7.40937887211084,57.4187642497475,27
32,32,3,sequential,coordinated,-1.75472784803068,-5.7285744983165,-7.89340994728536,194
32,32,3,sequential,delayed_coordination,1.27024859310518,1.84651809319968,3.12371728956509,27
32,32,3,coordinated,delayed_coordination,3.02497644113586,7.57509259151618,11.0171272368505,-167
32,32,5,early_mover,sequential,2.972998648124,4.14144205573538,45.2932271108662,100
32,32,5,early_mover,coordinated,3.85485293743857,-18.8544188120412,-35.6352292648403,253
32,32,5,early_mover,delayed_coordination,1.97509109016617,3.54090325150293,69.5603773358621,18
32,32,5,sequential,coordinated,0.88185428931456,-22.9958608677766,-80.9284563757064,153
32,32,5,sequential,delayed_coordination,-0.997907557957831,-0.600538804232457,24.2671502249959,-82
32,32,5,coordinated,delayed_coordination,-1.87976184727239,22.3953220635441,105.195606600702,-235
32,32,7,early_mover,sequential,1.50579852120798,4.52059793881611,46.3029425645943,106
32,32,7,early_mover,coordinated,4.30712866781903,-7.82218306716413,-108.338746834137,480
32,32,7,early_mover,delayed_coordination,3.20826949801695,2.68942979737284,30.3553201948964,37
32,32,7,sequential,coordinated,2.80133014661105,-12.3427810059802,-154.641689398731,374
32,32,7,sequential,delayed_coordination,1.70247097680897,-1.83116814144327,-15.9476223696979,-69
32,32,7,coordinated,delayed_coordination,-1.09885916980208,10.511612864537,138.694067029033,-443
33,33,3,early_mover,sequential,1.79732474225008,11.8570815399212,73.2625299381557,-64
33,33,3,early_mover,coordinated,0.541793491724007,13.3696412284621,84.7052345836371,42
33,33,3,early_mover,delayed_coordination,1.88233818921186,12.7373011393425,61.1974935811311,-47
33,33,3,sequential,coordinated,-1.25553125052608,1.51255968854093,11.4427046454814,106
33,33,3,sequential,delayed_coordination,0.0850134469617814,0.880219599421252,-12.0650363570246,17
33,33,3,coordinated,delayed_coordination,1.34054469748786,-0.63234008911968,-23.507741002506,-89
33,33,5,early_mover,sequential,1.6943685618542,8.58478497629065,60.199373451431,-29
33,33,5,early_mover,coordinated,2.35933260897419,5.10540461774048,61.7858067394347,-53
33,33,5,early_mover,delayed_coordination,3.2055581435267,4.97402402757609,35.3767847928389,151
33,33,5,sequential,coordinated,0.66496404711998,-3.47938035855017,1.58643328800372,-24
33,33,5,sequential,delayed_coordination,1.5111895816725,-3.61076094871456,-24.8225886585922,180
33,33,5,coordinated,delayed_coordination,0.846225534552516,-0.131380590164383,-26.4090219465959,204
33,33,7,early_mover,sequential,4.20935153977392,3.01409729151794,26.8383489729658,47
33,33,7,early_mover,coordinated,6.99853144714403,-8.73516347988559,-32.1000283877308,359
33,33,7,early_mover,delayed_coordination,2.53440174202152,6.63064368274905,42.1732001296014,36
33,33,7,sequential,coordinated,2.78917990737011,-11.7492607714035,-58.9383773606967,312
33,33,7,sequential,delayed_coordination,-1.6749497977524,3.61654639123111,15.3348511566355,-11
33,33,7,coordinated,delayed_coordination,-4.46412970512252,15.3658071626346,74.2732285173322,-323
34,34,3,early_mover,sequential,2.4792169841775,7.20025748629854,26.6256624145724,64
34,34,3,early_mover,coordinated,11.9958756137177,-18.283797202527,-113.010092366159,540
34,34,3,early_mover,delayed_coordination,3.92747595438846,2.08900940796167,-3.66865419830128,63
34,34,3,sequential,coordinated,9.51665862954022,-25.4840546888256,-139.635754780732,476
34,34,3,sequential,delayed_coordination,1.44825897021096,-5.11124807833687,-30.2943166128737,-1
34,34,3,coordinated,delayed_coordination,-8.06839965932926,20.3728066104887,109.341438167858,-477
34,34,5,early_mover,sequential,2.35403755099657,9.88111658379844,49.8205894528505,-75
34,34,5,early_mover,coordinated,3.25791837896985,1.10896192081159,8.4194733881402,13
34,34,5,early_mover,delayed_coordination,3.82607798707987,5.30602153761097,29.2618757624364,-73
34,34,5,sequential,coordinated,0.903880827973282,-8.77215466298685,-41.4011160647103,88
34,34,5,sequential,delayed_coordination,1.4720404360833,-4.57509504618747,-20.5587136904142,2
34,34,5,coordinated,delayed_coordination,0.568159608110022,4.19705961679938,20.8424023742962,-86
34,34,7,early_mover,sequential,1.47761226904871,18.8799187383487,63.5065940001384,-16
34,34,7,early_mover,coordinated,4.7851145965156,17.0944902628528,24.9786317924165,273
34,34,7,early_mover,delayed_coordination,1.51291264819454,22.2730371066049,61.4089983626891,-65
34,34,7,sequential,coordinated,3.30750232746689,-1.78542847549585,-38.5279622077219,289
34,34,7,sequential,delayed_coordination,0.0353003791458377,3.39311836825624,-2.09759563744933,-49
34,34,7,coordinated,delayed_coordination,-3.27220194832105,5.17854684375209,36.4303665702726,-338
35,35,3,early_mover,sequential,-1.14645494716254,19.5229931349983,101.31267136174,-385
35,35,3,early_mover,coordinated,-1.17639686860977,13.9968610335182,81.6150174016379,-551
35,35,3,early_mover,delayed_coordination,4.02343984198556,11.1923207331849,22.2578549885968,31
35,35,3,sequential,coordinated,-0.0299419214472323,-5.5261321014801,-19.6976539601019,-166
35,35,3,sequential,delayed_coordination,5.1698947891481,-8.33067240181344,-79.054816373143,416
35,35,3,coordinated,delayed_coordination,5.19983671059533,-2.80454030033334,-59.3571624130411,582
35,35,5,early_mover,sequential,1.88293084210956,2.46839704549765,30.4728041722637,-101
35,35,5,early_mover,coordinated,1.57855877114149,11.519628071066,83.407805759754,-397
35,35,5,early_mover,delayed_coordination,3.88324379294653,-0.518368379661155,11.4055203113612,-73
35,35,5,sequential,coordinated,-0.304372070968071,9.05123102556834,52.9350015874902,-296
35,35,5,sequential,delayed_coordination,2.00031295083697,-2.98676542515881,-19.0672838609025,28
35,35,5,coordinated,delayed_coordination,2.30468502180504,-12.0379964507271,-72.0022854483927,324
35,35,7,early_mover,sequential,1.44536346198011,5.30048365181329,79.4122218813613,-148
35,35,7,early_mover,coordinated,-1.20758849695049,30.7000202295588,130.044172111231,-337
35,35,7,early_mover,delayed_coordination,2.73497388377531,7.61868760294908,55.7600912082546,-73
35,35,7,sequential,coordinated,-2.6529519589306,25.3995365777455,50.6319502298695,-189
35,35,7,sequential,delayed_coordination,1.2896104217952,2.31820395113579,-23.6521306731067,75
35,35,7,coordinated,delayed_coordination,3.9425623807258,-23.0813326266097,-74.2840809029763,264
36,36,3,early_mover,sequential,1.72920327847066,3.42278312561299,47.8328225882497,114
36,36,3,early_mover,coordinated,2.52528232259291,6.04767893606413,31.6805071671376,-71
36,36,3,early_mover,delayed_coordination,-1.28611167773336,6.22659746675004,85.9482637273675,-98
36,36,3,sequential,coordinated,0.796079044122251,2.62489581045114,-16.152315421112,-185
36,36,3,sequential,delayed_coordination,-3.01531495620402,2.80381434113704,38.1154411391178,-212
36,36,3,coordinated,delayed_coordination,-3.81139400032627,0.178918530685905,54.2677565602298,-27
36,36,5,early_mover,sequential,2.90753051328272,5.52426823558494,16.314262463882,42
36,36,5,early_mover,coordinated,4.02870887165102,-6.27954266236702,-23.0462300627216,0
36,36,5,early_mover,delayed_coordination,2.13392773629865,10.2559838131675,10.3352092624248,62
36,36,5,sequential,coordinated,1.1211783583683,-11.803810897952,-39.3604925266036,-42
36,36,5,sequential,delayed_coordination,-0.773602776984077,4.73171557758258,-5.97905320145719,20
36,36,5,coordinated,delayed_coordination,-1.89478113535237,16.5355264755345,33.3814393251464,62
36,36,7,early_mover,sequential,0.735176366906018,6.09078484418734,66.3110537699372,-44
36,36,7,early_mover,coordinated,3.2659325544023,9.26239826812684,48.4082820519609,-98
36,36,7,early_mover,delayed_coordination,0.128546509941884,10.1561744999439,62.5590069005316,-21
36,36,7,sequential,coordinated,2.53075618749628,3.1716134239395,-17.9027717179763,-54
36,36,7,sequential,delayed_coordination,-0.606629856964133,4.06538965575658,-3.7520468694056,23
36,36,7,coordinated,delayed_coordination,-3.13738604446041,0.893776231817071,14.1507248485707,77
37,37,3,early_mover,sequential,3.01882311151947,15.3581288714206,40.6671518035778,-2
37,37,3,early_mover,coordinated,8.7578225437961,-0.88629571347667,-78.4166599771156,195
37,37,3,early_mover,delayed_coordination,1.60825897883738,19.587978271107,62.5251884543952,-69
37,37,3,sequential,coordinated,5.73899943227663,-16.2444245848973,-119.083811780693,197
37,37,3,sequential,delayed_coordination,-1.41056413268208,4.22984939968637,21.8580366508174,-67
37,37,3,coordinated,delayed_coordination,-7.14956356495871,20.4742739845837,140.941848431511,-264
37,37,5,early_mover,sequential,5.52490256289234,16.6713333966727,3.52635997130551,213
37,37,5,early_mover,coordinated,0.502647180264105,25.9607662784283,89.9960498766595,-290
37,37,5,early_mover,delayed_coordination,2.53827440588279,11.505503463376,24.9866478526569,34
37,37,5,sequential,coordinated,-5.02225538262823,9.28943288175557,86.469689905354,-503
37,37,5,sequential,delayed_coordination,-2.98662815700955,-5.16582993329672,21.4602878813514,-179
37,37,5,coordinated,delayed_coordination,2.03562722561868,-14.4552628150523,-65.0094020240026,324
37,37,7,early_mover,sequential,-1.48837018246266,1.7210789337486,64.706890789472,-104
37,37,7,early_mover,coordinated,1.35172553267275,-8.78301708906903,37.9917170389663,-203
37,37,7,early_mover,delayed_coordination,-1.28633610405237,5.76391436174501,119.757628679346,-155
37,37,7,sequential,coordinated,2.8400957151354,-10.5040960228176,-26.7151737505058,-99
37,37,7,sequential,delayed_coordination,0.202034078410293,4.04283542799641,55.0507378898735,-51
37,37,7,coordinated,delayed_coordination,-2.63806163672511,14.546931450814,81.7659116403793,48
38,38,3,early_mover,sequential,5.09463953190885,-0.543398397176702,28.0832978045564,236
38,38,3,early_mover,coordinated,-1.21432820665801,20.309959678965,141.14604514501,28
38,38,3,early_mover,delayed_coordination,-1.152326961239,9.09295749675528,97.6462361310257,-30
38,38,3,sequential,coordinated,-6.30896773856686,20.8533580761417,113.062747340453,-208
38,38,3,sequential,delayed_coordination,-6.24696649314785,9.63635589393198,69.5629383264693,-266
38,38,3,coordinated,delayed_coordination,0.0620012454190118,-11.2170021822097,-43.4998090139838,-58
38,38,5,early_mover,sequential,1.70467676288801,11.078334528625,67.023206983029,242
38,38,5,early_mover,coordinated,1.54188992879178,5.46431457609924,28.3472990368459,262
38,38,5,early_mover,delayed_coordination,1.66365258000728,6.58517387581543,52.6600443809284,173
38,38,5,sequential,coordinated,-0.162786834096238,-5.61401995252572,-38.6759079461831,20
38,38,5,sequential,delayed_coordination,-0.041024182880733,-4.49316065280954,-14.3631626021006,-69
38,38,5,coordinated,delayed_coordination,0.121762651215505,1.12085929971619,24.3127453440825,-89
38,38,7,early_mover,sequential,-0.325073280941183,15.7642895003218,91.0545216251198,-3
38,38,7,early_mover,coordinated,2.75944916532993,5.79204957871639,43.5387227087972,117
38,38,7,early_mover,delayed_coordination,1.07988198489396,10.7748897246945,63.074569039266,84
38,38,7,sequential,coordinated,3.08452244627111,-9.97223992160536,-47.5157989163226,120
38,38,7,sequential,delayed_coordination,1.40495526583514,-4.98939977562728,-27.9799525858539,87
38,38,7,coordinated,delayed_coordination,-1.67956718043597,4.98284014597809,19.5358463304688,-33
39,39,3,early_mover,sequential,2.55478703229619,-3.52292623642512,15.6290900549736,67
39,39,3,early_mover,coordinated,1.73302585973906,0.128325482477408,29.6752308041409,-55
39,39,3,early_mover,delayed_coordination,3.6405374014207,4.6029734159807,14.2858815826019,154
39,39,3,sequential,coordinated,-0.821761172557132,3.65125171890253,14.0461407491673,-122
39,39,3,sequential,delayed_coordination,1.08575036912451,8.12589965240582,-1.34320847237177,87
39,39,3,coordinated,delayed_coordination,1.90751154168164,4.47464793350329,-15.3893492215391,209
39,39,5,early_mover,sequential,1.73134411816366,6.41859144582185,39.4113170680446,49
39,39,5,early_mover,coordinated,5.31481603945707,-7.40483343458683,5.81450540918036,221
39,39,5,early_mover,delayed_coordination,1.65882109834497,10.0908209019998,37.7954495774809,60
39,39,5,sequential,coordinated,3.58347192129341,-13.8234248804087,-33.5968116588642,172
39,39,5,sequential,delayed_coordination,-0.0725230198186892,3.67222945617794,-1.61586749056369,11
39,39,5,coordinated,delayed_coordination,-3.6559949411121,17.4956543365866,31.9809441683005,-161
39,39,7,early_mover,sequential,0.526096129258747,15.4981890745646,81.1188500214716,-48
39,39,7,early_mover,coordinated,0.414129176060413,5.26602316960248,47.3354603306725,172
39,39,7,early_mover,delayed_coordination,3.23791576599663,2.96060576325002,29.0732193887038,229
39,39,7,sequential,coordinated,-0.111966953198333,-10.2321659049621,-33.7833896907991,220
39,39,7,sequential,delayed_coordination,2.71181963673789,-12.5375833113145,-52.0456306327678,277
39,39,7,coordinated,delayed_coordination,2.82378658993622,-2.30541740635246,-18.2622409419687,57
40,40,3,early_mover,sequential,3.47628676551733,8.82565510214152,20.1767951667973,-22
40,40,3,early_mover,coordinated,7.36968234658661,-4.94145805178709,-54.3772602805639,282
40,40,3,early_mover,delayed_coordination,3.56966503340198,-0.589267237818206,21.6399810285709,-36
40,40,3,sequential,coordinated,3.89339558106929,-13.7671131539286,-74.5540554473612,304
40,40,3,sequential,delayed_coordination,0.0933782678846455,-9.41492233995973,1.46318586177358,-14
40,40,3,coordinated,delayed_coordination,-3.80001731318464,4.35219081396889,76.0172413091348,-318
40,40,5,early_mover,sequential,5.25350801601196,2.7163727972887,-10.7437405372766,42
40,40,5,early_mover,coordinated,6.83708813713537,-10.1395404579627,-47.7844299051574,12
40,40,5,early_mover,delayed_coordination,4.54462618910959,2.34775994417313,10.4666094877787,-34
40,40,5,sequential,coordinated,1.5835801211234,-12.8559132552514,-37.0406893678808,-30
40,40,5,sequential,delayed_coordination,-0.70888182690237,-0.368612853115565,21.2103500250553,-76
40,40,5,coordinated,delayed_coordination,-2.29246194802577,12.4873004021358,58.251039392936,-46
40,40,7,early_mover,sequential,3.24371188898638,15.9366288228873,57.1817175285935,-111
40,40,7,early_mover,coordinated,3.79058213495726,6.25606871207293,41.3882198301394,37
40,40,7,early_mover,delayed_coordination,3.53809008187051,3.56192440434359,35.506277789146,-72
40,40,7,sequential,coordinated,0.546870245970879,-9.68056011081438,-15.7934976984541,148
40,40,7,sequential,delayed_coordination,0.294378192884125,-12.3747044185437,-21.6754397394475,39
40,40,7,coordinated,delayed_coordination,-0.252492053086755,-2.69414430772935,-5.88194204099341,-109
41,41,3,early_mover,sequential,0.41537652622884,10.0011523335833,27.8854619323454,-14
41,41,3,early_mover,coordinated,2.48800906725897,-6.43436808899725,-19.9123836261824,126
41,41,3,early_mover,delayed_coordination,0.653733197540802,9.31280266444566,53.0578558543014,-121
41,41,3,sequential,coordinated,2.07263254103013,-16.4355204225805,-47.7978455585278,140
41,41,3,sequential,delayed_coordination,0.238356671311962,-0.688349669137608,25.172393921956,-107
41,41,3,coordinated,delayed_coordination,-1.83427586971817,15.7471707534429,72.9702394804838,-247
41,41,5,early_mover,sequential,3.05079085886739,0.559349149131322,-20.1218717713978,138
41,41,5,early_mover,coordinated,5.03547646588839,0.078909102270984,-73.971436789222,283
41,41,5,early_mover,delayed_coordination,3.54951184885735,1.12561355522166,-4.68337408757452,108
41,41,5,sequential,coordinated,1.98468560702101,-0.480440046860338,-53.8495650178243,145
41,41,5,sequential,delayed_coordination,0.498720989989963,0.56626440609034,15.4384976838232,-30
41,41,5,coordinated,delayed_coordination,-1.48596461703104,1.04670445295068,69.2880627016475,-175
41,41,7,early_mover,sequential,2.17224149560599,12.9202557769725,21.1493823815188,100
41,41,7,early_mover,coordinated,1.09821735571742,12.6202940401362,33.5437315490824,78
41,41,7,early_mover,delayed_coordination,2.07118505653338,7.02773214076336,27.68670460936,5
41,41,7,sequential,coordinated,-1.07402413988856,-0.299961736836252,12.3943491675636,-22
41,41,7,sequential,delayed_coordination,-0.101056439072607,-5.89252363620909,6.53732222784129,-95
41,41,7,coordinated,delayed_coordination,0.972967700815957,-5.59256189937284,-5.85702693972235,-73
42,42,3,early_mover,sequential,-0.340650027427642,24.7558262266916,80.0808931019408,2
42,42,3,early_mover,coordinated,0.377526316251135,29.1704326063459,79.5251555609252,-77
42,42,3,early_mover,delayed_coordination,-0.382247087758884,13.7360236529381,78.2099567153321,-68
42,42,3,sequential,coordinated,0.718176343678778,4.41460637965434,-0.55573754101556,-79
42,42,3,sequential,delayed_coordination,-0.0415970603312417,-11.0198025737535,-1.87093638660872,-70
42,42,3,coordinated,delayed_coordination,-0.759773404010019,-15.4344089534079,-1.31519884559316,9
42,42,5,early_mover,sequential,3.16442052284859,5.1619045574424,21.4539824531923,35
42,42,5,early_mover,coordinated,3.54221694315379,-0.919158565133813,-27.5057815068315,124
42,42,5,early_mover,delayed_coordination,1.31817323635869,19.5138272422279,50.7545144040853,-18
42,42,5,sequential,coordinated,0.377796420305202,-6.08106312257621,-48.9597639600238,89
42,42,5,sequential,delayed_coordination,-1.8462472864899,14.3519226847855,29.3005319508929,-53
42,42,5,coordinated,delayed_coordination,-2.2240437067951,20.4329858073617,78.2602959109167,-142
42,42,7,early_mover,sequential,0.0945222283606881,7.32137738031102,60.3522943393398,-48
42,42,7,early_mover,coordinated,3.21081996268336,3.45250091292215,12.4293857204948,193
42,42,7,early_mover,delayed_coordination,0.654171788727155,6.78299852079493,52.0597629293588,-63
42,42,7,sequential,coordinated,3.11629773432267,-3.86887646738887,-47.922908618845,241
42,42,7,sequential,delayed_coordination,0.559649560366466,-0.538378859516087,-8.29253140998094,-15
42,42,7,coordinated,delayed_coordination,-2.55664817395621,3.33049760787279,39.630377208864,-256
43,43,3,early_mover,sequential,1.1834068353545,14.3474478663306,60.580790676205,-48
43,43,3,early_mover,coordinated,2.78802969290385,7.84877925292369,47.2321560374412,-103
43,43,3,early_mover,delayed_coordination,3.26771629990094,10.9319968466968,27.418691862154,-48
43,43,3,sequential,coordinated,1.60462285754934,-6.49866861340692,-13.3486346387638,-55
43,43,3,sequential,delayed_coordination,2.08430946454644,-3.41545101963376,-33.162098814051,0
43,43,3,coordinated,delayed_coordination,0.479686606997092,3.08321759377316,-19.8134641752872,55
43,43,5,early_mover,sequential,-0.468398638024667,23.0954486825541,77.6510303848406,-187
43,43,5,early_mover,coordinated,2.56410508166991,11.562887342503,6.02908185877914,-76
43,43,5,early_mover,delayed_coordination,-1.84161685138092,19.3654932880579,89.0271288086192,-195
43,43,5,sequential,coordinated,3.03250371969457,-11.5325613400512,-71.6219485260615,111
43,43,5,sequential,delayed_coordination,-1.37321821335625,-3.72995539449619,11.3760984237786,-8
43,43,5,coordinated,delayed_coordination,-4.40572193305083,7.80260594555497,82.99804694984,-119
43,43,7,early_mover,sequential,-1.45843740549712,11.4488959004021,90.5863428629114,-165
43,43,7,early_mover,coordinated,-0.00592985442827398,4.27966382503286,65.146847721501,-30
43,43,7,early_mover,delayed_coordination,-1.29120565643419,11.8513525746932,76.898022900057,-161
43,43,7,sequential,coordinated,1.45250755106885,-7.16923207536919,-25.4394951414104,135
43,43,7,sequential,delayed_coordination,0.167231749062935,0.402456674291187,-13.6883199628544,4
43,43,7,coordinated,delayed_coordination,-1.28527580200591,7.57168874966038,11.751175178556,-131
44,44,3,early_mover,sequential,2.56331120904424,-3.42315170660089,47.664878423464,-180
44,44,3,early_mover,coordinated,8.64903083177892,-12.327110427205,-27.3670435837639,-65
44,44,3,early_mover,delayed_coordination,1.00917501471838,2.03481065012568,95.566730227818,-199
44,44,3,sequential,coordinated,6.08571962273467,-8.90395872060407,-75.0319220072279,115
44,44,3,sequential,delayed_coordination,-1.55413619432586,5.45796235672657,47.901851804354,-19
44,44,3,coordinated,delayed_coordination,-7.63985581706054,14.3619210773306,122.933773811582,-134
44,44,5,early_mover,sequential,3.48298607500942,2.70346472945533,45.187682184659,-90
44,44,5,early_mover,coordinated,8.60269350445569,-48.2193978780005,-174.913086514977,612
44,44,5,early_mover,delayed_coordination,3.41549392221029,0.0301898959199036,54.107550966683,-100
44,44,5,sequential,coordinated,5.11970742944627,-50.9228626074559,-220.100768699636,702
44,44,5,sequential,delayed_coordination,-0.067492152799133,-2.67327483353543,8.91986878202397,-10
44,44,5,coordinated,delayed_coordination,-5.1871995822454,48.2495877739204,229.02063748166,-712
44,44,7,early_mover,sequential,5.63638740631743,5.60429149455229,47.2850894555534,19
44,44,7,early_mover,coordinated,4.32237643606967,-7.74887546933689,17.9744717284448,-105
44,44,7,early_mover,delayed_coordination,4.05655808194932,1.42494152891351,40.2377254949488,-19
44,44,7,sequential,coordinated,-1.31401097024775,-13.3531669638892,-29.3106177271086,-124
44,44,7,sequential,delayed_coordination,-1.57982932436811,-4.17934996563878,-7.04736396060457,-38
44,44,7,coordinated,delayed_coordination,-0.265818354120356,9.1738169982504,22.263253766504,86
45,45,3,early_mover,sequential,1.69248783869259,10.6842264268905,51.2588832969464,-122
45,45,3,early_mover,coordinated,12.0861931083724,-9.01740921918235,-148.883589258555,516
45,45,3,early_mover,delayed_coordination,3.43515023526714,10.822289296494,59.6231808142261,-39
45,45,3,sequential,coordinated,10.3937052696798,-19.7016356460729,-200.142472555501,638
45,45,3,sequential,delayed_coordination,1.74266239657456,0.138062869603459,8.36429751727974,83
45,45,3,coordinated,delayed_coordination,-8.65104287310525,19.8396985156763,208.506770072781,-555
45,45,5,early_mover,sequential,1.0741125141311,9.34846236359436,61.8351018179924,-67
45,45,5,early_mover,coordinated,1.26194151961073,18.3792450739111,41.7022708287836,-83
45,45,5,early_mover,delayed_coordination,2.24006034642241,10.0261139257027,56.3255024526327,-110
45,45,5,sequential,coordinated,0.187829005479628,9.03078271031671,-20.1328309892087,-16
45,45,5,sequential,delayed_coordination,1.16594783229131,0.677651562108338,-5.50959936535969,-43
45,45,5,coordinated,delayed_coordination,0.978118826811681,-8.35313114820838,14.6232316238491,-27
45,45,7,early_mover,sequential,2.6189207980767,7.61613436386727,36.0048704213066,-20
45,45,7,early_mover,coordinated,4.87421205046869,6.11850622187401,-12.8175851515257,41
45,45,7,early_mover,delayed_coordination,3.84186325306338,6.7488107997963,27.4187197503172,16
45,45,7,sequential,coordinated,2.25529125239198,-1.49762814199326,-48.8224555728323,61
45,45,7,sequential,delayed_coordination,1.22294245498668,-0.867323564070972,-8.58615067098935,36
45,45,7,coordinated,delayed_coordination,-1.03234879740531,0.630304577922288,40.2363049018429,-25
46,46,3,early_mover,sequential,2.27841383826848,17.1479655577722,44.2269785273859,79
46,46,3,early_mover,coordinated,2.14650334169437,11.4395071600012,26.3575128219522,8
46,46,3,early_mover,delayed_coordination,4.22928058544302,16.2240182057952,19.0498220741517,130
46,46,3,sequential,coordinated,-0.131910496574108,-5.70845839777104,-17.8694657054336,-71
46,46,3,sequential,delayed_coordination,1.95086674717454,-0.923947351977006,-25.1771564532341,51
46,46,3,coordinated,delayed_coordination,2.08277724374865,4.78451104579403,-7.30769074780051,122
46,46,5,early_mover,sequential,0.467565874516211,10.4754710954022,76.6463534588474,-45
46,46,5,early_mover,coordinated,5.64366760880631,-5.72595427643282,6.45591933484275,162
46,46,5,early_mover,delayed_coordination,2.32658341155582,8.22876370994223,71.1720044045824,4
46,46,5,sequential,coordinated,5.1761017342901,-16.201425371835,-70.1904341240047,207
46,46,5,sequential,delayed_coordination,1.85901753703961,-2.24670738545998,-5.47434905426508,49
46,46,5,coordinated,delayed_coordination,-3.31708419725049,13.954717986375,64.7160850697396,-158
46,46,7,early_mover,sequential,1.56187199156541,9.18344522937977,20.8718955173224,-203
46,46,7,early_mover,coordinated,0.993757001558194,14.9282029145317,60.525995254379,-267
46,46,7,early_mover,delayed_coordination,4.44147622376221,3.77023342058766,2.28958953256756,-163
46,46,7,sequential,coordinated,-0.568114990007217,5.74475768515197,39.6540997370566,-64
46,46,7,sequential,delayed_coordination,2.8796042321968,-5.41321180879211,-18.5823059847548,40
46,46,7,coordinated,delayed_coordination,3.44771922220401,-11.1579694939441,-58.2364057218115,104
47,47,3,early_mover,sequential,4.95264511914534,2.72542899115842,-7.60069902503301,92
47,47,3,early_mover,coordinated,-1.20392215975707,12.2367923062875,97.5221664782225,-258
47,47,3,early_mover,delayed_coordination,3.85179838014669,3.5956995739129,41.7346058491073,6
47,47,3,sequential,coordinated,-6.15656727890241,9.51136331512907,105.122865503256,-350
47,47,3,sequential,delayed_coordination,-1.10084673899865,0.870270582754472,49.3353048741403,-86
47,47,3,coordinated,delayed_coordination,5.05572053990376,-8.6410927323746,-55.7875606291152,264
47,47,5,early_mover,sequential,8.1920488552577,-1.03214423494072,-81.0095331173891,329
47,47,5,early_mover,coordinated,9.12731148040797,-7.33218917913925,-142.242690406014,571
47,47,5,early_mover,delayed_coordination,5.50283442578734,-0.542533730592737,-59.3734797503027,228
47,47,5,sequential,coordinated,0.935262625150273,-6.30004494419853,-61.2331572886249,242
47,47,5,sequential,delayed_coordination,-2.68921442947035,0.489610504347979,21.6360533670863,-101
47,47,5,coordinated,delayed_coordination,-3.62447705462063,6.78965544854651,82.8692106557112,-343
47,47,7,early_mover,sequential,1.40818818149846,6.59644517744331,51.8000103922518,48
47,47,7,early_mover,coordinated,15.9823214537449,-28.1517616419567,-220.757956131267,791
47,47,7,early_mover,delayed_coordination,1.36179229403254,5.8689653619698,82.0540487202707,-133
47,47,7,sequential,coordinated,14.5741332722464,-34.7482068194,-272.557966523519,743
47,47,7,sequential,delayed_coordination,-0.0463958874659198,-0.727479815473515,30.2540383280189,-181
47,47,7,coordinated,delayed_coordination,-14.6205291597123,34.0207270039265,302.812004851538,-924
48,48,3,early_mover,sequential,-0.827569722655056,16.6783473949417,78.5984392747105,-48
48,48,3,early_mover,coordinated,3.90010651945016,-0.827193626634767,-13.9700405780968,29
48,48,3,early_mover,delayed_coordination,1.69839333340285,9.4863036542398,20.5117726762724,56
48,48,3,sequential,coordinated,4.72767624210522,-17.5055410215765,-92.5684798528073,77
48,48,3,sequential,delayed_coordination,2.5259630560579,-7.19204374070193,-58.0866665984381,104
48,48,3,coordinated,delayed_coordination,-2.20171318604731,10.3134972808746,34.4818132543692,27
48,48,5,early_mover,sequential,0.56265226335718,14.9207242473867,66.1111157923981,-78
48,48,5,early_mover,coordinated,4.59117677433473,10.9277747565671,23.4562093791944,3
48,48,5,early_mover,delayed_coordination,0.713142781048276,20.7291743245424,67.6930998366988,-62
48,48,5,sequential,coordinated,4.02852451097755,-3.99294949081957,-42.6549064132037,81
48,48,5,sequential,delayed_coordination,0.150490517691097,5.80845007715578,1.58198404430073,16
48,48,5,coordinated,delayed_coordination,-3.87803399328645,9.80139956797535,44.2368904575044,-65
48,48,7,early_mover,sequential,-2.36021568970452,20.1690552980012,105.212354386601,-184
48,48,7,early_mover,coordinated,3.81299019063674,9.60323326355808,38.2069480333209,-97
48,48,7,early_mover,delayed_coordination,0.511208272624643,14.4956612313199,72.0734012240059,-120
48,48,7,sequential,coordinated,6.17320588034126,-10.5658220344431,-67.0054063532803,87
48,48,7,sequential,delayed_coordination,2.87142396232916,-5.67339406668128,-33.1389531625953,64
48,48,7,coordinated,delayed_coordination,-3.3017819180121,4.89242796776182,33.866453190685,-23
49,49,3,early_mover,sequential,2.10621063047428,21.1148054836573,62.5088062550437,-38
49,49,3,early_mover,coordinated,3.12103170045782,22.1255671560646,86.0045499391147,-163
49,49,3,early_mover,delayed_coordination,0.281736858969865,27.5845997176766,67.3476465957476,-75
49,49,3,sequential,coordinated,1.01482106998354,1.01076167240723,23.4957436840709,-125
49,49,3,sequential,delayed_coordination,-1.82447377150442,6.46979423401925,4.83884034070388,-37
49,49,3,coordinated,delayed_coordination,-2.83929484148796,5.45903256161202,-18.656903343367,88
49,49,5,early_mover,sequential,4.39247420181272,8.79681551639277,42.7559442247007,-28
49,49,5,early_mover,coordinated,-0.702068743744832,26.0656577052445,108.480771226785,-274
49,49,5,early_mover,delayed_coordination,2.52737623733418,7.46216821314647,51.1923845410429,-37
49,49,5,sequential,coordinated,-5.09454294555755,17.2688421888517,65.7248270020848,-246
49,49,5,sequential,delayed_coordination,-1.86509796447854,-1.3346473032463,8.43644031634221,-9
49,49,5,coordinated,delayed_coordination,3.22944498107901,-18.603489492098,-57.2883866857426,237
49,49,7,early_mover,sequential,-1.32601430620409,23.7056467624311,119.233170880914,-120
49,49,7,early_mover,coordinated,1.78155326939319,29.6970878455343,76.0507647414465,-46
49,49,7,early_mover,delayed_coordination,0.501737322384713,18.6789163253384,85.7490184473743,-88
49,49,7,sequential,coordinated,3.10756757559727,5.99144108310313,-43.1824061394673,74
49,49,7,sequential,delayed_coordination,1.8277516285888,-5.02673043709277,-33.4841524335395,32
49,49,7,coordinated,delayed_coordination,-1.27981594700847,-11.0181715201959,9.69825370592775,-42
50,50,3,early_mover,sequential,3.07081729474393,3.62906011061935,82.667753886918,-219
50,50,3,early_mover,coordinated,6.21173871624609,-9.87202177447551,-43.4852296214051,-159
50,50,3,early_mover,delayed_coordination,2.51429512174792,-5.67241204914353,74.8823200587904,-238
50,50,3,sequential,coordinated,3.14092142150216,-13.5010818850949,-126.152983508323,60
50,50,3,sequential,delayed_coordination,-0.556522172996011,-9.30147215976288,-7.78543382812768,-19
50,50,3,coordinated,delayed_coordination,-3.69744359449817,4.19960972533198,118.367549680195,-79
50,50,5,early_mover,sequential,0.28765422153613,9.07534950871997,45.2145460155082,-15
50,50,5,early_mover,coordinated,-0.840906613588118,18.3192478944216,115.848663981823,-102
50,50,5,early_mover,delayed_coordination,-0.478479257300592,6.32662072595207,71.4382671970302,-87
50,50,5,sequential,coordinated,-1.12856083512425,9.24389838570164,70.6341179663145,-87
50,50,5,sequential,delayed_coordination,-0.766133478836721,-2.7487287827679,26.223721181522,-72
50,50,5,coordinated,delayed_coordination,0.362427356287526,-11.9926271684695,-44.4103967847925,15
50,50,7,early_mover,sequential,1.39339815737361,7.74806263272123,92.4700046484993,-69
50,50,7,early_mover,coordinated,1.57031148830718,1.77600130463537,68.5715756134755,-153
50,50,7,early_mover,delayed_coordination,2.71045292662052,-0.244619031711409,38.2181573520813,1
50,50,7,sequential,coordinated,0.176913330933573,-5.97206132808586,-23.8984290350238,-84
50,50,7,sequential,delayed_coordination,1.31705476924691,-7.99268166443264,-54.251847296418,70
50,50,7,coordinated,delayed_coordination,1.14014143831334,-2.02062033634678,-30.3534182613942,154
51,51,3,early_mover,sequential,2.82570594471142,21.8616643571813,80.1444136460673,58
51,51,3,early_mover,coordinated,5.94498687177136,-3.67540382457608,23.4861750204518,-50
51,51,3,early_mover,delayed_coordination,6.49591286430541,13.1125042908226,18.5738212918961,197
51,51,3,sequential,coordinated,3.11928092705995,-25.5370681817574,-56.6582386256155,-108
51,51,3,sequential,delayed_coordination,3.67020691959399,-8.74916006635871,-61.5705923541711,139
51,51,3,coordinated,delayed_coordination,0.550925992534047,16.7879081153987,-4.91235372855567,247
51,51,5,early_mover,sequential,3.13083311916043,19.548000800015,36.302241048812,78
51,51,5,early_mover,coordinated,7.09707351622008,8.89166023573401,-28.5520352434082,181
51,51,5,early_mover,delayed_coordination,3.48975402891287,20.4306613171609,46.6834337952064,56
51,51,5,sequential,coordinated,3.96624039705965,-10.656340564281,-64.8542762922202,103
51,51,5,sequential,delayed_coordination,0.358920909752442,0.882660517145922,10.3811927463944,-22
51,51,5,coordinated,delayed_coordination,-3.60731948730721,11.5390010814269,75.2354690386146,-125
51,51,7,early_mover,sequential,2.59588349832448,10.1095453726693,68.4598628935585,0
51,51,7,early_mover,coordinated,7.14958059514709,-11.8681424980614,-2.5049252109161,182
51,51,7,early_mover,delayed_coordination,1.16841430073362,18.7625021707175,68.25675018475,-17
51,51,7,sequential,coordinated,4.5536970968226,-21.9776878707307,-70.9647881044746,182
51,51,7,sequential,delayed_coordination,-1.42746919759087,8.65295679804819,-0.203112708808476,-17
51,51,7,coordinated,delayed_coordination,-5.98116629441347,30.6306446687789,70.7616753956661,-199
52,52,3,early_mover,sequential,1.55829045767632,5.0554363878253,49.6906227844199,-67
52,52,3,early_mover,coordinated,-0.167049192131628,5.56745465595066,77.1931308907067,-106
52,52,3,early_mover,delayed_coordination,1.02356021963266,6.52007930840307,36.5963503455091,-80
52,52,3,sequential,coordinated,-1.72533964980795,0.51201826812536,27.5025081062868,-39
52,52,3,sequential,delayed_coordination,-0.534730238043664,1.46464292057777,-13.0942724389108,-13
52,52,3,coordinated,delayed_coordination,1.19060941176429,0.952624652452414,-40.5967805451976,26
52,52,5,early_mover,sequential,1.32420726108784,19.0743881142508,50.7007831024653,-57
52,52,5,early_mover,coordinated,-1.36460629552532,-0.526045518415515,49.935196568076,-57
52,52,5,early_mover,delayed_coordination,1.26943104349594,8.14351192410246,50.0074644243082,-108
52,52,5,sequential,coordinated,-2.68881355661316,-19.6004336326664,-0.765586534389286,0
52,52,5,sequential,delayed_coordination,-0.0547762175918933,-10.9308761901484,-0.693318678157084,-51
52,52,5,coordinated,delayed_coordination,2.63403733902126,8.66955744251797,0.0722678562322017,-51
52,52,7,early_mover,sequential,1.85146742650733,12.4520515164006,65.2491816728914,-79
52,52,7,early_mover,coordinated,5.53427907028019,-12.0896359796302,-42.4815761121324,302
52,52,7,early_mover,delayed_coordination,1.37449169994082,8.32434834872029,56.2693180079293,-68
52,52,7,sequential,coordinated,3.68281164377287,-24.5416874960308,-107.730757785024,381
52,52,7,sequential,delayed_coordination,-0.476975726566508,-4.12770316768027,-8.97986366496207,11
52,52,7,coordinated,delayed_coordination,-4.15978737033937,20.4139843283505,98.7508941200617,-370
53,53,3,early_mover,sequential,5.0763331552524,-9.02858253850135,0.764165293778206,-16
53,53,3,early_mover,coordinated,4.94812588898679,-16.5665314765837,2.34469166860799,-39
53,53,3,early_mover,delayed_coordination,1.10616113342586,-0.221346068865103,37.483397493364,-106
53,53,3,sequential,coordinated,-0.128207266265605,-7.53794893808239,1.58052637482979,-23
53,53,3,sequential,delayed_coordination,-3.97017202182654,8.80723646963625,36.7192321995858,-90
53,53,3,coordinated,delayed_coordination,-3.84196475556094,16.3451854077186,35.138705824756,-67
53,53,5,early_mover,sequential,4.25449829971275,12.5512623671163,24.9913251232233,24
53,53,5,early_mover,coordinated,1.85738343069015,-3.45325892548504,40.3671415730553,-86
53,53,5,early_mover,delayed_coordination,3.87019563064975,1.96930083133148,5.15253044923816,-26
53,53,5,sequential,coordinated,-2.3971148690226,-16.0045212926013,15.375816449832,-110
53,53,5,sequential,delayed_coordination,-0.384302669063004,-10.5819615357848,-19.8387946739851,-50
53,53,5,coordinated,delayed_coordination,2.0128121999596,5.42255975681653,-35.2146111238171,60
53,53,7,early_mover,sequential,1.85068246842357,-5.29458134148919,32.4843117414541,-1
53,53,7,early_mover,coordinated,2.5853446840993,-34.9233733334885,-9.82926728696611,15
53,53,7,early_mover,delayed_coordination,2.09608178792415,-5.76432044326242,36.6548522256512,-33
53,53,7,sequential,coordinated,0.734662215675726,-29.6287919919993,-42.3135790284202,16
53,53,7,sequential,delayed_coordination,0.245399319500578,-0.469739101773229,4.17054048419709,-32
53,53,7,coordinated,delayed_coordination,-0.489262896175148,29.1590528902261,46.4841195126173,-48
54,54,3,early_mover,sequential,-0.292345176098593,16.7558533530388,108.702277234726,-282
54,54,3,early_mover,coordinated,-0.810870023907796,25.1737353968652,183.567407971536,-394
54,54,3,early_mover,delayed_coordination,-0.525685986823447,28.3642630644385,159.53491521741,-237
54,54,3,sequential,coordinated,-0.518524847809203,8.41788204382647,74.8651307368107,-112
54,54,3,sequential,delayed_coordination,-0.233340810724854,11.6084097113998,50.8326379826842,45
54,54,3,coordinated,delayed_coordination,0.285184037084349,3.19052766757329,-24.0324927541265,157
54,54,5,early_mover,sequential,0.793872676559189,13.6132387512308,94.216083059036,-97
54,54,5,early_mover,coordinated,8.79683743464639,-6.09650898606759,-41.0529431395325,327
54,54,5,early_mover,delayed_coordination,3.02169893039182,-1.13086583609888,52.6674190805522,-50
54,54,5,sequential,coordinated,8.0029647580872,-19.7097477372984,-135.269026198569,424
54,54,5,sequential,delayed_coordination,2.22782625383263,-14.7441045873296,-41.5486639784838,47
54,54,5,coordinated,delayed_coordination,-5.77513850425457,4.96564314996871,93.7203622200848,-377
54,54,7,early_mover,sequential,4.88536522723737,11.837848336396,60.200860252568,60
54,54,7,early_mover,coordinated,5.9249977709493,-3.65054148063064,-6.84948638407741,122
54,54,7,early_mover,delayed_coordination,2.74558322754608,12.7430165131748,61.6392367355591,51
54,54,7,sequential,coordinated,1.03963254371193,-15.4883898170266,-67.0503466366454,62
54,54,7,sequential,delayed_coordination,-2.13978199969129,0.905168176778801,1.43837648299109,-9
54,54,7,coordinated,delayed_coordination,-3.17941454340323,16.3935579938054,68.4887231196365,-71
55,55,3,early_mover,sequential,4.27835669344729,8.04795709753955,-3.8249372661619,100
55,55,3,early_mover,coordinated,6.11206659644051,-3.18403876098154,-72.3390138042419,288
55,55,3,early_mover,delayed_coordination,1.40258805211624,10.9804261920007,61.7913811176047,-23
55,55,3,sequential,coordinated,1.83370990299322,-11.2319958585211,-68.51407653808,188
55,55,3,sequential,delayed_coordination,-2.87576864133105,2.93246909446117,65.6163183837666,-123
55,55,3,coordinated,delayed_coordination,-4.70947854432427,14.1644649529823,134.130394921847,-311
55,55,5,early_mover,sequential,4.52544960499654,11.2547011144114,27.8516297840386,-65
55,55,5,early_mover,coordinated,7.97253893950486,10.128112513753,-29.6362590757651,43
55,55,5,early_mover,delayed_coordination,2.33039148683785,13.6920743371433,62.0282366223046,-163
55,55,5,sequential,coordinated,3.44708933450832,-1.12658860065841,-57.4878888598037,108
55,55,5,sequential,delayed_coordination,-2.19505811815868,2.43737322273188,34.176606838266,-98
55,55,5,coordinated,delayed_coordination,-5.642147452667,3.56396182339029,91.6644956980697,-206
55,55,7,early_mover,sequential,0.705192026899624,17.0222602909778,88.3947224937847,-112
55,55,7,early_mover,coordinated,1.17131659302615,5.02625317069675,47.719414649039,-21
55,55,7,early_mover,delayed_coordination,1.2680024102809,21.674124980198,101.206261177069,-67
55,55,7,sequential,coordinated,0.466124566126524,-11.996007120281,-40.6753078447457,91
55,55,7,sequential,delayed_coordination,0.562810383381276,4.65186468922019,12.8115386832847,45
55,55,7,coordinated,delayed_coordination,0.0966858172547518,16.6478718095012,53.4868465280304,-46
56,56,3,early_mover,sequential,-0.469603324118552,9.90369123675893,97.7003089194568,-261
56,56,3,early_mover,coordinated,8.73602873961079,-25.2274517053664,-102.365508404144,447
56,56,3,early_mover,delayed_coordination,2.30094694064981,0.373291093029422,27.6222434519184,-47
56,56,3,sequential,coordinated,9.20563206372934,-35.1311429421253,-200.065817323601,708
56,56,3,sequential,delayed_coordination,2.77055026476836,-9.53040014372951,-70.0780654675384,214
56,56,3,coordinated,delayed_coordination,-6.43508179896098,25.6007427983958,129.987751856063,-494
56,56,5,early_mover,sequential,-1.22978011153141,12.6624382869967,84.3207335621764,-223
56,56,5,early_mover,coordinated,1.49080979789592,10.0790048358733,23.6948926008852,51
56,56,5,early_mover,delayed_coordination,3.19934500477036,-6.64783848148312,6.98818098602055,-18
56,56,5,sequential,coordinated,2.72058990942733,-2.58343345112343,-60.6258409612913,274
56,56,5,sequential,delayed_coordination,4.42912511630178,-19.3102767684799,-77.3325525761559,205
56,56,5,coordinated,delayed_coordination,1.70853520687444,-16.7268433173564,-16.7067116148646,-69
56,56,7,early_mover,sequential,0.591265672824903,6.0350441330699,62.7107242873251,-54
56,56,7,early_mover,coordinated,0.0129230991846896,2.81408561052433,30.2608839314696,-156
56,56,7,early_mover,delayed_coordination,2.05205321083713,7.90142228081152,48.279271175104,-119
56,56,7,sequential,coordinated,-0.578342573640214,-3.22095852254557,-32.4498403558555,-102
56,56,7,sequential,delayed_coordination,1.46078753801223,1.86637814774161,-14.4314531122211,-65
56,56,7,coordinated,delayed_coordination,2.03913011165244,5.08733667028719,18.0183872436344,37
57,57,3,early_mover,sequential,0.128976487920511,31.2978245730361,85.9665528513876,-343
57,57,3,early_mover,coordinated,4.2325569517364,5.93045094332786,11.6383700511446,-106
57,57,3,early_mover,delayed_coordination,-2.81090209145862,29.2920441802895,125.975258876073,-449
57,57,3,sequential,coordinated,4.10358046381589,-25.3673736297082,-74.328182800243,237
57,57,3,sequential,delayed_coordination,-2.93987857937913,-2.00578039274657,40.0087060246858,-106
57,57,3,coordinated,delayed_coordination,-7.04345904319501,23.3615932369616,114.336888824929,-343
57,57,5,early_mover,sequential,3.51984009206723,6.32514845090003,35.1552733397752,-84
57,57,5,early_mover,coordinated,2.93810424388133,19.4899805192602,62.2415955066879,-113
57,57,5,early_mover,delayed_coordination,2.11747173827082,3.10747899328862,36.3468979567565,-116
57,57,5,sequential,coordinated,-0.5817358481859,13.1648320683601,27.0863221669126,-29
57,57,5,sequential,delayed_coordination,-1.4023683537964,-3.21766945761141,1.19162461698124,-32
57,57,5,coordinated,delayed_coordination,-0.820632505610504,-16.3825015259715,-25.8946975499314,-3
57,57,7,early_mover,sequential,2.5051817293742,22.9385023110802,24.1744158034171,12
57,57,7,early_mover,coordinated,-2.85331828631597,15.5129180605464,102.654204113026,-178
57,57,7,early_mover,delayed_coordination,2.46658208973098,15.9940211887473,32.2409324195582,-32
57,57,7,sequential,coordinated,-5.35850001569017,-7.42558425053383,78.4797883096089,-190
57,57,7,sequential,delayed_coordination,-0.0385996396432233,-6.94448112233289,8.06651661614114,-44
57,57,7,coordinated,delayed_coordination,5.31990037604695,0.481103128200942,-70.4132716934678,146
58,58,3,early_mover,sequential,5.04246067874654,-4.15875303012564,-9.57571362987164,168
58,58,3,early_mover,coordinated,4.20593475427231,-5.04330688189876,-8.89938170904134,169
58,58,3,early_mover,delayed_coordination,-1.3355520256566,13.748951092734,79.0797956034514,-52
58,58,3,sequential,coordinated,-0.83652592447423,-0.88455385177312,0.676331920830307,1
58,58,3,sequential,delayed_coordination,-6.37801270440313,17.9077041228596,88.6555092333231,-220
58,58,3,coordinated,delayed_coordination,-5.5414867799289,18.7922579746327,87.9791773124928,-221
58,58,5,early_mover,sequential,-1.23645914650861,12.2651063962989,63.4907943582234,12
58,58,5,early_mover,coordinated,-0.812098302593213,12.9353445736693,68.8861997162533,-7
58,58,5,early_mover,delayed_coordination,-0.780353162637141,11.4247982387972,65.8920950800914,-11
58,58,5,sequential,coordinated,0.424360843915395,0.670238177370379,5.39540535802985,-19
58,58,5,sequential,delayed_coordination,0.456105983871467,-0.840308157501738,2.40130072186798,-23
58,58,5,coordinated,delayed_coordination,0.0317451399560724,-1.51054633487212,-2.99410463616186,-4
58,58,7,early_mover,sequential,-0.601526166876184,19.4932255198715,83.6551582774425,-87
58,58,7,early_mover,coordinated,0.657176548011591,5.79580514726931,34.975915296739,39
58,58,7,early_mover,delayed_coordination,-0.042553569254224,9.59590429769716,62.6460033445599,-82
58,58,7,sequential,coordinated,1.25870271488778,-13.6974203726022,-48.6792429807035,126
58,58,7,sequential,delayed_coordination,0.55897259762196,-9.89732122217436,-21.0091549328827,5
58,58,7,coordinated,delayed_coordination,-0.699730117265815,3.80009915042785,27.6700880478209,-121
59,59,3,early_mover,sequential,1.94916612693875,8.56077881788886,64.3578652495341,-231
59,59,3,early_mover,coordinated,3.6604559550391,-5.61973043339447,-22.4592693538088,-15
59,59,3,early_mover,delayed_coordination,3.76225836043503,3.30333580175449,19.9057746737849,-53
59,59,3,sequential,coordinated,1.71128982810035,-14.1805092512833,-86.817134603343,216
59,59,3,sequential,delayed_coordination,1.81309223349628,-5.25744301613437,-44.4520905757493,178
59,59,3,coordinated,delayed_coordination,0.101802405395929,8.92306623514895,42.3650440275937,-38
59,59,5,early_mover,sequential,8.03395427542665,-1.49266842575213,-90.5548792152711,259
59,59,5,early_mover,coordinated,14.7450586570982,-19.6981325190121,-254.260949144799,979
59,59,5,early_mover,delayed_coordination,8.24913479770008,3.77450360721514,-53.948454093289,236
59,59,5,sequential,coordinated,6.71110438167159,-18.2054640932599,-163.706069929528,720
59,59,5,sequential,delayed_coordination,0.215180522273428,5.26717203296727,36.6064251219821,-23
59,59,5,coordinated,delayed_coordination,-6.49592385939816,23.4726361262272,200.31249505151,-743
59,59,7,early_mover,sequential,7.65031749854226,-2.34056666822372,-72.2048691748487,270
59,59,7,early_mover,coordinated,6.6945649635779,-6.28737272531461,-71.3444137253987,176
59,59,7,early_mover,delayed_coordination,7.80165221075708,2.39282036880937,-35.8609280744367,165
59,59,7,sequential,coordinated,-0.955752534964361,-3.9468060570909,0.860455449450001,-94
59,59,7,sequential,delayed_coordination,0.151334712214819,4.73338703703308,36.3439411004119,-105
59,59,7,coordinated,delayed_coordination,1.10708724717918,8.68019309412398,35.4834856509619,-11
60,60,3,early_mover,sequential,5.66382685940552,1.11807996866395,8.1826961363015,104
60,60,3,early_mover,coordinated,8.02800425009625,-6.7095376609432,-3.40705128298146,54
60,60,3,early_mover,delayed_coordination,5.78138142853031,4.93215196104245,24.8806853791266,96
60,60,3,sequential,coordinated,2.36417739069073,-7.82761762960715,-11.589747419283,-50
60,60,3,sequential,delayed_coordination,0.117554569124792,3.8140719923785,16.6979892428251,-8
60,60,3,coordinated,delayed_coordination,-2.24662282156594,11.6416896219856,28.287736662108,42
60,60,5,early_mover,sequential,6.44156759228355,2.97037876887111,-4.54540108643118,92
60,60,5,early_mover,coordinated,9.79185823837668,-18.6848923524745,-50.4601598189174,95
60,60,5,early_mover,delayed_coordination,5.73129776767593,-0.372692114540172,10.1890376934932,89
60,60,5,sequential,coordinated,3.35029064609313,-21.6552711213456,-45.9147587324862,3
60,60,5,sequential,delayed_coordination,-0.710269824607622,-3.34307088341129,14.7344387799244,-3
60,60,5,coordinated,delayed_coordination,-4.06056047070075,18.3122002379343,60.6491975124106,-6
60,60,7,early_mover,sequential,5.72420231054983,1.95520412946769,56.5232742749374,36
60,60,7,early_mover,coordinated,4.73630950398558,3.6310795699732,37.80622924914,68
60,60,7,early_mover,delayed_coordination,3.07226834402218,9.84622326847406,67.2191773017757,21
60,60,7,sequential,coordinated,-0.987892806564247,1.67587544050551,-18.7170450257975,32
60,60,7,sequential,delayed_coordination,-2.65193396652765,7.89101913900637,10.6959030268383,-15
60,60,7,coordinated,delayed_coordination,-1.6640411599634,6.21514369850087,29.4129480526358,-47
61,61,3,early_mover,sequential,5.45717327565407,3.86264463334282,18.5856141695774,147
61,61,3,early_mover,coordinated,10.1838529965229,-16.9280758102781,-104.183481069781,624
61,61,3,early_mover,delayed_coordination,4.27774788927067,-11.3516272539651,11.9733894355115,62
61,61,3,sequential,coordinated,4.72667972086882,-20.7907204436209,-122.769095239358,477
61,61,3,sequential,delayed_coordination,-1.1794253863834,-15.2142718873079,-6.61222473406588,-85
61,61,3,coordinated,delayed_coordination,-5.90610510725222,5.57644855631301,116.156870505292,-562
61,61,5,early_mover,sequential,5.28266290397022,6.37052892663928,36.8260462952267,151
61,61,5,early_mover,coordinated,12.5549405336827,-15.8431727588261,-86.8298867820142,526
61,61,5,early_mover,delayed_coordination,2.32214322882237,-0.552098869411054,56.3788574174994,17
61,61,5,sequential,coordinated,7.27227762971252,-22.2137016854654,-123.655933077241,375
61,61,5,sequential,delayed_coordination,-2.96051967514785,-6.92262779605034,19.5528111222727,-134
61,61,5,coordinated,delayed_coordination,-10.2327973048604,15.2910738894151,143.208744199514,-509
61,61,7,early_mover,sequential,1.29444795355201,7.60838747653099,58.3894183908583,-108
61,61,7,early_mover,coordinated,9.27386937658636,-21.1269335121035,-70.4069166772688,163
61,61,7,early_mover,delayed_coordination,3.45044731718083,-3.07958311261353,34.9179852931668,-25
61,61,7,sequential,coordinated,7.97942142303435,-28.7353209886345,-128.796335068127,271
61,61,7,sequential,delayed_coordination,2.15599936362882,-10.6879705891445,-23.4714330976915,83
61,61,7,coordinated,delayed_coordination,-5.82342205940553,18.04735039949,105.324901970436,-188
62,62,3,early_mover,sequential,0.983898898658282,17.2483220086306,68.5510622944798,-133
62,62,3,early_mover,coordinated,0.801704709690256,33.5152200069058,68.8068836578127,-75
62,62,3,early_mover,delayed_coordination,2.44547123945782,0.895929003317349,16.2939903169208,-11
62,62,3,sequential,coordinated,-0.182194188968026,16.2668979982752,0.255821363332871,58
62,62,3,sequential,delayed_coordination,1.46157234079953,-16.3523930053132,-52.257071977559,122
62,62,3,coordinated,delayed_coordination,1.64376652976756,-32.6192910035884,-52.5128933408919,64
62,62,5,early_mover,sequential,3.17570369933587,-2.87029172469047,34.5399244620871,74
62,62,5,early_mover,coordinated,5.6491233608572,2.13362764481548,-43.4783053275914,388
62,62,5,early_mover,delayed_coordination,-0.828911038973644,15.1288449478719,71.8562674364805,-54
62,62,5,sequential,coordinated,2.47341966152133,5.00391936950595,-78.0182297896786,314
62,62,5,sequential,delayed_coordination,-4.00461473830951,17.9991366725624,37.3163429743934,-128
62,62,5,coordinated,delayed_coordination,-6.47803439983085,12.9952173030564,115.334572764072,-442
62,62,7,early_mover,sequential,-0.395908834235257,10.6649523202956,84.7245683930075,-226
62,62,7,early_mover,coordinated,2.10564142495824,-11.0671626600026,30.759748299924,-113
62,62,7,early_mover,delayed_coordination,-1.83054968637882,3.4460022387774,82.4232517179271,-241
62,62,7,sequential,coordinated,2.50155025919349,-21.7321149802981,-53.9648200930835,113
62,62,7,sequential,delayed_coordination,-1.43464085214356,-7.21895008151816,-2.30131667508044,-15
62,62,7,coordinated,delayed_coordination,-3.93619111133705,14.51316489878,51.6635034180031,-128
63,63,3,early_mover,sequential,2.82146498850243,6.25989313237483,38.5577892635363,-76
63,63,3,early_mover,coordinated,7.62987635717869,-5.80105295780186,-18.985075572748,276
63,63,3,early_mover,delayed_coordination,2.70556618561656,6.33174626357555,13.1766944027406,37
63,63,3,sequential,coordinated,4.80841136867626,-12.0609460901767,-57.5428648362843,352
63,63,3,sequential,delayed_coordination,-0.115898802885866,0.0718531312007258,-25.3810948607957,113
63,63,3,coordinated,delayed_coordination,-4.92431017156213,12.1327992213774,32.1617699754886,-239
63,63,5,early_mover,sequential,3.23709999636695,0.953030743634656,23.2568269380606,-11
63,63,5,early_mover,coordinated,3.42757423188188,8.5623889172164,0.0267441601836254,23
63,63,5,early_mover,delayed_coordination,3.19852360398306,3.86621802269048,20.2396713300539,19
63,63,5,sequential,coordinated,0.190474235514927,7.60935817358174,-23.230082777877,34
63,63,5,sequential,delayed_coordination,-0.038576392383888,2.91318727905582,-3.01715560800676,30
63,63,5,coordinated,delayed_coordination,-0.229050627898815,-4.69617089452592,20.2129271698702,-4
63,63,7,early_mover,sequential,1.545218675271,2.25265500476846,31.2835443003448,-19
63,63,7,early_mover,coordinated,7.260571676143,-15.4443308868314,-77.5299080808481,247
63,63,7,early_mover,delayed_coordination,2.0798706828835,-1.67659317008338,27.4382973771881,-95
63,63,7,sequential,coordinated,5.715353000872,-17.6969858915999,-108.813452381193,266
63,63,7,sequential,delayed_coordination,0.534652007612493,-3.92924817485184,-3.84524692315676,-76
63,63,7,coordinated,delayed_coordination,-5.18070099325951,13.767737716748,104.968205458036,-342
64,64,3,early_mover,sequential,4.23538161966306,-1.85683909923193,11.7391960803384,115
64,64,3,early_mover,coordinated,8.45467916353471,0.555272927155471,-45.0231254846688,463
64,64,3,early_mover,delayed_coordination,2.29883280422246,5.99172331272501,47.5141439590914,25
64,64,3,sequential,coordinated,4.21929754387165,2.4121120263874,-56.7623215650071,348
64,64,3,sequential,delayed_coordination,-1.9365488154406,7.84856241195695,35.774947878753,-90
64,64,3,coordinated,delayed_coordination,-6.15584635931225,5.43645038556954,92.5372694437601,-438
64,64,5,early_mover,sequential,2.29628273598435,7.01843242058365,41.7253348836339,209
64,64,5,early_mover,coordinated,8.93004763256367,-13.9597146054642,-53.7490293044659,456
64,64,5,early_mover,delayed_coordination,2.2675158265898,-0.690981721727496,51.4291044414517,126
64,64,5,sequential,coordinated,6.63376489657932,-20.9781470260478,-95.4743641880998,247
64,64,5,sequential,delayed_coordination,-0.0287669093945482,-7.70941414231115,9.70376955781785,-83
64,64,5,coordinated,delayed_coordination,-6.66253180597387,13.2687328837367,105.178133745918,-330
64,64,7,early_mover,sequential,0.328598088580833,-1.93341737813904,60.0825451675369,-97
64,64,7,early_mover,coordinated,2.80016697754597,-5.35041479737885,22.4116268192629,164
64,64,7,early_mover,delayed_coordination,2.48603964236632,-0.507008891754055,2.86476857072012,37
64,64,7,sequential,coordinated,2.47156888896514,-3.41699741923981,-37.670918348274,261
64,64,7,sequential,delayed_coordination,2.15744155378549,1.42640848638499,-57.2177765968167,134
64,64,7,coordinated,delayed_coordination,-0.314127335179649,4.84340590562479,-19.5468582485428,-127
65,65,3,early_mover,sequential,-0.0188398023999525,12.2460115407699,72.0651291650888,-146
65,65,3,early_mover,coordinated,0.208559633352394,11.6566922615305,91.0600244167217,-139
65,65,3,early_mover,delayed_coordination,0.499458179813317,9.49153493227959,36.0902347000888,-21
65,65,3,sequential,coordinated,0.227399435752346,-0.589319279239476,18.9948952516329,7
65,65,3,sequential,delayed_coordination,0.518297982213269,-2.75447660849034,-35.974894465,125
65,65,3,coordinated,delayed_coordination,0.290898546460923,-2.16515732925086,-54.9697897166329,118
65,65,5,early_mover,sequential,-0.829988236108122,21.2020236698964,76.5392486978142,-113
65,65,5,early_mover,coordinated,0.219299462986271,16.319011692967,105.287467487926,-149
65,65,5,early_mover,delayed_coordination,-0.56190283624673,13.5509013360639,61.9438990353901,-104
65,65,5,sequential,coordinated,1.04928769909439,-4.8830119769294,28.7482187901119,-36
65,65,5,sequential,delayed_coordination,0.268085399861391,-7.65112233383249,-14.595349662424,9
65,65,5,coordinated,delayed_coordination,-0.781202299233001,-2.76811035690309,-43.3435684525359,45
65,65,7,early_mover,sequential,-0.15612064107539,3.55423706772334,51.8388838227395,-75
65,65,7,early_mover,coordinated,-0.644218489350692,6.68304174858335,62.1960452641906,-239
65,65,7,early_mover,delayed_coordination,-4.11604122612299,10.1577587891788,135.005328977459,-192
65,65,7,sequential,coordinated,-0.488097848275302,3.12880468086001,10.3571614414511,-164
65,65,7,sequential,delayed_coordination,-3.9599205850476,6.60352172145548,83.1664451547199,-117
65,65,7,coordinated,delayed_coordination,-3.4718227367723,3.47471704059546,72.8092837132688,47
66,66,3,early_mover,sequential,1.56098012457477,8.65932079421518,52.6794449804934,-142
66,66,3,early_mover,coordinated,3.87928180929855,-11.0642252129987,-14.729116774326,80
66,66,3,early_mover,delayed_coordination,1.75408757342205,0.524882914208405,42.4038591418607,-30
66,66,3,sequential,coordinated,2.31830168472378,-19.7235460072139,-67.4085617548194,222
66,66,3,sequential,delayed_coordination,0.193107448847286,-8.13443788000677,-10.2755858386327,112
66,66,3,coordinated,delayed_coordination,-2.12519423587649,11.5891081272071,57.1329759161868,-110
66,66,5,early_mover,sequential,2.05037177027151,3.61765905374833,37.9403726476794,-5
66,66,5,early_mover,coordinated,4.31835188863309,-10.681517884441,-55.6413273811343,166
66,66,5,early_mover,delayed_coordination,1.63486158544229,4.34150408522902,39.1402685822782,-54
66,66,5,sequential,coordinated,2.26798011836158,-14.2991769381893,-93.5817000288137,171
66,66,5,sequential,delayed_coordination,-0.415510184829216,0.723845031480693,1.19989593459877,-49
66,66,5,coordinated,delayed_coordination,-2.68349030319079,15.02302196967,94.7815959634124,-220
66,66,7,early_mover,sequential,2.27189199113042,0.456850067698383,63.0807676524857,69
66,66,7,early_mover,coordinated,-1.60251218365569,18.5312379972198,88.1854226676278,-97
66,66,7,early_mover,delayed_coordination,0.178717006207151,6.3821018233935,78.9737716775751,-144
66,66,7,sequential,coordinated,-3.87440417478611,18.0743879295214,25.104655015142,-166
66,66,7,sequential,delayed_coordination,-2.09317498492327,5.92525175569511,15.8930040250893,-213
66,66,7,coordinated,delayed_coordination,1.78122918986284,-12.1491361738263,-9.2116509900527,-47
67,67,3,early_mover,sequential,1.79911196596268,0.692576236671073,46.2301538594461,-142
67,67,3,early_mover,coordinated,0.284482147540643,12.4986627536478,57.2858566063865,-268
67,67,3,early_mover,delayed_coordination,1.59106245586527,6.09117370350532,67.2305356130128,-171
67,67,3,sequential,coordinated,-1.51462981842204,11.8060865169767,11.0557027469404,-126
67,67,3,sequential,delayed_coordination,-0.20804951009741,5.39859746683425,21.0003817535667,-29
67,67,3,coordinated,delayed_coordination,1.30658030832463,-6.40748905014246,9.9446790066263,97
67,67,5,early_mover,sequential,2.83260659791618,3.02632850527846,45.3391251560618,-148
67,67,5,early_mover,coordinated,0.721073178277749,0.921230757498336,83.5402335873816,-398
67,67,5,early_mover,delayed_coordination,2.46707426284033,1.19113536999944,42.3270807071729,-159
67,67,5,sequential,coordinated,-2.11153341963843,-2.10509774778012,38.2011084313199,-250
67,67,5,sequential,delayed_coordination,-0.365532335075855,-1.83519313527901,-3.0120444488889,-11
67,67,5,coordinated,delayed_coordination,1.74600108456258,0.269904612501108,-41.2131528802088,239
67,67,7,early_mover,sequential,2.42298118051474,-0.0686757521298773,11.2880225741378,-49
67,67,7,early_mover,coordinated,5.46060478009998,-17.3512057166994,-43.5617495845727,53
67,67,7,early_mover,delayed_coordination,2.56411039961546,-2.75103789078787,54.4801587765398,-167
67,67,7,sequential,coordinated,3.03762359958525,-17.2825299645696,-54.8497721587105,102
67,67,7,sequential,delayed_coordination,0.141129219100719,-2.68236213865799,43.192136202402,-118
67,67,7,coordinated,delayed_coordination,-2.89649438048453,14.6001678259116,98.0419083611125,-220
68,68,3,early_mover,sequential,-2.04271339066088,8.65062490743026,98.7566898949055,-165
68,68,3,early_mover,coordinated,-2.09347380667725,21.3803142391077,141.725078985821,-487
68,68,3,early_mover,delayed_coordination,-0.232529294464911,6.27347613426889,96.516394389635,-135
68,68,3,sequential,coordinated,-0.0507604160163737,12.7296893316774,42.9683890909157,-322
68,68,3,sequential,delayed_coordination,1.81018409619597,-2.37714877316137,-2.24029550527052,30
68,68,3,coordinated,delayed_coordination,1.86094451221234,-15.1068381048388,-45.2086845961862,352
68,68,5,early_mover,sequential,-0.715370380796159,4.47975488137359,105.379487687375,-186
68,68,5,early_mover,coordinated,2.77420896418811,10.1134245725492,52.1329025728755,-149
68,68,5,early_mover,delayed_coordination,0.237285733350603,22.4301144609799,103.236696625513,-84
68,68,5,sequential,coordinated,3.48957934498426,5.63366969117561,-53.2465851144993,37
68,68,5,sequential,delayed_coordination,0.952656114146762,17.9503595796063,-2.14279106186154,102
68,68,5,coordinated,delayed_coordination,-2.5369232308375,12.3166898884307,51.1037940526378,65
68,68,7,early_mover,sequential,-4.65177303282412,29.9128337134899,181.764720398697,-359
68,68,7,early_mover,coordinated,-3.26375593767453,25.2441283166143,141.498937479617,-382
68,68,7,early_mover,delayed_coordination,-0.432127668166018,25.1134360968161,131.874188447393,-149
68,68,7,sequential,coordinated,1.38801709514959,-4.66870539687557,-40.2657829190805,-23
68,68,7,sequential,delayed_coordination,4.21964536465811,-4.79939761667373,-49.890531951304,210
68,68,7,coordinated,delayed_coordination,2.83162826950851,-0.130692219798163,-9.62474903222346,233
69,69,3,early_mover,sequential,-0.133418880317137,56.7045742958554,183.47837415158,-202
69,69,3,early_mover,coordinated,-2.94323458266236,54.3396939599684,186.585398668255,-345
69,69,3,early_mover,delayed_coordination,-2.20984934133078,50.3224982723334,188.749265408111,-349
69,69,3,sequential,coordinated,-2.80981570234522,-2.36488033588694,3.1070245166743,-143
69,69,3,sequential,delayed_coordination,-2.07643046101364,-6.38207602352196,5.27089125653038,-147
69,69,3,coordinated,delayed_coordination,0.733385241331575,-4.01719568763502,2.16386673985608,-4
69,69,5,early_mover,sequential,1.45987333559229,42.1855719951042,119.524310347971,-120
69,69,5,early_mover,coordinated,1.62318405230069,28.7370660837382,47.0023047229354,-146
69,69,5,early_mover,delayed_coordination,-1.31750970904994,41.2681504152482,158.481694402027,-266
69,69,5,sequential,coordinated,0.163310716708395,-13.448505911366,-72.5220056250357,-26
69,69,5,sequential,delayed_coordination,-2.77738304464224,-0.917421579855983,38.9573840540554,-146
69,69,5,coordinated,delayed_coordination,-2.94069376135063,12.53108433151,111.479389679091,-120
69,69,7,early_mover,sequential,-0.450031089985572,21.2788475129308,82.9996183815335,-140
69,69,7,early_mover,coordinated,-2.58474656110882,26.0278064442137,112.458267403384,-332
69,69,7,early_mover,delayed_coordination,-2.62683566782744,33.336977294842,142.861449622581,-292
69,69,7,sequential,coordinated,-2.13471547112324,4.74895893128286,29.4586490218505,-192
69,69,7,sequential,delayed_coordination,-2.17680457784186,12.0581297819112,59.8618312410479,-152
69,69,7,coordinated,delayed_coordination,-0.0420891067186204,7.30917085062833,30.4031822191973,40
70,70,3,early_mover,sequential,3.36330453864142,-5.27571545276595,19.2494684467401,-72
70,70,3,early_mover,coordinated,-0.407175103250012,-6.54588315720912,57.6374723786773,-391
70,70,3,early_mover,delayed_coordination,4.09534199459264,-1.87220677797376,-24.2745135664577,42
70,70,3,sequential,coordinated,-3.77047964189143,-1.27016770444317,38.3880039319372,-319
70,70,3,sequential,delayed_coordination,0.732037455951229,3.40350867479219,-43.5239820131978,114
70,70,3,coordinated,delayed_coordination,4.50251709784266,4.67367637923536,-81.911985945135,433
70,70,5,early_mover,sequential,-0.0960974284940335,2.61381301248556,85.4902052326963,26
70,70,5,early_mover,coordinated,4.33535117559114,-1.34785808279949,24.6771739594017,263
70,70,5,early_mover,delayed_coordination,0.317937767528974,4.23927974753204,82.8232055847116,-141
70,70,5,sequential,coordinated,4.43144860408518,-3.96167109528506,-60.8130312732947,237
70,70,5,sequential,delayed_coordination,0.414035196023008,1.62546673504647,-2.66699964798477,-167
70,70,5,coordinated,delayed_coordination,-4.01741340806217,5.58713783033153,58.1460316253099,-404
70,70,7,early_mover,sequential,2.60295451199876,-6.72908679559782,41.473949148193,41
70,70,7,early_mover,coordinated,5.73041596037396,-25.7292924189248,-49.8507984783078,268
70,70,7,early_mover,delayed_coordination,3.95135866692662,0.979912507676033,29.6647556345986,67
70,70,7,sequential,coordinated,3.1274614483752,-19.000205623327,-91.3247476265008,227
70,70,7,sequential,delayed_coordination,1.34840415492786,7.70899930327386,-11.8091935135944,26
70,70,7,coordinated,delayed_coordination,-1.77905729344734,26.7092049266008,79.5155541129063,-201
71,71,3,early_mover,sequential,2.67847707142968,-2.20921778126086,9.15002529890148,97
71,71,3,early_mover,coordinated,2.20370623692722,-7.55854924361972,10.8889540026571,70
71,71,3,early_mover,delayed_coordination,1.10746318735833,4.63121575087607,36.4261710921271,-83
71,71,3,sequential,coordinated,-0.474770834502465,-5.34933146235886,1.73892870375562,-27
71,71,3,sequential,delayed_coordination,-1.57101388407135,6.84043353213693,27.2761457932256,-180
71,71,3,coordinated,delayed_coordination,-1.09624304956888,12.1897649944958,25.53721708947,-153
71,71,5,early_mover,sequential,-0.966348406166034,14.9604378563615,81.3825456575751,-257
71,71,5,early_mover,coordinated,-2.56424426018717,48.2172997148758,139.006165983822,-357
71,71,5,early_mover,delayed_coordination,-0.947914187200439,13.4445902799968,65.7552418556393,-16
71,71,5,sequential,coordinated,-1.59789585402113,33.2568618585144,57.623620326247,-100
71,71,5,sequential,delayed_coordination,0.0184342189655951,-1.51584757636471,-15.6273038019358,241
71,71,5,coordinated,delayed_coordination,1.61633007298673,-34.7727094348791,-73.2509241281828,341
71,71,7,early_mover,sequential,0.179657052196617,22.6050293903061,72.3810246013702,-69
71,71,7,early_mover,coordinated,3.66086795728232,-10.3127557965242,-13.4609724788404,159
71,71,7,early_mover,delayed_coordination,-1.11719101412598,14.532620392999,83.9921755829712,-155
71,71,7,sequential,coordinated,3.4812109050857,-32.9177851868303,-85.8419970802106,228
71,71,7,sequential,delayed_coordination,-1.2968480663226,-8.07240899730709,11.611150981601,-86
71,71,7,coordinated,delayed_coordination,-4.7780589714083,24.8453761895232,97.4531480618116,-314
72,72,3,early_mover,sequential,3.12147649338719,2.10135962826615,10.0709166094762,-72
72,72,3,early_mover,coordinated,4.42020823078293,13.7860298742035,-39.9010096079408,117
72,72,3,early_mover,delayed_coordination,1.50638090154447,6.80572501633588,40.00865251301,-71
72,72,3,sequential,coordinated,1.29873173739574,11.6846702459373,-49.9719262174169,189
72,72,3,sequential,delayed_coordination,-1.61509559184272,4.70436538806973,29.9377359035338,1
72,72,3,coordinated,delayed_coordination,-2.91382732923846,-6.98030485786757,79.9096621209508,-188
72,72,5,early_mover,sequential,0.7322036743533,9.17925732561383,30.6115459922335,-53
72,72,5,early_mover,coordinated,3.63488063031446,3.18895840848197,-41.4997014889273,98
72,72,5,early_mover,delayed_coordination,1.56471492157405,4.37946661656056,23.0949642095752,-66
72,72,5,sequential,coordinated,2.90267695596116,-5.99029891713187,-72.1112474811607,151
72,72,5,sequential,delayed_coordination,0.832511247220751,-4.79979070905327,-7.51658178265825,-13
72,72,5,coordinated,delayed_coordination,-2.0701657087404,1.1905082080786,64.5946656985025,-164
72,72,7,early_mover,sequential,2.88331957034849,5.41996845097057,21.2567635281184,-34
72,72,7,early_mover,coordinated,2.87544806159286,-8.2968494851344,-20.9621215186573,-90
72,72,7,early_mover,delayed_coordination,5.84921088099014,0.976619610756131,-24.5311385942284,57
72,72,7,sequential,coordinated,-0.00787150875562759,-13.716817936105,-42.2188850467758,-56
72,72,7,sequential,delayed_coordination,2.96589131064165,-4.44334884021444,-45.7879021223468,91
72,72,7,coordinated,delayed_coordination,2.97376281939728,9.27346909589053,-3.56901707557108,147
73,73,3,early_mover,sequential,2.38495096738866,-4.0787128699441,27.4500855155018,36
73,73,3,early_mover,coordinated,2.09692120779108,-7.40920327630548,9.79694441868583,147
73,73,3,early_mover,delayed_coordination,4.82657352049634,-10.2993208162,-23.0323878803954,272
73,73,3,sequential,coordinated,-0.288029759597578,-3.33049040636138,-17.6531410968159,111
73,73,3,sequential,delayed_coordination,2.44162255310768,-6.22060794625585,-50.4824733958972,236
73,73,3,coordinated,delayed_coordination,2.72965231270526,-2.89011753989448,-32.8293322990812,125
73,73,5,early_mover,sequential,1.62037679346797,8.18064766621356,50.3886769262519,125
73,73,5,early_mover,coordinated,7.70142845380562,-10.984701393377,-53.2698003247847,163
73,73,5,early_mover,delayed_coordination,2.82012692731891,6.55994564377724,51.0438516036029,76
73,73,5,sequential,coordinated,6.08105166033765,-19.1653490595905,-103.658477251037,38
73,73,5,sequential,delayed_coordination,1.19975013385094,-1.62070202243632,0.655174677350942,-49
73,73,5,coordinated,delayed_coordination,-4.88130152648671,17.5446470371542,104.313651928388,-87
73,73,7,early_mover,sequential,2.55556119481543,6.52928003011232,42.8651009384967,131
73,73,7,early_mover,coordinated,3.65512171827341,1.64634673128154,19.3668582519431,-19
73,73,7,early_mover,delayed_coordination,1.76693026218756,11.0267647209406,63.4460474566222,21
73,73,7,sequential,coordinated,1.09956052345798,-4.88293329883078,-23.4982426865536,-150
73,73,7,sequential,delayed_coordination,-0.788630932627868,4.49748469082832,20.5809465181255,-110
73,73,7,coordinated,delayed_coordination,-1.88819145608585,9.38041798965909,44.0791892046791,40
74,74,3,early_mover,sequential,0.19783210251785,15.2015367026196,85.6769131776966,-105
74,74,3,early_mover,coordinated,11.3497034487295,-7.92565626523276,-148.509641501656,591
74,74,3,early_mover,delayed_coordination,0.268629616068282,14.6059831373152,64.1105334911333,-129
74,74,3,sequential,coordinated,11.1518713462116,-23.1271929678524,-234.186554679352,696
74,74,3,sequential,delayed_coordination,0.0707975135504313,-0.595553565304471,-21.5663796865633,-24
74,74,3,coordinated,delayed_coordination,-11.0810738326612,22.5316394025479,212.620174992789,-720
74,74,5,early_mover,sequential,5.95571919403356,-0.389705207392808,-4.04681211338652,193
74,74,5,early_mover,coordinated,3.02778463668638,-7.36218716295346,9.23659946556631,-58
74,74,5,early_mover,delayed_coordination,4.80078224305571,3.14869407730967,10.0686161315336,148
74,74,5,sequential,coordinated,-2.92793455734719,-6.97248195556065,13.2834115789528,-251
74,74,5,sequential,delayed_coordination,-1.15493695097786,3.53839928470248,14.1154282449202,-45
74,74,5,coordinated,delayed_coordination,1.77299760636933,10.5108812402631,0.83201666596733,206
74,74,7,early_mover,sequential,7.59989727775168,6.93161755757225,-14.652287052814,233
74,74,7,early_mover,coordinated,9.68897205803185,4.35484808773893,-111.749143883563,239
74,74,7,early_mover,delayed_coordination,3.86736797098217,10.7673749900457,59.8924741973351,-46
74,74,7,sequential,coordinated,2.08907478028017,-2.57676946983332,-97.0968568307487,6
74,74,7,sequential,delayed_coordination,-3.73252930676951,3.83575743247349,74.5447612501491,-279
74,74,7,coordinated,delayed_coordination,-5.82160408704968,6.41252690230681,171.641618080898,-285
75,75,3,early_mover,sequential,4.16659827745038,5.12914157967884,47.4213310915759,6
75,75,3,early_mover,coordinated,9.72831445225859,-21.7917167956256,-126.52153916552,270
75,75,3,early_mover,delayed_coordination,4.29178545219089,7.85038034671621,41.5761425011119,-96
75,75,3,sequential,coordinated,5.56171617480821,-26.9208583753045,-173.942870257096,264
75,75,3,sequential,delayed_coordination,0.125187174740518,2.72123876703736,-5.84518859046398,-102
75,75,3,coordinated,delayed_coordination,-5.43652900006769,29.6420971423418,168.097681666632,-366
75,75,5,early_mover,sequential,8.59998390350569,-5.88382180593695,-15.1308889841089,120
75,75,5,early_mover,coordinated,13.6739266656858,-45.4405691265426,-251.860753230197,829
75,75,5,early_mover,delayed_coordination,6.02342045708927,-5.48297268281962,7.6638394628776,103
75,75,5,sequential,coordinated,5.07394276218014,-39.5567473206057,-236.729864246088,709
75,75,5,sequential,delayed_coordination,-2.57656344641642,0.400849123117325,22.7947284469865,-17
75,75,5,coordinated,delayed_coordination,-7.65050620859655,39.957596443723,259.524592693075,-726
75,75,7,early_mover,sequential,5.50333126905915,6.69285084573266,15.0050708755468,41
75,75,7,early_mover,coordinated,7.77206042331804,-8.25114376964109,-16.1159523933106,179
75,75,7,early_mover,delayed_coordination,3.42719126342584,14.9061419219934,90.3523148390086,-57
75,75,7,sequential,coordinated,2.26872915425889,-14.9439946153738,-31.1210232688575,138
75,75,7,sequential,delayed_coordination,-2.07614000563331,8.2132910762607,75.3472439634618,-98
75,75,7,coordinated,delayed_coordination,-4.3448691598922,23.1572856916345,106.468267232319,-236
76,76,3,early_mover,sequential,2.47893935088744,4.71095114754326,79.6032105441641,-103
76,76,3,early_mover,coordinated,1.50719627980628,-6.17082315746353,32.7651018521203,-97
76,76,3,early_mover,delayed_coordination,4.48729518221909,4.28314217202615,25.5865652399968,83
76,76,3,sequential,coordinated,-0.971743071081164,-10.8817743050068,-46.8381086920438,6
76,76,3,sequential,delayed_coordination,2.00835583133164,-0.42780897551711,-54.0166453041672,186
76,76,3,coordinated,delayed_coordination,2.98009890241281,10.4539653294897,-7.17853661212348,180
76,76,5,early_mover,sequential,2.9341150387427,5.40498393409425,91.9629573041077,-77
76,76,5,early_mover,coordinated,1.47529285828347,20.1684173307191,69.6660199333232,-178
76,76,5,early_mover,delayed_coordination,1.4444999012151,21.2929609090108,96.9658662151469,-126
76,76,5,sequential,coordinated,-1.45882218045924,14.7634333966248,-22.2969373707845,-101
76,76,5,sequential,delayed_coordination,-1.48961513752761,15.8879769749166,5.00290891103919,-49
76,76,5,coordinated,delayed_coordination,-0.0307929570683712,1.12454357829174,27.2998462818236,52
76,76,7,early_mover,sequential,3.60968588851304,20.3578922538983,83.9724977819394,-118
76,76,7,early_mover,coordinated,5.55260812297132,13.2088725385092,7.85050850655534,52
76,76,7,early_mover,delayed_coordination,0.202318056361037,19.2428087394398,92.9123791871384,-95
76,76,7,sequential,coordinated,1.94292223445828,-7.1490197153891,-76.1219892753841,170
76,76,7,sequential,delayed_coordination,-3.407367832152,-1.11508351445852,8.939881405199,23
76,76,7,coordinated,delayed_coordination,-5.35029006661028,6.03393620093058,85.0618706805831,-147
77,77,3,early_mover,sequential,4.96903960240877,1.56547568676558,7.02954745894795,37
77,77,3,early_mover,coordinated,6.37354395221243,5.7968692068111,2.31714392269782,30
77,77,3,early_mover,delayed_coordination,3.52088354158812,10.8824803675528,33.5024792973747,-96
77,77,3,sequential,coordinated,1.40450434980366,4.23139352004551,-4.71240353625012,-7
77,77,3,sequential,delayed_coordination,-1.44815606082065,9.31700468078725,26.4729318384268,-133
77,77,3,coordinated,delayed_coordination,-2.85266041062431,5.08561116074173,31.1853353746769,-126
77,77,5,early_mover,sequential,-1.64441296814763,18.472150346396,113.877769282898,-224
77,77,5,early_mover,coordinated,1.98668187777628,15.3526941925856,82.4224021622242,-242
77,77,5,early_mover,delayed_coordination,0.430979414976733,10.7805129667147,96.5927700870507,-115
77,77,5,sequential,coordinated,3.63109484592391,-3.11945615381035,-31.4553671206743,-18
77,77,5,sequential,delayed_coordination,2.07539238312437,-7.69163737968128,-17.2849991958478,109
77,77,5,coordinated,delayed_coordination,-1.55570246279954,-4.57218122587093,14.1703679248265,127
77,77,7,early_mover,sequential,2.50214429789317,4.57936486708383,60.067312825762,-102
77,77,7,early_mover,coordinated,-7.29183221178576,8.32938931872101,201.520774304236,-601
77,77,7,early_mover,delayed_coordination,2.29283257798126,5.60884657532975,64.7785611801319,-110
77,77,7,sequential,coordinated,-9.79397650967893,3.75002445163719,141.453461478474,-499
77,77,7,sequential,delayed_coordination,-0.209311719911909,1.02948170824592,4.7112483543699,-8
77,77,7,coordinated,delayed_coordination,9.58466478976702,-2.72054274339126,-136.742213124104,491
78,78,3,early_mover,sequential,2.96478173789208,2.17526190180504,10.2482416189371,128
78,78,3,early_mover,coordinated,3.87212011903024,4.45679818900786,30.4187838782411,43
78,78,3,early_mover,delayed_coordination,5.5184085364837,-2.20743393879624,-21.1910474579645,292
78,78,3,sequential,coordinated,0.90733838113816,2.28153628720281,20.1705422593041,-85
78,78,3,sequential,delayed_coordination,2.55362679859162,-4.38269584060129,-31.4392890769016,164
78,78,3,coordinated,delayed_coordination,1.64628841745346,-6.6642321278041,-51.6098313362056,249
78,78,5,early_mover,sequential,9.146608847663,-9.02163951539629,-35.8368781789945,462
78,78,5,early_mover,coordinated,7.36883713983003,5.96782021409186,-36.2439737061566,636
78,78,5,early_mover,delayed_coordination,4.29457895443969,1.07301429342783,22.0823131992072,244
78,78,5,sequential,coordinated,-1.77777170783297,14.9894597294881,-0.407095527162028,174
78,78,5,sequential,delayed_coordination,-4.85202989322332,10.0946538088241,57.9191913782017,-218
78,78,5,coordinated,delayed_coordination,-3.07425818539035,-4.89480592066403,58.3262869053638,-392
78,78,7,early_mover,sequential,6.23561194856759,-9.37856014009637,-15.6624356287862,288
78,78,7,early_mover,coordinated,-1.58487666407215,13.3194170285732,87.5500308818519,-116
78,78,7,early_mover,delayed_coordination,1.77663167445162,3.98974461311602,48.2880002784609,-41
78,78,7,sequential,coordinated,-7.82048861263975,22.6979771686696,103.212466510638,-404
78,78,7,sequential,delayed_coordination,-4.45898027411597,13.3683047532124,63.9504359072471,-329
78,78,7,coordinated,delayed_coordination,3.36150833852378,-9.3296724154572,-39.2620306033909,75
79,79,3,early_mover,sequential,3.59291411494569,6.96971707762231,47.4179872836905,6
79,79,3,early_mover,coordinated,-0.00559052324308595,23.4027481045648,86.5216576397991,-12
79,79,3,early_mover,delayed_coordination,4.51630438292793,7.90640173062843,38.1709466220939,102
79,79,3,sequential,coordinated,-3.59850463818877,16.4330310269425,39.1036703561085,-18
79,79,3,sequential,delayed_coordination,0.923390267982242,0.936684653006125,-9.24704066159666,96
79,79,3,coordinated,delayed_coordination,4.52189490617101,-15.4963463739364,-48.3507110177052,114
79,79,5,early_mover,sequential,3.9827945086889,0.84366494843124,14.3148225016901,175
79,79,5,early_mover,coordinated,5.51611890265087,1.63028711238741,-2.20762658272338,199
79,79,5,early_mover,delayed_coordination,1.80816549195649,9.08619508513431,44.3747256226629,-23
79,79,5,sequential,coordinated,1.53332439396198,0.786622163956167,-16.5224490844134,24
79,79,5,sequential,delayed_coordination,-2.17462901673241,8.24253013670307,30.0599031209729,-198
79,79,5,coordinated,delayed_coordination,-3.70795341069439,7.4559079727469,46.5823522053863,-222
79,79,7,early_mover,sequential,1.90722044409512,9.916595715314,46.5508030511867,10
79,79,7,early_mover,coordinated,6.0588644171536,12.471287573163,-21.2898441376592,143
79,79,7,early_mover,delayed_coordination,0.974732618810549,12.9849508515642,45.7950520811694,11
79,79,7,sequential,coordinated,4.15164397305848,2.55469185784895,-67.8406471888459,133
79,79,7,sequential,delayed_coordination,-0.932487825284568,3.06835513625023,-0.755750970017289,1
79,79,7,coordinated,delayed_coordination,-5.08413179834305,0.513663278401282,67.0848962188286,-132
80,80,3,early_mover,sequential,3.7555723243003,-2.73329635312098,-11.3536006842769,108
80,80,3,early_mover,coordinated,0.664402503470683,10.8553028126601,67.1136533693752,-65
80,80,3,early_mover,delayed_coordination,1.61985194183426,3.42279004810177,58.1989495787084,25
80,80,3,sequential,coordinated,-3.09116982082962,13.5885991657811,78.4672540536521,-173
80,80,3,sequential,delayed_coordination,-2.13572038246605,6.15608640122275,69.5525502629853,-83
80,80,3,coordinated,delayed_coordination,0.955449438363573,-7.43251276455834,-8.91470379066686,90
80,80,5,early_mover,sequential,3.87933383132376,-6.30724315067425,-20.52753776646,359
80,80,5,early_mover,coordinated,-0.770747112037753,13.130568574304,59.9443466732328,10
80,80,5,early_mover,delayed_coordination,-1.07058177508162,4.5693400394139,75.9833620644904,-34
80,80,5,sequential,coordinated,-4.65008094336152,19.4378117249783,80.4718844396928,-349
80,80,5,sequential,delayed_coordination,-4.94991560640538,10.8765831900882,96.5108998309504,-393
80,80,5,coordinated,delayed_coordination,-0.299834663043868,-8.56122853489015,16.0390153912576,-44
80,80,7,early_mover,sequential,-2.22108012374538,10.1563052065686,105.348168232646,-20
80,80,7,early_mover,coordinated,1.64233082964945,-18.5820966204007,-9.75004051986843,87
80,80,7,early_mover,delayed_coordination,0.195814736132817,6.53793139698899,77.1382063514668,-33
80,80,7,sequential,coordinated,3.86341095339483,-28.7384018269694,-115.098208752514,107
80,80,7,sequential,delayed_coordination,2.4168948598782,-3.61837380957965,-28.2099618811792,-13
80,80,7,coordinated,delayed_coordination,-1.44651609351664,25.1200280173897,86.8882468713352,-120
81,81,3,early_mover,sequential,1.25454803448601,13.2740301945263,80.8415952813066,-30
81,81,3,early_mover,coordinated,7.20777791394052,-19.5622660082633,-44.1929200493564,158
81,81,3,early_mover,delayed_coordination,1.77536181187999,11.4159624761275,81.1622842686581,-161
81,81,3,sequential,coordinated,5.95322987945451,-32.8362962027896,-125.034515330663,188
81,81,3,sequential,delayed_coordination,0.520813777393982,-1.85806771839876,0.320688987351559,-131
81,81,3,coordinated,delayed_coordination,-5.43241610206053,30.9782284843908,125.355204318015,-319
81,81,5,early_mover,sequential,1.71428060175992,10.5269181426055,77.009656565632,-79
81,81,5,early_mover,coordinated,2.62014544467314,-14.522569454511,-4.44769729359541,49
81,81,5,early_mover,delayed_coordination,1.86437274036574,13.2975430618511,61.7341324077445,17
81,81,5,sequential,coordinated,0.905864842913218,-25.0494875971165,-81.4573538592274,128
81,81,5,sequential,delayed_coordination,0.150092138605814,2.77062491924559,-15.2755241578875,96
81,81,5,coordinated,delayed_coordination,-0.755772704307404,27.8201125163621,66.1818297013399,-32
81,81,7,early_mover,sequential,1.1104023427973,4.03180016654824,51.9161432282003,-204
81,81,7,early_mover,coordinated,3.84770076745987,4.62121905393332,-17.8820970426591,-158
81,81,7,early_mover,delayed_coordination,2.8614899055441,9.5223966630104,34.5289514518652,-212
81,81,7,sequential,coordinated,2.73729842466257,0.589418887385079,-69.7982402708594,46
81,81,7,sequential,delayed_coordination,1.7510875627468,5.49059649646216,-17.3871917763352,-8
81,81,7,coordinated,delayed_coordination,-0.986210861915765,4.90117760907708,52.4110484945243,-54
82,82,3,early_mover,sequential,3.32040915223234,-8.48202051487942,-10.7359140806748,152
82,82,3,early_mover,coordinated,4.8884640677654,-11.418586217435,-39.9797549163497,75
82,82,3,early_mover,delayed_coordination,4.06489689657548,-11.2609045532661,-13.2479760658368,73
82,82,3,sequential,coordinated,1.56805491553305,-2.93656570255558,-29.243840835675,-77
82,82,3,sequential,delayed_coordination,0.744487744343132,-2.77888403838665,-2.51206198516206,-79
82,82,3,coordinated,delayed_coordination,-0.823567171189922,0.157681664168933,26.7317788505129,-2
82,82,5,early_mover,sequential,0.456827548063984,3.0768290463908,54.3367525347935,-30
82,82,5,early_mover,coordinated,0.860755402157864,-6.91080737629323,-16.6501551186313,24
82,82,5,early_mover,delayed_coordination,2.49982025659099,0.399902044207153,25.3799603384975,114
82,82,5,sequential,coordinated,0.40392785409388,-9.98763642268403,-70.9869076534249,54
82,82,5,sequential,delayed_coordination,2.04299270852701,-2.67692700218365,-28.956792196296,144
82,82,5,coordinated,delayed_coordination,1.63906485443313,7.31070942050039,42.0301154571289,90
82,82,7,early_mover,sequential,2.77828895045685,-11.0860953414912,2.54858073337004,48
82,82,7,early_mover,coordinated,3.46857844596022,-6.94716028638089,-59.7425016618588,161
82,82,7,early_mover,delayed_coordination,2.78947052385615,-9.8442352621644,0.159417376234387,26
82,82,7,sequential,coordinated,0.690289495503364,4.13893505511027,-62.2910823952288,113
82,82,7,sequential,delayed_coordination,0.0111815733992984,1.24186007932676,-2.38916335713566,-22
82,82,7,coordinated,delayed_coordination,-0.679107922104066,-2.89707497578351,59.9019190380932,-135
83,83,3,early_mover,sequential,1.73550192909356,13.2247793616759,46.5594223274343,-42
83,83,3,early_mover,coordinated,2.74627551710905,2.26251527466479,-30.7093675597309,-1
83,83,3,early_mover,delayed_coordination,-1.130704066734,15.3516476424177,69.9103102119022,-134
83,83,3,sequential,coordinated,1.0107735880155,-10.9622640870111,-77.2687898871652,41
83,83,3,sequential,delayed_coordination,-2.86620599582756,2.1268682807418,23.350887884468,-92
83,83,3,coordinated,delayed_coordination,-3.87697958384305,13.0891323677529,100.619677771633,-133
83,83,5,early_mover,sequential,2.59903442049588,8.95285469908771,49.6765143734594,128
83,83,5,early_mover,coordinated,7.3709213113391,3.81699947685311,-24.5558767378534,349
83,83,5,early_mover,delayed_coordination,-0.834870348786481,21.9964619769582,85.3707595683618,-158
83,83,5,sequential,coordinated,4.77188689084322,-5.1358552222346,-74.2323911113128,221
83,83,5,sequential,delayed_coordination,-3.43390476928236,13.0436072778705,35.6942451949024,-286
83,83,5,coordinated,delayed_coordination,-8.20579166012558,18.1794625001051,109.926636306215,-507
83,83,7,early_mover,sequential,2.16374474175552,8.13974184734306,64.5589582081416,11
83,83,7,early_mover,coordinated,4.23942103398061,-17.2204307398598,-5.41017966649815,43
83,83,7,early_mover,delayed_coordination,1.53875006122887,17.5072526392858,53.9821425498562,89
83,83,7,sequential,coordinated,2.07567629222508,-25.3601725872029,-69.9691378746397,32
83,83,7,sequential,delayed_coordination,-0.624994680526655,9.36751079194272,-10.5768156582853,78
83,83,7,coordinated,delayed_coordination,-2.70067097275174,34.7276833791456,59.3923222163544,46
84,84,3,early_mover,sequential,2.87743086908517,0.250690849153614,17.6468654288597,-69
84,84,3,early_mover,coordinated,-1.37682299583463,-5.23734070124368,97.7061522362928,-554
84,84,3,early_mover,delayed_coordination,0.708219974736593,10.1979327958477,44.3123426237171,-215
84,84,3,sequential,coordinated,-4.2542538649198,-5.4880315503973,80.0592868074332,-485
84,84,3,sequential,delayed_coordination,-2.16921089434858,9.94724194669408,26.6654771948574,-146
84,84,3,coordinated,delayed_coordination,2.08504297057122,15.4352734970914,-53.3938096125758,339
84,84,5,early_mover,sequential,-2.56559988673521,17.848968878403,87.9438372330374,-177
84,84,5,early_mover,coordinated,-0.666041880551305,0.641675492601109,27.4484077911175,-180
84,84,5,early_mover,delayed_coordination,0.703809129753751,11.8119176901438,46.0109984482415,-51
84,84,5,sequential,coordinated,1.89955800618391,-17.2072933858019,-60.4954294419199,-3
84,84,5,sequential,delayed_coordination,3.26940901648896,-6.03705118825923,-41.9328387847959,126
84,84,5,coordinated,delayed_coordination,1.36985101030506,11.1702421975426,18.562590657124,129
84,84,7,early_mover,sequential,2.47383645854234,-1.33313690341413,45.1630586618492,-88
84,84,7,early_mover,coordinated,-2.70519950110467,14.3975113807449,89.066412550003,-402
84,84,7,early_mover,delayed_coordination,3.33975344802654,0.693842191661133,-1.16902532121844,-81
84,84,7,sequential,coordinated,-5.17903595964701,15.730648284159,43.9033538881538,-314
84,84,7,sequential,delayed_coordination,0.865916989484205,2.02697909507526,-46.3320839830676,7
84,84,7,coordinated,delayed_coordination,6.04495294913121,-13.7036691890838,-90.2354378712214,321
85,85,3,early_mover,sequential,3.54990869921674,11.2175962436539,24.8746841493078,-47
85,85,3,early_mover,coordinated,-0.951772362538449,24.5910274237166,122.030478159672,-476
85,85,3,early_mover,delayed_coordination,4.61578267700612,-2.3023460363973,32.6978357679709,96
85,85,3,sequential,coordinated,-4.50168106175519,13.3734311800627,97.1557940103642,-429
85,85,3,sequential,delayed_coordination,1.06587397778938,-13.5199422800512,7.82315161866313,143
85,85,3,coordinated,delayed_coordination,5.56755503954457,-26.8933734601139,-89.332642391701,572
85,85,5,early_mover,sequential,3.22004437223021,11.9805172513579,32.7417055574074,42
85,85,5,early_mover,coordinated,7.69133989494009,-9.90272389780569,-89.0540126290146,437
85,85,5,early_mover,delayed_coordination,2.17125175573051,8.8715216986223,55.7105898205743,-48
85,85,5,sequential,coordinated,4.47129552270988,-21.8832411491636,-121.795718186422,395
85,85,5,sequential,delayed_coordination,-1.0487926164997,-3.10899555273562,22.968884263167,-90
85,85,5,coordinated,delayed_coordination,-5.52008813920958,18.774245596428,144.764602449589,-485
85,85,7,early_mover,sequential,3.58756062105763,0.643670776320192,39.7655491028002,80
85,85,7,early_mover,coordinated,2.98412174111836,0.702136729200475,8.8124697886692,149
85,85,7,early_mover,delayed_coordination,0.0306671801113225,11.5276466790927,88.7563080957102,-50
85,85,7,sequential,coordinated,-0.603438879939276,0.0584659528802831,-30.9530793141309,69
85,85,7,sequential,delayed_coordination,-3.55689344094631,10.8839759027725,48.9907589929101,-130
85,85,7,coordinated,delayed_coordination,-2.95345456100704,10.8255099498922,79.943838307041,-199
86,86,3,early_mover,sequential,5.03574212982853,-4.01942986668345,21.2210074141215,11
86,86,3,early_mover,coordinated,7.99353116084345,-20.8974834266033,-41.7018681631441,162
86,86,3,early_mover,delayed_coordination,0.251630004478471,11.5483657655415,68.4985394283956,-84
86,86,3,sequential,coordinated,2.95778903101491,-16.8780535599198,-62.9228755772656,151
86,86,3,sequential,delayed_coordination,-4.78411212535006,15.567795632225,47.2775320142741,-95
86,86,3,coordinated,delayed_coordination,-7.74190115636497,32.4458491921448,110.20040759154,-246
86,86,5,early_mover,sequential,3.83469431696534,26.1434994548999,51.1184662631431,-47
86,86,5,early_mover,coordinated,1.99761879987912,26.421862089981,52.5356459202576,-314
86,86,5,early_mover,delayed_coordination,4.12967280672497,-4.57716122476796,21.7585205268806,24
86,86,5,sequential,coordinated,-1.83707551708622,0.278362635081123,1.4171796571145,-267
86,86,5,sequential,delayed_coordination,0.294978489759629,-30.7206606796678,-29.3599457362625,71
86,86,5,coordinated,delayed_coordination,2.13205400684585,-30.999023314749,-30.777125393377,338
86,86,7,early_mover,sequential,4.46260224840516,10.0690432761009,52.4008935835623,-47
86,86,7,early_mover,coordinated,1.26138449113512,4.00419872296754,55.1958917674431,-175
86,86,7,early_mover,delayed_coordination,1.45784058355484,3.65672969305382,58.8725299794239,-113
86,86,7,sequential,coordinated,-3.20121775727004,-6.06484455313336,2.79499818388081,-128
86,86,7,sequential,delayed_coordination,-3.00476166485032,-6.41231358304708,6.47163639586165,-66
86,86,7,coordinated,delayed_coordination,0.196456092419723,-0.347469029913725,3.67663821198084,62
87,87,3,early_mover,sequential,5.9004206472834,12.3258979766235,22.2481187478247,97
87,87,3,early_mover,coordinated,9.8058380777893,3.33442470358875,-52.0613000854505,436
87,87,3,early_mover,delayed_coordination,3.33459526595023,15.3804351740421,47.6152747300098,42
87,87,3,sequential,coordinated,3.90541743050591,-8.99147327303473,-74.3094188332752,339
87,87,3,sequential,delayed_coordination,-2.56582538133317,3.05453719741863,25.3671559821851,-55
87,87,3,coordinated,delayed_coordination,-6.47124281183908,12.0460104704534,99.6765748154603,-394
87,87,5,early_mover,sequential,2.42173005338378,6.02025342311811,67.0706789665467,6
87,87,5,early_mover,coordinated,5.1893226020587,-20.6986034483375,-27.0719346339513,276
87,87,5,early_mover,delayed_coordination,4.28568181712502,3.54089095930365,27.1631285258259,214
87,87,5,sequential,coordinated,2.76759254867491,-26.7188568714556,-94.142613600498,270
87,87,5,sequential,delayed_coordination,1.86395176374124,-2.47936246381445,-39.9075504407208,208
87,87,5,coordinated,delayed_coordination,-0.903640784933671,24.2394944076412,54.2350631597772,-62
87,87,7,early_mover,sequential,0.835521068969015,17.8078705168377,126.933792575242,-140
87,87,7,early_mover,coordinated,3.09050164153729,1.14248337198291,33.6673017913738,2
87,87,7,early_mover,delayed_coordination,3.572376052732,14.456836419649,60.1377955276437,-4
87,87,7,sequential,coordinated,2.25498057256827,-16.6653871448548,-93.266490783868,142
87,87,7,sequential,delayed_coordination,2.73685498376298,-3.35103409718874,-66.7959970475981,136
87,87,7,coordinated,delayed_coordination,0.48187441119471,13.3143530476661,26.4704937362699,-6
88,88,3,early_mover,sequential,1.34085233664212,-3.08909458037104,28.9776635406829,-61
88,88,3,early_mover,coordinated,-0.630504501045124,7.64746692699424,13.2222375411734,-48
88,88,3,early_mover,delayed_coordination,3.19278263663263,0.462266320664099,-5.49286910810656,-41
88,88,3,sequential,coordinated,-1.97135683768724,10.7365615073653,-15.7554259995095,13
88,88,3,sequential,delayed_coordination,1.85193029999051,3.55136090103514,-34.4705326487895,20
88,88,3,coordinated,delayed_coordination,3.82328713767775,-7.18520060633014,-18.71510664928,7
88,88,5,early_mover,sequential,2.30130320094044,-0.249154454870876,34.2425473242288,-75
88,88,5,early_mover,coordinated,8.03112796202606,-8.74240858145811,-49.2313489687695,235
88,88,5,early_mover,delayed_coordination,1.02125446970837,6.15119986066674,71.2485842368822,-155
88,88,5,sequential,coordinated,5.72982476108562,-8.49325412658723,-83.4738962929982,310
88,88,5,sequential,delayed_coordination,-1.28004873123207,6.40035431553761,37.0060369126534,-80
88,88,5,coordinated,delayed_coordination,-7.00987349231769,14.8936084421248,120.479933205652,-390
88,88,7,early_mover,sequential,0.556735621059389,14.3069755140203,45.6110343325499,-99
88,88,7,early_mover,coordinated,-0.00693991269153571,15.8244486646114,62.0594562280974,-93
88,88,7,early_mover,delayed_coordination,1.17930151287577,7.52271995195343,53.5120411932287,-170
88,88,7,sequential,coordinated,-0.563675533750924,1.51747315059114,16.4484218955474,6
88,88,7,sequential,delayed_coordination,0.622565891816379,-6.78425556206682,7.90100686067876,-71
88,88,7,coordinated,delayed_coordination,1.1862414255673,-8.30172871265796,-8.54741503486866,-77
89,89,3,early_mover,sequential,0.764228942446067,-14.043807558095,35.9877431227264,-47
89,89,3,early_mover,coordinated,1.61405325362237,-19.9604951026936,40.4238705826656,55
89,89,3,early_mover,delayed_coordination,-0.957999818852059,2.14987677393611,72.9130801664692,-136
89,89,3,sequential,coordinated,0.849824311176306,-5.91668754459863,4.43612745993914,102
89,89,3,sequential,delayed_coordination,-1.72222876129813,16.1936843320311,36.9253370437427,-89
89,89,3,coordinated,delayed_coordination,-2.57205307247443,22.1103718766297,32.4892095838036,-191
89,89,5,early_mover,sequential,1.02163887909757,2.93030127372168,51.0561398318569,-163
89,89,5,early_mover,coordinated,2.8952261508782,4.90010640122159,56.508369400224,-182
89,89,5,early_mover,delayed_coordination,3.2830850297004,4.74714619432262,41.972521394885,-69
89,89,5,sequential,coordinated,1.87358727178064,1.96980512749991,5.4522295683671,-19
89,89,5,sequential,delayed_coordination,2.26144615060284,1.81684492060094,-9.08361843697185,94
89,89,5,coordinated,delayed_coordination,0.3878588788222,-0.152960206898967,-14.5358480053389,113
89,89,7,early_mover,sequential,0.534422029169491,1.99094070419684,65.1079370729017,-167
89,89,7,early_mover,coordinated,-3.30286531127119,20.8302128093696,133.113303230367,-335
89,89,7,early_mover,delayed_coordination,1.75943777454614,4.47907886508304,44.1866802759589,-122
89,89,7,sequential,coordinated,-3.83728734044068,18.8392721051728,68.0053661574657,-168
89,89,7,sequential,delayed_coordination,1.22501574537665,2.48813816088619,-20.9212567969428,45
89,89,7,coordinated,delayed_coordination,5.06230308581733,-16.3511339442866,-88.9266229544085,213
90,90,3,early_mover,sequential,0.849133145083272,0.710731706574933,36.937376856536,149
90,90,3,early_mover,coordinated,1.48604282208959,7.5297307347966,97.3747069521687,-155
90,90,3,early_mover,delayed_coordination,-0.408118059551228,13.3822250717247,69.4179660458558,-177
90,90,3,sequential,coordinated,0.636909677006315,6.81899902822167,60.4373300956327,-304
90,90,3,sequential,delayed_coordination,-1.2572512046345,12.6714933651498,32.4805891893197,-326
90,90,3,coordinated,delayed_coordination,-1.89416088164081,5.85249433692815,-27.9567409063129,-22
90,90,5,early_mover,sequential,1.34776761781973,9.20706964265656,33.2308122537459,-8
90,90,5,early_mover,coordinated,1.51247592303324,0.0435158537296445,49.5000162997662,-100
90,90,5,early_mover,delayed_coordination,0.782991112432455,16.2485997669822,82.6996938855218,-91
90,90,5,sequential,coordinated,0.164708305213509,-9.16355378892692,16.2692040460204,-92
90,90,5,sequential,delayed_coordination,-0.564776505387272,7.04153012432562,49.468881631776,-83
90,90,5,coordinated,delayed_coordination,-0.729484810600781,16.2050839132525,33.1996775857556,9
90,90,7,early_mover,sequential,3.68044186278662,2.71259052219693,11.5633468529843,137
90,90,7,early_mover,coordinated,4.61964776391916,-8.09382428100082,11.8269537015415,446
90,90,7,early_mover,delayed_coordination,1.11553095652393,10.6729122744877,71.1282076320399,-52
90,90,7,sequential,coordinated,0.939205901132539,-10.8064148031978,0.263606848557174,309
90,90,7,sequential,delayed_coordination,-2.5649109062627,7.96032175229072,59.5648607790556,-189
90,90,7,coordinated,delayed_coordination,-3.50411680739523,18.7667365554885,59.3012539304984,-498
91,91,3,early_mover,sequential,3.61605297673023,0.429707717946485,-6.58977573064635,164
91,91,3,early_mover,coordinated,9.93401281124166,-30.825355721629,-131.87518783704,515
91,91,3,early_mover,delayed_coordination,1.86630663493177,1.36294483914273,49.3094669757475,31
91,91,3,sequential,coordinated,6.31795983451143,-31.2550634395755,-125.285412106393,351
91,91,3,sequential,delayed_coordination,-1.74974634179846,0.933237121196242,55.8992427063938,-133
91,91,3,coordinated,delayed_coordination,-8.06770617630988,32.1883005607718,181.184654812787,-484
91,91,5,early_mover,sequential,3.73210906879888,-3.20385101288761,15.9443900904575,192
91,91,5,early_mover,coordinated,13.6317253582172,-25.3113867816778,-198.036813527419,862
91,91,5,early_mover,delayed_coordination,1.37372829858896,5.62082372620466,56.4255176181637,23
91,91,5,sequential,coordinated,9.89961628941828,-22.1075357687902,-213.981203617876,670
91,91,5,sequential,delayed_coordination,-2.35838077020992,8.82467473909227,40.4811275277061,-169
91,91,5,coordinated,delayed_coordination,-12.2579970596282,30.9322105078825,254.462331145582,-839
91,91,7,early_mover,sequential,-0.692914224781262,11.7393634147998,76.9031036274644,-51
91,91,7,early_mover,coordinated,6.83564235991339,-23.4652608894854,-85.4560007864052,533
91,91,7,early_mover,delayed_coordination,-0.651834000314892,12.5246447233967,72.461315385659,-82
91,91,7,sequential,coordinated,7.52855658469466,-35.2046243042851,-162.35910441387,584
91,91,7,sequential,delayed_coordination,0.0410802244663699,0.785281308596922,-4.4417882418054,-31
91,91,7,coordinated,delayed_coordination,-7.48747636022829,35.989905612882,157.917316172064,-615
92,92,3,early_mover,sequential,5.84072372094774,-1.19597226344689,-40.7324545698384,131
92,92,3,early_mover,coordinated,3.69211219073829,18.4972263085252,15.4038673979071,-92
92,92,3,early_mover,delayed_coordination,1.62414469736511,15.2174123004239,56.4834388402849,-94
92,92,3,sequential,coordinated,-2.14861153020945,19.6931985719721,56.1363219677455,-223
92,92,3,sequential,delayed_coordination,-4.21657902358263,16.4133845638708,97.2158934101233,-225
92,92,3,coordinated,delayed_coordination,-2.06796749337317,-3.27981400810128,41.0795714423778,-2
92,92,5,early_mover,sequential,2.26248011970237,-5.40147541255917,28.7069445295649,90
92,92,5,early_mover,coordinated,-1.08886300430736,17.2909631834261,106.811272620602,-339
92,92,5,early_mover,delayed_coordination,4.33219277833048,0.693019665888073,16.3549060047912,69
92,92,5,sequential,coordinated,-3.35134312400973,22.6924385959852,78.1043280910369,-429
92,92,5,sequential,delayed_coordination,2.06971265862811,6.09449507844724,-12.3520385247737,-21
92,92,5,coordinated,delayed_coordination,5.42105578263784,-16.597943517538,-90.4563666158106,408
92,92,7,early_mover,sequential,3.48244653946875,6.56630932807531,21.8145631011039,89
92,92,7,early_mover,coordinated,2.19468614054756,41.5398986946116,58.6353226462591,-112
92,92,7,early_mover,delayed_coordination,3.67361814109458,6.95301158494465,28.2655802523282,3
92,92,7,sequential,coordinated,-1.28776039892119,34.9735893665363,36.8207595451552,-201
92,92,7,sequential,delayed_coordination,0.191171601625825,0.386702256869341,6.45101715122428,-86
92,92,7,coordinated,delayed_coordination,1.47893200054702,-34.586887109667,-30.3697423939309,115
93,93,3,early_mover,sequential,5.612500230894,-5.00990218209645,-1.12272239834283,167
93,93,3,early_mover,coordinated,3.8099442082132,-6.34861884632579,9.24202523585518,47
93,93,3,early_mover,delayed_coordination,3.21080935080016,0.784146389133866,13.9852195126177,58
93,93,3,sequential,coordinated,-1.8025560226808,-1.33871666422934,10.364747634198,-120
93,93,3,sequential,delayed_coordination,-2.40169088009384,5.79404857123032,15.1079419109606,-109
93,93,3,coordinated,delayed_coordination,-0.599134857413034,7.13276523545966,4.74319427676255,11
93,93,5,early_mover,sequential,4.12520622516072,1.87978735820511,-7.27674442312991,58
93,93,5,early_mover,coordinated,10.2461181440755,-13.1986506645738,-169.642202472039,539
93,93,5,early_mover,delayed_coordination,3.82603870418137,1.73224708250561,-15.9417079569469,121
93,93,5,sequential,coordinated,6.12091191891477,-15.0784380227789,-162.365458048909,481
93,93,5,sequential,delayed_coordination,-0.299167520979353,-0.147540275699498,-8.66496353381694,63
93,93,5,coordinated,delayed_coordination,-6.42007943989412,14.9308977470794,153.700494515092,-418
93,93,7,early_mover,sequential,1.08931903268309,2.43647893136685,34.3445912017958,11
93,93,7,early_mover,coordinated,0.924183223849724,-9.9778652240521,36.6965259061271,-196
93,93,7,early_mover,delayed_coordination,-0.144709329884066,5.71428040355303,64.7894057416079,-83
93,93,7,sequential,coordinated,-0.165135808833369,-12.4143441554189,2.35193470433137,-207
93,93,7,sequential,delayed_coordination,-1.23402836256716,3.27780147218618,30.4448145398121,-94
93,93,7,coordinated,delayed_coordination,-1.06889255373379,15.6921456276051,28.0928798354807,113
94,94,3,early_mover,sequential,2.62707763586073,-14.2312485649526,47.0566530007954,-138
94,94,3,early_mover,coordinated,3.43194539048154,-18.9932599736534,35.5512784718726,-92
94,94,3,early_mover,delayed_coordination,1.75726957258109,-5.33633876700964,78.9839687755284,-173
94,94,3,sequential,coordinated,0.804867754620815,-4.76201140870086,-11.5053745289229,46
94,94,3,sequential,delayed_coordination,-0.869808063279635,8.89490979794294,31.927315774733,-35
94,94,3,coordinated,delayed_coordination,-1.67467581790045,13.6569212066438,43.4326903036558,-81
94,94,5,early_mover,sequential,8.22441398239334,3.37433142802882,-18.6511599296873,183
94,94,5,early_mover,coordinated,8.87732390540125,-5.1459428321956,-46.9582268472088,267
94,94,5,early_mover,delayed_coordination,6.041873730174,-1.11103766713686,12.6543257366623,114
94,94,5,sequential,coordinated,0.652909923007911,-8.52027426022443,-28.3070669175215,84
94,94,5,sequential,delayed_coordination,-2.18254025221934,-4.48536909516568,31.3054856663496,-69
94,94,5,coordinated,delayed_coordination,-2.83545017522725,4.03490516505875,59.6125525838711,-153
94,94,7,early_mover,sequential,3.69122417948199,-10.7444334210669,53.2973737789628,-72
94,94,7,early_mover,coordinated,6.28633956602756,-1.95002481008152,28.7543302939682,30
94,94,7,early_mover,delayed_coordination,5.59859590930029,-5.74538261866525,27.7281304252513,5
94,94,7,sequential,coordinated,2.59511538654557,8.79440861098539,-24.5430434849945,102
94,94,7,sequential,delayed_coordination,1.90737172981829,4.99905080240165,-25.5692433537115,77
94,94,7,coordinated,delayed_coordination,-0.687743656727278,-3.79535780858373,-1.02619986871696,-25
95,95,3,early_mover,sequential,5.82025090166016,-2.10650587802579,-9.67104899893252,91
95,95,3,early_mover,coordinated,8.90174560509234,-28.9828103492481,-127.433614883653,422
95,95,3,early_mover,delayed_coordination,3.58794199649785,3.15381880895185,43.0922036894369,-49
95,95,3,sequential,coordinated,3.08149470343218,-26.8763044712223,-117.762565884721,331
95,95,3,sequential,delayed_coordination,-2.23230890516231,5.26032468697764,52.7632526883694,-140
95,95,3,coordinated,delayed_coordination,-5.3138036085945,32.1366291582,170.52581857309,-471
95,95,5,early_mover,sequential,1.283747621297,14.8208861083414,77.9312253755375,-47
95,95,5,early_mover,coordinated,7.10030175856122,1.90983360649963,-60.2425410701792,277
95,95,5,early_mover,delayed_coordination,0.927173474602199,17.275367553648,88.8424366775248,-102
95,95,5,sequential,coordinated,5.81655413726422,-12.9110525018417,-138.173766445717,324
95,95,5,sequential,delayed_coordination,-0.356574146694797,2.45448144530667,10.9112113019874,-55
95,95,5,coordinated,delayed_coordination,-6.17312828395902,15.3655339471484,149.084977747704,-379
95,95,7,early_mover,sequential,3.53919179235038,6.18727951847464,27.7768354092705,57
95,95,7,early_mover,coordinated,3.87011732797228,-9.78534869137363,24.6953416466704,136
95,95,7,early_mover,delayed_coordination,3.64511505497487,-1.59694665761234,34.661377703183,28
95,95,7,sequential,coordinated,0.330925535621901,-15.9726282098483,-3.08149376260008,79
95,95,7,sequential,delayed_coordination,0.105923262624486,-7.78422617608697,6.88454229391255,-29
95,95,7,coordinated,delayed_coordination,-0.225002272997415,8.18840203376129,9.96603605651262,-108
96,96,3,early_mover,sequential,-2.60160672419657,26.7358590422228,112.770779266966,-239
96,96,3,early_mover,coordinated,4.3676184459094,13.8533164080201,16.3371012349533,20
96,96,3,early_mover,delayed_coordination,-1.12708309476643,17.3731644381556,88.9990852976621,-178
96,96,3,sequential,coordinated,6.96922517010597,-12.8825426342027,-96.4336780320125,259
96,96,3,sequential,delayed_coordination,1.47452362943014,-9.36269460406717,-23.7716939693037,61
96,96,3,coordinated,delayed_coordination,-5.49470154067583,3.51984803013551,72.6619840627088,-198
96,96,5,early_mover,sequential,3.17797974324648,3.40620775639692,44.6039782926973,-80
96,96,5,early_mover,coordinated,1.62902505816884,9.09357603082663,98.7364730628185,-179
96,96,5,early_mover,delayed_coordination,0.837910477832565,16.9774132654545,87.3474123613398,-108
96,96,5,sequential,coordinated,-1.54895468507765,5.6873682744297,54.1324947701212,-99
96,96,5,sequential,delayed_coordination,-2.34006926541392,13.5712055090575,42.7434340686425,-28
96,96,5,coordinated,delayed_coordination,-0.79111458033627,7.88383723462783,-11.3890607014787,71
96,96,7,early_mover,sequential,1.37925173743594,16.263249124857,86.5147959109577,-155
96,96,7,early_mover,coordinated,-4.0624554011969,40.3965788481651,203.904287991347,-488
96,96,7,early_mover,delayed_coordination,-0.454434540834555,9.84327675804033,127.097568646249,-212
96,96,7,sequential,coordinated,-5.44170713863284,24.1333297233081,117.389492080389,-333
96,96,7,sequential,delayed_coordination,-1.83368627827049,-6.41997236681664,40.5827727352912,-57
96,96,7,coordinated,delayed_coordination,3.60802086036234,-30.5533020901248,-76.8067193450977,276
97,97,3,early_mover,sequential,5.91423999384391,-5.16092171939411,-23.9138990035913,201
97,97,3,early_mover,coordinated,4.46949229664826,3.66414744734101,23.899362734677,-78
97,97,3,early_mover,delayed_coordination,3.5695640209026,0.96049018540117,11.7725441162443,115
97,97,3,sequential,coordinated,-1.44474769719565,8.82506916673512,47.8132617382682,-279
97,97,3,sequential,delayed_coordination,-2.3446759729413,6.12141190479528,35.6864431198355,-86
97,97,3,coordinated,delayed_coordination,-0.899928275745651,-2.70365726193984,-12.1268186184327,193
97,97,5,early_mover,sequential,6.38889196762348,-0.743979991835204,-11.8540255801142,167
97,97,5,early_mover,coordinated,7.66531449126103,-19.8246731050643,-91.6382759874105,622
97,97,5,early_mover,delayed_coordination,7.29754058893373,-5.28645427335687,-37.8490717622383,164
97,97,5,sequential,coordinated,1.27642252363755,-19.0806931132291,-79.7842504072962,455
97,97,5,sequential,delayed_coordination,0.908648621310249,-4.54247428152166,-25.995046182124,-3
97,97,5,coordinated,delayed_coordination,-0.367773902327301,14.5382188317075,53.7892042251722,-458
97,97,7,early_mover,sequential,3.64737230432199,-9.26103149049175,1.61881233798658,219
97,97,7,early_mover,coordinated,14.0751374124827,-48.3686500371971,-192.115347246528,1067
97,97,7,early_mover,delayed_coordination,2.73321062308236,5.96530180635543,29.3988009271441,-7
97,97,7,sequential,coordinated,10.4277651081607,-39.1076185467054,-193.734159584515,848
97,97,7,sequential,delayed_coordination,-0.914161681239634,15.2263332968472,27.7799885891575,-226
97,97,7,coordinated,delayed_coordination,-11.3419267894004,54.3339518435526,221.514148173672,-1074
98,98,3,early_mover,sequential,4.6807582897483,16.2608945003042,23.8381609841342,16
98,98,3,early_mover,coordinated,7.48016877057447,4.75935534301044,-52.2714422765971,232
98,98,3,early_mover,delayed_coordination,5.7080075110141,9.83395639796484,-10.3171742482814,207
98,98,3,sequential,coordinated,2.79941048082617,-11.5015391572938,-76.1096032607313,216
98,98,3,sequential,delayed_coordination,1.02724922126581,-6.42693810233939,-34.1553352324156,191
98,98,3,coordinated,delayed_coordination,-1.77216125956036,5.0746010549544,41.9542680283157,-25
98,98,5,early_mover,sequential,4.99269957290741,-10.2976224196501,-18.4266581888437,175
98,98,5,early_mover,coordinated,3.55038925987893,3.89966122744735,1.80022405028672,-38
98,98,5,early_mover,delayed_coordination,0.424258773358389,11.7373141343719,60.9003749791207,-95
98,98,5,sequential,coordinated,-1.44231031302849,14.1972836470974,20.2268822391304,-213
98,98,5,sequential,delayed_coordination,-4.56844079954902,22.034936554022,79.3270331679644,-270
98,98,5,coordinated,delayed_coordination,-3.12613048652054,7.83765290692452,59.100150928834,-57
98,98,7,early_mover,sequential,3.28333248042807,15.7492174081412,9.90679479914365,82
98,98,7,early_mover,coordinated,7.01359505503009,10.3432835091457,-52.0226623145418,-11
98,98,7,early_mover,delayed_coordination,2.48335311773158,3.34353818513307,14.4457495289098,140
98,98,7,sequential,coordinated,3.73026257460202,-5.40593389899558,-61.9294571136854,-93
98,98,7,sequential,delayed_coordination,-0.79997936269649,-12.4056792230082,4.53895472976615,58
98,98,7,coordinated,delayed_coordination,-4.53024193729851,-6.99974532401259,66.4684118434516,151
99,99,3,early_mover,sequential,-1.47320742604632,10.3873904419895,99.5609414128239,-83
99,99,3,early_mover,coordinated,-2.38953823274313,1.87235549498575,93.1502902512975,-393
99,99,3,early_mover,delayed_coordination,0.426869003926726,3.7263710710007,64.8472710065521,7
99,99,3,sequential,coordinated,-0.91633080669682,-8.5150349470037,-6.4106511615264,-310
99,99,3,sequential,delayed_coordination,1.90007642997304,-6.66101937098875,-34.7136704062718,90
99,99,3,coordinated,delayed_coordination,2.81640723666986,1.85401557601494,-28.3030192447454,400
99,99,5,early_mover,sequential,-0.801205909288853,7.8605012269694,107.873062477136,-147
99,99,5,early_mover,coordinated,2.06392623401223,5.04693329930387,73.3212710212183,28
99,99,5,early_mover,delayed_coordination,-0.203371433689497,6.55273250808972,118.082028642279,-173
99,99,5,sequential,coordinated,2.86513214330108,-2.81356792766553,-34.5517914559175,175
99,99,5,sequential,delayed_coordination,0.597834475599356,-1.30776871887969,10.208966165143,-26
99,99,5,coordinated,delayed_coordination,-2.26729766770173,1.50579920878585,44.7607576210605,-201
99,99,7,early_mover,sequential,-0.99134079297616,9.79328980987719,113.052252549042,-151
99,99,7,early_mover,coordinated,3.5189401154947,-12.1202449710176,-0.439531241735267,154
99,99,7,early_mover,delayed_coordination,-0.113576824333691,7.07910168130354,98.0748803490278,-136
99,99,7,sequential,coordinated,4.51028090847086,-21.9135347808948,-113.491783790777,305
99,99,7,sequential,delayed_coordination,0.877763968642469,-2.71418812857365,-14.9773722000141,15
99,99,7,coordinated,delayed_coordination,-3.63251693982839,19.1993466523211,98.5144115907631,-290
100,100,3,early_mover,sequential,3.34620104703545,-3.72261486119095,15.5273128408387,-156
100,100,3,early_mover,coordinated,4.38535720093631,-17.9191920408724,-11.386221239218,99
100,100,3,early_mover,delayed_coordination,3.7018033420419,-8.92140081837863,-10.1809572496554,-68
100,100,3,sequential,coordinated,1.03915615390086,-14.1965771796815,-26.9135340800567,255
100,100,3,sequential,delayed_coordination,0.355602295006449,-5.19878595718768,-25.7082700904941,88
100,100,3,coordinated,delayed_coordination,-0.683553858894413,8.99779122249379,1.20526398956258,-167
100,100,5,early_mover,sequential,3.38235234053235,12.7071039767737,24.2832385691561,-98
100,100,5,early_mover,coordinated,-0.0330766668774629,11.4406595095721,101.940826879537,-257
100,100,5,early_mover,delayed_coordination,3.83156605272943,-0.274567331855565,-6.29004633601153,42
100,100,5,sequential,coordinated,-3.41542900740981,-1.26644446720161,77.6575883103808,-159
100,100,5,sequential,delayed_coordination,0.449213712197079,-12.9816713086293,-30.5732849051676,140
100,100,5,coordinated,delayed_coordination,3.86464271960689,-11.7152268414277,-108.230873215548,299
100,100,7,early_mover,sequential,1.25356386317971,25.2451997879925,86.5811800597173,-208
100,100,7,early_mover,coordinated,-1.85185143899314,28.2085545983394,97.3108939972999,-351
100,100,7,early_mover,delayed_coordination,2.66164812676244,-2.04730101280325,19.6773243322154,-45
100,100,7,sequential,coordinated,-3.10541530217284,2.96335481034686,10.7297139375826,-143
100,100,7,sequential,delayed_coordination,1.40808426358274,-27.2925008007958,-66.9038557275019,163
100,100,7,coordinated,delayed_coordination,4.51349956575558,-30.2558556111426,-77.6335696650845,306
