replication,seed,policy_penalty,scenario_A,scenario_B,delta_final_fitness_A_minus_B,delta_final_risk_A_minus_B,delta_final_trade_A_minus_B,delta_switches_A_minus_B
1,1,0.25,early_mover,sequential,1.66226437329132,2.21631240485777,27.0593118255051,-15
1,1,0.25,early_mover,coordinated,1.38742592671926,-14.2349327089337,1.72506512286964,61
1,1,0.25,early_mover,delayed_coordination,1.74297161141709,2.23688550107471,27.0107004029169,-4
1,1,0.25,sequential,coordinated,-0.274838446572062,-16.4512451137915,-25.3342467026355,76
1,1,0.25,sequential,delayed_coordination,0.0807072381257683,0.0205730962169355,-0.0486114225882375,11
1,1,0.25,coordinated,delayed_coordination,0.35554568469783,16.4718182100084,25.2856352800472,-65
1,1,0.5,early_mover,sequential,-0.836902678597639,32.6248475357381,150.96935963576,-146
1,1,0.5,early_mover,coordinated,5.04217810815047,-11.8804407632494,1.77132999586024,-19
1,1,0.5,early_mover,delayed_coordination,-0.259841507593435,24.2252357234388,116.78152788067,-202
1,1,0.5,sequential,coordinated,5.8790807867481,-44.5052882989875,-149.1980296399,127
1,1,0.5,sequential,delayed_coordination,0.577061171004203,-8.39961181229933,-34.18783175509,-56
1,1,0.5,coordinated,delayed_coordination,-5.3020196157439,36.1056764866882,115.01019788481,-183
1,1,0.75,early_mover,sequential,6.09501608348108,17.9843409460753,67.5451276214976,26
1,1,0.75,early_mover,coordinated,19.2807892215289,-9.00357294985997,-155.024259107207,749
1,1,0.75,early_mover,delayed_coordination,5.39548477132325,17.20415290573,70.3461460498979,68
1,1,0.75,sequential,coordinated,13.1857731380478,-26.9879138959352,-222.569386728705,723
1,1,0.75,sequential,delayed_coordination,-0.699531312157831,-0.780188040345308,2.80101842840031,42
1,1,0.75,coordinated,delayed_coordination,-13.8853044502056,26.2077258555899,225.370405157105,-681
2,2,0.25,early_mover,sequential,-0.145062322615601,1.59443683236657,21.0959920990053,-40
2,2,0.25,early_mover,coordinated,1.92651708757884,-2.07730625852241,-4.34968619542542,24
2,2,0.25,early_mover,delayed_coordination,0.90968597198021,0.816275118940212,10.9789010047311,10
2,2,0.25,sequential,coordinated,2.07157941019445,-3.67174309088898,-25.4456782944308,64
2,2,0.25,sequential,delayed_coordination,1.05474829459581,-0.778161713426357,-10.1170910942742,50
2,2,0.25,coordinated,delayed_coordination,-1.01683111559863,2.89358137746262,15.3285872001566,-14
2,2,0.5,early_mover,sequential,2.80470501725577,9.43908809555546,58.3131629856739,-34
2,2,0.5,early_mover,coordinated,3.03053891826598,6.43077498943555,51.2659951821981,12
2,2,0.5,early_mover,delayed_coordination,3.11658150212884,-3.84292164897636,35.9835150772183,-51
2,2,0.5,sequential,coordinated,0.225833901010205,-3.00831310611991,-7.04716780347576,46
2,2,0.5,sequential,delayed_coordination,0.311876484873068,-13.2820097445318,-22.3296479084556,-17
2,2,0.5,coordinated,delayed_coordination,0.0860425838628629,-10.2736966384119,-15.2824801049799,-63
2,2,0.75,early_mover,sequential,12.9936522798358,-18.3545743997661,-42.0453171717934,572
2,2,0.75,early_mover,coordinated,3.14710769191873,18.6832426291789,56.4769860104698,-323
2,2,0.75,early_mover,delayed_coordination,9.88337519782074,-3.01250671594585,5.04982967689102,353
2,2,0.75,sequential,coordinated,-9.84654458791704,37.037817028945,98.5223031822632,-895
2,2,0.75,sequential,delayed_coordination,-3.11027708201503,15.3420676838203,47.0951468486844,-219
2,2,0.75,coordinated,delayed_coordination,6.73626750590201,-21.6957493451247,-51.4271563335788,676
3,3,0.25,early_mover,sequential,0.877535023210797,4.9871081167513,36.6859696551869,-46
3,3,0.25,early_mover,coordinated,0.976882332973688,6.31184183012823,16.6412453179473,-35
3,3,0.25,early_mover,delayed_coordination,0.924698425278351,2.28734995387669,25.3300093455973,-26
3,3,0.25,sequential,coordinated,0.0993473097628907,1.32473371337693,-20.0447243372396,11
3,3,0.25,sequential,delayed_coordination,0.0471634020675538,-2.69975816287462,-11.3559603095896,20
3,3,0.25,coordinated,delayed_coordination,-0.052183907695337,-4.02449187625155,8.68876402765,9
3,3,0.5,early_mover,sequential,0.560606993535231,18.9429630991922,79.1791671084034,-62
3,3,0.5,early_mover,coordinated,3.84749350497773,3.69545998908353,59.9383851463863,-104
3,3,0.5,early_mover,delayed_coordination,-1.99729776551291,19.3337142876566,147.99202677438,-206
3,3,0.5,sequential,coordinated,3.2868865114425,-15.2475031101087,-19.2407819620171,-42
3,3,0.5,sequential,delayed_coordination,-2.55790475904814,0.390751188464321,68.8128596659769,-144
3,3,0.5,coordinated,delayed_coordination,-5.84479127049065,15.638254298573,88.053641627994,-102
3,3,0.75,early_mover,sequential,5.00711197705331,9.3380685224476,39.8769675473015,113
3,3,0.75,early_mover,coordinated,16.2076382308429,-18.5806516470021,-67.4615936013615,555
3,3,0.75,early_mover,delayed_coordination,4.73514852910762,3.97958684804615,62.6756738716501,86
3,3,0.75,sequential,coordinated,11.2005262537896,-27.9187201694497,-107.338561148663,442
3,3,0.75,sequential,delayed_coordination,-0.271963447945694,-5.35848167440145,22.7987063243486,-27
3,3,0.75,coordinated,delayed_coordination,-11.4724897017353,22.5602384950482,130.137267473012,-469
4,4,0.25,early_mover,sequential,2.39131885236101,0.811878936719722,17.2482548240318,56
4,4,0.25,early_mover,coordinated,1.91009621925016,-17.5632532311425,0.114797426668702,95
4,4,0.25,early_mover,delayed_coordination,0.536256072209497,2.78243467379866,64.9862247119718,-62
4,4,0.25,sequential,coordinated,-0.481222633110846,-18.3751321678623,-17.1334573973631,39
4,4,0.25,sequential,delayed_coordination,-1.85506278015151,1.97055573707894,47.7379698879399,-118
4,4,0.25,coordinated,delayed_coordination,-1.37384014704067,20.3456879049412,64.8714272853031,-157
4,4,0.5,early_mover,sequential,3.58317040953293,-7.14696868657566,20.2225458162677,50
4,4,0.5,early_mover,coordinated,7.64009042972954,-47.0008834988551,-109.375605606315,300
4,4,0.5,early_mover,delayed_coordination,2.63766103049853,10.6265287901364,55.4950883781564,-149
4,4,0.5,sequential,coordinated,4.05692002019661,-39.8539148122794,-129.598151422583,250
4,4,0.5,sequential,delayed_coordination,-0.945509379034391,17.773497476712,35.2725425618887,-199
4,4,0.5,coordinated,delayed_coordination,-5.002429399231,57.6274122889915,164.870693984471,-449
4,4,0.75,early_mover,sequential,5.73258925868552,57.4470170706899,157.472086401173,-205
4,4,0.75,early_mover,coordinated,-0.0970596707220039,77.751772788552,181.145952752342,-685
4,4,0.75,early_mover,delayed_coordination,3.62402530889814,67.0432036973891,186.103716878658,-264
4,4,0.75,sequential,coordinated,-5.82964892940753,20.3047557178622,23.6738663511696,-480
4,4,0.75,sequential,delayed_coordination,-2.10856394978738,9.59618662669922,28.631630477485,-59
4,4,0.75,coordinated,delayed_coordination,3.72108497962014,-10.7085690911629,4.9577641263154,421
5,5,0.25,early_mover,sequential,0.552259254736711,9.29757328729193,13.1568321186191,-23
5,5,0.25,early_mover,coordinated,3.49950376619051,7.05274460342275,-24.9532962934463,4
5,5,0.25,early_mover,delayed_coordination,2.48757539254936,7.96499195954522,5.96942332316621,16
5,5,0.25,sequential,coordinated,2.9472445114538,-2.24482868386917,-38.1101284120655,27
5,5,0.25,sequential,delayed_coordination,1.93531613781265,-1.33258132774671,-7.18740879545294,39
5,5,0.25,coordinated,delayed_coordination,-1.01192837364115,0.912247356122464,30.9227196166125,12
5,5,0.5,early_mover,sequential,6.33667460863079,-5.06110253673711,-50.264690333493,168
5,5,0.5,early_mover,coordinated,8.19070112160142,-29.8477603240081,-115.205160316154,369
5,5,0.5,early_mover,delayed_coordination,5.06282270647074,-18.8356396548776,-57.4685984688522,196
5,5,0.5,sequential,coordinated,1.85402651297063,-24.786657787271,-64.9404699826609,201
5,5,0.5,sequential,delayed_coordination,-1.27385190216005,-13.7745371181405,-7.20390813535914,28
5,5,0.5,coordinated,delayed_coordination,-3.12787841513068,11.0121206691305,57.7365618473018,-173
5,5,0.75,early_mover,sequential,7.40413932564653,1.45920835438145,36.7357273303703,87
5,5,0.75,early_mover,coordinated,6.30621489010863,10.2161578909976,33.411223456641,66
5,5,0.75,early_mover,delayed_coordination,3.90741788742507,7.40195881484763,57.4844767093641,-64
5,5,0.75,sequential,coordinated,-1.09792443553789,8.7569495366161,-3.32450387372933,-21
5,5,0.75,sequential,delayed_coordination,-3.49672143822146,5.94275046046619,20.7487493789938,-151
5,5,0.75,coordinated,delayed_coordination,-2.39879700268357,-2.81419907614992,24.0732532527231,-130
6,6,0.25,early_mover,sequential,3.09733462165234,-4.67158486197241,-8.45540541800028,71
6,6,0.25,early_mover,coordinated,-1.03008102939795,7.77642224398602,72.8563948388501,-300
6,6,0.25,early_mover,delayed_coordination,2.66442563580895,-4.73174042750048,-10.0068511432464,54
6,6,0.25,sequential,coordinated,-4.12741565105028,12.4480071059584,81.3118002568503,-371
6,6,0.25,sequential,delayed_coordination,-0.432908985843383,-0.0601555655280777,-1.55144572524614,-17
6,6,0.25,coordinated,delayed_coordination,3.6945066652069,-12.5081626714865,-82.8632459820965,354
6,6,0.5,early_mover,sequential,2.00380867975363,6.70930466227162,20.8808150843788,11
6,6,0.5,early_mover,coordinated,5.4042790212784,-2.25665329914784,-6.45357752206542,124
6,6,0.5,early_mover,delayed_coordination,2.34162700692877,7.37248169135481,10.3841654987368,69
6,6,0.5,sequential,coordinated,3.40047034152477,-8.96595796141946,-27.3343926064442,113
6,6,0.5,sequential,delayed_coordination,0.337818327175142,0.663177029083187,-10.496649585642,58
6,6,0.5,coordinated,delayed_coordination,-3.06265201434962,9.62913499050265,16.8377430208022,-55
6,6,0.75,early_mover,sequential,7.68624222725228,4.07399632584517,37.7400560151673,233
6,6,0.75,early_mover,coordinated,11.687036620702,3.76972420020832,-96.8662536772094,425
6,6,0.75,early_mover,delayed_coordination,1.245224720561,16.2795950503565,88.592445280575,28
6,6,0.75,sequential,coordinated,4.00079439344975,-0.304272125636857,-134.606309692377,192
6,6,0.75,sequential,delayed_coordination,-6.44101750669128,12.2055987245113,50.8523892654077,-205
6,6,0.75,coordinated,delayed_coordination,-10.441811900141,12.5098708501482,185.458698957784,-397
7,7,0.25,early_mover,sequential,0.585986485209872,4.14750255177535,27.1629089519138,-58
7,7,0.25,early_mover,coordinated,0.411989843447827,8.56795878574206,38.4233933374135,-158
7,7,0.25,early_mover,delayed_coordination,0.832874979759325,5.29638190125337,53.9675762801016,-85
7,7,0.25,sequential,coordinated,-0.173996641762045,4.42045623396672,11.2604843854997,-100
7,7,0.25,sequential,delayed_coordination,0.246888494549452,1.14887934947802,26.8046673281879,-27
7,7,0.25,coordinated,delayed_coordination,0.420885136311497,-3.2715768844887,15.5441829426882,73
7,7,0.5,early_mover,sequential,1.32899724532628,6.25328455019257,47.3037688787686,-140
7,7,0.5,early_mover,coordinated,0.337377159181187,19.993201055336,87.0009078854309,-338
7,7,0.5,early_mover,delayed_coordination,4.56771553940047,-1.47637440402445,7.04126307972729,-23
7,7,0.5,sequential,coordinated,-0.99162008614509,13.7399165051435,39.6971390066624,-198
7,7,0.5,sequential,delayed_coordination,3.23871829407419,-7.72965895421703,-40.2625057990413,117
7,7,0.5,coordinated,delayed_coordination,4.23033838021928,-21.4695754593605,-79.9596448057036,315
7,7,0.75,early_mover,sequential,11.0048894098951,-5.26218982966324,-26.8963328934558,448
7,7,0.75,early_mover,coordinated,10.9054034321256,-18.0686957419051,-40.3280368504188,274
7,7,0.75,early_mover,delayed_coordination,2.37934674989802,13.7643304963724,61.222863641905,-29
7,7,0.75,sequential,coordinated,-0.0994859777694614,-12.8065059122418,-13.431703956963,-174
7,7,0.75,sequential,delayed_coordination,-8.62554265999704,19.0265203260356,88.1191965353607,-477
7,7,0.75,coordinated,delayed_coordination,-8.52605668222758,31.8330262382774,101.550900492324,-303
8,8,0.25,early_mover,sequential,2.64624022380274,0.544488542457941,-16.3523088823958,131
8,8,0.25,early_mover,coordinated,1.59859138314363,4.87829465856584,26.6949419129769,-122
8,8,0.25,early_mover,delayed_coordination,2.01601105813781,5.04813236033829,18.1798285014311,-46
8,8,0.25,sequential,coordinated,-1.04764884065911,4.33380611610789,43.0472507953727,-253
8,8,0.25,sequential,delayed_coordination,-0.630229165664929,4.50364381788035,34.5321373838269,-177
8,8,0.25,coordinated,delayed_coordination,0.417419674994179,0.169837701772451,-8.51511341154583,76
8,8,0.5,early_mover,sequential,5.80420275033485,-2.71370199019387,-31.0654118538444,77
8,8,0.5,early_mover,coordinated,5.53608906654733,-5.71226100018791,-75.1823326959704,144
8,8,0.5,early_mover,delayed_coordination,3.42057139901836,1.84286375162557,4.98054378569441,13
8,8,0.5,sequential,coordinated,-0.268113683787519,-2.99855900999404,-44.1169208421261,67
8,8,0.5,sequential,delayed_coordination,-2.3836313513165,4.55656574181944,36.0459556395388,-64
8,8,0.5,coordinated,delayed_coordination,-2.11551766752898,7.55512475181348,80.1628764816649,-131
8,8,0.75,early_mover,sequential,12.5121495832856,-4.42022746714349,-13.8313975492927,584
8,8,0.75,early_mover,coordinated,8.85548934622931,-1.08716296661225,-8.45003710239325,200
8,8,0.75,early_mover,delayed_coordination,9.16963673177928,2.47525640530318,34.1936615414718,395
8,8,0.75,sequential,coordinated,-3.65666023705634,3.33306450053124,5.38136044689941,-384
8,8,0.75,sequential,delayed_coordination,-3.34251285150637,6.89548387244668,48.0250590907644,-189
8,8,0.75,coordinated,delayed_coordination,0.314147385549973,3.56241937191544,42.643698643865,195
9,9,0.25,early_mover,sequential,0.866765114512745,-1.48695887664479,14.394073014123,-12
9,9,0.25,early_mover,coordinated,-0.465415397326339,16.2908482710739,47.8083742069316,-118
9,9,0.25,early_mover,delayed_coordination,-0.427170820098851,14.4246086601801,56.9927061933586,-110
9,9,0.25,sequential,coordinated,-1.33218051183908,17.7778071477186,33.4143011928086,-106
9,9,0.25,sequential,delayed_coordination,-1.2939359346116,15.9115675368249,42.5986331792355,-98
9,9,0.25,coordinated,delayed_coordination,0.0382445772274878,-1.86623961089373,9.18433198642697,8
9,9,0.5,early_mover,sequential,4.17611941772437,2.49613378597167,-39.387048206979,63
9,9,0.5,early_mover,coordinated,1.78466372359577,-5.80160434941075,15.0475188749617,24
9,9,0.5,early_mover,delayed_coordination,2.11309723205662,3.58541664293693,48.0287345478364,-68
9,9,0.5,sequential,coordinated,-2.3914556941286,-8.29773813538242,54.4345670819407,-39
9,9,0.5,sequential,delayed_coordination,-2.06302218566775,1.08928285696527,87.4157827548154,-131
9,9,0.5,coordinated,delayed_coordination,0.328433508460847,9.38702099234769,32.9812156728747,-92
9,9,0.75,early_mover,sequential,4.33148303196148,15.428593705126,73.9121548204469,82
9,9,0.75,early_mover,coordinated,19.6081898446659,-8.51970798188671,-148.930475930389,833
9,9,0.75,early_mover,delayed_coordination,1.12464519752587,17.4938974135898,112.110036198648,39
9,9,0.75,sequential,coordinated,15.2767068127044,-23.9483016870127,-222.842630750836,751
9,9,0.75,sequential,delayed_coordination,-3.20683783443562,2.06530370846389,38.1978813782016,-43
9,9,0.75,coordinated,delayed_coordination,-18.4835446471401,26.0136053954766,261.040512129038,-794
10,10,0.25,early_mover,sequential,-0.660638850046638,12.3117551355313,81.9747722862758,-87
10,10,0.25,early_mover,coordinated,0.0729469299193681,3.15632768468186,60.7556982466253,-145
10,10,0.25,early_mover,delayed_coordination,0.859431387124928,6.85983836729838,41.8364541199608,-80
10,10,0.25,sequential,coordinated,0.733585779966006,-9.1554274508494,-21.2190740396504,-58
10,10,0.25,sequential,delayed_coordination,1.52007023717157,-5.45191676823288,-40.138318166315,7
10,10,0.25,coordinated,delayed_coordination,0.78648445720556,3.70351068261652,-18.9192441266646,65
10,10,0.5,early_mover,sequential,0.145023797022617,13.0684752543515,134.723483981617,-213
10,10,0.5,early_mover,coordinated,0.205143819471971,7.62610901932652,107.934239951697,-263
10,10,0.5,early_mover,delayed_coordination,-0.166700916917762,10.2156438202303,135.383441494626,-221
10,10,0.5,sequential,coordinated,0.0601200224493539,-5.44236623502496,-26.7892440299199,-50
10,10,0.5,sequential,delayed_coordination,-0.311724713940379,-2.85283143412119,0.659957513009203,-8
10,10,0.5,coordinated,delayed_coordination,-0.371844736389733,2.58953480090378,27.4492015429291,42
10,10,0.75,early_mover,sequential,11.390135014943,6.45452684648251,29.7392104179946,306
10,10,0.75,early_mover,coordinated,21.2815121027216,7.08305867611247,-112.524318209306,805
10,10,0.75,early_mover,delayed_coordination,7.23008420523469,5.59470073341703,73.7315251533159,153
10,10,0.75,sequential,coordinated,9.89137708777865,0.628531829629964,-142.263528627301,499
10,10,0.75,sequential,delayed_coordination,-4.1600508097083,-0.859826113065481,43.9923147353213,-153
10,10,0.75,coordinated,delayed_coordination,-14.0514278974869,-1.48835794269544,186.255843362622,-652
11,11,0.25,early_mover,sequential,1.86025612451041,15.4418944727893,38.9793503338906,-23
11,11,0.25,early_mover,coordinated,5.90922021041601,-12.1493428086171,-13.4171473023448,146
11,11,0.25,early_mover,delayed_coordination,1.44792206553784,6.94719690422949,45.2895598805608,-58
11,11,0.25,sequential,coordinated,4.0489640859056,-27.5912372814064,-52.3964976362354,169
11,11,0.25,sequential,delayed_coordination,-0.412334058972576,-8.49469756855984,6.31020954667019,-35
11,11,0.25,coordinated,delayed_coordination,-4.46129814487817,19.0965397128466,58.7067071829056,-204
11,11,0.5,early_mover,sequential,-1.10784361573587,7.96119963066718,148.356754335811,-263
11,11,0.5,early_mover,coordinated,2.65402223206431,7.4786669941646,75.3906492344065,-133
11,11,0.5,early_mover,delayed_coordination,-0.281187752673304,12.9845016086092,114.595151538954,-84
11,11,0.5,sequential,coordinated,3.76186584780018,-0.482532636502583,-72.9661051014043,130
11,11,0.5,sequential,delayed_coordination,0.82665586306257,5.02330197794197,-33.7616027968572,179
11,11,0.5,coordinated,delayed_coordination,-2.93520998473761,5.50583461444455,39.2045023045471,49
11,11,0.75,early_mover,sequential,10.7208432622721,10.0701960891688,25.7256297638271,178
11,11,0.75,early_mover,coordinated,17.0277642162542,-8.50368156978416,-68.9843030647719,536
11,11,0.75,early_mover,delayed_coordination,4.14566312928095,20.7111088441541,87.7818428215128,79
11,11,0.75,sequential,coordinated,6.30692095398209,-18.5738776589529,-94.709932828599,358
11,11,0.75,sequential,delayed_coordination,-6.57518013299115,10.6409127549853,62.0562130576857,-99
11,11,0.75,coordinated,delayed_coordination,-12.8821010869732,29.2147904139383,156.766145886285,-457
12,12,0.25,early_mover,sequential,1.22464603939096,2.68634644491073,53.1698076724397,-72
12,12,0.25,early_mover,coordinated,-1.88962610485663,3.11432078225749,53.6051425022147,-218
12,12,0.25,early_mover,delayed_coordination,0.0533442169939065,2.8731733654422,45.3478987191961,-110
12,12,0.25,sequential,coordinated,-3.11427214424759,0.427974337346768,0.435334829775002,-146
12,12,0.25,sequential,delayed_coordination,-1.17130182239706,0.186826920531473,-7.82190895324356,-38
12,12,0.25,coordinated,delayed_coordination,1.94297032185054,-0.241147416815295,-8.25724378301857,108
12,12,0.5,early_mover,sequential,-0.562666693604655,9.59992421350236,97.0316031107116,-37
12,12,0.5,early_mover,coordinated,-2.07691717403215,2.48374372080539,94.994822139457,-121
12,12,0.5,early_mover,delayed_coordination,-1.64894290727567,9.94900643998366,112.493424316598,-65
12,12,0.5,sequential,coordinated,-1.51425048042749,-7.11618049269697,-2.03678097125453,-84
12,12,0.5,sequential,delayed_coordination,-1.08627621367101,0.3490822264813,15.4618212058863,-28
12,12,0.5,coordinated,delayed_coordination,0.427974266756479,7.46526271917827,17.4986021771408,56
12,12,0.75,early_mover,sequential,8.60022590842578,5.26409373632933,7.73708578570154,153
12,12,0.75,early_mover,coordinated,18.4660892345875,-22.4898283558818,-175.791135087501,758
12,12,0.75,early_mover,delayed_coordination,9.24876742378233,5.20099765359524,-2.91812386811171,342
12,12,0.75,sequential,coordinated,9.86586332616173,-27.7539220922111,-183.528220873203,605
12,12,0.75,sequential,delayed_coordination,0.648541515356541,-0.0630960827340914,-10.6552096538132,189
12,12,0.75,coordinated,delayed_coordination,-9.21732181080519,27.690826009477,172.87301121939,-416
13,13,0.25,early_mover,sequential,1.78253377897778,-0.438361111082941,1.8855686296356,12
13,13,0.25,early_mover,coordinated,0.310847173637683,18.6591571385156,36.283373027069,-110
13,13,0.25,early_mover,delayed_coordination,2.63760641819661,9.30297571284484,13.5884856728508,16
13,13,0.25,sequential,coordinated,-1.4716866053401,19.0975182495986,34.3978043974334,-122
13,13,0.25,sequential,delayed_coordination,0.855072639218832,9.74133682392778,11.7029170432152,4
13,13,0.25,coordinated,delayed_coordination,2.32675924455893,-9.3561814256708,-22.6948873542183,126
13,13,0.5,early_mover,sequential,0.646327480238128,10.0206114189595,97.9321508242683,-104
13,13,0.5,early_mover,coordinated,4.06424693951836,-3.23500554074127,41.6116113661151,250
13,13,0.5,early_mover,delayed_coordination,1.11018820741961,7.13713985823756,61.3354235862937,-15
13,13,0.5,sequential,coordinated,3.41791945928023,-13.2556169597008,-56.3205394581532,354
13,13,0.5,sequential,delayed_coordination,0.463860727181483,-2.88347156072194,-36.5967272379746,89
13,13,0.5,coordinated,delayed_coordination,-2.95405873209874,10.3721453989788,19.7238122201786,-265
13,13,0.75,early_mover,sequential,10.5105313644666,0.824248528981855,30.6803942157567,300
13,13,0.75,early_mover,coordinated,-2.12489537002868,-6.2327984789427,102.890728069179,-268
13,13,0.75,early_mover,delayed_coordination,7.76555200641396,5.09043863885714,39.3674663603215,344
13,13,0.75,sequential,coordinated,-12.6354267344953,-7.05704700792455,72.2103338534218,-568
13,13,0.75,sequential,delayed_coordination,-2.74497935805262,4.26619010987528,8.68707214456481,44
13,13,0.75,coordinated,delayed_coordination,9.89044737644264,11.3232371177998,-63.523261708857,612
14,14,0.25,early_mover,sequential,2.01388218926843,2.73043982993346,5.74847071205158,89
14,14,0.25,early_mover,coordinated,0.261977653587493,7.58880778535803,47.1567592125157,-48
14,14,0.25,early_mover,delayed_coordination,0.865794322763918,8.38805184392737,30.6433401907871,-1
14,14,0.25,sequential,coordinated,-1.75190453568094,4.85836795542457,41.4082885004641,-137
14,14,0.25,sequential,delayed_coordination,-1.14808786650451,5.65761201399391,24.8948694787355,-90
14,14,0.25,coordinated,delayed_coordination,0.603816669176425,0.799244058569343,-16.5134190217286,47
14,14,0.5,early_mover,sequential,3.16558462160565,1.67924398653602,27.8542729469414,75
14,14,0.5,early_mover,coordinated,-0.870271100773735,15.7615273413517,126.864277999505,-137
14,14,0.5,early_mover,delayed_coordination,6.15893302759964,-26.3089006518352,-49.6084159206152,190
14,14,0.5,sequential,coordinated,-4.03585572237938,14.0822833548157,99.0100050525634,-212
14,14,0.5,sequential,delayed_coordination,2.993348405994,-27.9881446383712,-77.4626888675566,115
14,14,0.5,coordinated,delayed_coordination,7.02920412837338,-42.0704279931869,-176.47269392012,327
14,14,0.75,early_mover,sequential,7.11459166474128,5.31411461240253,42.2773203545491,12
14,14,0.75,early_mover,coordinated,14.1383134443689,-1.65610074047652,-51.0099858328222,552
14,14,0.75,early_mover,delayed_coordination,5.74459414246473,6.50020557374671,54.5943750347296,-24
14,14,0.75,sequential,coordinated,7.02372177962765,-6.97021535287905,-93.2873061873713,540
14,14,0.75,sequential,delayed_coordination,-1.36999752227655,1.18609096134418,12.3170546801805,-36
14,14,0.75,coordinated,delayed_coordination,-8.3937193019042,8.15630631422323,105.604360867552,-576
15,15,0.25,early_mover,sequential,-0.590498349963411,27.0144635267936,110.632814136625,-185
15,15,0.25,early_mover,coordinated,0.766918223475187,26.4716937695129,109.83431641179,-392
15,15,0.25,early_mover,delayed_coordination,0.289087489201407,17.8206410745705,90.2429413746208,-211
15,15,0.25,sequential,coordinated,1.3574165734386,-0.542769757280723,-0.798497724835215,-207
15,15,0.25,sequential,delayed_coordination,0.879585839164818,-9.19382245222312,-20.3898727620044,-26
15,15,0.25,coordinated,delayed_coordination,-0.47783073427378,-8.65105269494239,-19.5913750371692,181
15,15,0.5,early_mover,sequential,1.38255957957797,8.8450722284577,75.8139386394748,-117
15,15,0.5,early_mover,coordinated,0.10507367036206,17.9223621804725,141.335045636033,-244
15,15,0.5,early_mover,delayed_coordination,0.951336347014248,19.1499749261505,88.4653182627076,-96
15,15,0.5,sequential,coordinated,-1.27748590921591,9.07728995201478,65.5211069965583,-127
15,15,0.5,sequential,delayed_coordination,-0.431223232563724,10.3049026976928,12.6513796232327,21
15,15,0.5,coordinated,delayed_coordination,0.846262676652188,1.22761274567799,-52.8697273733255,148
15,15,0.75,early_mover,sequential,13.259296443387,1.39276521995134,0.961331763235194,210
15,15,0.75,early_mover,coordinated,14.4789793579387,-42.5023562708386,-48.597512769185,243
15,15,0.75,early_mover,delayed_coordination,14.9531571922746,3.76283671059161,-31.3041777498283,355
15,15,0.75,sequential,coordinated,1.21968291455173,-43.89512149079,-49.5588445324202,33
15,15,0.75,sequential,delayed_coordination,1.69386074888762,2.37007149064027,-32.2655095130635,145
15,15,0.75,coordinated,delayed_coordination,0.47417783433589,46.2651929814302,17.2933350193566,112
16,16,0.25,early_mover,sequential,0.478944779091705,8.45822910960555,8.54109099478046,-62
16,16,0.25,early_mover,coordinated,1.97018909843999,-4.90437671705905,-10.201588478209,-42
16,16,0.25,early_mover,delayed_coordination,2.52402990064684,-3.13765197493217,-31.4421431054925,2
16,16,0.25,sequential,coordinated,1.49124431934828,-13.3626058266646,-18.7426794729895,20
16,16,0.25,sequential,delayed_coordination,2.04508512155513,-11.5958810845377,-39.983234100273,64
16,16,0.25,coordinated,delayed_coordination,0.55384080220685,1.76672474212688,-21.2405546272835,44
16,16,0.5,early_mover,sequential,0.529444771317458,19.8561032336769,60.0911789219524,-129
16,16,0.5,early_mover,coordinated,5.40532679070958,14.58408886807,7.72138819700967,-97
16,16,0.5,early_mover,delayed_coordination,-0.510321096927143,20.2553647290299,75.1361116248936,-143
16,16,0.5,sequential,coordinated,4.87588201939212,-5.27201436560685,-52.3697907249427,32
16,16,0.5,sequential,delayed_coordination,-1.0397658682446,0.399261495353045,15.0449327029412,-14
16,16,0.5,coordinated,delayed_coordination,-5.91564788763672,5.67127586095989,67.4147234278839,-46
16,16,0.75,early_mover,sequential,6.04037895743463,16.3524199207866,32.705995020739,185
16,16,0.75,early_mover,coordinated,6.96349904830198,14.8441795215567,-27.4961012924059,180
16,16,0.75,early_mover,delayed_coordination,1.88036249830543,19.8522665223809,83.0058496097049,-49
16,16,0.75,sequential,coordinated,0.923120090867357,-1.50824039922983,-60.2020963131449,-5
16,16,0.75,sequential,delayed_coordination,-4.1600164591292,3.49984660159438,50.2998545889659,-234
16,16,0.75,coordinated,delayed_coordination,-5.08313654999655,5.00808700082422,110.501950902111,-229
17,17,0.25,early_mover,sequential,-1.11229967139992,6.19639643690925,78.6579862011645,-107
17,17,0.25,early_mover,coordinated,0.973158234783696,2.981519234583,45.3534295499735,-52
17,17,0.25,early_mover,delayed_coordination,-1.4357849798143,7.38858901081653,63.569001170968,-110
17,17,0.25,sequential,coordinated,2.08545790618362,-3.21487720232625,-33.304556651191,55
17,17,0.25,sequential,delayed_coordination,-0.323485308414377,1.19219257390728,-15.0889850301965,-3
17,17,0.25,coordinated,delayed_coordination,-2.408943214598,4.40706977623353,18.2155716209945,-58
17,17,0.5,early_mover,sequential,1.69696684046595,7.97917503594499,93.3659000562375,-46
17,17,0.5,early_mover,coordinated,4.07924305035863,15.6942986602701,28.6096432767115,135
17,17,0.5,early_mover,delayed_coordination,0.730816663826786,22.878819875927,101.203124504858,-44
17,17,0.5,sequential,coordinated,2.38227620989268,7.71512362432509,-64.756256779526,181
17,17,0.5,sequential,delayed_coordination,-0.966150176639161,14.899644839982,7.83722444862019,2
17,17,0.5,coordinated,delayed_coordination,-3.34842638653184,7.18452121565693,72.5934812281462,-179
17,17,0.75,early_mover,sequential,11.1197743102481,9.04390152904395,9.56710086021985,446
17,17,0.75,early_mover,coordinated,22.0010607860313,-37.4114037954217,-166.125503683978,629
17,17,0.75,early_mover,delayed_coordination,8.71227585282845,13.9192291723425,54.6862021617551,193
17,17,0.75,sequential,coordinated,10.8812864757832,-46.4553053244657,-175.692604544198,183
17,17,0.75,sequential,delayed_coordination,-2.40749845741965,4.87532764329859,45.1191013015352,-253
17,17,0.75,coordinated,delayed_coordination,-13.2887849332029,51.3306329677642,220.811705845733,-436
18,18,0.25,early_mover,sequential,-0.345588991310066,24.6312497277048,88.266142726181,-227
18,18,0.25,early_mover,coordinated,2.19863668746918,1.36168467393151,33.7368222895966,-107
18,18,0.25,early_mover,delayed_coordination,1.83864644000022,0.213034501680966,7.31719678631498,-28
18,18,0.25,sequential,coordinated,2.54422567877924,-23.2695650537732,-54.5293204365844,120
18,18,0.25,sequential,delayed_coordination,2.18423543131028,-24.4182152260238,-80.948945939866,199
18,18,0.25,coordinated,delayed_coordination,-0.359990247468957,-1.14865017225054,-26.4196255032816,79
18,18,0.5,early_mover,sequential,-2.09514216919921,12.6334251732266,77.8568025464435,-164
18,18,0.5,early_mover,coordinated,-1.19321138238624,11.3282560180677,34.286439480567,-88
18,18,0.5,early_mover,delayed_coordination,-3.39734183393134,18.4152152745806,58.7159565681159,-149
18,18,0.5,sequential,coordinated,0.901930786812969,-1.30516915515886,-43.5703630658766,76
18,18,0.5,sequential,delayed_coordination,-1.30219966473213,5.78179010135409,-19.1408459783277,15
18,18,0.5,coordinated,delayed_coordination,-2.2041304515451,7.08695925651296,24.4295170875489,-61
18,18,0.75,early_mover,sequential,3.12762824045021,12.8779975693236,39.4541401310605,296
18,18,0.75,early_mover,coordinated,1.854889724011,2.05716265169792,48.2100108435136,-144
18,18,0.75,early_mover,delayed_coordination,0.558110112975527,17.7718447903965,62.5363076405165,233
18,18,0.75,sequential,coordinated,-1.2727385164392,-10.8208349176257,8.75587071245309,-440
18,18,0.75,sequential,delayed_coordination,-2.56951812747468,4.89384722107292,23.082167509456,-63
18,18,0.75,coordinated,delayed_coordination,-1.29677961103548,15.7146821386986,14.3262967970029,377
19,19,0.25,early_mover,sequential,0.596903278969108,2.33422775545847,36.2645683593137,-49
19,19,0.25,early_mover,coordinated,1.10435501590355,-4.538990054853,26.1644996901155,-69
19,19,0.25,early_mover,delayed_coordination,1.2410837100241,0.298580509503381,21.5509964911626,-42
19,19,0.25,sequential,coordinated,0.507451736934442,-6.87321781031147,-10.1000686691982,-20
19,19,0.25,sequential,delayed_coordination,0.644180431054991,-2.03564724595509,-14.7135718681511,7
19,19,0.25,coordinated,delayed_coordination,0.136728694120549,4.83757056435638,-4.61350319895291,27
19,19,0.5,early_mover,sequential,0.36880747752825,5.5834126404522,67.1317701838041,-166
19,19,0.5,early_mover,coordinated,0.863012173037149,20.060990219131,72.3527126083507,-282
19,19,0.5,early_mover,delayed_coordination,2.75037051288446,-0.549852285531131,-3.82484897197514,-58
19,19,0.5,sequential,coordinated,0.494204695508898,14.4775775786788,5.22094242454659,-116
19,19,0.5,sequential,delayed_coordination,2.38156303535621,-6.13326492598333,-70.9566191557792,108
19,19,0.5,coordinated,delayed_coordination,1.88735833984731,-20.6108425046621,-76.1775615803258,224
19,19,0.75,early_mover,sequential,9.33116015767504,5.52124850301169,26.7918589279475,125
19,19,0.75,early_mover,coordinated,24.1854395813863,-6.44933652854866,-134.866462032642,732
19,19,0.75,early_mover,delayed_coordination,7.52990987639686,6.05351681466598,29.1402867584907,75
19,19,0.75,sequential,coordinated,14.8542794237113,-11.9705850315603,-161.65832096059,607
19,19,0.75,sequential,delayed_coordination,-1.80125028127819,0.532268311654292,2.34842783054319,-50
19,19,0.75,coordinated,delayed_coordination,-16.6555297049895,12.5028533432146,164.006748791133,-657
20,20,0.25,early_mover,sequential,2.83298205776228,-1.13820615685296,-2.7920102502062,179
20,20,0.25,early_mover,coordinated,1.92879367842782,-1.77260499611549,0.158015346642969,85
20,20,0.25,early_mover,delayed_coordination,1.37823938275062,5.98720659892047,22.1322978437393,25
20,20,0.25,sequential,coordinated,-0.904188379334457,-0.634398839262531,2.95002559684917,-94
20,20,0.25,sequential,delayed_coordination,-1.45474267501166,7.12541275577343,24.9243080939455,-154
20,20,0.25,coordinated,delayed_coordination,-0.550554295677202,7.75981159503596,21.9742824970963,-60
20,20,0.5,early_mover,sequential,5.02141181128502,-0.2230420538842,7.31628441467183,61
20,20,0.5,early_mover,coordinated,12.8180217802734,-20.1202519908591,-208.417155608404,629
20,20,0.5,early_mover,delayed_coordination,5.61984184683332,-11.7537048905278,-31.2620599763884,84
20,20,0.5,sequential,coordinated,7.79660996898836,-19.8972099369749,-215.733440023076,568
20,20,0.5,sequential,delayed_coordination,0.598430035548304,-11.5306628366436,-38.5783443910602,23
20,20,0.5,coordinated,delayed_coordination,-7.19817993344006,8.36654710033127,177.155095632016,-545
20,20,0.75,early_mover,sequential,5.18436045708103,14.8775602942092,54.9900966068287,41
20,20,0.75,early_mover,coordinated,29.4135362755467,-20.192432619854,-205.793302623943,1157
20,20,0.75,early_mover,delayed_coordination,7.80527182119437,14.1794412343632,41.6501971964981,85
20,20,0.75,sequential,coordinated,24.2291758184657,-35.0699929140633,-260.783399230772,1116
20,20,0.75,sequential,delayed_coordination,2.62091136411334,-0.69811905984605,-13.3398994103306,44
20,20,0.75,coordinated,delayed_coordination,-21.6082644543524,34.3718738542172,247.443499820442,-1072
21,21,0.25,early_mover,sequential,0.0348268583035747,-1.9805354417233,30.1961767453295,-17
21,21,0.25,early_mover,coordinated,1.48943644869168,-1.09196042334935,-6.16971976212471,98
21,21,0.25,early_mover,delayed_coordination,1.02863491251473,-1.70024821301303,26.0028572072019,-26
21,21,0.25,sequential,coordinated,1.4546095903881,0.888575018373956,-36.3658965074542,115
21,21,0.25,sequential,delayed_coordination,0.993808054211158,0.280287228710279,-4.19331953812753,-9
21,21,0.25,coordinated,delayed_coordination,-0.460801536176945,-0.608287789663677,32.1725769693267,-124
21,21,0.5,early_mover,sequential,0.682084775803474,13.5090765304985,88.3807263398407,-63
21,21,0.5,early_mover,coordinated,-1.6268582631822,23.6112966611599,103.447908205026,-246
21,21,0.5,early_mover,delayed_coordination,0.366595399772677,13.1296297355473,91.5483652558619,-143
21,21,0.5,sequential,coordinated,-2.30894303898567,10.1022201306614,15.0671818651854,-183
21,21,0.5,sequential,delayed_coordination,-0.315489376030797,-0.37944679495115,3.16763891602113,-80
21,21,0.5,coordinated,delayed_coordination,1.99345366295488,-10.4816669256126,-11.8995429491642,103
21,21,0.75,early_mover,sequential,2.67599595426253,5.70566985679906,80.1347144652964,11
21,21,0.75,early_mover,coordinated,-1.89322463884058,25.6189950134581,98.3388770244248,-246
21,21,0.75,early_mover,delayed_coordination,1.57043304806193,20.5761325813837,105.207795793805,-76
21,21,0.75,sequential,coordinated,-4.56922059310311,19.9133251566591,18.2041625591285,-257
21,21,0.75,sequential,delayed_coordination,-1.1055629062006,14.8704627245846,25.0730813285088,-87
21,21,0.75,coordinated,delayed_coordination,3.46365768690251,-5.04286243207443,6.86891876938034,170
22,22,0.25,early_mover,sequential,-1.10918035127531,16.4049606508096,83.7557856453159,-122
22,22,0.25,early_mover,coordinated,0.864460792480259,4.65148060828886,19.0807469991896,2
22,22,0.25,early_mover,delayed_coordination,0.997456443400324,7.11607753946475,40.3994866797225,-88
22,22,0.25,sequential,coordinated,1.97364114375557,-11.7534800425208,-64.6750386461263,124
22,22,0.25,sequential,delayed_coordination,2.10663679467564,-9.28888311134489,-43.3562989655934,34
22,22,0.25,coordinated,delayed_coordination,0.132995650920066,2.46459693117589,21.3187396805329,-90
22,22,0.5,early_mover,sequential,5.11914727425732,-0.897090313135834,-18.5080741212926,262
22,22,0.5,early_mover,coordinated,1.1362410293368,5.8565249554087,39.6789385275597,-199
22,22,0.5,early_mover,delayed_coordination,0.771732533924236,17.1622361037516,49.7300041668932,-55
22,22,0.5,sequential,coordinated,-3.98290624492051,6.75361526854454,58.1870126488523,-461
22,22,0.5,sequential,delayed_coordination,-4.34741474033308,18.0593264168875,68.2380782881858,-317
22,22,0.5,coordinated,delayed_coordination,-0.364508495412565,11.3057111483429,10.0510656393335,144
22,22,0.75,early_mover,sequential,4.06307640342902,9.00526667225236,71.2294649172411,-9
22,22,0.75,early_mover,coordinated,19.0371854270251,-65.5991729712291,-161.132217758949,680
22,22,0.75,early_mover,delayed_coordination,5.0948666728307,10.1173556519531,60.1828200200268,41
22,22,0.75,sequential,coordinated,14.9741090235961,-74.6044396434814,-232.36168267619,689
22,22,0.75,sequential,delayed_coordination,1.03179026940168,1.11208897970079,-11.0466448972143,50
22,22,0.75,coordinated,delayed_coordination,-13.9423187541944,75.7165286231822,221.315037778975,-639
23,23,0.25,early_mover,sequential,1.34814487268264,1.01154044466841,27.971123512044,-29
23,23,0.25,early_mover,coordinated,2.13952395534805,14.7043570362433,20.0931161092744,27
23,23,0.25,early_mover,delayed_coordination,2.33200055581575,-0.367897612739341,0.946688600094149,43
23,23,0.25,sequential,coordinated,0.791379082665415,13.6928165915749,-7.87800740276953,56
23,23,0.25,sequential,delayed_coordination,0.983855683133115,-1.37943805740775,-27.0244349119498,72
23,23,0.25,coordinated,delayed_coordination,0.1924766004677,-15.0722546489826,-19.1464275091803,16
23,23,0.5,early_mover,sequential,-0.545039166269504,15.8388587029232,98.6156141442843,-146
23,23,0.5,early_mover,coordinated,0.702610000569763,10.4150348472873,19.5713889760289,157
23,23,0.5,early_mover,delayed_coordination,1.99865088710136,11.8398870443691,64.2221947511368,-52
23,23,0.5,sequential,coordinated,1.24764916683927,-5.42382385563593,-79.0442251682555,303
23,23,0.5,sequential,delayed_coordination,2.54369005337087,-3.9989716585541,-34.3934193931475,94
23,23,0.5,coordinated,delayed_coordination,1.2960408865316,1.42485219708183,44.650805775108,-209
23,23,0.75,early_mover,sequential,7.10107056286488,5.21037259116008,56.9374318781554,145
23,23,0.75,early_mover,coordinated,2.49532843504971,18.0597092452829,105.206034660515,-154
23,23,0.75,early_mover,delayed_coordination,9.28635078821945,7.97446064267439,21.2192065126198,253
23,23,0.75,sequential,coordinated,-4.60574212781516,12.8493366541228,48.2686027823597,-299
23,23,0.75,sequential,delayed_coordination,2.18528022535457,2.76408805151431,-35.7182253655355,108
23,23,0.75,coordinated,delayed_coordination,6.79102235316974,-10.0852486026085,-83.9868281478953,407
24,24,0.25,early_mover,sequential,-0.382903606568306,13.5062027500199,73.6118164089503,-170
24,24,0.25,early_mover,coordinated,-0.894501751858186,9.50644883993698,50.5287313707727,-215
24,24,0.25,early_mover,delayed_coordination,-1.04109394857406,17.8383225338055,76.4319905719017,-175
24,24,0.25,sequential,coordinated,-0.511598145289881,-3.99975391008292,-23.0830850381776,-45
24,24,0.25,sequential,delayed_coordination,-0.658190342005753,4.33211978378563,2.82017416295139,-5
24,24,0.25,coordinated,delayed_coordination,-0.146592196715872,8.33187369386854,25.903259201129,40
24,24,0.5,early_mover,sequential,-1.27793788235054,11.2880083476286,81.4156304100038,-62
24,24,0.5,early_mover,coordinated,3.59688971424119,8.69831372402504,-26.9312573313482,113
24,24,0.5,early_mover,delayed_coordination,-1.11671224273927,13.2509302974629,90.3286385919703,-87
24,24,0.5,sequential,coordinated,4.87482759659173,-2.58969462360361,-108.346887741352,175
24,24,0.5,sequential,delayed_coordination,0.161225639611274,1.96292194983428,8.91300818196646,-25
24,24,0.5,coordinated,delayed_coordination,-4.71360195698045,4.55261657343789,117.259895923318,-200
24,24,0.75,early_mover,sequential,6.76649670995619,1.93386906930141,49.5607878169139,69
24,24,0.75,early_mover,coordinated,19.9936682063164,-6.14237895803865,-160.464287120418,1083
24,24,0.75,early_mover,delayed_coordination,8.34944551573076,4.71229016919614,12.9103807926217,287
24,24,0.75,sequential,coordinated,13.2271714963602,-8.07624802734006,-210.025074937332,1014
24,24,0.75,sequential,delayed_coordination,1.58294880577458,2.77842109989473,-36.6504070242922,218
24,24,0.75,coordinated,delayed_coordination,-11.6442226905857,10.8546691272348,173.37466791304,-796
25,25,0.25,early_mover,sequential,-0.720931373043356,14.2766879592667,54.4243531808047,-153
25,25,0.25,early_mover,coordinated,0.429489141018649,-3.81641426067,21.3714724530228,-6
25,25,0.25,early_mover,delayed_coordination,-0.339781463819094,8.70035647042619,22.8211572736391,-74
25,25,0.25,sequential,coordinated,1.15042051406201,-18.0931022199367,-33.0528807277819,147
25,25,0.25,sequential,delayed_coordination,0.381149909224263,-5.57633148884048,-31.6031959071656,79
25,25,0.25,coordinated,delayed_coordination,-0.769270604837743,12.5167707310962,1.44968482061631,-68
25,25,0.5,early_mover,sequential,3.15696887570947,-10.0104281384758,24.2511936704914,-2
25,25,0.5,early_mover,coordinated,5.53736596694002,-14.3160795865891,-36.1319654378112,32
25,25,0.5,early_mover,delayed_coordination,2.52990927505081,-0.650816670563955,38.380910877589,-28
25,25,0.5,sequential,coordinated,2.38039709123055,-4.30565144811331,-60.3831591083026,34
25,25,0.5,sequential,delayed_coordination,-0.627059600658654,9.35961146791186,14.1297172070977,-26
25,25,0.5,coordinated,delayed_coordination,-3.0074566918892,13.6652629160252,74.5128763154003,-60
25,25,0.75,early_mover,sequential,7.31366378396113,7.94215238256137,46.6804466159283,111
25,25,0.75,early_mover,coordinated,22.0845077638327,-24.0963023252881,-160.83736443868,700
25,25,0.75,early_mover,delayed_coordination,5.32637242064072,8.8903348417189,78.8220591989084,20
25,25,0.75,sequential,coordinated,14.7708439798716,-32.0384547078495,-207.517811054608,589
25,25,0.75,sequential,delayed_coordination,-1.98729136332041,0.948182459157522,32.1416125829801,-91
25,25,0.75,coordinated,delayed_coordination,-16.758135343192,32.986637167007,239.659423637588,-680
26,26,0.25,early_mover,sequential,0.159449419461353,1.1698275034064,56.3720211327018,-77
26,26,0.25,early_mover,coordinated,-0.144435370864954,6.80004243906075,30.6899816424793,-122
26,26,0.25,early_mover,delayed_coordination,0.314448450366527,3.30757310087375,43.0085161671204,-87
26,26,0.25,sequential,coordinated,-0.303884790326308,5.63021493565435,-25.6820394902225,-45
26,26,0.25,sequential,delayed_coordination,0.154999030905174,2.13774559746736,-13.3635049655813,-10
26,26,0.25,coordinated,delayed_coordination,0.458883821231481,-3.49246933818699,12.3185345246411,35
26,26,0.5,early_mover,sequential,-1.28035590409034,2.77194039094019,100.984883044387,-119
26,26,0.5,early_mover,coordinated,0.929958108387069,-3.21782366528544,71.7755128856093,-106
26,26,0.5,early_mover,delayed_coordination,-2.0310959414837,3.24397253125073,80.8515053473468,-178
26,26,0.5,sequential,coordinated,2.21031401247741,-5.98976405622562,-29.2093701587773,13
26,26,0.5,sequential,delayed_coordination,-0.750740037393356,0.472032140310546,-20.1333776970398,-59
26,26,0.5,coordinated,delayed_coordination,-2.96105404987077,6.46179619653617,9.07599246173754,-72
26,26,0.75,early_mover,sequential,2.61742008338652,8.29130658186907,61.3536959773182,-43
26,26,0.75,early_mover,coordinated,11.0896854799039,-13.2100934387564,-95.6428399348952,254
26,26,0.75,early_mover,delayed_coordination,2.95926799856466,6.94804851725632,48.0348100383021,19
26,26,0.75,sequential,coordinated,8.47226539651737,-21.5014000206255,-156.996535912213,297
26,26,0.75,sequential,delayed_coordination,0.341847915178136,-1.34325806461274,-13.3188859390161,62
26,26,0.75,coordinated,delayed_coordination,-8.13041748133924,20.1581419560128,143.677649973197,-235
27,27,0.25,early_mover,sequential,0.282912526622923,11.5325755744604,71.9590515476302,-82
27,27,0.25,early_mover,coordinated,-0.207536940830295,4.72853118889014,40.6873409863902,-144
27,27,0.25,early_mover,delayed_coordination,1.06368177248898,4.49194125174233,49.1908986810236,-46
27,27,0.25,sequential,coordinated,-0.490449467453217,-6.80404438557025,-31.2717105612401,-62
27,27,0.25,sequential,delayed_coordination,0.780769245866054,-7.04063432271806,-22.7681528666067,36
27,27,0.25,coordinated,delayed_coordination,1.27121871331927,-0.236589937147812,8.5035576946334,98
27,27,0.5,early_mover,sequential,-0.45978195282656,4.26968576539633,109.559691299894,25
27,27,0.5,early_mover,coordinated,4.19416881239346,-24.3770916751943,17.6117555857531,377
27,27,0.5,early_mover,delayed_coordination,3.73773642561339,-7.04574964442497,62.2477558758831,-15
27,27,0.5,sequential,coordinated,4.65395076522002,-28.6467774405906,-91.9479357141408,352
27,27,0.5,sequential,delayed_coordination,4.19751837843995,-11.3154354098213,-47.3119354240109,-40
27,27,0.5,coordinated,delayed_coordination,-0.456432386780065,17.3313420307693,44.6360002901299,-392
27,27,0.75,early_mover,sequential,9.72401266869025,-10.0701874802162,41.2147411015796,212
27,27,0.75,early_mover,coordinated,16.0082771157774,-7.4483609625959,-13.6385409326917,229
27,27,0.75,early_mover,delayed_coordination,6.16507441983708,9.63218738961251,115.009706199758,7
27,27,0.75,sequential,coordinated,6.28426444708718,2.62182651762032,-54.8532820342714,17
27,27,0.75,sequential,delayed_coordination,-3.55893824885317,19.7023748698287,73.794965098178,-205
27,27,0.75,coordinated,delayed_coordination,-9.84320269594035,17.0805483522084,128.648247132449,-222
28,28,0.25,early_mover,sequential,0.432455045447398,-0.0652645257824247,37.6997473498227,-81
28,28,0.25,early_mover,coordinated,-0.546723831882062,7.20507448901526,53.5093203207475,-108
28,28,0.25,early_mover,delayed_coordination,-0.55573978862968,1.43850612493549,57.5125078285291,-144
28,28,0.25,sequential,coordinated,-0.97917887732946,7.27033901479768,15.8095729709248,-27
28,28,0.25,sequential,delayed_coordination,-0.988194834077078,1.50377065071791,19.8127604787064,-63
28,28,0.25,coordinated,delayed_coordination,-0.00901595674761779,-5.76656836407977,4.0031875077816,-36
28,28,0.5,early_mover,sequential,-1.47467001467041,7.79170870150364,124.683269667238,-171
28,28,0.5,early_mover,coordinated,3.40208305714785,1.11576904095367,65.6041261721455,122
28,28,0.5,early_mover,delayed_coordination,0.783499728360596,10.1898191636496,99.0309920866487,-122
28,28,0.5,sequential,coordinated,4.87675307181826,-6.67593966054997,-59.0791434950925,293
28,28,0.5,sequential,delayed_coordination,2.258169743031,2.39811046214601,-25.6522775805893,49
28,28,0.5,coordinated,delayed_coordination,-2.61858332878725,9.07405012269598,33.4268659145032,-244
28,28,0.75,early_mover,sequential,2.70956647498454,2.31206664809741,76.6367193596245,-12
28,28,0.75,early_mover,coordinated,5.14909743918881,-2.27625038865858,51.2032763934019,99
28,28,0.75,early_mover,delayed_coordination,3.17555506212399,2.86281480418037,72.6233155437155,62
28,28,0.75,sequential,coordinated,2.43953096420427,-4.588317036756,-25.4334429662226,111
28,28,0.75,sequential,delayed_coordination,0.465988587139449,0.55074815608296,-4.01340381590899,74
28,28,0.75,coordinated,delayed_coordination,-1.97354237706482,5.13906519283896,21.4200391503136,-37
29,29,0.25,early_mover,sequential,-0.431165699443198,10.0614419860207,43.0664293661521,25
29,29,0.25,early_mover,coordinated,1.77700848409158,9.58041120053389,17.662262777817,-57
29,29,0.25,early_mover,delayed_coordination,0.597710560233779,15.2656724181083,65.3503197921104,-32
29,29,0.25,sequential,coordinated,2.20817418353478,-0.481030785486837,-25.4041665883351,-82
29,29,0.25,sequential,delayed_coordination,1.02887625967698,5.20423043208757,22.2838904259584,-57
29,29,0.25,coordinated,delayed_coordination,-1.1792979238578,5.68526121757441,47.6880570142935,25
29,29,0.5,early_mover,sequential,1.92089117190001,19.0889931342245,78.513486151759,-22
29,29,0.5,early_mover,coordinated,5.6482524644985,29.7317269170988,40.1333685802306,62
29,29,0.5,early_mover,delayed_coordination,1.45882405589535,24.2562235667269,63.5585063540611,-88
29,29,0.5,sequential,coordinated,3.72736129259849,10.6427337828743,-38.3801175715284,84
29,29,0.5,sequential,delayed_coordination,-0.462067116004661,5.16723043250238,-14.9549797976979,-66
29,29,0.5,coordinated,delayed_coordination,-4.18942840860315,-5.47550335037192,23.4251377738306,-150
29,29,0.75,early_mover,sequential,1.34241696520291,21.1861821500603,79.5813401985035,53
29,29,0.75,early_mover,coordinated,6.59379520628784,40.6192359735581,80.4995676075682,251
29,29,0.75,early_mover,delayed_coordination,-0.622921912254952,17.7849364310299,117.583491035641,-61
29,29,0.75,sequential,coordinated,5.25137824108492,19.4330538234977,0.918227409064684,198
29,29,0.75,sequential,delayed_coordination,-1.96533887745787,-3.40124571903041,38.0021508371374,-114
29,29,0.75,coordinated,delayed_coordination,-7.21671711854279,-22.8342995425281,37.0839234280727,-312
30,30,0.25,early_mover,sequential,-0.219437516664556,12.53057110164,100.235907134345,-188
30,30,0.25,early_mover,coordinated,3.92464648049054,6.48383579052722,-6.65870389695283,56
30,30,0.25,early_mover,delayed_coordination,1.53635492493991,9.97100640775318,60.836076511689,-98
30,30,0.25,sequential,coordinated,4.14408399715509,-6.04673531111274,-106.894611031298,244
30,30,0.25,sequential,delayed_coordination,1.75579244160447,-2.55956469388678,-39.3998306226558,90
30,30,0.25,coordinated,delayed_coordination,-2.38829155555062,3.48717061722596,67.4947804086419,-154
30,30,0.5,early_mover,sequential,0.926926942905936,18.4359249766807,86.2880707231454,-113
30,30,0.5,early_mover,coordinated,-0.78546817933082,22.4604355662517,125.078607762354,-375
30,30,0.5,early_mover,delayed_coordination,0.638312378043622,15.2870121443119,83.81415815439,-46
30,30,0.5,sequential,coordinated,-1.71239512223676,4.02451058957107,38.7905370392082,-262
30,30,0.5,sequential,delayed_coordination,-0.288614564862314,-3.14891283236872,-2.4739125687554,67
30,30,0.5,coordinated,delayed_coordination,1.42378055737444,-7.17342342193979,-41.2644496079636,329
30,30,0.75,early_mover,sequential,15.4535844205484,8.26278953394578,11.8032069032613,188
30,30,0.75,early_mover,coordinated,22.7952187798781,-1.96004290362933,-96.0303963312933,773
30,30,0.75,early_mover,delayed_coordination,13.9361722062148,9.47877478375247,36.2251925809439,207
30,30,0.75,sequential,coordinated,7.34163435932973,-10.2228324375751,-107.833603234555,585
30,30,0.75,sequential,delayed_coordination,-1.51741221433355,1.21598524980669,24.4219856776826,19
30,30,0.75,coordinated,delayed_coordination,-8.85904657366328,11.4388176873818,132.255588912237,-566
31,31,0.25,early_mover,sequential,1.19195093760369,6.56400100177046,28.8830309188529,-51
31,31,0.25,early_mover,coordinated,1.93434528300941,6.09062479563454,22.1975978455462,-53
31,31,0.25,early_mover,delayed_coordination,-0.2021799095874,4.6475278232017,38.4958349785238,-83
31,31,0.25,sequential,coordinated,0.742394345405714,-0.473376206135924,-6.68543307330674,-2
31,31,0.25,sequential,delayed_coordination,-1.39413084719109,-1.91647317856876,9.61280405967091,-32
31,31,0.25,coordinated,delayed_coordination,-2.13652519259681,-1.44309697243284,16.2982371329776,-30
31,31,0.5,early_mover,sequential,4.71290085748041,11.4542715641418,31.7059254417768,-16
31,31,0.5,early_mover,coordinated,5.16488350828921,8.84491390132422,22.9103470225307,-201
31,31,0.5,early_mover,delayed_coordination,3.17897481848637,18.0980767844096,55.6672526412021,9
31,31,0.5,sequential,coordinated,0.451982650808802,-2.60935766281756,-8.79557841924611,-185
31,31,0.5,sequential,delayed_coordination,-1.53392603899404,6.64380522026778,23.9613271994253,25
31,31,0.5,coordinated,delayed_coordination,-1.98590868980284,9.25316288308534,32.7569056186715,210
31,31,0.75,early_mover,sequential,5.50652373805221,21.7474789468199,64.8914253744508,33
31,31,0.75,early_mover,coordinated,6.92520094204255,10.7430841082623,33.1623421155166,85
31,31,0.75,early_mover,delayed_coordination,4.49768822196532,14.7227453867413,68.7951292709795,-153
31,31,0.75,sequential,coordinated,1.41867720399034,-11.0043948385576,-31.7290832589342,52
31,31,0.75,sequential,delayed_coordination,-1.00883551608689,-7.02473356007857,3.90370389652867,-186
31,31,0.75,coordinated,delayed_coordination,-2.42751272007723,3.979661278479,35.6327871554629,-238
32,32,0.25,early_mover,sequential,0.489016448691373,2.07901179267549,43.2993232974795,-55
32,32,0.25,early_mover,coordinated,-0.230112592845671,3.98200191969659,45.9889351336469,-75
32,32,0.25,early_mover,delayed_coordination,1.53026393015941,0.37823324726071,16.9741085897103,-55
32,32,0.25,sequential,coordinated,-0.719129041537045,1.9029901270211,2.68961183616739,-20
32,32,0.25,sequential,delayed_coordination,1.04124748146803,-1.70077854541478,-26.3252147077692,0
32,32,0.25,coordinated,delayed_coordination,1.76037652300508,-3.60376867243588,-29.0148265439366,20
32,32,0.5,early_mover,sequential,0.716958073160825,9.48092791071264,67.00342444952,-86
32,32,0.5,early_mover,coordinated,6.57214007956986,-10.2293954773756,-48.0064417166277,262
32,32,0.5,early_mover,delayed_coordination,0.160663110677291,12.2490322993016,72.6698782007975,-72
32,32,0.5,sequential,coordinated,5.85518200640904,-19.7103233880882,-115.009866166148,348
32,32,0.5,sequential,delayed_coordination,-0.556294962483534,2.76810438858899,5.66645375127746,14
32,32,0.5,coordinated,delayed_coordination,-6.41147696889257,22.4784277766772,120.676319917425,-334
32,32,0.75,early_mover,sequential,0.255157178384763,19.8189941735224,148.466222342514,-156
32,32,0.75,early_mover,coordinated,22.6663651019218,-22.5379420865868,-165.325044189533,783
32,32,0.75,early_mover,delayed_coordination,-1.43298678214634,10.7524365084622,128.704715625421,-92
32,32,0.75,sequential,coordinated,22.411207923537,-42.3569362601092,-313.791266532047,939
32,32,0.75,sequential,delayed_coordination,-1.68814396053111,-9.06655766506012,-19.761506717093,64
32,32,0.75,coordinated,delayed_coordination,-24.0993518840681,33.290378595049,294.029759814954,-875
33,33,0.25,early_mover,sequential,-0.358523905778867,6.97101155486149,64.1184671114365,-96
33,33,0.25,early_mover,coordinated,-1.08041823231656,3.82012256479754,66.2547269261795,-201
33,33,0.25,early_mover,delayed_coordination,-0.805980061561598,10.8245634950818,51.812325641537,-88
33,33,0.25,sequential,coordinated,-0.721894326537694,-3.15088899006395,2.13625981474297,-105
33,33,0.25,sequential,delayed_coordination,-0.447456155782731,3.85355194022031,-12.3061414698996,8
33,33,0.25,coordinated,delayed_coordination,0.274438170754962,7.00444093028426,-14.4424012846425,113
33,33,0.5,early_mover,sequential,-1.27610387257113,11.2160966682822,117.86211260896,-312
33,33,0.5,early_mover,coordinated,3.47446393019216,5.51542548974172,-7.70279705531379,-237
33,33,0.5,early_mover,delayed_coordination,0.396702124573395,10.1022157061018,70.3173851656866,-161
33,33,0.5,sequential,coordinated,4.75056780276329,-5.70067117854049,-125.564909664274,75
33,33,0.5,sequential,delayed_coordination,1.67280599714452,-1.11388096218036,-47.5447274432738,151
33,33,0.5,coordinated,delayed_coordination,-3.07776180561876,4.58679021636013,78.0201822210004,76
33,33,0.75,early_mover,sequential,5.71574676134048,-10.5153963022707,20.1471827426847,161
33,33,0.75,early_mover,coordinated,5.08638951677116,-5.48936860990989,55.6069342474241,341
33,33,0.75,early_mover,delayed_coordination,6.43041324179376,5.10752086519869,-0.469107632629175,160
33,33,0.75,sequential,coordinated,-0.62935724456932,5.02602769236086,35.4597515047394,180
33,33,0.75,sequential,delayed_coordination,0.714666480453275,15.6229171674694,-20.6162903753138,-1
33,33,0.75,coordinated,delayed_coordination,1.34402372502259,10.5968894751086,-56.0760418800533,-181
34,34,0.25,early_mover,sequential,0.666727259029784,-3.26135399336385,40.1554916940881,-42
34,34,0.25,early_mover,coordinated,3.21859040705054,-1.91116442862557,6.40695730548305,85
34,34,0.25,early_mover,delayed_coordination,0.30123437366187,9.23467511492464,79.4826434410897,-136
34,34,0.25,sequential,coordinated,2.55186314802076,1.35018956473829,-33.7485343886051,127
34,34,0.25,sequential,delayed_coordination,-0.365492885367914,12.4960291082885,39.3271517470016,-94
34,34,0.25,coordinated,delayed_coordination,-2.91735603338867,11.1458395435502,73.0756861356067,-221
34,34,0.5,early_mover,sequential,0.684962703548024,-3.08225777737573,69.8094843466477,-66
34,34,0.5,early_mover,coordinated,-1.92866549464563,21.1261379798892,87.0801989776419,-62
34,34,0.5,early_mover,delayed_coordination,1.73952120747798,-5.14512841361679,50.730168042739,-48
34,34,0.5,sequential,coordinated,-2.61362819819365,24.2083957572649,17.2707146309942,4
34,34,0.5,sequential,delayed_coordination,1.05455850392995,-2.06287063624106,-19.0793163039086,18
34,34,0.5,coordinated,delayed_coordination,3.66818670212361,-26.271266393506,-36.3500309349029,14
34,34,0.75,early_mover,sequential,12.1114109083279,-18.9969659623296,-34.5162960048629,365
34,34,0.75,early_mover,coordinated,8.02767957127753,3.91027675373741,-1.12843697957373,110
34,34,0.75,early_mover,delayed_coordination,7.79865294179768,-3.68600670568054,18.2513825156511,257
34,34,0.75,sequential,coordinated,-4.08373133705032,22.907242716067,33.3878590252891,-255
34,34,0.75,sequential,delayed_coordination,-4.31275796653017,15.310959256649,52.767678520514,-108
34,34,0.75,coordinated,delayed_coordination,-0.229026629479847,-7.59628345941795,19.3798194952249,147
35,35,0.25,early_mover,sequential,-0.0567919975760702,0.6146512231918,1.97330476979505,29
35,35,0.25,early_mover,coordinated,1.60360138602638,0.860014899604494,-25.314307852886,40
35,35,0.25,early_mover,delayed_coordination,-1.13710872850191,2.57864964636269,40.8370032452594,-23
35,35,0.25,sequential,coordinated,1.66039338360245,0.245363676412694,-27.2876126226811,11
35,35,0.25,sequential,delayed_coordination,-1.08031673092584,1.96399842317089,38.8636984754644,-52
35,35,0.25,coordinated,delayed_coordination,-2.7407101145283,1.7186347467582,66.1513110981455,-63
35,35,0.5,early_mover,sequential,2.47591190702261,5.83718325053968,66.0714988948414,-131
35,35,0.5,early_mover,coordinated,1.55410946129774,-1.56204780829316,92.049735064056,-240
35,35,0.5,early_mover,delayed_coordination,1.54833421557286,2.09035187655564,89.5192085324136,-160
35,35,0.5,sequential,coordinated,-0.921802445724865,-7.39923105883284,25.9782361692146,-109
35,35,0.5,sequential,delayed_coordination,-0.927577691449741,-3.74683137398404,23.4477096375722,-29
35,35,0.5,coordinated,delayed_coordination,-0.00577524572487675,3.6523996848488,-2.53052653164241,80
35,35,0.75,early_mover,sequential,11.9717234233904,-2.9597507946182,-20.7370815264692,152
35,35,0.75,early_mover,coordinated,17.767341617409,-7.1634405626269,-92.4029662557514,282
35,35,0.75,early_mover,delayed_coordination,8.01357737632748,-1.00308335863474,22.7103677058603,33
35,35,0.75,sequential,coordinated,5.79561819401864,-4.2036897680087,-71.6658847292822,130
35,35,0.75,sequential,delayed_coordination,-3.95814604706288,1.95666743598346,43.4474492323295,-119
35,35,0.75,coordinated,delayed_coordination,-9.75376424108153,6.16035720399216,115.113333961612,-249
36,36,0.25,early_mover,sequential,0.614998250815077,4.48673464151636,49.7864080664726,-43
36,36,0.25,early_mover,coordinated,0.343498099489111,-2.25903627430176,20.904718407769,-60
36,36,0.25,early_mover,delayed_coordination,0.833407384658059,-2.74831604791319,24.0431524684122,52
36,36,0.25,sequential,coordinated,-0.271500151325966,-6.74577091581813,-28.8816896587036,-17
36,36,0.25,sequential,delayed_coordination,0.218409133842982,-7.23505068942956,-25.7432555980604,95
36,36,0.25,coordinated,delayed_coordination,0.489909285168949,-0.489279773611429,3.13843406064325,112
36,36,0.5,early_mover,sequential,3.06347867435061,16.7747576032295,54.7069185459204,15
36,36,0.5,early_mover,coordinated,6.61449161294439,10.7444013236338,16.4510047485419,111
36,36,0.5,early_mover,delayed_coordination,3.25156016358144,19.5422433028465,91.2839847464004,42
36,36,0.5,sequential,coordinated,3.55101293859379,-6.03035627959574,-38.2559137973785,96
36,36,0.5,sequential,delayed_coordination,0.188081489230839,2.767485699617,36.57706620048,27
36,36,0.5,coordinated,delayed_coordination,-3.36293144936295,8.79784197921273,74.8329799978585,-69
36,36,0.75,early_mover,sequential,15.0056013166403,-2.80730353388432,-44.6926570309001,528
36,36,0.75,early_mover,coordinated,17.9896539533649,-31.1705696414234,-102.351968950619,703
36,36,0.75,early_mover,delayed_coordination,9.67071875528042,-0.185645691242655,16.1598225152998,239
36,36,0.75,sequential,coordinated,2.98405263672464,-28.3632661075391,-57.6593119197184,175
36,36,0.75,sequential,delayed_coordination,-5.33488256135983,2.62165784264167,60.8524795461999,-289
36,36,0.75,coordinated,delayed_coordination,-8.31893519808447,30.9849239501807,118.511791465918,-464
37,37,0.25,early_mover,sequential,2.6731546400992,15.2908625746941,62.0287003902149,-29
37,37,0.25,early_mover,coordinated,2.84857445289032,12.8831556199979,37.5667639213989,-49
37,37,0.25,early_mover,delayed_coordination,2.44264231770691,11.0827647745372,53.1995474375972,-24
37,37,0.25,sequential,coordinated,0.17541981279112,-2.40770695469627,-24.461936468816,-20
37,37,0.25,sequential,delayed_coordination,-0.230512322392286,-4.20809780015696,-8.82915295261773,5
37,37,0.25,coordinated,delayed_coordination,-0.405932135183406,-1.8003908454607,15.6327835161983,25
37,37,0.5,early_mover,sequential,2.1060365485793,12.2216555891861,66.5935995916434,-96
37,37,0.5,early_mover,coordinated,0.772128384469028,9.1899123087872,41.2570632664731,45
37,37,0.5,early_mover,delayed_coordination,1.79409842326086,6.59212697754299,63.0052433470087,-61
37,37,0.5,sequential,coordinated,-1.33390816411027,-3.03174328039887,-25.3365363251703,141
37,37,0.5,sequential,delayed_coordination,-0.311938125318434,-5.62952861164308,-3.58835624463472,35
37,37,0.5,coordinated,delayed_coordination,1.02197003879184,-2.59778533124421,21.7481800805356,-106
37,37,0.75,early_mover,sequential,3.82135690034065,22.0357355730886,78.8236447842498,-34
37,37,0.75,early_mover,coordinated,7.7779318231956,0.579982754651638,-33.1176879454413,239
37,37,0.75,early_mover,delayed_coordination,6.31226676514932,14.0471865144831,63.5706811104258,72
37,37,0.75,sequential,coordinated,3.95657492285495,-21.4557528184369,-111.941332729691,273
37,37,0.75,sequential,delayed_coordination,2.49090986480867,-7.98854905860549,-15.2529636738241,106
37,37,0.75,coordinated,delayed_coordination,-1.46566505804628,13.4672037598314,96.688369055867,-167
38,38,0.25,early_mover,sequential,-0.343291724680412,7.31876527732322,61.4880944098736,-76
38,38,0.25,early_mover,coordinated,1.44054629241427,-7.32588140524877,12.5396749549705,60
38,38,0.25,early_mover,delayed_coordination,0.505911187941308,1.8116792300217,45.8785923583714,-51
38,38,0.25,sequential,coordinated,1.78383801709468,-14.644646682572,-48.9484194549032,136
38,38,0.25,sequential,delayed_coordination,0.84920291262172,-5.50708604730153,-15.6095020515022,25
38,38,0.25,coordinated,delayed_coordination,-0.93463510447296,9.13756063527046,33.338917403401,-111
38,38,0.5,early_mover,sequential,-1.09514044284653,10.6900257361114,98.6242699361194,-103
38,38,0.5,early_mover,coordinated,0.164465231524616,4.23378703441477,49.9039726340332,-137
38,38,0.5,early_mover,delayed_coordination,-2.22700622903312,11.1774963904022,117.379323796823,-72
38,38,0.5,sequential,coordinated,1.25960567437114,-6.45623870169658,-48.7202973020862,-34
38,38,0.5,sequential,delayed_coordination,-1.13186578618659,0.487470654290803,18.755053860704,31
38,38,0.5,coordinated,delayed_coordination,-2.39147146055774,6.94370935598738,67.4753511627903,65
38,38,0.75,early_mover,sequential,5.73460982917587,7.12171987082559,27.4842672828977,183
38,38,0.75,early_mover,coordinated,10.9483300853071,12.034006836422,-91.4863856018319,525
38,38,0.75,early_mover,delayed_coordination,3.76330866603415,8.61734020155313,50.4885655471553,142
38,38,0.75,sequential,coordinated,5.21372025613128,4.91228696559637,-118.97065288473,342
38,38,0.75,sequential,delayed_coordination,-1.97130116314172,1.49562033072755,23.0042982642576,-41
38,38,0.75,coordinated,delayed_coordination,-7.185021419273,-3.41666663486882,141.974951148987,-383
39,39,0.25,early_mover,sequential,2.9554646382622,-5.98983916972549,23.2524050230354,3
39,39,0.25,early_mover,coordinated,-0.302448248793866,0.0373487970022097,63.0282147228227,-223
39,39,0.25,early_mover,delayed_coordination,1.52005479211664,-1.29872056850525,14.5041600310105,-39
39,39,0.25,sequential,coordinated,-3.25791288705607,6.02718796672769,39.7758096997873,-226
39,39,0.25,sequential,delayed_coordination,-1.43540984614556,4.69111860122024,-8.74824499202487,-42
39,39,0.25,coordinated,delayed_coordination,1.8225030409105,-1.33606936550746,-48.5240546918121,184
39,39,0.5,early_mover,sequential,3.58731113647951,7.26435807514284,26.6706484447902,108
39,39,0.5,early_mover,coordinated,9.33434445039731,-5.77202451226094,-56.4845743424989,308
39,39,0.5,early_mover,delayed_coordination,1.94945098625308,11.572208463606,52.814948437084,56
39,39,0.5,sequential,coordinated,5.7470333139178,-13.0363825874038,-83.1552227872892,200
39,39,0.5,sequential,delayed_coordination,-1.63786015022643,4.30785038846321,26.1442999922938,-52
39,39,0.5,coordinated,delayed_coordination,-7.38489346414423,17.344232975867,109.299522779583,-252
39,39,0.75,early_mover,sequential,8.50066535652574,3.13052364968192,15.3941571143841,367
39,39,0.75,early_mover,coordinated,10.7709867762865,3.70798046311336,-29.7731596060758,320
39,39,0.75,early_mover,delayed_coordination,6.79054636469988,14.2737069771385,44.0394734330196,297
39,39,0.75,sequential,coordinated,2.27032141976076,0.577456813431439,-45.1673167204599,-47
39,39,0.75,sequential,delayed_coordination,-1.71011899182587,11.1431833274566,28.6453163186354,-70
39,39,0.75,coordinated,delayed_coordination,-3.98044041158663,10.5657265140252,73.8126330390953,-23
40,40,0.25,early_mover,sequential,0.262764280782463,6.09351510202117,39.7823727287005,-71
40,40,0.25,early_mover,coordinated,-0.761799289493709,9.08120382835233,71.2982910234946,-217
40,40,0.25,early_mover,delayed_coordination,0.690156050317739,8.81963699906305,43.2531639069543,-74
40,40,0.25,sequential,coordinated,-1.02456357027617,2.98768872633116,31.5159182947941,-146
40,40,0.25,sequential,delayed_coordination,0.427391769535276,2.72612189704188,3.47079117825388,-3
40,40,0.25,coordinated,delayed_coordination,1.45195533981145,-0.261566829289279,-28.0451271165402,143
40,40,0.5,early_mover,sequential,4.05665038123138,7.36462088058852,35.4397352917792,41
40,40,0.5,early_mover,coordinated,6.30456301489312,-1.35592591332247,9.01763425869513,131
40,40,0.5,early_mover,delayed_coordination,4.89075460966502,7.60756650453567,42.87845641323,49
40,40,0.5,sequential,coordinated,2.24791263366174,-8.72054679391098,-26.4221010330841,90
40,40,0.5,sequential,delayed_coordination,0.834104228433645,0.242945623947151,7.43872112145073,8
40,40,0.5,coordinated,delayed_coordination,-1.4138084052281,8.96349241785813,33.8608221545348,-82
40,40,0.75,early_mover,sequential,19.5675703849753,3.98993907590233,-52.0410165994558,650
40,40,0.75,early_mover,coordinated,20.7077138895334,-4.17073251804754,-109.166490477388,582
40,40,0.75,early_mover,delayed_coordination,12.4031553849454,11.4768644240468,23.4369701267224,234
40,40,0.75,sequential,coordinated,1.14014350455801,-8.16067159394987,-57.1254738779319,-68
40,40,0.75,sequential,delayed_coordination,-7.1644150000299,7.48692534814447,75.4779867261782,-416
40,40,0.75,coordinated,delayed_coordination,-8.30455850458792,15.6475969420943,132.60346060411,-348
41,41,0.25,early_mover,sequential,1.4956125390803,7.01430064464671,1.99270752659231,80
41,41,0.25,early_mover,coordinated,1.15223974559204,10.2002439522854,5.03998581361066,40
41,41,0.25,early_mover,delayed_coordination,1.01127242722883,13.0117385603684,9.93766905578013,33
41,41,0.25,sequential,coordinated,-0.343372793488257,3.18594330763869,3.04727828701834,-40
41,41,0.25,sequential,delayed_coordination,-0.484340111851466,5.99743791572172,7.94496152918782,-47
41,41,0.25,coordinated,delayed_coordination,-0.140967318363209,2.81149460808302,4.89768324216948,-7
41,41,0.5,early_mover,sequential,-0.562094761040825,5.01660445452012,49.8049291597167,50
41,41,0.5,early_mover,coordinated,0.906178214952689,8.65089061154669,-12.676015432593,196
41,41,0.5,early_mover,delayed_coordination,-2.92689959589708,17.7379399181019,137.771984389126,-51
41,41,0.5,sequential,coordinated,1.46827297599351,3.63428615702657,-62.4809445923097,146
41,41,0.5,sequential,delayed_coordination,-2.36480483485626,12.7213354635818,87.9670552294097,-101
41,41,0.5,coordinated,delayed_coordination,-3.83307781084977,9.0870493065552,150.447999821719,-247
41,41,0.75,early_mover,sequential,-3.6596741889021,6.59445124332623,165.221315112986,-175
41,41,0.75,early_mover,coordinated,20.2284175552574,-46.5627563330417,-187.847989855832,783
41,41,0.75,early_mover,delayed_coordination,-3.17192993588668,17.7737493033331,159.255498229242,-158
41,41,0.75,sequential,coordinated,23.8880917441595,-53.1572075763679,-353.069304968818,958
41,41,0.75,sequential,delayed_coordination,0.487744253015421,11.1792980600068,-5.96581688374363,17
41,41,0.75,coordinated,delayed_coordination,-23.4003474911441,64.3365056363748,347.103488085075,-941
42,42,0.25,early_mover,sequential,1.55152466012528,-6.55889551306331,35.6103091237173,97
42,42,0.25,early_mover,coordinated,0.981067977812813,-5.87055235211949,-3.19963864287729,167
42,42,0.25,early_mover,delayed_coordination,0.426466706094601,-3.97791025354809,35.1503251387276,37
42,42,0.25,sequential,coordinated,-0.570456682312468,0.688343160943816,-38.8099477665946,70
42,42,0.25,sequential,delayed_coordination,-1.12505795403068,2.58098525951522,-0.459983984989776,-60
42,42,0.25,coordinated,delayed_coordination,-0.554601271718212,1.8926420985714,38.3499637816049,-130
42,42,0.5,early_mover,sequential,7.48950531273181,-10.3700846799419,-64.9828050632268,503
42,42,0.5,early_mover,coordinated,6.33821423819994,-23.0299751554178,-118.472687906379,490
42,42,0.5,early_mover,delayed_coordination,7.38113172831922,-1.55526920181003,-62.8182196910955,466
42,42,0.5,sequential,coordinated,-1.15129107453187,-12.6598904754759,-53.4898828431526,-13
42,42,0.5,sequential,delayed_coordination,-0.10837358441259,8.81481547813186,2.16458537213134,-37
42,42,0.5,coordinated,delayed_coordination,1.04291749011928,21.4747059536078,55.6544682152839,-24
42,42,0.75,early_mover,sequential,6.69567434367107,11.0290347852864,23.4306237012488,94
42,42,0.75,early_mover,coordinated,23.4186358942149,-58.1565199611611,-184.292897085242,908
42,42,0.75,early_mover,delayed_coordination,10.109343495156,4.47042401418739,7.42432775158591,325
42,42,0.75,sequential,coordinated,16.7229615505438,-69.1855547464475,-207.72352078649,814
42,42,0.75,sequential,delayed_coordination,3.41366915148492,-6.55861077109901,-16.0062959496629,231
42,42,0.75,coordinated,delayed_coordination,-13.3092923990589,62.6269439753484,191.717224836827,-583
43,43,0.25,early_mover,sequential,1.29994358403192,14.5597613360946,45.3481881902107,-17
43,43,0.25,early_mover,coordinated,2.51577902068763,5.27775068042075,-11.5885257633208,-20
43,43,0.25,early_mover,delayed_coordination,2.1944192019878,10.3627263977286,20.3707726105545,-55
43,43,0.25,sequential,coordinated,1.21583543665571,-9.28201065567384,-56.9367139535316,-3
43,43,0.25,sequential,delayed_coordination,0.894475617955877,-4.19703493836602,-24.9774155796563,-38
43,43,0.25,coordinated,delayed_coordination,-0.321359818699833,5.08497571730783,31.9592983738753,-35
43,43,0.5,early_mover,sequential,0.997342790129167,8.79329118172078,58.0637520867767,-51
43,43,0.5,early_mover,coordinated,2.8383506541508,4.19149798692311,12.4816398601583,64
43,43,0.5,early_mover,delayed_coordination,2.55693657133141,-0.843011003543666,56.2576941136126,-44
43,43,0.5,sequential,coordinated,1.84100786402163,-4.60179319479766,-45.5821122266184,115
43,43,0.5,sequential,delayed_coordination,1.55959378120224,-9.63630218526444,-1.80605797316412,7
43,43,0.5,coordinated,delayed_coordination,-0.281414082819396,-5.03450899046678,43.7760542534543,-108
43,43,0.75,early_mover,sequential,9.17119634420774,21.2632480074626,65.2227858488591,33
43,43,0.75,early_mover,coordinated,12.0411410720296,35.0383397440396,4.66452706702717,239
43,43,0.75,early_mover,delayed_coordination,9.3928924238205,30.9399850099928,65.6267991872842,110
43,43,0.75,sequential,coordinated,2.86994472782185,13.7750917365771,-60.5582587818319,206
43,43,0.75,sequential,delayed_coordination,0.221696079612755,9.67673700253022,0.404013338425102,77
43,43,0.75,coordinated,delayed_coordination,-2.64824864820909,-4.09835473404686,60.962272120257,-129
44,44,0.25,early_mover,sequential,1.11447460343412,-1.5006544851816,23.1608765834176,24
44,44,0.25,early_mover,coordinated,0.451524807526937,3.66111998834117,16.3142746558356,-100
44,44,0.25,early_mover,delayed_coordination,0.954036565525328,0.930931652501954,15.557492011716,-34
44,44,0.25,sequential,coordinated,-0.662949795907181,5.16177447352277,-6.84660192758201,-124
44,44,0.25,sequential,delayed_coordination,-0.16043803790879,2.43158613768355,-7.60338457170155,-58
44,44,0.25,coordinated,delayed_coordination,0.502511757998391,-2.73018833583922,-0.756782644119539,66
44,44,0.5,early_mover,sequential,5.46707436897957,3.89670786741129,-2.08656352236198,41
44,44,0.5,early_mover,coordinated,0.30052710434633,14.1727015106625,74.2190873615677,-318
44,44,0.5,early_mover,delayed_coordination,4.79448573079523,1.55987723973999,5.9572657570227,25
44,44,0.5,sequential,coordinated,-5.16654726463324,10.2759936432512,76.3056508839297,-359
44,44,0.5,sequential,delayed_coordination,-0.672588638184337,-2.3368306276713,8.04382927938468,-16
44,44,0.5,coordinated,delayed_coordination,4.4939586264489,-12.6128242709225,-68.261821604545,343
44,44,0.75,early_mover,sequential,9.12157069706103,3.25301770631998,5.12698816426905,144
44,44,0.75,early_mover,coordinated,2.45831291372785,16.856283093352,56.6421585985033,-128
44,44,0.75,early_mover,delayed_coordination,2.89230437247362,7.65894617274273,102.070542254977,-119
44,44,0.75,sequential,coordinated,-6.66325778333318,13.603265387032,51.5151704342343,-272
44,44,0.75,sequential,delayed_coordination,-6.22926632458741,4.40592846642275,96.9435540907077,-263
44,44,0.75,coordinated,delayed_coordination,0.433991458745766,-9.19733692060927,45.4283836564734,9
45,45,0.25,early_mover,sequential,2.44531022412916,15.0839646444496,40.5568844203531,-136
45,45,0.25,early_mover,coordinated,2.67331172477111,4.78579527644263,30.0454514216399,-133
45,45,0.25,early_mover,delayed_coordination,1.41201818451249,7.54256851705418,41.2661776486134,-104
45,45,0.25,sequential,coordinated,0.228001500641952,-10.2981693680069,-10.5114329987132,3
45,45,0.25,sequential,delayed_coordination,-1.03329203961667,-7.54139612739539,0.709293228260321,32
45,45,0.25,coordinated,delayed_coordination,-1.26129354025862,2.75677324061155,11.2207262269735,29
45,45,0.5,early_mover,sequential,5.44651018569542,-5.05179605531373,40.2776810921439,5
45,45,0.5,early_mover,coordinated,7.03667828059578,-18.3298780322284,6.88934562686336,-77
45,45,0.5,early_mover,delayed_coordination,3.16484531565975,0.117852100226116,83.936484007427,-88
45,45,0.5,sequential,coordinated,1.59016809490036,-13.2780819769147,-33.3883354652805,-82
45,45,0.5,sequential,delayed_coordination,-2.28166487003567,5.16964815553985,43.6588029152831,-93
45,45,0.5,coordinated,delayed_coordination,-3.87183296493603,18.4477301324545,77.0471383805636,-11
45,45,0.75,early_mover,sequential,13.292836187241,0.396176846494598,-18.369088592503,420
45,45,0.75,early_mover,coordinated,9.0066319820631,9.88991156448657,15.0909551561103,77
45,45,0.75,early_mover,delayed_coordination,12.0189964840965,4.40907853099844,10.9978413290264,299
45,45,0.75,sequential,coordinated,-4.2862042051779,9.49373471799197,33.4600437486133,-343
45,45,0.75,sequential,delayed_coordination,-1.27383970314446,4.01290168450384,29.3669299215294,-121
45,45,0.75,coordinated,delayed_coordination,3.01236450203344,-5.48083303348812,-4.09311382708393,222
46,46,0.25,early_mover,sequential,-0.748754418574791,10.5813412437132,55.8916404919987,-122
46,46,0.25,early_mover,coordinated,-2.8727483369597,9.87172392100916,82.4845377212851,-413
46,46,0.25,early_mover,delayed_coordination,-0.39281969101873,10.2099405751945,48.9198629378179,-128
46,46,0.25,sequential,coordinated,-2.12399391838491,-0.709617322704048,26.5928972292863,-291
46,46,0.25,sequential,delayed_coordination,0.355934727556061,-0.371400668518675,-6.97177755418079,-6
46,46,0.25,coordinated,delayed_coordination,2.47992864594097,0.338216654185373,-33.5646747834671,285
46,46,0.5,early_mover,sequential,-0.805972141093008,20.7997511866068,116.462743890354,-86
46,46,0.5,early_mover,coordinated,6.6592983454927,-10.8184192628447,-88.3858353494484,218
46,46,0.5,early_mover,delayed_coordination,0.865817349716764,11.4732607735492,73.4983648423131,-46
46,46,0.5,sequential,coordinated,7.46527048658571,-31.6181704494516,-204.848579239802,304
46,46,0.5,sequential,delayed_coordination,1.67178949080977,-9.32649041305763,-42.9643790480404,40
46,46,0.5,coordinated,delayed_coordination,-5.79348099577594,22.2916800363939,161.884200191761,-264
46,46,0.75,early_mover,sequential,5.27591979465961,-0.397165807952206,49.1984646996043,14
46,46,0.75,early_mover,coordinated,18.7978739934992,-14.5603309836114,-108.446743098682,758
46,46,0.75,early_mover,delayed_coordination,3.00357476690527,4.58915081196866,70.0621999683312,53
46,46,0.75,sequential,coordinated,13.5219541988396,-14.1631651756592,-157.645207798286,744
46,46,0.75,sequential,delayed_coordination,-2.27234502775434,4.98631661992087,20.8637352687269,39
46,46,0.75,coordinated,delayed_coordination,-15.7942992265939,19.14948179558,178.508943067013,-705
47,47,0.25,early_mover,sequential,0.388308575928022,6.70906136426476,82.771343969735,-84
47,47,0.25,early_mover,coordinated,1.04794183593513,5.76549369725876,72.7170189788499,-59
47,47,0.25,early_mover,delayed_coordination,0.648220269731723,7.53910416557341,63.343867233436,-48
47,47,0.25,sequential,coordinated,0.659633260007112,-0.943567667005993,-10.0543249908851,25
47,47,0.25,sequential,delayed_coordination,0.259911693803701,0.83004280130865,-19.427476736299,36
47,47,0.25,coordinated,delayed_coordination,-0.399721566203411,1.77361046831464,-9.37315174541391,11
47,47,0.5,early_mover,sequential,1.69161554508611,-1.20447740682451,91.9311915256771,-54
47,47,0.5,early_mover,coordinated,8.63287044815395,-19.552027900937,-10.1041020778628,216
47,47,0.5,early_mover,delayed_coordination,1.08138646402278,-6.24094198990005,83.056162723329,-7
47,47,0.5,sequential,coordinated,6.94125490306784,-18.3475504941125,-102.03529360354,270
47,47,0.5,sequential,delayed_coordination,-0.610229081063324,-5.03646458307554,-8.8750288023482,47
47,47,0.5,coordinated,delayed_coordination,-7.55148398413117,13.3110859110369,93.1602648011917,-223
47,47,0.75,early_mover,sequential,4.10048620536507,0.952808712163602,75.4007470767422,-115
47,47,0.75,early_mover,coordinated,13.1863920020622,-40.6747387149015,-52.1390194386013,321
47,47,0.75,early_mover,delayed_coordination,7.22443466013964,-5.34320184997486,43.6436214043326,71
47,47,0.75,sequential,coordinated,9.08590579669709,-41.6275474270651,-127.539766515343,436
47,47,0.75,sequential,delayed_coordination,3.12394845477456,-6.29601056213846,-31.7571256724095,186
47,47,0.75,coordinated,delayed_coordination,-5.96195734192253,35.3315368649267,95.7826408429339,-250
48,48,0.25,early_mover,sequential,0.564242105429145,18.0169699032562,83.5043584865343,76
48,48,0.25,early_mover,coordinated,1.59623704554147,2.76939348700347,43.6515944545554,94
48,48,0.25,early_mover,delayed_coordination,0.83466305849177,7.74264664883964,84.9985200158389,4
48,48,0.25,sequential,coordinated,1.03199494011233,-15.2475764162527,-39.8527640319789,18
48,48,0.25,sequential,delayed_coordination,0.270420953062626,-10.2743232544166,1.49416152930462,-72
48,48,0.25,coordinated,delayed_coordination,-0.761573987049701,4.97325316183617,41.3469255612836,-90
48,48,0.5,early_mover,sequential,4.69199172013646,-10.6241726361937,-4.82530101473776,241
48,48,0.5,early_mover,coordinated,6.81765832254573,-27.7024032045791,-95.8249746513684,680
48,48,0.5,early_mover,delayed_coordination,1.54334106852882,1.46370301993625,47.5480713651777,70
48,48,0.5,sequential,coordinated,2.12566660240927,-17.0782305683854,-90.9996736366306,439
48,48,0.5,sequential,delayed_coordination,-3.14865065160764,12.0878756561299,52.3733723799155,-171
48,48,0.5,coordinated,delayed_coordination,-5.27431725401691,29.1661062245153,143.373046016546,-610
48,48,0.75,early_mover,sequential,8.75803080975291,11.4320667983938,31.9285253139235,383
48,48,0.75,early_mover,coordinated,17.1839571786567,-10.679410696758,-141.948103647125,1070
48,48,0.75,early_mover,delayed_coordination,4.67057146375143,21.9916172277173,69.6306281894094,123
48,48,0.75,sequential,coordinated,8.4259263689038,-22.1114774951518,-173.876628961049,687
48,48,0.75,sequential,delayed_coordination,-4.08745934600148,10.5595504293235,37.7021028754859,-260
48,48,0.75,coordinated,delayed_coordination,-12.5133857149053,32.6710279244753,211.578731836535,-947
49,49,0.25,early_mover,sequential,0.835072123584041,5.7426779853003,28.0382719362483,-92
49,49,0.25,early_mover,coordinated,1.65947153888327,-5.61419771773933,8.67033576330596,-65
49,49,0.25,early_mover,delayed_coordination,1.04953462505911,6.83218644245176,17.0237289101819,-59
49,49,0.25,sequential,coordinated,0.824399415299226,-11.3568757030396,-19.3679361729423,27
49,49,0.25,sequential,delayed_coordination,0.214462501475069,1.08950845715145,-11.0145430260663,33
49,49,0.25,coordinated,delayed_coordination,-0.609936913824157,12.4463841601911,8.35339314687599,6
49,49,0.5,early_mover,sequential,3.87144221186367,4.167559696387,38.727342749552,63
49,49,0.5,early_mover,coordinated,4.21329318968215,5.5967354355663,35.4269538745511,-186
49,49,0.5,early_mover,delayed_coordination,4.20381364673133,3.60256745035485,5.22256955136936,-13
49,49,0.5,sequential,coordinated,0.341850977818481,1.4291757391793,-3.30038887500086,-249
49,49,0.5,sequential,delayed_coordination,0.332371434867667,-0.564992246032148,-33.5047731981826,-76
49,49,0.5,coordinated,delayed_coordination,-0.00947954295081388,-1.99416798521145,-30.2043843231818,173
49,49,0.75,early_mover,sequential,6.37166306203734,22.2784157845089,66.7856502545849,116
49,49,0.75,early_mover,coordinated,0.611593531907303,19.4387116989332,73.7157422206722,-111
49,49,0.75,early_mover,delayed_coordination,7.91833829188387,17.987587944626,44.5806474958663,42
49,49,0.75,sequential,coordinated,-5.76006953013004,-2.83970408557565,6.93009196608728,-227
49,49,0.75,sequential,delayed_coordination,1.54667522984653,-4.29082783988289,-22.2050027587186,-74
49,49,0.75,coordinated,delayed_coordination,7.30674475997657,-1.45112375430725,-29.1350947248059,153
50,50,0.25,early_mover,sequential,0.525692861067043,-3.32979644108713,-9.4610534136259,-48
50,50,0.25,early_mover,coordinated,-0.49683398385676,6.76818222391887,23.0200876685699,-219
50,50,0.25,early_mover,delayed_coordination,0.506015316922344,-0.841734202684052,19.7147162080842,-38
50,50,0.25,sequential,coordinated,-1.0225268449238,10.097978665006,32.4811410821958,-171
50,50,0.25,sequential,delayed_coordination,-0.0196775441446988,2.48806223840307,29.1757696217101,10
50,50,0.25,coordinated,delayed_coordination,1.0028493007791,-7.60991642660292,-3.30537146048573,181
50,50,0.5,early_mover,sequential,3.20804482449417,3.15264804245351,17.4507882340729,51
50,50,0.5,early_mover,coordinated,6.02949324233971,-7.84366152715771,-79.3188059268148,212
50,50,0.5,early_mover,delayed_coordination,2.07349000338708,9.83947702214348,47.3279125936997,8
50,50,0.5,sequential,coordinated,2.82144841784555,-10.9963095696112,-96.7695941608877,161
50,50,0.5,sequential,delayed_coordination,-1.13455482110709,6.68682897968998,29.8771243596268,-43
50,50,0.5,coordinated,delayed_coordination,-3.95600323895263,17.6831385493012,126.646718520514,-204
50,50,0.75,early_mover,sequential,-0.838911117257283,17.9020947999861,85.0373980918334,-149
50,50,0.75,early_mover,coordinated,7.35087183457429,19.1769671584836,6.20660963956652,40
50,50,0.75,early_mover,delayed_coordination,3.89320960304242,6.91342742670514,27.7031570602642,138
50,50,0.75,sequential,coordinated,8.18978295183157,1.27487235849759,-78.8307884522669,189
50,50,0.75,sequential,delayed_coordination,4.7321207202997,-10.9886673732809,-57.3342410315693,287
50,50,0.75,coordinated,delayed_coordination,-3.45766223153187,-12.2635397317785,21.4965474206977,98
51,51,0.25,early_mover,sequential,1.88232756012441,5.2946291344727,26.7319159850704,107
51,51,0.25,early_mover,coordinated,3.22031668917371,-3.71142796877444,-6.81244881395605,79
51,51,0.25,early_mover,delayed_coordination,0.387534064761468,16.8156068793666,83.3295138925364,-97
51,51,0.25,sequential,coordinated,1.3379891290493,-9.00605710324714,-33.5443647990264,-28
51,51,0.25,sequential,delayed_coordination,-1.49479349536294,11.5209777448939,56.597597907466,-204
51,51,0.25,coordinated,delayed_coordination,-2.83278262441225,20.5270348481411,90.1419627064924,-176
51,51,0.5,early_mover,sequential,1.19807758092284,22.2801454892752,55.7490995594153,33
51,51,0.5,early_mover,coordinated,-7.83593310647166,47.7195016168543,239.600227444567,-610
51,51,0.5,early_mover,delayed_coordination,0.807585423882912,22.3523223407198,68.3305965415914,-65
51,51,0.5,sequential,coordinated,-9.0340106873945,25.4393561275791,183.851127885152,-643
51,51,0.5,sequential,delayed_coordination,-0.39049215703993,0.0721768514445387,12.5814969821761,-98
51,51,0.5,coordinated,delayed_coordination,8.64351853035457,-25.3671792761346,-171.269630902976,545
51,51,0.75,early_mover,sequential,15.0567355892752,-6.40475279302618,-11.9755150041137,282
51,51,0.75,early_mover,coordinated,15.0642230645174,-32.2849387818191,-51.9765856141637,164
51,51,0.75,early_mover,delayed_coordination,15.1619123007801,0.543248551953724,-29.5396167716397,271
51,51,0.75,sequential,coordinated,0.0074874752422005,-25.880185988793,-40.00107061005,-118
51,51,0.75,sequential,delayed_coordination,0.105176711504896,6.9480013449799,-17.5641017675259,-11
51,51,0.75,coordinated,delayed_coordination,0.0976892362626955,32.8281873337729,22.436968842524,107
52,52,0.25,early_mover,sequential,1.5275028287157,6.15247712605344,25.5308983585105,31
52,52,0.25,early_mover,coordinated,1.95776318907227,5.89357495154707,17.0376565457818,61
52,52,0.25,early_mover,delayed_coordination,1.93430711229846,4.34525088537191,15.2828434858347,31
52,52,0.25,sequential,coordinated,0.43026036035657,-0.258902174506375,-8.49324181272868,30
52,52,0.25,sequential,delayed_coordination,0.406804283582758,-1.80722624068153,-10.2480548726758,0
52,52,0.25,coordinated,delayed_coordination,-0.0234560767738117,-1.54832406617516,-1.75481305994708,-30
52,52,0.5,early_mover,sequential,4.48769349948851,-10.0942823324511,0.757134104929264,144
52,52,0.5,early_mover,coordinated,7.2263376577867,-16.9821077221942,-20.654287938087,443
52,52,0.5,early_mover,delayed_coordination,3.74146139662631,-0.911404241364664,25.791692611499,104
52,52,0.5,sequential,coordinated,2.73864415829819,-6.88782538974306,-21.4114220430163,299
52,52,0.5,sequential,delayed_coordination,-0.746232102862209,9.18287809108648,25.0345585065697,-40
52,52,0.5,coordinated,delayed_coordination,-3.48487626116039,16.0707034808295,46.445980549586,-339
52,52,0.75,early_mover,sequential,4.30371505028972,8.39026824300737,48.4842471940349,64
52,52,0.75,early_mover,coordinated,9.04841263812142,-5.82480693626195,59.6443024512373,126
52,52,0.75,early_mover,delayed_coordination,10.7860073556274,0.25295285457446,-3.08393551500808,390
52,52,0.75,sequential,coordinated,4.74469758783169,-14.2150751792693,11.1600552572024,62
52,52,0.75,sequential,delayed_coordination,6.48229230533764,-8.13731538843291,-51.568182709043,326
52,52,0.75,coordinated,delayed_coordination,1.73759471750594,6.07775979083641,-62.7282379662454,264
53,53,0.25,early_mover,sequential,0.960482284054507,2.01255256442982,24.3994159302847,-62
53,53,0.25,early_mover,coordinated,0.913450347312832,1.11530096633589,33.8045925724264,-78
53,53,0.25,early_mover,delayed_coordination,1.35640101531638,3.97715785644664,17.5390076064482,-65
53,53,0.25,sequential,coordinated,-0.0470319367416749,-0.897251598093931,9.40517664214167,-16
53,53,0.25,sequential,delayed_coordination,0.395918731261872,1.96460529201681,-6.86040832383651,-3
53,53,0.25,coordinated,delayed_coordination,0.442950668003547,2.86185689011074,-16.2655849659782,13
53,53,0.5,early_mover,sequential,-0.409669783916868,3.13411050409979,20.2160156771961,-124
53,53,0.5,early_mover,coordinated,0.613717266427983,2.58500873910893,76.8457871514393,-245
53,53,0.5,early_mover,delayed_coordination,1.9853474510705,-0.639646187321176,-20.4654803429403,-15
53,53,0.5,sequential,coordinated,1.02338705034485,-0.549101764990866,56.6297714742432,-121
53,53,0.5,sequential,delayed_coordination,2.39501723498736,-3.77375669142097,-40.6814960201364,109
53,53,0.5,coordinated,delayed_coordination,1.37163018464251,-3.22465492643011,-97.3112674943795,230
53,53,0.75,early_mover,sequential,1.81732023007019,3.49512120803774,61.9775936670351,-31
53,53,0.75,early_mover,coordinated,12.6200291350205,-8.78981507395332,-104.748352484664,563
53,53,0.75,early_mover,delayed_coordination,5.28354605371834,3.31658621934554,21.0081720988971,75
53,53,0.75,sequential,coordinated,10.8027089049503,-12.2849362819911,-166.725946151699,594
53,53,0.75,sequential,delayed_coordination,3.46622582364814,-0.178534988692206,-40.9694215681379,106
53,53,0.75,coordinated,delayed_coordination,-7.33648308130216,12.1064012932989,125.756524583561,-488
54,54,0.25,early_mover,sequential,2.16570019521988,-0.199403892268435,-3.72954195866032,107
54,54,0.25,early_mover,coordinated,-0.392214416899449,8.2186483214594,45.7650779880037,57
54,54,0.25,early_mover,delayed_coordination,1.53729455060433,4.03631208898139,17.3356580943341,56
54,54,0.25,sequential,coordinated,-2.55791461211933,8.41805221372783,49.494619946664,-50
54,54,0.25,sequential,delayed_coordination,-0.628405644615555,4.23571598124983,21.0652000529944,-51
54,54,0.25,coordinated,delayed_coordination,1.92950896750378,-4.18233623247801,-28.4294198936695,-1
54,54,0.5,early_mover,sequential,2.22733596511821,17.1656367794475,135.97417015015,-163
54,54,0.5,early_mover,coordinated,4.34751964509549,1.61481989525956,37.0992012255431,89
54,54,0.5,early_mover,delayed_coordination,5.3946487252831,8.87042804213141,51.0521988794374,82
54,54,0.5,sequential,coordinated,2.12018367997727,-15.550816884188,-98.8749689246074,252
54,54,0.5,sequential,delayed_coordination,3.16731276016489,-8.2952087373161,-84.9219712707131,245
54,54,0.5,coordinated,delayed_coordination,1.04712908018762,7.25560814687185,13.9529976538943,-7
54,54,0.75,early_mover,sequential,9.57869036804372,11.2423374710365,56.7794302039017,60
54,54,0.75,early_mover,coordinated,23.2603211954008,-19.3471420488509,-132.521603172311,873
54,54,0.75,early_mover,delayed_coordination,3.3489170192928,15.2426533752574,91.3439045186844,-72
54,54,0.75,sequential,coordinated,13.6816308273571,-30.5894795198874,-189.301033376213,813
54,54,0.75,sequential,delayed_coordination,-6.22977334875092,4.00031590422083,34.5644743147827,-132
54,54,0.75,coordinated,delayed_coordination,-19.911404176108,34.5897954241082,223.865507690996,-945
55,55,0.25,early_mover,sequential,0.243746347897968,15.3205385671497,74.5442730819359,-113
55,55,0.25,early_mover,coordinated,-0.920613161627628,19.8756654952849,101.049715869362,-176
55,55,0.25,early_mover,delayed_coordination,-0.288375941322499,14.5032085416316,101.659294474462,-147
55,55,0.25,sequential,coordinated,-1.1643595095256,4.55512692813522,26.5054427874261,-63
55,55,0.25,sequential,delayed_coordination,-0.532122289220467,-0.817330025518118,27.1150213925257,-34
55,55,0.25,coordinated,delayed_coordination,0.632237220305129,-5.37245695365334,0.609578605099614,29
55,55,0.5,early_mover,sequential,1.49983950417955,5.86746281232303,74.8317944036153,-75
55,55,0.5,early_mover,coordinated,2.93520399717958,-9.72180854021747,26.0037419337341,69
55,55,0.5,early_mover,delayed_coordination,0.900025660317866,14.2442090735078,94.3451293738326,-132
55,55,0.5,sequential,coordinated,1.43536449300004,-15.5892713525405,-48.8280524698812,144
55,55,0.5,sequential,delayed_coordination,-0.599813843861682,8.37674626118476,19.5133349702173,-57
55,55,0.5,coordinated,delayed_coordination,-2.03517833686172,23.9660176137253,68.3413874400985,-201
55,55,0.75,early_mover,sequential,15.3275278479559,4.63613857938429,7.43256380338335,207
55,55,0.75,early_mover,coordinated,16.2651701142742,-17.1315855250118,-86.7808867036501,487
55,55,0.75,early_mover,delayed_coordination,7.7298708085987,30.6172284415055,81.6363432941371,167
55,55,0.75,sequential,coordinated,0.93764226631825,-21.7677241043961,-94.2134505070335,280
55,55,0.75,sequential,delayed_coordination,-7.59765703935722,25.9810898621212,74.2037794907537,-40
55,55,0.75,coordinated,delayed_coordination,-8.53529930567547,47.7488139665173,168.417229997787,-320
56,56,0.25,early_mover,sequential,2.81348497526918,6.71627293900218,-1.00238404236188,321
56,56,0.25,early_mover,coordinated,3.070395068807,-1.83209163539118,-21.1890207396305,214
56,56,0.25,early_mover,delayed_coordination,3.97246770802525,1.953266563113,-19.1800817306248,303
56,56,0.25,sequential,coordinated,0.256910093537826,-8.54836457439336,-20.1866366972686,-107
56,56,0.25,sequential,delayed_coordination,1.15898273275607,-4.76300637588918,-18.1776976882629,-18
56,56,0.25,coordinated,delayed_coordination,0.902072639218247,3.78535819850418,2.00893900900564,89
56,56,0.5,early_mover,sequential,4.83476371372774,4.90172839981028,29.866331974041,170
56,56,0.5,early_mover,coordinated,5.2399274693912,1.12641610767753,-10.7861744319778,60
56,56,0.5,early_mover,delayed_coordination,4.79950235615662,4.61456442893353,8.42849259010495,185
56,56,0.5,sequential,coordinated,0.405163755663466,-3.77531229213275,-40.6525064060188,-110
56,56,0.5,sequential,delayed_coordination,-0.035261357571116,-0.287163970876747,-21.4378393839361,15
56,56,0.5,coordinated,delayed_coordination,-0.440425113234582,3.48814832125601,19.2146670220827,125
56,56,0.75,early_mover,sequential,6.77082898519741,3.4374686004098,26.2667787523314,131
56,56,0.75,early_mover,coordinated,9.00619482657847,-6.78307875093469,-24.8970490700437,32
56,56,0.75,early_mover,delayed_coordination,3.42198540083872,8.362182297949,81.4908672785648,-70
56,56,0.75,sequential,coordinated,2.23536584138105,-10.2205473513445,-51.1638278223752,-99
56,56,0.75,sequential,delayed_coordination,-3.34884358435869,4.9247136975392,55.2240885262333,-201
56,56,0.75,coordinated,delayed_coordination,-5.58420942573974,15.1452610488837,106.387916348609,-102
57,57,0.25,early_mover,sequential,0.446543347996197,24.5163684841054,60.3656337408393,-86
57,57,0.25,early_mover,coordinated,0.598720089294403,19.2287505366299,65.2226920834073,-121
57,57,0.25,early_mover,delayed_coordination,1.03343987140391,19.4195557986218,41.0936867962705,-58
57,57,0.25,sequential,coordinated,0.152176741298206,-5.2876179474755,4.85705834256805,-35
57,57,0.25,sequential,delayed_coordination,0.586896523407717,-5.09681268548366,-19.2719469445688,28
57,57,0.25,coordinated,delayed_coordination,0.434719782109511,0.190805261991841,-24.1290052871368,63
57,57,0.5,early_mover,sequential,0.91585475403248,29.3275864801311,98.369729639159,-120
57,57,0.5,early_mover,coordinated,1.10964142712676,30.1323234730146,75.5524974280031,-152
57,57,0.5,early_mover,delayed_coordination,0.359249328861424,17.874110724043,119.396507361089,-191
57,57,0.5,sequential,coordinated,0.19378667309428,0.804736992883448,-22.8172322111559,-32
57,57,0.5,sequential,delayed_coordination,-0.556605425171057,-11.4534757560881,21.0267777219301,-71
57,57,0.5,coordinated,delayed_coordination,-0.750392098265337,-12.2582127489715,43.844009933086,-39
57,57,0.75,early_mover,sequential,8.44252197439951,4.54933062387178,5.27296858289492,290
57,57,0.75,early_mover,coordinated,10.0559768883776,11.2692362910123,-4.76741598683702,153
57,57,0.75,early_mover,delayed_coordination,5.56365316560306,21.0664498548978,49.609586753307,103
57,57,0.75,sequential,coordinated,1.61345491397806,6.71990566714052,-10.0403845697319,-137
57,57,0.75,sequential,delayed_coordination,-2.87886880879645,16.517119231026,44.3366181704121,-187
57,57,0.75,coordinated,delayed_coordination,-4.49232372277451,9.79721356388549,54.377002740144,-50
58,58,0.25,early_mover,sequential,1.80996976210308,6.57238785483662,22.3504840172591,-8
58,58,0.25,early_mover,coordinated,3.82544575636426,-0.130713850016491,-20.1808589509819,-12
58,58,0.25,early_mover,delayed_coordination,0.948973577025725,11.7028625671863,52.7490314611491,-70
58,58,0.25,sequential,coordinated,2.01547599426118,-6.70310170485311,-42.531342968241,-4
58,58,0.25,sequential,delayed_coordination,-0.860996185077354,5.13047471234967,30.39854744389,-62
58,58,0.25,coordinated,delayed_coordination,-2.87647217933853,11.8335764172028,72.929890412131,-58
58,58,0.5,early_mover,sequential,1.77671859871407,14.242676493074,90.7016495381279,-49
58,58,0.5,early_mover,coordinated,1.94404016725784,2.33747012369901,44.1801811077862,0
58,58,0.5,early_mover,delayed_coordination,2.48662447640613,7.56678922349039,75.0831604739449,-74
58,58,0.5,sequential,coordinated,0.16732156854377,-11.905206369375,-46.5214684303417,49
58,58,0.5,sequential,delayed_coordination,0.709905877692066,-6.67588726958357,-15.618489064183,-25
58,58,0.5,coordinated,delayed_coordination,0.542584309148296,5.22931909979138,30.9029793661587,-74
58,58,0.75,early_mover,sequential,4.75775863267303,12.310860909953,76.8313381172536,151
58,58,0.75,early_mover,coordinated,-1.9336613813536,21.0029333879722,95.5676990207801,-194
58,58,0.75,early_mover,delayed_coordination,8.91180297555614,3.39921111034249,30.9451115612796,394
58,58,0.75,sequential,coordinated,-6.69142001402663,8.69207247801921,18.7363609035265,-345
58,58,0.75,sequential,delayed_coordination,4.15404434288311,-8.91164979961053,-45.886226555974,243
58,58,0.75,coordinated,delayed_coordination,10.8454643569097,-17.6037222776297,-64.6225874595004,588
59,59,0.25,early_mover,sequential,-0.0350660819795081,16.4155971239618,55.6797086991114,-161
59,59,0.25,early_mover,coordinated,-0.838282704432075,33.6275704006254,89.377268416526,-240
59,59,0.25,early_mover,delayed_coordination,2.02882686709916,2.88241274806956,13.5826875430853,14
59,59,0.25,sequential,coordinated,-0.803216622452567,17.2119732766636,33.6975597174146,-79
59,59,0.25,sequential,delayed_coordination,2.06389294907866,-13.5331843758923,-42.0970211560261,175
59,59,0.25,coordinated,delayed_coordination,2.86710957153123,-30.7451576525559,-75.7945808734407,254
59,59,0.5,early_mover,sequential,-1.33301037667835,26.4173028841358,116.609463031162,5
59,59,0.5,early_mover,coordinated,-3.26602587372692,10.511293735109,83.4784663529265,-45
59,59,0.5,early_mover,delayed_coordination,3.22556998850811,19.4288211354822,81.3642748543084,27
59,59,0.5,sequential,coordinated,-1.93301549704857,-15.9060091490268,-33.1309966782353,-50
59,59,0.5,sequential,delayed_coordination,4.55858036518646,-6.98848174865358,-35.2451881768534,22
59,59,0.5,coordinated,delayed_coordination,6.49159586223503,8.91752740037325,-2.11419149861808,72
59,59,0.75,early_mover,sequential,6.89355567612685,14.8761369664601,47.5821082714538,41
59,59,0.75,early_mover,coordinated,18.0078380695318,-2.67343904809252,-141.379208364463,714
59,59,0.75,early_mover,delayed_coordination,3.77880505507571,12.2782052931104,81.6123827494259,47
59,59,0.75,sequential,coordinated,11.114282393405,-17.5495760145527,-188.961316635916,673
59,59,0.75,sequential,delayed_coordination,-3.11475062105114,-2.59793167334973,34.0302744779722,6
59,59,0.75,coordinated,delayed_coordination,-14.2290330144561,14.9516443412029,222.991591113888,-667
60,60,0.25,early_mover,sequential,0.535990538405898,2.19485450573245,16.7755743530624,49
60,60,0.25,early_mover,coordinated,-0.449060864557055,-8.50466892486548,22.214866462451,-20
60,60,0.25,early_mover,delayed_coordination,1.42188017458666,-2.05311198636025,-7.0499930795304,43
60,60,0.25,sequential,coordinated,-0.985051402962952,-10.6995234305979,5.43929210938859,-69
60,60,0.25,sequential,delayed_coordination,0.885889636180764,-4.2479664920927,-23.8255674325928,-6
60,60,0.25,coordinated,delayed_coordination,1.87094103914372,6.45155693850523,-29.2648595419814,63
60,60,0.5,early_mover,sequential,1.95819755025694,13.4846097814456,32.7206926004205,74
60,60,0.5,early_mover,coordinated,10.4429363246321,-23.8002743656907,-115.887147074146,726
60,60,0.5,early_mover,delayed_coordination,5.28593545324418,-0.307521099016299,-6.4670512572136,69
60,60,0.5,sequential,coordinated,8.48473877437519,-37.2848841471363,-148.607839674567,652
60,60,0.5,sequential,delayed_coordination,3.32773790298724,-13.7921308804619,-39.1877438576341,-5
60,60,0.5,coordinated,delayed_coordination,-5.15700087138795,23.4927532666744,109.420095816932,-657
60,60,0.75,early_mover,sequential,12.1397006746838,-20.6698387911596,2.39519099629456,332
60,60,0.75,early_mover,coordinated,30.4009400091013,-15.0378108903863,-165.706823405545,965
60,60,0.75,early_mover,delayed_coordination,14.4326507942533,-22.23202449664,-49.4645919104139,396
60,60,0.75,sequential,coordinated,18.2612393344176,5.63202790077332,-168.10201440184,633
60,60,0.75,sequential,delayed_coordination,2.29295011956951,-1.56218570548037,-51.8597829067085,64
60,60,0.75,coordinated,delayed_coordination,-15.968289214848,-7.1942136062537,116.242231495132,-569
61,61,0.25,early_mover,sequential,0.666952207091768,6.02847631744095,46.7831187041538,-97
61,61,0.25,early_mover,coordinated,0.00113913904479546,16.0615915722821,88.4249620043247,-95
61,61,0.25,early_mover,delayed_coordination,0.673820305355022,4.62564817353496,47.9932044799398,-106
61,61,0.25,sequential,coordinated,-0.665813068046972,10.0331152548411,41.6418433001709,2
61,61,0.25,sequential,delayed_coordination,0.0068680982632543,-1.40282814390599,1.21008577578596,-9
61,61,0.25,coordinated,delayed_coordination,0.672681166310227,-11.4359433987471,-40.4317575243849,-11
61,61,0.5,early_mover,sequential,-1.17964314173039,18.7599693590165,69.1980971823259,-105
61,61,0.5,early_mover,coordinated,2.54739689848915,13.9504471736927,-6.37206210404747,122
61,61,0.5,early_mover,delayed_coordination,0.839351411130366,0.887663994130207,38.066682059286,-35
61,61,0.5,sequential,coordinated,3.72704004021955,-4.80952218532371,-75.5701592863734,227
61,61,0.5,sequential,delayed_coordination,2.01899455286076,-17.8723053648862,-31.1314151230399,70
61,61,0.5,coordinated,delayed_coordination,-1.70804548735879,-13.0627831795625,44.4387441633335,-157
61,61,0.75,early_mover,sequential,14.6068274844853,-12.0587133208594,-34.845045511569,544
61,61,0.75,early_mover,coordinated,6.91931119165575,-6.06129555801738,15.9102603828674,-15
61,61,0.75,early_mover,delayed_coordination,11.7634226697472,-0.158204009852341,3.76661833325534,523
61,61,0.75,sequential,coordinated,-7.68751629282957,5.99741776284199,50.7553058944363,-559
61,61,0.75,sequential,delayed_coordination,-2.84340481473808,11.900509311007,38.6116638448243,-21
61,61,0.75,coordinated,delayed_coordination,4.84411147809149,5.90309154816504,-12.143642049612,538
62,62,0.25,early_mover,sequential,0.731297698163388,10.0364136516301,38.8135403176416,-35
62,62,0.25,early_mover,coordinated,0.649062726214169,7.86861216896779,27.4209800062263,-48
62,62,0.25,early_mover,delayed_coordination,0.282313266774736,7.34618584174774,46.8855133972206,-65
62,62,0.25,sequential,coordinated,-0.0822349719492195,-2.1678014826623,-11.3925603114153,-13
62,62,0.25,sequential,delayed_coordination,-0.448984431388652,-2.69022780988234,8.07197307957904,-30
62,62,0.25,coordinated,delayed_coordination,-0.366749459439433,-0.522426327220046,19.4645333909943,-17
62,62,0.5,early_mover,sequential,3.33511038812631,2.18323929733072,25.1665995173976,-28
62,62,0.5,early_mover,coordinated,6.74010669243192,-29.541449544953,-59.9262066356619,182
62,62,0.5,early_mover,delayed_coordination,4.00243678094317,4.30504067210794,-7.73327868855927,28
62,62,0.5,sequential,coordinated,3.40499630430561,-31.7246888422837,-85.0928061530594,210
62,62,0.5,sequential,delayed_coordination,0.667326392816861,2.12180137477722,-32.8998782059568,56
62,62,0.5,coordinated,delayed_coordination,-2.73766991148875,33.8464902170609,52.1929279471026,-154
62,62,0.75,early_mover,sequential,6.7693488298622,5.84589042106379,42.0401780299139,39
62,62,0.75,early_mover,coordinated,3.78973644330206,38.4308581399875,82.369652748273,-61
62,62,0.75,early_mover,delayed_coordination,6.98637002813057,4.22512478046428,31.2647537702619,38
62,62,0.75,sequential,coordinated,-2.97961238656013,32.5849677189238,40.3294747183591,-100
62,62,0.75,sequential,delayed_coordination,0.21702119826837,-1.6207656405995,-10.775424259652,-1
62,62,0.75,coordinated,delayed_coordination,3.1966335848285,-34.2057333595233,-51.1048989780111,99
63,63,0.25,early_mover,sequential,1.3156138112611,8.45732428207822,22.9476139898966,-24
63,63,0.25,early_mover,coordinated,2.04464312966118,12.2972743110793,37.017398795283,-123
63,63,0.25,early_mover,delayed_coordination,0.580758090078248,7.72715970066298,48.1465933925128,-82
63,63,0.25,sequential,coordinated,0.72902931840008,3.8399500290011,14.0697848053865,-99
63,63,0.25,sequential,delayed_coordination,-0.734855721182853,-0.730164581415238,25.1989794026163,-58
63,63,0.25,coordinated,delayed_coordination,-1.46388503958293,-4.57011461041634,11.1291945972298,41
63,63,0.5,early_mover,sequential,1.0342278105105,13.053666635384,69.1527368323505,-13
63,63,0.5,early_mover,coordinated,0.262277217051818,10.5260824447341,5.74938864119849,-133
63,63,0.5,early_mover,delayed_coordination,-1.03458984676224,16.9663034975206,121.94150194475,-204
63,63,0.5,sequential,coordinated,-0.771950593458683,-2.52758419064997,-63.403348191152,-120
63,63,0.5,sequential,delayed_coordination,-2.06881765727275,3.91263686213657,52.7887651123999,-191
63,63,0.5,coordinated,delayed_coordination,-1.29686706381406,6.44022105278654,116.192113303552,-71
63,63,0.75,early_mover,sequential,6.10186151060435,3.17107364480145,47.118338932969,184
63,63,0.75,early_mover,coordinated,27.4450493443915,-46.5547192849647,-308.409698905075,1607
63,63,0.75,early_mover,delayed_coordination,2.5869697010645,14.6373974025227,74.2926663858145,64
63,63,0.75,sequential,coordinated,21.3431878337871,-49.7257929297662,-355.528037838044,1423
63,63,0.75,sequential,delayed_coordination,-3.51489180953985,11.4663237577213,27.1743274528455,-120
63,63,0.75,coordinated,delayed_coordination,-24.858079643327,61.1921166874875,382.702365290889,-1543
64,64,0.25,early_mover,sequential,1.79594941458623,5.28158334635765,16.6982811557932,-33
64,64,0.25,early_mover,coordinated,2.51827030809206,12.5284785093129,22.6868515744786,237
64,64,0.25,early_mover,delayed_coordination,2.47762993548757,-2.88174449182884,52.9143140429264,-77
64,64,0.25,sequential,coordinated,0.722320893505824,7.2468951629553,5.98857041868541,270
64,64,0.25,sequential,delayed_coordination,0.681680520901338,-8.16332783818649,36.2160328871332,-44
64,64,0.25,coordinated,delayed_coordination,-0.0406403726044857,-15.4102230011418,30.2274624684478,-314
64,64,0.5,early_mover,sequential,5.11948904175858,-0.373386842955199,9.0112712029736,212
64,64,0.5,early_mover,coordinated,7.80393956874542,-9.42821697604592,-56.4555855579474,340
64,64,0.5,early_mover,delayed_coordination,5.83126823136246,6.95006793465876,-2.06709506072002,166
64,64,0.5,sequential,coordinated,2.68445052698684,-9.05483013309072,-65.466856760921,128
64,64,0.5,sequential,delayed_coordination,0.711779189603874,7.32345477761396,-11.0783662636936,-46
64,64,0.5,coordinated,delayed_coordination,-1.97267133738296,16.3782849107047,54.3884904972274,-174
64,64,0.75,early_mover,sequential,4.24431309080586,2.24467867749945,60.9430496641601,-1
64,64,0.75,early_mover,coordinated,13.132774857561,-30.0859699957662,-106.148815933096,745
64,64,0.75,early_mover,delayed_coordination,5.41351617441563,-5.71208947642128,28.9771446642083,20
64,64,0.75,sequential,coordinated,8.8884617667551,-32.3306486732657,-167.091865597256,746
64,64,0.75,sequential,delayed_coordination,1.16920308360977,-7.95676815392073,-31.9659049999518,21
64,64,0.75,coordinated,delayed_coordination,-7.71925868314533,24.3738805193449,135.125960597304,-725
65,65,0.25,early_mover,sequential,1.23317275182782,7.66391393028613,56.9144558745538,-34
65,65,0.25,early_mover,coordinated,1.45361048876256,19.5172647701779,54.3650033427211,-53
65,65,0.25,early_mover,delayed_coordination,2.50881252018706,3.75451764000871,33.8404333517083,-14
65,65,0.25,sequential,coordinated,0.220437736934741,11.8533508398918,-2.54945253183269,-19
65,65,0.25,sequential,delayed_coordination,1.27563976835924,-3.90939629027741,-23.0740225228456,20
65,65,0.25,coordinated,delayed_coordination,1.0552020314245,-15.7627471301692,-20.5245699910129,39
65,65,0.5,early_mover,sequential,6.01807209993834,-9.32863380558294,31.1610173893523,241
65,65,0.5,early_mover,coordinated,9.27061067989678,-20.0999233574501,-59.4357794251594,410
65,65,0.5,early_mover,delayed_coordination,0.888491672673865,15.9343845236523,102.385667181247,15
65,65,0.5,sequential,coordinated,3.25253857995844,-10.7712895518671,-90.5967968145117,169
65,65,0.5,sequential,delayed_coordination,-5.12958042726447,25.2630183292353,71.2246497918943,-226
65,65,0.5,coordinated,delayed_coordination,-8.38211900722291,36.0343078811024,161.821446606406,-395
65,65,0.75,early_mover,sequential,7.37398292016398,7.28612932913546,51.1066208708753,411
65,65,0.75,early_mover,coordinated,0.548448447632239,-2.90909765537361,126.150000672229,-277
65,65,0.75,early_mover,delayed_coordination,9.2536281555571,7.84267062446037,53.0929612838388,326
65,65,0.75,sequential,coordinated,-6.82553447253174,-10.1952269845091,75.0433798013532,-688
65,65,0.75,sequential,delayed_coordination,1.87964523539311,0.556541295324905,1.9863404129635,-85
65,65,0.75,coordinated,delayed_coordination,8.70517970792486,10.751768279834,-73.0570393883897,603
66,66,0.25,early_mover,sequential,1.77464972902659,-0.043580103701288,24.2473693748643,-28
66,66,0.25,early_mover,coordinated,1.90575455495186,-7.97652605842501,-1.77958716569037,7
66,66,0.25,early_mover,delayed_coordination,2.46549839012707,-5.43303987002491,7.50683072753645,-14
66,66,0.25,sequential,coordinated,0.131104825925263,-7.93294595472372,-26.0269565405547,35
66,66,0.25,sequential,delayed_coordination,0.690848661100475,-5.38945976632363,-16.7405386473279,14
66,66,0.25,coordinated,delayed_coordination,0.559743835175212,2.5434861884001,9.28641789322683,-21
66,66,0.5,early_mover,sequential,5.20299502080843,5.54412176883289,40.6088222806404,122
66,66,0.5,early_mover,coordinated,9.9691361441739,-16.9024421222132,-95.0555321137215,345
66,66,0.5,early_mover,delayed_coordination,5.16363787103316,1.13094571929213,21.2419216158485,38
66,66,0.5,sequential,coordinated,4.76614112336547,-22.4465638910461,-135.664354394362,223
66,66,0.5,sequential,delayed_coordination,-0.0393571497752703,-4.41317604954077,-19.366900664792,-84
66,66,0.5,coordinated,delayed_coordination,-4.80549827314074,18.0333878415053,116.29745372957,-307
66,66,0.75,early_mover,sequential,12.3308449301313,-1.40391673467343,1.15473984506116,297
66,66,0.75,early_mover,coordinated,13.978387583137,-22.4572854275152,-59.2221429580322,241
66,66,0.75,early_mover,delayed_coordination,6.69139722026567,6.61741057926776,42.7660300075097,274
66,66,0.75,sequential,coordinated,1.64754265300576,-21.0533686928418,-60.3768828030934,-56
66,66,0.75,sequential,delayed_coordination,-5.63944770986561,8.02132731394119,41.6112901624485,-23
66,66,0.75,coordinated,delayed_coordination,-7.28699036287136,29.074696006783,101.988172965542,33
67,67,0.25,early_mover,sequential,0.726166488547179,6.00706038274802,19.6452215426348,-80
67,67,0.25,early_mover,coordinated,5.00704162637896,2.39425169955422,-94.1090529282314,96
67,67,0.25,early_mover,delayed_coordination,1.38008883360268,0.753834713715321,-3.06719525978588,-71
67,67,0.25,sequential,coordinated,4.28087513783179,-3.6128086831938,-113.754274470866,176
67,67,0.25,sequential,delayed_coordination,0.653922345055506,-5.2532256690327,-22.7124168024206,9
67,67,0.25,coordinated,delayed_coordination,-3.62695279277628,-1.6404169858389,91.0418576684456,-167
67,67,0.5,early_mover,sequential,3.15320364580923,2.39303052937061,30.0496400905088,-42
67,67,0.5,early_mover,coordinated,4.14747413881103,2.59074083952686,29.2186332291872,-19
67,67,0.5,early_mover,delayed_coordination,1.44591458573383,6.61588872509455,58.1458521781256,-98
67,67,0.5,sequential,coordinated,0.994270493001807,0.197710310156253,-0.831006861321612,23
67,67,0.5,sequential,delayed_coordination,-1.7072890600754,4.22285819572394,28.0962120876168,-56
67,67,0.5,coordinated,delayed_coordination,-2.7015595530772,4.02514788556769,28.9272189489384,-79
67,67,0.75,early_mover,sequential,9.01499280844426,-1.11227171379488,-6.18562225733399,288
67,67,0.75,early_mover,coordinated,9.00261122062098,23.0227036371727,37.0364864191117,100
67,67,0.75,early_mover,delayed_coordination,8.37903389348725,-2.7201182747919,5.01858356067282,79
67,67,0.75,sequential,coordinated,-0.0123815878232847,24.1349753509676,43.2221086764457,-188
67,67,0.75,sequential,delayed_coordination,-0.635958914957016,-1.60784656099702,11.2042058180068,-209
67,67,0.75,coordinated,delayed_coordination,-0.623577327133731,-25.7428219119646,-32.0179028584389,-21
68,68,0.25,early_mover,sequential,1.15190442334195,17.4607944837081,36.8297564282775,-50
68,68,0.25,early_mover,coordinated,1.01492808051249,5.06090390151735,43.1612632292208,-118
68,68,0.25,early_mover,delayed_coordination,1.86757529826581,7.87059645113487,29.4632252649612,-35
68,68,0.25,sequential,coordinated,-0.136976342829456,-12.3998905821907,6.33150680094332,-68
68,68,0.25,sequential,delayed_coordination,0.715670874923859,-9.5901980325732,-7.36653116331627,15
68,68,0.25,coordinated,delayed_coordination,0.852647217753315,2.80969254961752,-13.6980379642596,83
68,68,0.5,early_mover,sequential,1.17763344348459,20.4898388864657,120.386120847792,-170
68,68,0.5,early_mover,coordinated,4.73484681165145,12.4479868765758,27.664250292007,75
68,68,0.5,early_mover,delayed_coordination,0.937026770970263,14.3937382299167,92.8979446081155,-53
68,68,0.5,sequential,coordinated,3.55721336816686,-8.04185200988996,-92.7218705557852,245
68,68,0.5,sequential,delayed_coordination,-0.240606672514332,-6.096100656549,-27.4881762396767,117
68,68,0.5,coordinated,delayed_coordination,-3.79782004068119,1.94575135334097,65.2336943161085,-128
68,68,0.75,early_mover,sequential,2.95074168667144,13.6561383145447,67.7554397351319,166
68,68,0.75,early_mover,coordinated,7.77367828039046,-6.94234947891178,-51.8385097309633,361
68,68,0.75,early_mover,delayed_coordination,2.81312814436548,13.0588785169838,56.3046357031585,217
68,68,0.75,sequential,coordinated,4.82293659371902,-20.5984877934565,-119.593949466095,195
68,68,0.75,sequential,delayed_coordination,-0.137613542305957,-0.597259797560866,-11.4508040319733,51
68,68,0.75,coordinated,delayed_coordination,-4.96055013602498,20.0012279958956,108.143145434122,-144
69,69,0.25,early_mover,sequential,1.16381226085393,10.3479859215591,59.8372445324389,-113
69,69,0.25,early_mover,coordinated,2.25527474656782,3.50209361768839,18.9851809756051,-76
69,69,0.25,early_mover,delayed_coordination,-0.382454954212179,15.2626854195611,94.222318941293,-158
69,69,0.25,sequential,coordinated,1.09146248571389,-6.84589230387076,-40.8520635568339,37
69,69,0.25,sequential,delayed_coordination,-1.54626721506611,4.91469949800199,34.3850744088541,-45
69,69,0.25,coordinated,delayed_coordination,-2.63772970078,11.7605918018727,75.2371379656879,-82
69,69,0.5,early_mover,sequential,0.369422831392825,14.3316435479548,69.557875273812,-63
69,69,0.5,early_mover,coordinated,2.73939165797815,11.324149959277,39.3802512322704,113
69,69,0.5,early_mover,delayed_coordination,-0.44244439075095,19.1404594891624,96.8291180839567,-177
69,69,0.5,sequential,coordinated,2.36996882658532,-3.00749358867785,-30.1776240415415,176
69,69,0.5,sequential,delayed_coordination,-0.811867222143775,4.80881594120763,27.2712428101447,-114
69,69,0.5,coordinated,delayed_coordination,-3.1818360487291,7.81630952988547,57.4488668516863,-290
69,69,0.75,early_mover,sequential,9.4412646081911,-3.6749906008655,14.8987207189689,186
69,69,0.75,early_mover,coordinated,11.4335191010191,3.83804302483662,-20.2690913531085,222
69,69,0.75,early_mover,delayed_coordination,8.17667951590005,-2.84392462872313,32.4973364210648,226
69,69,0.75,sequential,coordinated,1.99225449282795,7.51303362570212,-35.1678120720774,36
69,69,0.75,sequential,delayed_coordination,-1.26458509229106,0.831065972142369,17.5986157020959,40
69,69,0.75,coordinated,delayed_coordination,-3.25683958511901,-6.68196765355975,52.7664277741733,4
70,70,0.25,early_mover,sequential,0.759676454660095,-2.00359490604865,22.7970266345155,-72
70,70,0.25,early_mover,coordinated,1.52528148959308,3.96679636286763,7.50946599079771,3
70,70,0.25,early_mover,delayed_coordination,0.0421913468815518,-1.86473688730854,30.4217312162546,-57
70,70,0.25,sequential,coordinated,0.765605034932989,5.97039126891627,-15.2875606437178,75
70,70,0.25,sequential,delayed_coordination,-0.717485107778543,0.138858018740109,7.62470458173902,15
70,70,0.25,coordinated,delayed_coordination,-1.48309014271153,-5.83153325017616,22.9122652254568,-60
70,70,0.5,early_mover,sequential,-1.18936064624788,22.7365503290762,126.399566205491,-219
70,70,0.5,early_mover,coordinated,0.0822481960784813,18.0130492693821,106.743646163514,-237
70,70,0.5,early_mover,delayed_coordination,1.3701256101631,5.63202480207769,84.6203250022595,-90
70,70,0.5,sequential,coordinated,1.27160884232636,-4.72350105969417,-19.6559200419774,-18
70,70,0.5,sequential,delayed_coordination,2.55948625641098,-17.1045255269985,-41.7792412032315,129
70,70,0.5,coordinated,delayed_coordination,1.28787741408462,-12.3810244673044,-22.1233211612541,147
70,70,0.75,early_mover,sequential,5.92974001957519,0.932804025032368,44.7174316589922,-88
70,70,0.75,early_mover,coordinated,13.4414377513837,-28.3121173915737,-89.5726851237775,425
70,70,0.75,early_mover,delayed_coordination,1.24324579309203,8.44999506011507,69.1451656765673,-165
70,70,0.75,sequential,coordinated,7.51169773180854,-29.2449214166061,-134.29011678277,513
70,70,0.75,sequential,delayed_coordination,-4.68649422648316,7.5171910350827,24.4277340175752,-77
70,70,0.75,coordinated,delayed_coordination,-12.1981919582917,36.7621124516888,158.717850800345,-590
71,71,0.25,early_mover,sequential,2.47571720169493,-3.2459518534738,3.58604432364882,38
71,71,0.25,early_mover,coordinated,2.23585629198588,-3.93871464480009,-1.86565682387709,-62
71,71,0.25,early_mover,delayed_coordination,2.82666183191174,-0.933122118953634,10.7686566363241,12
71,71,0.25,sequential,coordinated,-0.239860909709051,-0.692762791326288,-5.45170114752591,-100
71,71,0.25,sequential,delayed_coordination,0.350944630216802,2.31282973452016,7.18261231267525,-26
71,71,0.25,coordinated,delayed_coordination,0.590805539925853,3.00559252584645,12.6343134602012,74
71,71,0.5,early_mover,sequential,0.815979495238508,6.17252761672873,57.6980245162149,-31
71,71,0.5,early_mover,coordinated,2.41874737967591,-4.73545342544526,15.0296083081851,90
71,71,0.5,early_mover,delayed_coordination,1.37362262802257,0.900145101577181,53.0063160918271,14
71,71,0.5,sequential,coordinated,1.6027678844374,-10.907981042174,-42.6684162080298,121
71,71,0.5,sequential,delayed_coordination,0.557643132784065,-5.27238251515155,-4.6917084243878,45
71,71,0.5,coordinated,delayed_coordination,-1.04512475165333,5.63559852702244,37.976707783642,-76
71,71,0.75,early_mover,sequential,1.90457509180371,19.7165695581207,87.5571858806161,146
71,71,0.75,early_mover,coordinated,4.51492518293757,9.08241973210926,63.2326376229057,44
71,71,0.75,early_mover,delayed_coordination,1.10339253673354,10.5418688110459,87.3575544594014,192
71,71,0.75,sequential,coordinated,2.61035009113387,-10.6341498260115,-24.3245482577104,-102
71,71,0.75,sequential,delayed_coordination,-0.80118255507017,-9.17470074707487,-0.19963142121469,46
71,71,0.75,coordinated,delayed_coordination,-3.41153264620404,1.45944907893661,24.1249168364957,148
72,72,0.25,early_mover,sequential,2.61997519128073,-3.6095007039807,16.9641540372982,-19
72,72,0.25,early_mover,coordinated,0.298899128485772,-4.39171054390852,37.0893866404454,-41
72,72,0.25,early_mover,delayed_coordination,0.610084028349959,6.97605409918543,89.5775262082116,-138
72,72,0.25,sequential,coordinated,-2.32107606279496,-0.782209839927816,20.1252326031472,-22
72,72,0.25,sequential,delayed_coordination,-2.00989116293077,10.5855548031661,72.6133721709134,-119
72,72,0.25,coordinated,delayed_coordination,0.311184899864188,11.3677646430939,52.4881395677662,-97
72,72,0.5,early_mover,sequential,5.09605281184915,2.89903222049236,-5.87914822507446,210
72,72,0.5,early_mover,coordinated,7.65283028506286,0.603971470869851,-57.7965298774056,330
72,72,0.5,early_mover,delayed_coordination,-1.24040435321352,22.3818986208691,110.231991238181,-162
72,72,0.5,sequential,coordinated,2.55677747321371,-2.29506074962251,-51.9173816523312,120
72,72,0.5,sequential,delayed_coordination,-6.33645716506267,19.4828664003767,116.111139463255,-372
72,72,0.5,coordinated,delayed_coordination,-8.89323463827638,21.7779271499992,168.028521115586,-492
72,72,0.75,early_mover,sequential,13.8155562639377,-10.3035029841334,-71.8390708869949,558
72,72,0.75,early_mover,coordinated,22.3783330840936,-18.3816032825174,-184.595235745088,883
72,72,0.75,early_mover,delayed_coordination,11.7867248871778,-6.58204989669997,-31.2251730915889,462
72,72,0.75,sequential,coordinated,8.56277682015593,-8.07810029838407,-112.756164858093,325
72,72,0.75,sequential,delayed_coordination,-2.02883137675984,3.72145308743339,40.613897795406,-96
72,72,0.75,coordinated,delayed_coordination,-10.5916081969158,11.7995533858175,153.370062653499,-421
73,73,0.25,early_mover,sequential,2.06422623628282,-0.0818094649910108,9.37398662189662,60
73,73,0.25,early_mover,coordinated,2.70993892097455,-4.16554107441874,-14.0277135541783,197
73,73,0.25,early_mover,delayed_coordination,1.63525945318973,0.0181002694088761,-0.983038595663857,60
73,73,0.25,sequential,coordinated,0.64571268469173,-4.08373160942773,-23.4017001760749,137
73,73,0.25,sequential,delayed_coordination,-0.428966783093088,0.0999097343998869,-10.3570252175605,0
73,73,0.25,coordinated,delayed_coordination,-1.07467946778482,4.18364134382762,13.0446749585144,-137
73,73,0.5,early_mover,sequential,0.124550652319598,4.94613196094855,82.2175670313977,-80
73,73,0.5,early_mover,coordinated,2.32261495870512,0.494341505820614,-2.54852502656558,-33
73,73,0.5,early_mover,delayed_coordination,2.40262703618984,3.17524230806646,47.5210644773081,44
73,73,0.5,sequential,coordinated,2.19806430638552,-4.45179045512793,-84.7660920579633,47
73,73,0.5,sequential,delayed_coordination,2.27807638387024,-1.77088965288209,-34.6965025540896,124
73,73,0.5,coordinated,delayed_coordination,0.0800120774847244,2.68090080224584,50.0695895038737,77
73,73,0.75,early_mover,sequential,7.86458712778474,17.7536197372486,67.5587042414597,186
73,73,0.75,early_mover,coordinated,5.82574354655615,17.9012290240274,80.3239872165341,-109
73,73,0.75,early_mover,delayed_coordination,3.4091251770335,21.0831521275773,100.978091849468,-58
73,73,0.75,sequential,coordinated,-2.03884358122859,0.147609286778732,12.7652829750743,-295
73,73,0.75,sequential,delayed_coordination,-4.45546195075124,3.32953239032867,33.4193876080085,-244
73,73,0.75,coordinated,delayed_coordination,-2.41661836952265,3.18192310354993,20.6541046329341,51
74,74,0.25,early_mover,sequential,1.18996897585367,3.9457668731481,37.579574607666,88
74,74,0.25,early_mover,coordinated,3.98521779648883,-9.5549119156517,-39.6531383796091,234
74,74,0.25,early_mover,delayed_coordination,0.922023741609962,1.39741332417242,43.6169098667756,16
74,74,0.25,sequential,coordinated,2.79524882063515,-13.5006787887998,-77.2327129872751,146
74,74,0.25,sequential,delayed_coordination,-0.267945234243712,-2.54835354897568,6.03733525910957,-72
74,74,0.25,coordinated,delayed_coordination,-3.06319405487886,10.9523252398241,83.2700482463847,-218
74,74,0.5,early_mover,sequential,4.19373036477758,-14.835582535947,-13.2745351607098,234
74,74,0.5,early_mover,coordinated,3.35854739242707,-0.606203791986275,59.6853835405288,16
74,74,0.5,early_mover,delayed_coordination,2.26520705192945,6.9841075460792,66.5971980590639,-147
74,74,0.5,sequential,coordinated,-0.835182972350509,14.2293787439607,72.9599187012386,-218
74,74,0.5,sequential,delayed_coordination,-1.92852331284813,21.8196900820262,79.8717332197737,-381
74,74,0.5,coordinated,delayed_coordination,-1.09334034049762,7.59031133806548,6.91181451853504,-163
74,74,0.75,early_mover,sequential,8.08322810900842,14.1824929114766,27.2750007522786,75
74,74,0.75,early_mover,coordinated,26.2193659285288,-15.0289032940582,-209.432540169144,1085
74,74,0.75,early_mover,delayed_coordination,7.72329300813169,8.00177425615695,35.4143879020153,27
74,74,0.75,sequential,coordinated,18.1361378195204,-29.2113962055348,-236.707540921423,1010
74,74,0.75,sequential,delayed_coordination,-0.359935100876726,-6.18071865531968,8.13938714973665,-48
74,74,0.75,coordinated,delayed_coordination,-18.4960729203971,23.0306775502151,244.846928071159,-1058
75,75,0.25,early_mover,sequential,-0.522338637634391,9.98525806098115,65.8616551232531,-56
75,75,0.25,early_mover,coordinated,1.48607435529664,18.3393112000463,21.2739505734853,-123
75,75,0.25,early_mover,delayed_coordination,0.33781838876412,13.9084694211847,76.5277509923467,-120
75,75,0.25,sequential,coordinated,2.00841299293103,8.35405313906517,-44.5877045497677,-67
75,75,0.25,sequential,delayed_coordination,0.860157026398511,3.9232113602036,10.6660958690936,-64
75,75,0.25,coordinated,delayed_coordination,-1.14825596653252,-4.43084177886158,55.2538004188614,3
75,75,0.5,early_mover,sequential,1.98485272630613,10.4706412241529,48.8907677616742,-29
75,75,0.5,early_mover,coordinated,1.90361119205947,16.9749084062778,86.0081858073661,-222
75,75,0.5,early_mover,delayed_coordination,4.71161658415022,2.06885572466439,7.80825454489468,89
75,75,0.5,sequential,coordinated,-0.0812415342466579,6.50426718212486,37.1174180456919,-193
75,75,0.5,sequential,delayed_coordination,2.72676385784409,-8.40178549948854,-41.0825132167795,118
75,75,0.5,coordinated,delayed_coordination,2.80800539209075,-14.9060526816134,-78.1999312624714,311
75,75,0.75,early_mover,sequential,7.39641282986919,13.2939183932071,29.5700078520763,209
75,75,0.75,early_mover,coordinated,9.45249640845046,-7.96919099784256,-5.1280654210575,356
75,75,0.75,early_mover,delayed_coordination,6.77606719873542,11.7662899680377,27.4630670489214,220
75,75,0.75,sequential,coordinated,2.05608357858127,-21.2631093910497,-34.6980732731338,147
75,75,0.75,sequential,delayed_coordination,-0.620345631133773,-1.52762842516944,-2.10694080315488,11
75,75,0.75,coordinated,delayed_coordination,-2.67642920971504,19.7354809658802,32.5911324699789,-136
76,76,0.25,early_mover,sequential,0.944542541292122,1.87219130988763,16.244621775108,-106
76,76,0.25,early_mover,coordinated,0.936210492647803,1.47299283347945,8.06042809445717,-27
76,76,0.25,early_mover,delayed_coordination,1.06864322213323,4.14293653799962,39.2531309534961,-118
76,76,0.25,sequential,coordinated,-0.00833204864431991,-0.399198476408174,-8.18419368065088,79
76,76,0.25,sequential,delayed_coordination,0.12410068084111,2.27074522811199,23.0085091783881,-12
76,76,0.25,coordinated,delayed_coordination,0.13243272948543,2.66994370452016,31.1927028590389,-91
76,76,0.5,early_mover,sequential,2.42713685506754,19.6083618634642,62.803353793832,-174
76,76,0.5,early_mover,coordinated,6.2095104864307,6.45606885769106,-17.0850458677633,26
76,76,0.5,early_mover,delayed_coordination,3.13789639747313,10.2058742246185,42.3763943771555,-123
76,76,0.5,sequential,coordinated,3.78237363136316,-13.1522930057731,-79.8883996615953,200
76,76,0.5,sequential,delayed_coordination,0.710759542405583,-9.40248763884568,-20.4269594166765,51
76,76,0.5,coordinated,delayed_coordination,-3.07161408895757,3.74980536692746,59.4614402449188,-149
76,76,0.75,early_mover,sequential,10.6353272829088,4.11566388220791,7.05418925165986,159
76,76,0.75,early_mover,coordinated,14.1706494962041,-17.6957010895431,-67.5519140483138,312
76,76,0.75,early_mover,delayed_coordination,5.64402659021091,12.2907430976444,69.5590256752994,9
76,76,0.75,sequential,coordinated,3.53532221329534,-21.8113649717511,-74.6061032999737,153
76,76,0.75,sequential,delayed_coordination,-4.99130069269786,8.17507921543648,62.5048364236395,-150
76,76,0.75,coordinated,delayed_coordination,-8.52662290599321,29.9864441871875,137.110939723613,-303
77,77,0.25,early_mover,sequential,2.37658124969883,-15.3248397128689,48.0558490132121,-56
77,77,0.25,early_mover,coordinated,-0.160566354013667,-8.75990578668319,27.7765303384022,-66
77,77,0.25,early_mover,delayed_coordination,0.857064832024619,-8.59283305573729,66.1192262968666,-78
77,77,0.25,sequential,coordinated,-2.5371476037125,6.56493392618574,-20.2793186748099,-10
77,77,0.25,sequential,delayed_coordination,-1.51951641767421,6.73200665713165,18.0633772836545,-22
77,77,0.25,coordinated,delayed_coordination,1.01763118603829,0.167072730945904,38.3426959584644,-12
77,77,0.5,early_mover,sequential,3.08787409051347,11.7872452926342,46.9122589896599,-118
77,77,0.5,early_mover,coordinated,2.82467128162159,-6.88440222139087,15.7715888841196,-21
77,77,0.5,early_mover,delayed_coordination,2.43781428631559,5.32668078832489,65.622157203803,5
77,77,0.5,sequential,coordinated,-0.263202808891876,-18.671647514025,-31.1406701055403,97
77,77,0.5,sequential,delayed_coordination,-0.65005980419788,-6.46056450430927,18.7098982141431,123
77,77,0.5,coordinated,delayed_coordination,-0.386856995306005,12.2110830097158,49.8505683196834,26
77,77,0.75,early_mover,sequential,12.4852582809927,-22.3417939336655,-24.8146913150395,264
77,77,0.75,early_mover,coordinated,29.6651392908853,-57.6879288961951,-279.970676205738,1329
77,77,0.75,early_mover,delayed_coordination,11.5685508011191,-14.8207547763894,-12.5579388406215,325
77,77,0.75,sequential,coordinated,17.1798810098926,-35.3461349625296,-255.155984890698,1065
77,77,0.75,sequential,delayed_coordination,-0.916707479873594,7.52103915727611,12.2567524744179,61
77,77,0.75,coordinated,delayed_coordination,-18.0965884897662,42.8671741198057,267.412737365116,-1004
78,78,0.25,early_mover,sequential,1.19115498409937,4.76466415215964,30.419629481743,-64
78,78,0.25,early_mover,coordinated,2.46260257067098,-2.77522201648912,-7.89362986674269,95
78,78,0.25,early_mover,delayed_coordination,0.588257782616481,14.6397086512299,49.4790186683449,-105
78,78,0.25,sequential,coordinated,1.27144758657161,-7.53988616864876,-38.3132593484856,159
78,78,0.25,sequential,delayed_coordination,-0.602897201482889,9.87504449907027,19.0593891866019,-41
78,78,0.25,coordinated,delayed_coordination,-1.8743447880545,17.414930667719,57.3726485350876,-200
78,78,0.5,early_mover,sequential,1.12910695655665,16.862971024428,62.5945047350879,-38
78,78,0.5,early_mover,coordinated,2.8557214641752,5.73840502249431,3.11105993735146,40
78,78,0.5,early_mover,delayed_coordination,3.0093660830271,9.76682885670698,17.6950637886264,4
78,78,0.5,sequential,coordinated,1.72661450761855,-11.1245660019337,-59.4834447977364,78
78,78,0.5,sequential,delayed_coordination,1.88025912647045,-7.09614216772104,-44.8994409464615,42
78,78,0.5,coordinated,delayed_coordination,0.153644618851899,4.02842383421267,14.5840038512749,-36
78,78,0.75,early_mover,sequential,11.6930533623371,-0.373198836625846,-30.6005264580481,395
78,78,0.75,early_mover,coordinated,13.8150528008917,-22.9892164700037,-98.4602728236398,423
78,78,0.75,early_mover,delayed_coordination,5.95817640286603,23.5192712244334,65.1682390703613,179
78,78,0.75,sequential,coordinated,2.12199943855462,-22.6160176333778,-67.8597463655917,28
78,78,0.75,sequential,delayed_coordination,-5.73487695947105,23.8924700610592,95.7687655284094,-216
78,78,0.75,coordinated,delayed_coordination,-7.85687639802568,46.508487694437,163.628511894001,-244
79,79,0.25,early_mover,sequential,-0.513532869518102,7.42180631611006,48.8317713070633,79
79,79,0.25,early_mover,coordinated,0.501358655079542,2.77169642482698,28.0748760780775,152
79,79,0.25,early_mover,delayed_coordination,0.942977424855243,-4.95837571627726,11.6750152003924,64
79,79,0.25,sequential,coordinated,1.01489152459764,-4.65010989128308,-20.7568952289857,73
79,79,0.25,sequential,delayed_coordination,1.45651029437335,-12.3801820323873,-37.1567561066709,-15
79,79,0.25,coordinated,delayed_coordination,0.441618769775701,-7.73007214110424,-16.3998608776851,-88
79,79,0.5,early_mover,sequential,4.12931360145947,12.0252660416282,29.8865109376713,150
79,79,0.5,early_mover,coordinated,10.7435090283591,-6.1181349112629,-101.087347737692,649
79,79,0.5,early_mover,delayed_coordination,2.68735070071665,10.7055552013267,44.846694663516,6
79,79,0.5,sequential,coordinated,6.6141954268996,-18.1434009528911,-130.973858675364,499
79,79,0.5,sequential,delayed_coordination,-1.44196290074282,-1.31971084030155,14.9601837258447,-144
79,79,0.5,coordinated,delayed_coordination,-8.05615832764242,16.8236901125896,145.934042401208,-643
79,79,0.75,early_mover,sequential,18.4976195013166,-12.2337814279136,-40.7517445165747,546
79,79,0.75,early_mover,coordinated,27.6262773802975,-24.7821018517579,-196.787352224173,1055
79,79,0.75,early_mover,delayed_coordination,15.1835666205327,-6.7060661579263,4.3970129347274,414
79,79,0.75,sequential,coordinated,9.12865787898089,-12.5483204238442,-156.035607707599,509
79,79,0.75,sequential,delayed_coordination,-3.31405288078386,5.52771526998734,45.1487574513021,-132
79,79,0.75,coordinated,delayed_coordination,-12.4427107597648,18.0760356938316,201.184365158901,-641
80,80,0.25,early_mover,sequential,2.8799437231399,-0.412908723991563,-7.13820038228823,57
80,80,0.25,early_mover,coordinated,2.29672968547959,-7.85216826464574,-36.1229737026206,37
80,80,0.25,early_mover,delayed_coordination,2.53903603152953,1.95143571454622,-0.483640953615577,-16
80,80,0.25,sequential,coordinated,-0.583214037660312,-7.43925954065418,-28.9847733203324,-20
80,80,0.25,sequential,delayed_coordination,-0.340907691610369,2.36434443853778,6.65455942867266,-73
80,80,0.25,coordinated,delayed_coordination,0.242306346049943,9.80360397919196,35.639332749005,-53
80,80,0.5,early_mover,sequential,-0.939040678093164,14.0520608380315,125.123351155838,-30
80,80,0.5,early_mover,coordinated,5.04613921317657,-15.117730937186,20.0642126809714,112
80,80,0.5,early_mover,delayed_coordination,-0.402930943255996,6.83980258760323,86.3545019335716,-187
80,80,0.5,sequential,coordinated,5.98517989126974,-29.1697917752175,-105.059138474867,142
80,80,0.5,sequential,delayed_coordination,0.536109734837169,-7.21225825042825,-38.7688492222667,-157
80,80,0.5,coordinated,delayed_coordination,-5.44907015643257,21.9575335247892,66.2902892526001,-299
80,80,0.75,early_mover,sequential,4.93798272598072,9.72748318091945,70.9308293830723,145
80,80,0.75,early_mover,coordinated,11.6524370153772,-14.6986223695593,-94.0458030785137,708
80,80,0.75,early_mover,delayed_coordination,2.35181834938075,11.8230270282202,94.6978413032325,150
80,80,0.75,sequential,coordinated,6.71445428939653,-24.4261055504788,-164.976632461586,563
80,80,0.75,sequential,delayed_coordination,-2.58616437659997,2.09554384730072,23.7670119201603,5
80,80,0.75,coordinated,delayed_coordination,-9.3006186659965,26.5216493977795,188.743644381746,-558
81,81,0.25,early_mover,sequential,1.15171755190822,6.97084960469118,40.88245949475,7
81,81,0.25,early_mover,coordinated,-0.337798061703225,4.16901353488288,89.2123886288709,-63
81,81,0.25,early_mover,delayed_coordination,1.66739797488574,3.47172949269236,32.0515603808153,-18
81,81,0.25,sequential,coordinated,-1.48951561361145,-2.8018360698083,48.3299291341209,-70
81,81,0.25,sequential,delayed_coordination,0.515680422977525,-3.49912011199882,-8.83089911393472,-25
81,81,0.25,coordinated,delayed_coordination,2.00519603658897,-0.697284042190518,-57.1608282480556,45
81,81,0.5,early_mover,sequential,-1.41086611286735,24.7633325579194,143.339352926529,-59
81,81,0.5,early_mover,coordinated,1.9980923884019,2.23698452669845,8.52893568266927,84
81,81,0.5,early_mover,delayed_coordination,1.25545236205855,19.7677737799639,92.7659638469777,-58
81,81,0.5,sequential,coordinated,3.40895850126925,-22.5263480312209,-134.81041724386,143
81,81,0.5,sequential,delayed_coordination,2.6663184749259,-4.99555877795547,-50.5733890795511,1
81,81,0.5,coordinated,delayed_coordination,-0.742640026343352,17.5307892532655,84.2370281643084,-142
81,81,0.75,early_mover,sequential,0.657228578326865,22.5171799628043,146.981094449208,-285
81,81,0.75,early_mover,coordinated,16.2476662435084,-26.0370708441226,-162.557005612453,551
81,81,0.75,early_mover,delayed_coordination,5.66340489451495,19.8784163920594,80.217754621749,2
81,81,0.75,sequential,coordinated,15.5904376651816,-48.554250806927,-309.538100061661,836
81,81,0.75,sequential,delayed_coordination,5.00617631618809,-2.63876357074491,-66.7633398274586,287
81,81,0.75,coordinated,delayed_coordination,-10.5842613489935,45.9154872361821,242.774760234202,-549
82,82,0.25,early_mover,sequential,1.93415635460696,6.04387691694154,31.2829641888134,-42
82,82,0.25,early_mover,coordinated,1.15821644457689,10.6280164021653,28.9614313275119,-56
82,82,0.25,early_mover,delayed_coordination,0.977957723389878,4.38589788683407,37.9578371051443,-65
82,82,0.25,sequential,coordinated,-0.775939910030061,4.58413948522377,-2.32153286130142,-14
82,82,0.25,sequential,delayed_coordination,-0.956198631217077,-1.65797903010747,6.67487291633097,-23
82,82,0.25,coordinated,delayed_coordination,-0.180258721187016,-6.24211851533124,8.99640577763239,-9
82,82,0.5,early_mover,sequential,6.14544754497473,3.27671210486452,-10.4980898983997,196
82,82,0.5,early_mover,coordinated,9.00321254478155,-9.79695839319186,-57.834596624062,242
82,82,0.5,early_mover,delayed_coordination,4.46099469607373,10.6160981631268,32.7484218562151,-27
82,82,0.5,sequential,coordinated,2.85776499980682,-13.0736704980564,-47.3365067256623,46
82,82,0.5,sequential,delayed_coordination,-1.684452848901,7.33938605826225,43.2465117546149,-223
82,82,0.5,coordinated,delayed_coordination,-4.54221784870782,20.4130565563186,90.5830184802771,-269
82,82,0.75,early_mover,sequential,2.96920649498676,12.109997832198,112.868403819847,-32
82,82,0.75,early_mover,coordinated,7.08559761492873,12.7763638317609,34.2675086708691,86
82,82,0.75,early_mover,delayed_coordination,4.50490384589104,8.96871236797196,95.2042783461413,48
82,82,0.75,sequential,coordinated,4.11639111994197,0.666365999562885,-78.6008951489775,118
82,82,0.75,sequential,delayed_coordination,1.53569735090427,-3.14128546422603,-17.6641254737053,80
82,82,0.75,coordinated,delayed_coordination,-2.58069376903769,-3.80765146378891,60.9367696752722,-38
83,83,0.25,early_mover,sequential,1.0429603646072,11.8118774925824,30.4908435986313,-31
83,83,0.25,early_mover,coordinated,-1.48292686781592,12.9724034510061,53.2366691774896,-198
83,83,0.25,early_mover,delayed_coordination,0.668250063521981,10.4004615238075,31.6881188165548,-56
83,83,0.25,sequential,coordinated,-2.52588723242312,1.1605259584237,22.7458255788583,-167
83,83,0.25,sequential,delayed_coordination,-0.374710301085216,-1.41141596877492,1.19727521792356,-25
83,83,0.25,coordinated,delayed_coordination,2.1511769313379,-2.57194192719862,-21.5485503609348,142
83,83,0.5,early_mover,sequential,4.41071352209977,16.9541529699019,21.273620665947,229
83,83,0.5,early_mover,coordinated,2.84671116282297,21.4391861855199,-56.0393152364074,292
83,83,0.5,early_mover,delayed_coordination,1.27829806623912,20.1635595412058,79.0666804219807,105
83,83,0.5,sequential,coordinated,-1.5640023592768,4.48503321561793,-77.3129359023544,63
83,83,0.5,sequential,delayed_coordination,-3.13241545586065,3.20940657130382,57.7930597560337,-124
83,83,0.5,coordinated,delayed_coordination,-1.56841309658385,-1.27562664431412,135.105995658388,-187
83,83,0.75,early_mover,sequential,8.42595842693848,10.2558127891182,46.6670004120958,258
83,83,0.75,early_mover,coordinated,17.8039820342275,1.20472213406774,-107.005397768508,654
83,83,0.75,early_mover,delayed_coordination,3.85028915834852,20.3968678733024,80.7460947535799,46
83,83,0.75,sequential,coordinated,9.37802360728904,-9.05109065505042,-153.672398180604,396
83,83,0.75,sequential,delayed_coordination,-4.57566926858996,10.1410550841842,34.0790943414841,-212
83,83,0.75,coordinated,delayed_coordination,-13.953692875879,19.1921457392347,187.751492522088,-608
84,84,0.25,early_mover,sequential,1.75366536478407,9.58891616555343,26.0114779751871,-41
84,84,0.25,early_mover,coordinated,2.65500521201673,3.15639348235402,-11.2053245998395,-51
84,84,0.25,early_mover,delayed_coordination,2.03230048652458,-3.30362349343773,14.9185471161381,-98
84,84,0.25,sequential,coordinated,0.901339847232663,-6.43252268319941,-37.2168025750266,-10
84,84,0.25,sequential,delayed_coordination,0.278635121740507,-12.8925396589912,-11.0929308590489,-57
84,84,0.25,coordinated,delayed_coordination,-0.622704725492156,-6.46001697579175,26.1238717159777,-47
84,84,0.5,early_mover,sequential,-2.96947708351321,65.3614378308333,224.201880556723,-221
84,84,0.5,early_mover,coordinated,-2.03364129229577,81.7056791796397,141.879975597656,-477
84,84,0.5,early_mover,delayed_coordination,-3.65763693796664,79.606198108737,226.757650838089,-273
84,84,0.5,sequential,coordinated,0.935835791217443,16.3442413488065,-82.3219049590668,-256
84,84,0.5,sequential,delayed_coordination,-0.688159854453431,14.2447602779037,2.55577028136554,-52
84,84,0.5,coordinated,delayed_coordination,-1.62399564567087,-2.09948107090275,84.8776752404324,204
84,84,0.75,early_mover,sequential,13.7521045063435,-3.39725492843658,-54.2249098944042,337
84,84,0.75,early_mover,coordinated,23.1406769406079,-16.9910563709883,-219.724708597424,913
84,84,0.75,early_mover,delayed_coordination,11.0383520932619,4.94450345683549,-27.1044355957881,246
84,84,0.75,sequential,coordinated,9.38857243426433,-13.5938014425517,-165.49979870302,576
84,84,0.75,sequential,delayed_coordination,-2.71375241308166,8.34175838527207,27.120474298616,-91
84,84,0.75,coordinated,delayed_coordination,-12.102324847346,21.9355598278238,192.620273001636,-667
85,85,0.25,early_mover,sequential,1.82736680265234,3.04179969958579,46.2867731862571,49
85,85,0.25,early_mover,coordinated,-3.06765357267066,1.83482396081274,111.140560720341,-318
85,85,0.25,early_mover,delayed_coordination,-0.190367696176907,4.30339502687326,54.1075279334282,-49
85,85,0.25,sequential,coordinated,-4.895020375323,-1.20697573877305,64.8537875340835,-367
85,85,0.25,sequential,delayed_coordination,-2.01773449882924,1.26159532728747,7.82075474717112,-98
85,85,0.25,coordinated,delayed_coordination,2.87728587649376,2.46857106606052,-57.0330327869124,269
85,85,0.5,early_mover,sequential,4.98661835994962,1.25727143500194,8.2603578767978,223
85,85,0.5,early_mover,coordinated,2.90117034877792,-4.07019167387125,16.4088188021356,64
85,85,0.5,early_mover,delayed_coordination,3.19832712771932,3.9906157923869,33.1768241592245,77
85,85,0.5,sequential,coordinated,-2.08544801117169,-5.32746310887319,8.14846092533776,-159
85,85,0.5,sequential,delayed_coordination,-1.78829123223029,2.73334435738496,24.9164662824267,-146
85,85,0.5,coordinated,delayed_coordination,0.2971567789414,8.06080746625815,16.7680053570889,13
85,85,0.75,early_mover,sequential,0.615263731111085,15.9918920058558,110.354453014368,-207
85,85,0.75,early_mover,coordinated,-1.11197145948449,41.5078475522515,156.831945623443,-607
85,85,0.75,early_mover,delayed_coordination,0.803039232476593,18.5388961300956,137.192948916964,-188
85,85,0.75,sequential,coordinated,-1.72723519059558,25.5159555463958,46.4774926090749,-400
85,85,0.75,sequential,delayed_coordination,0.187775501365508,2.54700412423978,26.8384959025957,19
85,85,0.75,coordinated,delayed_coordination,1.91501069196109,-22.968951422156,-19.6389967064792,419
86,86,0.25,early_mover,sequential,0.863908571738818,2.8899069112058,38.0444551869386,-25
86,86,0.25,early_mover,coordinated,1.69328456704508,3.72999760289355,20.3654425166237,-35
86,86,0.25,early_mover,delayed_coordination,0.310797831576821,3.08909794909499,56.0426358808704,-48
86,86,0.25,sequential,coordinated,0.829375995306265,0.840090691687749,-17.6790126703149,-10
86,86,0.25,sequential,delayed_coordination,-0.553110740161998,0.199191037889193,17.9981806939318,-23
86,86,0.25,coordinated,delayed_coordination,-1.38248673546826,-0.640899653798556,35.6771933642467,-13
86,86,0.5,early_mover,sequential,6.13046396377963,-19.2421730809824,-17.5318199960047,101
86,86,0.5,early_mover,coordinated,7.5547526018505,-29.6782333871053,-83.3829451869515,170
86,86,0.5,early_mover,delayed_coordination,3.19561926144702,8.47903007890085,42.4534297314381,-10
86,86,0.5,sequential,coordinated,1.42428863807086,-10.4360603061229,-65.8511251909467,69
86,86,0.5,sequential,delayed_coordination,-2.93484470233261,27.7212031598832,59.9852497274428,-111
86,86,0.5,coordinated,delayed_coordination,-4.35913334040347,38.1572634660061,125.83637491839,-180
86,86,0.75,early_mover,sequential,9.59924328111261,5.46462414560898,45.4273289454045,257
86,86,0.75,early_mover,coordinated,29.3012280601007,-37.1628246560015,-249.568355241146,1049
86,86,0.75,early_mover,delayed_coordination,10.2230497836579,11.8664612872235,44.2850304146507,185
86,86,0.75,sequential,coordinated,19.7019847789881,-42.6274488016105,-294.995684186551,792
86,86,0.75,sequential,delayed_coordination,0.623806502545335,6.40183714161452,-1.14229853075381,-72
86,86,0.75,coordinated,delayed_coordination,-19.0781782764428,49.029285943225,293.853385655797,-864
87,87,0.25,early_mover,sequential,0.0528682118991242,5.26958793632542,49.5240021202376,-127
87,87,0.25,early_mover,coordinated,-2.52740735253688,6.2432647892179,85.6705341457077,-283
87,87,0.25,early_mover,delayed_coordination,-0.354072942206329,11.7339937115358,67.1229501285138,-120
87,87,0.25,sequential,coordinated,-2.58027556443601,0.973676852892481,36.1465320254702,-156
87,87,0.25,sequential,delayed_coordination,-0.406941154105454,6.46440577521037,17.5989480082762,7
87,87,0.25,coordinated,delayed_coordination,2.17333441033055,5.49072892231789,-18.5475840171939,163
87,87,0.5,early_mover,sequential,-1.96727572850617,26.907193604774,191.595850248595,-233
87,87,0.5,early_mover,coordinated,-2.59972186422985,38.9658492086235,218.17371246052,-485
87,87,0.5,early_mover,delayed_coordination,0.421411874630977,13.6008671438145,153.800688237164,-154
87,87,0.5,sequential,coordinated,-0.632446135723683,12.0586556038496,26.5778622119253,-252
87,87,0.5,sequential,delayed_coordination,2.38868760313714,-13.3063264609594,-37.7951620114309,79
87,87,0.5,coordinated,delayed_coordination,3.02113373886083,-25.364982064809,-64.3730242233562,331
87,87,0.75,early_mover,sequential,5.73592278771557,7.53254369770377,18.4662458493815,184
87,87,0.75,early_mover,coordinated,7.29649538946919,-0.0196971440831817,-1.3430666265881,59
87,87,0.75,early_mover,delayed_coordination,3.91368101362026,7.66727064559555,58.7073943757141,-43
87,87,0.75,sequential,coordinated,1.56057260175362,-7.55224084178695,-19.8093124759696,-125
87,87,0.75,sequential,delayed_coordination,-1.8222417740953,0.134726947891778,40.2411485263326,-227
87,87,0.75,coordinated,delayed_coordination,-3.38281437584892,7.68696778967873,60.0504610023022,-102
88,88,0.25,early_mover,sequential,0.509445720110122,7.239244919849,54.3320879481785,-8
88,88,0.25,early_mover,coordinated,-0.574556388683789,-3.15820422613075,31.1563832819302,-52
88,88,0.25,early_mover,delayed_coordination,0.862207793253859,2.51256531450849,54.9316220105725,-22
88,88,0.25,sequential,coordinated,-1.08400210879391,-10.3974491459797,-23.1757046662483,-44
88,88,0.25,sequential,delayed_coordination,0.352762073143737,-4.72667960534051,0.599534062394014,-14
88,88,0.25,coordinated,delayed_coordination,1.43676418193765,5.67076954063924,23.7752387286423,30
88,88,0.5,early_mover,sequential,0.0479569650654668,7.44036168687677,101.714301915734,-180
88,88,0.5,early_mover,coordinated,0.58663973107933,13.6234010482615,75.5735710144352,-250
88,88,0.5,early_mover,delayed_coordination,2.27009414576334,7.6663134749794,52.0003534868692,-4
88,88,0.5,sequential,coordinated,0.538682766013864,6.18303936138471,-26.1407309012984,-70
88,88,0.5,sequential,delayed_coordination,2.22213718069787,0.225951788102634,-49.7139484288643,176
88,88,0.5,coordinated,delayed_coordination,1.68345441468401,-5.95708757328208,-23.5732175275659,246
88,88,0.75,early_mover,sequential,9.25135966614803,3.71667640228748,2.37318731053824,255
88,88,0.75,early_mover,coordinated,15.2370878431358,-17.2998680591691,-92.6958661549966,587
88,88,0.75,early_mover,delayed_coordination,4.61811499203753,14.2244583507225,50.4259430020011,114
88,88,0.75,sequential,coordinated,5.98572817698779,-21.0165444614566,-95.0690534655348,332
88,88,0.75,sequential,delayed_coordination,-4.6332446741105,10.507781948435,48.0527556914628,-141
88,88,0.75,coordinated,delayed_coordination,-10.6189728510983,31.5243264098916,143.121809156998,-473
89,89,0.25,early_mover,sequential,1.7081031852084,4.66519851177583,19.5074012654732,-21
89,89,0.25,early_mover,coordinated,0.634139484740601,19.1264044998317,47.5690109187672,-86
89,89,0.25,early_mover,delayed_coordination,1.18554079795621,8.36125755464877,23.8274523120981,-35
89,89,0.25,sequential,coordinated,-1.0739637004678,14.4612059880558,28.061609653294,-65
89,89,0.25,sequential,delayed_coordination,-0.522562387252194,3.69605904287295,4.32005104662494,-14
89,89,0.25,coordinated,delayed_coordination,0.551401313215607,-10.7651469451829,-23.7415586066691,51
89,89,0.5,early_mover,sequential,6.47454721170497,2.75938018034844,-40.4540592982974,134
89,89,0.5,early_mover,coordinated,-0.873418003150746,23.0164694225302,115.935027285539,-416
89,89,0.5,early_mover,delayed_coordination,1.82896246311944,13.1326171855322,87.4357203489405,-115
89,89,0.5,sequential,coordinated,-7.34796521485572,20.2570892421817,156.389086583836,-550
89,89,0.5,sequential,delayed_coordination,-4.64558474858553,10.3732370051838,127.889779647238,-249
89,89,0.5,coordinated,delayed_coordination,2.70238046627018,-9.88385223699794,-28.4993069365983,301
89,89,0.75,early_mover,sequential,11.3925086019558,17.0404859522505,25.2885900026508,325
89,89,0.75,early_mover,coordinated,24.9672452722517,-25.5409475906439,-160.857622400176,631
89,89,0.75,early_mover,delayed_coordination,9.57123065011048,9.94793465276348,61.3359639473492,19
89,89,0.75,sequential,coordinated,13.5747366702959,-42.5814335428945,-186.146212402827,306
89,89,0.75,sequential,delayed_coordination,-1.82127795184532,-7.09255129948707,36.0473739446984,-306
89,89,0.75,coordinated,delayed_coordination,-15.3960146221413,35.4888822434074,222.193586347526,-612
90,90,0.25,early_mover,sequential,0.876097963362767,8.87105559246157,32.4142169431721,-38
90,90,0.25,early_mover,coordinated,-2.30969102020723,15.8371487724858,105.377253276018,-342
90,90,0.25,early_mover,delayed_coordination,0.272911949483415,14.7332626834939,37.9306738483174,-65
90,90,0.25,sequential,coordinated,-3.18578898356999,6.96609318002419,72.9630363328461,-304
90,90,0.25,sequential,delayed_coordination,-0.603186013879352,5.8622070910323,5.51645690514533,-27
90,90,0.25,coordinated,delayed_coordination,2.58260296969064,-1.10388608899189,-67.4465794277007,277
90,90,0.5,early_mover,sequential,4.75863998917927,3.98508647577995,-9.48192615035532,194
90,90,0.5,early_mover,coordinated,7.04696383177493,-9.1853855930392,-44.0561063371981,174
90,90,0.5,early_mover,delayed_coordination,2.88059278418353,9.39964156923145,36.2727739094776,29
90,90,0.5,sequential,coordinated,2.28832384259566,-13.1704720688192,-34.5741801868428,-20
90,90,0.5,sequential,delayed_coordination,-1.87804720499574,5.4145550934515,45.7547000598329,-165
90,90,0.5,coordinated,delayed_coordination,-4.1663710475914,18.5850271622706,80.3288802466757,-145
90,90,0.75,early_mover,sequential,14.6075687018857,14.796681814927,-48.7950898701038,340
90,90,0.75,early_mover,coordinated,29.9231782257234,-9.12368369440219,-291.696677273825,1232
90,90,0.75,early_mover,delayed_coordination,12.3571076123914,16.0524478256067,4.62270229603018,263
90,90,0.75,sequential,coordinated,15.3156095238377,-23.9203655093291,-242.901587403721,892
90,90,0.75,sequential,delayed_coordination,-2.25046108949434,1.25576601067974,53.4177921661339,-77
90,90,0.75,coordinated,delayed_coordination,-17.566070613332,25.1761315200089,296.319379569855,-969
91,91,0.25,early_mover,sequential,1.26150972115056,2.31270250786253,43.3044672490505,-43
91,91,0.25,early_mover,coordinated,2.97472910023703,-3.42785017723446,5.32297532186794,43
91,91,0.25,early_mover,delayed_coordination,1.12742614038052,-0.372780272550017,32.0191045576662,-33
91,91,0.25,sequential,coordinated,1.71321937908647,-5.74055268509699,-37.9814919271826,86
91,91,0.25,sequential,delayed_coordination,-0.134083580770039,-2.68548278041254,-11.2853626913843,10
91,91,0.25,coordinated,delayed_coordination,-1.84730295985651,3.05506990468444,26.6961292357983,-76
91,91,0.5,early_mover,sequential,4.34616458125572,4.05527639080827,18.5579065435891,87
91,91,0.5,early_mover,coordinated,-1.28321242760678,24.5776795675031,120.176977983608,-301
91,91,0.5,early_mover,delayed_coordination,3.93245583319087,1.3237524807675,17.5767883274739,117
91,91,0.5,sequential,coordinated,-5.62937700886251,20.5224031766949,101.619071440019,-388
91,91,0.5,sequential,delayed_coordination,-0.413708748064849,-2.73152391004078,-0.981118216115192,30
91,91,0.5,coordinated,delayed_coordination,5.21566826079766,-23.2539270867356,-102.600189656134,418
91,91,0.75,early_mover,sequential,3.47774353586574,11.8765312412646,86.0456498623373,-35
91,91,0.75,early_mover,coordinated,6.54454096663152,7.11365068530432,13.2582348030089,86
91,91,0.75,early_mover,delayed_coordination,2.99539148703745,12.777103821462,79.4522838421808,-2
91,91,0.75,sequential,coordinated,3.06679743076577,-4.76288055596032,-72.7874150593284,121
91,91,0.75,sequential,delayed_coordination,-0.48235204882829,0.90057258019732,-6.59336602015651,33
91,91,0.75,coordinated,delayed_coordination,-3.54914947959406,5.66345313615764,66.1940490391719,-88
92,92,0.25,early_mover,sequential,2.49123090656092,-2.32109697805885,21.2329653294501,-3
92,92,0.25,early_mover,coordinated,3.57742009595164,-1.74236270373103,-40.679174976181,97
92,92,0.25,early_mover,delayed_coordination,1.85737673768908,11.1635138749793,40.5822851232947,18
92,92,0.25,sequential,coordinated,1.08618918939072,0.578734274327815,-61.9121403056311,100
92,92,0.25,sequential,delayed_coordination,-0.633854168871835,13.4846108530381,19.3493197938446,21
92,92,0.25,coordinated,delayed_coordination,-1.72004335826256,12.9058765787103,81.2614600994757,-79
92,92,0.5,early_mover,sequential,2.67867600731044,8.18551059251757,47.8110941524692,-37
92,92,0.5,early_mover,coordinated,6.43421551385725,-5.60407702151531,15.4115007332575,61
92,92,0.5,early_mover,delayed_coordination,1.54710663092052,11.5946313649789,63.1669432534991,-90
92,92,0.5,sequential,coordinated,3.75553950654681,-13.7895876140329,-32.3995934192117,98
92,92,0.5,sequential,delayed_coordination,-1.13156937638992,3.40912077246134,15.3558491010299,-53
92,92,0.5,coordinated,delayed_coordination,-4.88710888293673,17.1987083864942,47.7554425202416,-151
92,92,0.75,early_mover,sequential,7.48077489542098,-2.95613438033749,42.0396705246339,229
92,92,0.75,early_mover,coordinated,10.7253171040848,-17.8666486726595,-50.7128706589772,460
92,92,0.75,early_mover,delayed_coordination,7.04060388106187,9.12314688214744,60.7121699737443,146
92,92,0.75,sequential,coordinated,3.2445422086638,-14.910514292322,-92.7525411836111,231
92,92,0.75,sequential,delayed_coordination,-0.440171014359109,12.0792812624849,18.6724994491103,-83
92,92,0.75,coordinated,delayed_coordination,-3.68471322302291,26.9897955548069,111.425040632721,-314
93,93,0.25,early_mover,sequential,1.49300655650711,7.91395274478748,27.1552322205289,32
93,93,0.25,early_mover,coordinated,1.48603313724988,6.1498369133185,36.5734546604863,-75
93,93,0.25,early_mover,delayed_coordination,1.10047095163253,6.77155670769372,35.8857545330693,32
93,93,0.25,sequential,coordinated,-0.00697341925723549,-1.76411583146898,9.41822243995739,-107
93,93,0.25,sequential,delayed_coordination,-0.392535604874581,-1.14239603709376,8.73052231254042,0
93,93,0.25,coordinated,delayed_coordination,-0.385562185617346,0.621719794375224,-0.687700127416974,107
93,93,0.5,early_mover,sequential,4.32502027029375,0.797666058817612,23.9266284341252,215
93,93,0.5,early_mover,coordinated,6.06910956486985,-16.8693385660744,-53.6946453880912,350
93,93,0.5,early_mover,delayed_coordination,1.28532458852209,12.1502813672017,65.97479661886,1
93,93,0.5,sequential,coordinated,1.7440892945761,-17.667004624892,-77.6212738222164,135
93,93,0.5,sequential,delayed_coordination,-3.03969568177166,11.3526153083841,42.0481681847348,-214
93,93,0.5,coordinated,delayed_coordination,-4.78378497634776,29.0196199332761,119.669442006951,-349
93,93,0.75,early_mover,sequential,6.85472797282658,3.99494377196157,68.4911392188328,119
93,93,0.75,early_mover,coordinated,10.5785988638791,-5.6490943659299,-53.868053159239,273
93,93,0.75,early_mover,delayed_coordination,2.50617476044275,11.1559963671669,90.6062276810144,51
93,93,0.75,sequential,coordinated,3.7238708910525,-9.64403813789147,-122.359192378072,154
93,93,0.75,sequential,delayed_coordination,-4.34855321238383,7.16105259520535,22.1150884621816,-68
93,93,0.75,coordinated,delayed_coordination,-8.07242410343633,16.8050907330968,144.474280840253,-222
94,94,0.25,early_mover,sequential,1.16134736942692,17.2478435363767,58.3221778973375,-34
94,94,0.25,early_mover,coordinated,1.49065374415045,1.52655523500363,30.699638370616,-45
94,94,0.25,early_mover,delayed_coordination,0.647438015476268,23.5857251819982,83.9488376663003,-80
94,94,0.25,sequential,coordinated,0.329306374723529,-15.7212883013731,-27.6225395267215,-11
94,94,0.25,sequential,delayed_coordination,-0.513909353950652,6.33788164562145,25.6266597689628,-46
94,94,0.25,coordinated,delayed_coordination,-0.843215728674181,22.0591699469945,53.2491992956843,-35
94,94,0.5,early_mover,sequential,3.99823923682177,5.43551094020302,-1.65905104667581,-3
94,94,0.5,early_mover,coordinated,1.68788082823102,3.61106491461271,23.1571184492127,-62
94,94,0.5,early_mover,delayed_coordination,2.81178748764106,2.17949683209224,30.8345628841294,-55
94,94,0.5,sequential,coordinated,-2.31035840859076,-1.8244460255903,24.8161694958885,-59
94,94,0.5,sequential,delayed_coordination,-1.18645174918072,-3.25601410811078,32.4936139308052,-52
94,94,0.5,coordinated,delayed_coordination,1.12390665941004,-1.43156808252047,7.67744443491665,7
94,94,0.75,early_mover,sequential,6.55534121113797,10.2057524956725,56.2894022343523,18
94,94,0.75,early_mover,coordinated,4.52139152287063,35.5517665969652,100.228458175318,-370
94,94,0.75,early_mover,delayed_coordination,5.30535785204614,9.04923148534897,66.9742251677674,-38
94,94,0.75,sequential,coordinated,-2.03394968826734,25.3460141012927,43.9390559409655,-388
94,94,0.75,sequential,delayed_coordination,-1.24998335909183,-1.15652101032356,10.684822933415,-56
94,94,0.75,coordinated,delayed_coordination,0.783966329175513,-26.5025351116162,-33.2542330075505,332
95,95,0.25,early_mover,sequential,1.09356587360097,2.87945657279244,13.6044029574196,-7
95,95,0.25,early_mover,coordinated,1.62505020382213,-10.3911759007403,1.44353014156422,51
95,95,0.25,early_mover,delayed_coordination,1.49415089509738,-1.12598628950673,2.6855332144205,20
95,95,0.25,sequential,coordinated,0.531484330221161,-13.2706324735328,-12.1608728158553,58
95,95,0.25,sequential,delayed_coordination,0.400585021496411,-4.00544286229916,-10.918869742999,27
95,95,0.25,coordinated,delayed_coordination,-0.13089930872475,9.26518961123361,1.24200307285628,-31
95,95,0.5,early_mover,sequential,1.51656719074357,5.20478986886843,51.1661749402779,-30
95,95,0.5,early_mover,coordinated,7.46156004742042,-6.2608388630245,-85.057901735217,263
95,95,0.5,early_mover,delayed_coordination,-1.76273202580398,12.5838956221553,83.8947028145308,-205
95,95,0.5,sequential,coordinated,5.94499285667685,-11.4656287318929,-136.224076675495,293
95,95,0.5,sequential,delayed_coordination,-3.27929921654756,7.37910575328686,32.7285278742529,-175
95,95,0.5,coordinated,delayed_coordination,-9.2242920732244,18.8447344851798,168.952604549748,-468
95,95,0.75,early_mover,sequential,10.3259905775827,15.1585440584468,10.6472488591546,311
95,95,0.75,early_mover,coordinated,13.3893404119381,-23.7034367597651,-8.4459048526071,494
95,95,0.75,early_mover,delayed_coordination,7.12477049875987,9.32715205567445,46.7283235929917,86
95,95,0.75,sequential,coordinated,3.06334983435536,-38.8619808182119,-19.0931537117617,183
95,95,0.75,sequential,delayed_coordination,-3.20122007882287,-5.83139200277239,36.0810747338371,-225
95,95,0.75,coordinated,delayed_coordination,-6.26456991317824,33.0305888154395,55.1742284455988,-408
96,96,0.25,early_mover,sequential,0.263263565047495,6.52475841594395,32.2657315173901,-30
96,96,0.25,early_mover,coordinated,0.6002501296758,2.01185194973721,1.86574364081844,-102
96,96,0.25,early_mover,delayed_coordination,1.33597650796213,8.89244451187687,17.010609069187,-21
96,96,0.25,sequential,coordinated,0.336986564628305,-4.51290646620674,-30.3999878765717,-72
96,96,0.25,sequential,delayed_coordination,1.07271294291463,2.36768609593292,-15.2551224482031,9
96,96,0.25,coordinated,delayed_coordination,0.73572637828633,6.88059256213967,15.1448654283686,81
96,96,0.5,early_mover,sequential,0.933627147690316,4.38821787124596,51.7873350681803,-22
96,96,0.5,early_mover,coordinated,2.40322186626807,10.6054570428066,25.5861434148455,-53
96,96,0.5,early_mover,delayed_coordination,2.34731601875595,23.1668396016855,80.0629139707535,4
96,96,0.5,sequential,coordinated,1.46959471857775,6.21723917156066,-26.2011916533347,-31
96,96,0.5,sequential,delayed_coordination,1.41368887106563,18.7786217304396,28.2755789025732,26
96,96,0.5,coordinated,delayed_coordination,-0.0559058475121219,12.5613825588789,54.4767705559079,57
96,96,0.75,early_mover,sequential,-0.348434139840634,30.7426305772296,114.28259991022,-189
96,96,0.75,early_mover,coordinated,0.825049609941203,6.98919336239348,65.4743687445662,-232
96,96,0.75,early_mover,delayed_coordination,6.08840282116901,1.03414214910541,20.0143699394766,120
96,96,0.75,sequential,coordinated,1.17348374978184,-23.7534372148361,-48.808231165654,-43
96,96,0.75,sequential,delayed_coordination,6.43683696100965,-29.7084884281242,-94.2682299707435,309
96,96,0.75,coordinated,delayed_coordination,5.26335321122781,-5.95505121328807,-45.4599988050895,352
97,97,0.25,early_mover,sequential,0.72212995211342,2.90545264386299,30.2273830753666,35
97,97,0.25,early_mover,coordinated,0.861175040644426,-0.91114764296816,62.6742769295015,-80
97,97,0.25,early_mover,delayed_coordination,1.56750510187833,-2.03971745961951,50.6552126631727,1
97,97,0.25,sequential,coordinated,0.139045088531006,-3.81660028683115,32.4468938541349,-115
97,97,0.25,sequential,delayed_coordination,0.845375149764905,-4.9451701034825,20.4278295878062,-34
97,97,0.25,coordinated,delayed_coordination,0.706330061233899,-1.12856981665135,-12.0190642663288,81
97,97,0.5,early_mover,sequential,5.06825861644846,5.1597829108033,41.096497587896,81
97,97,0.5,early_mover,coordinated,11.8569301051822,-40.137601985098,-75.2801448553391,438
97,97,0.5,early_mover,delayed_coordination,4.197792174513,4.78780381026104,45.4220625387925,176
97,97,0.5,sequential,coordinated,6.78867148873378,-45.2973848959013,-116.376642443235,357
97,97,0.5,sequential,delayed_coordination,-0.870466441935463,-0.371979100542262,4.32556495089648,95
97,97,0.5,coordinated,delayed_coordination,-7.65913793066925,44.925405795359,120.702207394132,-262
97,97,0.75,early_mover,sequential,14.8092017664767,0.851582608942351,-5.91114211704939,441
97,97,0.75,early_mover,coordinated,28.0896946617885,-82.2801387009029,-278.090332615162,1542
97,97,0.75,early_mover,delayed_coordination,12.7463981244327,-4.09405739262274,-31.4695660434093,569
97,97,0.75,sequential,coordinated,13.2804928953118,-83.1317213098453,-272.179190498112,1101
97,97,0.75,sequential,delayed_coordination,-2.06280364204405,-4.9456400015651,-25.5584239263599,128
97,97,0.75,coordinated,delayed_coordination,-15.3432965373558,78.1860813082802,246.620766571752,-973
98,98,0.25,early_mover,sequential,2.3859049175456,4.98815461969997,19.3526980027418,74
98,98,0.25,early_mover,coordinated,3.84812270326368,-5.838433352631,-7.73697829978755,-5
98,98,0.25,early_mover,delayed_coordination,3.05666953631675,14.2225044546205,2.77315440596703,9
98,98,0.25,sequential,coordinated,1.46221778571808,-10.826587972331,-27.0896763025294,-79
98,98,0.25,sequential,delayed_coordination,0.670764618771145,9.23434983492058,-16.5795435967748,-65
98,98,0.25,coordinated,delayed_coordination,-0.791453166946937,20.0609378072515,10.5101327057546,14
98,98,0.5,early_mover,sequential,1.17324418099319,29.3976800042294,33.9552657801589,-8
98,98,0.5,early_mover,coordinated,1.39874896142953,35.9793592446226,80.1354113058924,-256
98,98,0.5,early_mover,delayed_coordination,0.266261957214866,39.8751125542551,65.2490868688415,-83
98,98,0.5,sequential,coordinated,0.225504780436339,6.58167924039327,46.1801455257335,-248
98,98,0.5,sequential,delayed_coordination,-0.906982223778328,10.4774325500257,31.2938210886825,-75
98,98,0.5,coordinated,delayed_coordination,-1.13248700421467,3.89575330963243,-14.8863244370509,173
98,98,0.75,early_mover,sequential,7.24499979870167,0.555587230425147,22.8204556875394,189
98,98,0.75,early_mover,coordinated,6.30415158281923,0.688416065277835,10.478302534875,19
98,98,0.75,early_mover,delayed_coordination,2.34472948323442,8.99776985215368,35.810239861667,24
98,98,0.75,sequential,coordinated,-0.94084821588244,0.132828834852688,-12.3421531526644,-170
98,98,0.75,sequential,delayed_coordination,-4.90027031546725,8.44218262172853,12.9897841741276,-165
98,98,0.75,coordinated,delayed_coordination,-3.95942209958481,8.30935378687585,25.3319373267921,5
99,99,0.25,early_mover,sequential,-0.133545015786254,-1.09737033303128,47.639012904091,-77
99,99,0.25,early_mover,coordinated,0.186633778262689,5.41551258766037,33.3589103203594,-56
99,99,0.25,early_mover,delayed_coordination,-0.0150769613414496,7.23126331098177,49.8144835169319,-100
99,99,0.25,sequential,coordinated,0.320178794048942,6.51288292069165,-14.2801025837316,21
99,99,0.25,sequential,delayed_coordination,0.118468054444804,8.32863364401305,2.17547061284085,-23
99,99,0.25,coordinated,delayed_coordination,-0.201710739604138,1.8157507233214,16.4555731965725,-44
99,99,0.5,early_mover,sequential,0.477787358361908,6.78783343047627,65.6808379378078,85
99,99,0.5,early_mover,coordinated,2.16979897031267,-8.34804267568398,-21.6944740197828,-14
99,99,0.5,early_mover,delayed_coordination,0.550932988183675,8.25792197274126,97.6530069849819,-1
99,99,0.5,sequential,coordinated,1.69201161195076,-15.1358761061603,-87.3753119575906,-99
99,99,0.5,sequential,delayed_coordination,0.0731456298217665,1.47008854226499,31.972169047174,-86
99,99,0.5,coordinated,delayed_coordination,-1.61886598212899,16.6059646484252,119.347481004765,13
99,99,0.75,early_mover,sequential,4.3409379043346,-2.56212982285032,107.751259456784,-28
99,99,0.75,early_mover,coordinated,10.4572659241419,-12.3009382274532,-15.4080589577918,353
99,99,0.75,early_mover,delayed_coordination,2.38784754243585,-0.813904001468416,116.702009116058,8
99,99,0.75,sequential,coordinated,6.11632801980728,-9.73880840460291,-123.159318414575,381
99,99,0.75,sequential,delayed_coordination,-1.95309036189875,1.74822582138191,8.95074965927415,36
99,99,0.75,coordinated,delayed_coordination,-8.06941838170603,11.4870342259848,132.11006807385,-345
100,100,0.25,early_mover,sequential,1.33958866386268,2.74874117922587,7.54138226446366,59
100,100,0.25,early_mover,coordinated,0.274474564035557,2.41774614927158,41.6895414937408,6
100,100,0.25,early_mover,delayed_coordination,1.74123578598407,2.28587029502637,16.4790983138337,14
100,100,0.25,sequential,coordinated,-1.06511409982713,-0.330995029954295,34.1481592292771,-53
100,100,0.25,sequential,delayed_coordination,0.401647122121389,-0.462870884199504,8.93771604937001,-45
100,100,0.25,coordinated,delayed_coordination,1.46676122194852,-0.131875854245209,-25.2104431799071,8
100,100,0.5,early_mover,sequential,5.58692229049105,3.57505461526191,1.88179063730399,260
100,100,0.5,early_mover,coordinated,7.12199684452605,19.4310823134562,-2.67473660377027,205
100,100,0.5,early_mover,delayed_coordination,1.8549900332726,27.0339085569743,83.7557141963041,48
100,100,0.5,sequential,coordinated,1.53507455403501,15.8560276981943,-4.55652724107426,-55
100,100,0.5,sequential,delayed_coordination,-3.73193225721845,23.4588539417124,81.8739235590001,-212
100,100,0.5,coordinated,delayed_coordination,-5.26700681125345,7.60282624351814,86.4304508000744,-157
100,100,0.75,early_mover,sequential,12.1670576665566,-2.91453128762731,-7.15601014269328,453
100,100,0.75,early_mover,coordinated,0.614929482517567,29.6717501653399,95.5965191923522,-169
100,100,0.75,early_mover,delayed_coordination,4.48729342872053,26.0886874436724,84.3819155974847,-9
100,100,0.75,sequential,coordinated,-11.552128184039,32.5862814529672,102.752529335045,-622
100,100,0.75,sequential,delayed_coordination,-7.67976423783605,29.0032187312997,91.537925740178,-462
100,100,0.75,coordinated,delayed_coordination,3.87236394620297,-3.58306272166743,-11.2146035948674,160
