replication,seed,policyPenalty,scenarioID,scenarioName,finalFitness,finalRisk,finalTrade,finalRecoveringLinks,totalSwitches,localSwitches,globalSwitches
1,1,0.25,baseline,Baseline,123.409902094528,388.905688852563,2626.28447587375,77,1531,594,937
1,1,0.25,early_mover,Early Mover,113.551360426382,344.857958918829,2474.62192917747,107,1849,784,1065
1,1,0.25,sequential,Sequential,111.88909605309,342.641646513971,2447.56261735196,108,1864,783,1081
1,1,0.25,coordinated,Coordinated,112.163934499662,359.092891627762,2472.8968640546,98,1788,747,1041
1,1,0.25,delayed_coordination,Delayed Coordination,111.808388814964,342.621073417754,2447.61122877455,111,1853,776,1077
1,1,0.5,baseline,Baseline,123.409902094528,388.905688852563,2626.28447587375,77,1531,594,937
1,1,0.5,early_mover,Early Mover,122.312911826272,276.857362878702,1906.95515763826,223,3466,1063,2403
1,1,0.5,sequential,Sequential,123.149814504869,244.232515342964,1755.9857980025,245,3612,1112,2500
1,1,0.5,coordinated,Coordinated,117.270733718121,288.737803641952,1905.1838276424,207,3485,1102,2383
1,1,0.5,delayed_coordination,Delayed Coordination,122.572753333865,252.632127155263,1790.17362975759,243,3668,1117,2551
1,1,0.75,baseline,Baseline,123.409902094528,388.905688852563,2626.28447587375,77,1531,594,937
1,1,0.75,early_mover,Early Mover,128.484485102486,232.756240675899,1614.70908058431,241,4264,566,3698
1,1,0.75,sequential,Sequential,122.389469019005,214.771899729824,1547.16395296281,237,4238,656,3582
1,1,0.75,coordinated,Coordinated,109.203695880957,241.759813625759,1769.73333969151,181,3515,635,2880
1,1,0.75,delayed_coordination,Delayed Coordination,123.089000331163,215.552087770169,1544.36293453441,242,4196,617,3579
2,2,0.25,baseline,Baseline,122.62599675657,393.21231572829,2604.53433086301,83,1741,638,1103
2,2,0.25,early_mover,Early Mover,113.62747293016,341.261674927991,2348.56433776701,139,2341,961,1380
2,2,0.25,sequential,Sequential,113.772535252776,339.667238095625,2327.468345668,140,2381,961,1420
2,2,0.25,coordinated,Coordinated,111.700955842581,343.338981186514,2352.91402396243,134,2317,894,1423
2,2,0.25,delayed_coordination,Delayed Coordination,112.71778695818,340.445399809051,2337.58543676228,135,2331,932,1399
2,2,0.5,baseline,Baseline,122.62599675657,393.21231572829,2604.53433086301,83,1741,638,1103
2,2,0.5,early_mover,Early Mover,124.70203551947,257.853408134083,1738.25049385161,261,4276,1226,3050
2,2,0.5,sequential,Sequential,121.897330502215,248.414320038528,1679.93733086594,280,4310,1297,3013
2,2,0.5,coordinated,Coordinated,121.671496601204,251.422633144648,1686.98449866941,254,4264,1174,3090
2,2,0.5,delayed_coordination,Delayed Coordination,121.585454017342,261.69632978306,1702.26697877439,265,4327,1270,3057
2,2,0.75,baseline,Baseline,122.62599675657,393.21231572829,2604.53433086301,83,1741,638,1103
2,2,0.75,early_mover,Early Mover,131.63471654459,229.607169179939,1487.07993119883,273,4591,593,3998
2,2,0.75,sequential,Sequential,118.641064264755,247.961743579705,1529.12524837063,207,4019,544,3475
2,2,0.75,coordinated,Coordinated,128.487608852672,210.92392655076,1430.60294518836,271,4914,661,4253
2,2,0.75,delayed_coordination,Delayed Coordination,121.75134134677,232.619675895885,1482.03010152194,227,4238,571,3667
3,3,0.25,baseline,Baseline,127.376172453757,413.161971118621,2590.35879427508,82,1645,630,1015
3,3,0.25,early_mover,Early Mover,113.489804385751,395.844682659976,2500.33969906603,94,1806,738,1068
3,3,0.25,sequential,Sequential,112.61226936254,390.857574543225,2463.65372941085,100,1852,730,1122
3,3,0.25,coordinated,Coordinated,112.512922052777,389.532840829848,2483.69845374809,95,1841,705,1136
3,3,0.25,delayed_coordination,Delayed Coordination,112.565105960472,393.5573327061,2475.00968972044,95,1832,725,1107
3,3,0.5,baseline,Baseline,127.376172453757,413.161971118621,2590.35879427508,82,1645,630,1015
3,3,0.5,early_mover,Early Mover,124.954933359321,296.37321999332,1833.18529342646,234,3773,1205,2568
3,3,0.5,sequential,Sequential,124.394326365786,277.430256894128,1754.00612631805,255,3835,1264,2571
3,3,0.5,coordinated,Coordinated,121.107439854344,292.677760004236,1773.24690828007,243,3877,1197,2680
3,3,0.5,delayed_coordination,Delayed Coordination,126.952231124834,277.039505705663,1685.19326665208,267,3979,1247,2732
3,3,0.75,baseline,Baseline,127.376172453757,413.161971118621,2590.35879427508,82,1645,630,1015
3,3,0.75,early_mover,Early Mover,135.744989037617,220.131244338103,1456.52026267098,269,4631,853,3778
3,3,0.75,sequential,Sequential,130.737877060563,210.793175815655,1416.64329512368,270,4518,933,3585
3,3,0.75,coordinated,Coordinated,119.537350806774,238.711895985105,1523.98185627234,242,4076,868,3208
3,3,0.75,delayed_coordination,Delayed Coordination,131.009840508509,216.151657490056,1393.84458879933,261,4545,864,3681
4,4,0.25,baseline,Baseline,122.444222007046,388.222152444097,2567.15396998536,99,1891,525,1366
4,4,0.25,early_mover,Early Mover,111.727485520853,355.850474925677,2372.2049564778,132,2375,814,1561
4,4,0.25,sequential,Sequential,109.336166668492,355.038595988957,2354.95670165377,135,2319,777,1542
4,4,0.25,coordinated,Coordinated,109.817389301603,373.413728156819,2372.09015905113,132,2280,734,1546
4,4,0.25,delayed_coordination,Delayed Coordination,111.191229448644,353.068040251878,2307.21873176583,140,2437,811,1626
4,4,0.5,baseline,Baseline,122.444222007046,388.222152444097,2567.15396998536,99,1891,525,1366
4,4,0.5,early_mover,Early Mover,125.078081098137,252.555685790038,1637.3771543941,268,4371,1062,3309
4,4,0.5,sequential,Sequential,121.494910688604,259.702654476614,1617.15460857784,280,4321,1131,3190
4,4,0.5,coordinated,Coordinated,117.437990668408,299.556569288894,1746.75276000042,253,4071,1131,2940
4,4,0.5,delayed_coordination,Delayed Coordination,122.440420067639,241.929156999902,1581.88206601595,285,4520,1160,3360
4,4,0.75,baseline,Baseline,122.444222007046,388.222152444097,2567.15396998536,99,1891,525,1366
4,4,0.75,early_mover,Early Mover,121.345360160659,282.892602045203,1627.01612679222,234,4244,531,3713
4,4,0.75,sequential,Sequential,115.612770901974,225.445584974513,1469.54404039105,250,4449,577,3872
4,4,0.75,coordinated,Coordinated,121.442419831381,205.140829256651,1445.87017403988,291,4929,670,4259
4,4,0.75,delayed_coordination,Delayed Coordination,117.721334851761,215.849398347814,1440.91240991357,260,4508,564,3944
5,5,0.25,baseline,Baseline,122.999682145179,375.753072594,2500.85760980198,97,2156,480,1676
5,5,0.25,early_mover,Early Mover,115.444985817905,353.221193879437,2288.75836415175,148,2707,918,1789
5,5,0.25,sequential,Sequential,114.892726563168,343.923620592145,2275.60153203313,152,2730,935,1795
5,5,0.25,coordinated,Coordinated,111.945482051715,346.168449276014,2313.71166044519,147,2703,894,1809
5,5,0.25,delayed_coordination,Delayed Coordination,112.957410425356,345.256201919891,2282.78894082858,148,2691,903,1788
5,5,0.5,baseline,Baseline,122.999682145179,375.753072594,2500.85760980198,97,2156,480,1676
5,5,0.5,early_mover,Early Mover,118.895829097692,275.995270092931,1851.0569143788,227,3791,1078,2713
5,5,0.5,sequential,Sequential,112.559154489061,281.056372629668,1901.3216047123,218,3623,1114,2509
5,5,0.5,coordinated,Coordinated,110.70512797609,305.843030416939,1966.26207469496,174,3422,1063,2359
5,5,0.5,delayed_coordination,Delayed Coordination,113.833006391221,294.830909747808,1908.52551284766,203,3595,1094,2501
5,5,0.75,baseline,Baseline,122.999682145179,375.753072594,2500.85760980198,97,2156,480,1676
5,5,0.75,early_mover,Early Mover,131.395239776657,235.239088129291,1501.21488966765,273,4797,611,4186
5,5,0.75,sequential,Sequential,123.991100451011,233.779879774909,1464.47916233728,286,4710,634,4076
5,5,0.75,coordinated,Coordinated,125.089024886548,225.022930238293,1467.80366621101,272,4731,744,3987
5,5,0.75,delayed_coordination,Delayed Coordination,127.487821889232,227.837129314443,1443.73041295829,281,4861,669,4192
6,6,0.25,baseline,Baseline,121.975141289964,365.804511914658,2527.51690733263,96,1959,588,1371
6,6,0.25,early_mover,Early Mover,111.190239899403,328.639091474261,2331.19054127771,97,1937,781,1156
6,6,0.25,sequential,Sequential,108.092905277751,333.310676336234,2339.64594669571,79,1866,748,1118
6,6,0.25,coordinated,Coordinated,112.220320928801,320.862669230275,2258.33414643886,122,2237,848,1389
6,6,0.25,delayed_coordination,Delayed Coordination,108.525814263594,333.370831901762,2341.19739242096,85,1883,730,1153
6,6,0.5,baseline,Baseline,121.975141289964,365.804511914658,2527.51690733263,96,1959,588,1371
6,6,0.5,early_mover,Early Mover,127.576854112926,254.933320135202,1672.51067823722,274,4362,1062,3300
6,6,0.5,sequential,Sequential,125.573045433173,248.224015472931,1651.62986315284,267,4351,1192,3159
6,6,0.5,coordinated,Coordinated,122.172575091648,257.18997343435,1678.96425575928,244,4238,1246,2992
6,6,0.5,delayed_coordination,Delayed Coordination,125.235227105998,247.560838443848,1662.12651273848,264,4293,1186,3107
6,6,0.75,baseline,Baseline,121.975141289964,365.804511914658,2527.51690733263,96,1959,588,1371
6,6,0.75,early_mover,Early Mover,129.259640543636,215.03914785166,1487.54698618412,270,4718,528,4190
6,6,0.75,sequential,Sequential,121.573398316384,210.965151525815,1449.80693016895,250,4485,539,3946
6,6,0.75,coordinated,Coordinated,117.572603922934,211.269423651452,1584.41323986133,229,4293,628,3665
6,6,0.75,delayed_coordination,Delayed Coordination,128.014415823075,198.759552801304,1398.95454090355,266,4690,532,4158
7,7,0.25,baseline,Baseline,126.285880825954,335.424054168838,2353.91426159706,123,2547,619,1928
7,7,0.25,early_mover,Early Mover,112.793045842434,324.01427753355,2255.3515543335,139,2644,786,1858
7,7,0.25,sequential,Sequential,112.207059357224,319.866774981775,2228.18864538159,153,2702,784,1918
7,7,0.25,coordinated,Coordinated,112.381055998987,315.446318747808,2216.92816099609,153,2802,786,2016
7,7,0.25,delayed_coordination,Delayed Coordination,111.960170862675,318.717895632297,2201.3839780534,161,2729,797,1932
7,7,0.5,baseline,Baseline,126.285880825954,335.424054168838,2353.91426159706,123,2547,619,1928
7,7,0.5,early_mover,Early Mover,119.142988874797,258.462191299714,1726.10463400483,226,4078,1077,3001
7,7,0.5,sequential,Sequential,117.81399162947,252.208906749522,1678.80086512606,245,4218,1112,3106
7,7,0.5,coordinated,Coordinated,118.805611715615,238.468990244378,1639.1037261194,257,4416,1135,3281
7,7,0.5,delayed_coordination,Delayed Coordination,114.575273335396,259.938565703739,1719.0633709251,229,4101,1065,3036
7,7,0.75,baseline,Baseline,126.285880825954,335.424054168838,2353.91426159706,123,2547,619,1928
7,7,0.75,early_mover,Early Mover,117.584922809239,224.534347059839,1531.17896000487,231,4402,605,3797
7,7,0.75,sequential,Sequential,106.580033399344,229.796536889502,1558.07529289833,198,3954,591,3363
7,7,0.75,coordinated,Coordinated,106.679519377114,242.603042801744,1571.50699685529,211,4128,744,3384
7,7,0.75,delayed_coordination,Delayed Coordination,115.205576059341,210.770016563466,1469.95609636297,243,4431,635,3796
8,8,0.25,baseline,Baseline,124.411283169884,344.552030241259,2373.25748789315,115,2261,551,1710
8,8,0.25,early_mover,Early Mover,111.624458077023,325.918146006344,2277.46574272975,133,2430,775,1655
8,8,0.25,sequential,Sequential,108.978217853221,325.373657463886,2293.81805161214,118,2299,707,1592
8,8,0.25,coordinated,Coordinated,110.02586669388,321.039851347778,2250.77080081677,150,2552,735,1817
8,8,0.25,delayed_coordination,Delayed Coordination,109.608447018885,320.870013646006,2259.28591422832,145,2476,753,1723
8,8,0.5,baseline,Baseline,124.411283169884,344.552030241259,2373.25748789315,115,2261,551,1710
8,8,0.5,early_mover,Early Mover,121.304060658927,231.665043898074,1622.71959232611,271,4371,1149,3222
8,8,0.5,sequential,Sequential,115.499857908592,234.378745888268,1653.78500417996,261,4294,1171,3123
8,8,0.5,coordinated,Coordinated,115.767971592379,237.377304898262,1697.90192502208,248,4227,1173,3054
8,8,0.5,delayed_coordination,Delayed Coordination,117.883489259908,229.822180146449,1617.73904854042,264,4358,1172,3186
8,8,0.75,baseline,Baseline,124.411283169884,344.552030241259,2373.25748789315,115,2261,551,1710
8,8,0.75,early_mover,Early Mover,114.476141229934,221.927043022939,1574.22650878529,229,4224,534,3690
8,8,0.75,sequential,Sequential,101.963991646648,226.347270490082,1588.05790633459,179,3640,536,3104
8,8,0.75,coordinated,Coordinated,105.620651883704,223.014205989551,1582.67654588769,232,4024,668,3356
8,8,0.75,delayed_coordination,Delayed Coordination,105.306504498154,219.451786617635,1540.03284724382,187,3829,529,3300
9,9,0.25,baseline,Baseline,126.134336117382,382.651208075247,2533.70637661774,102,2140,723,1417
9,9,0.25,early_mover,Early Mover,114.288740567407,360.59029323508,2382.3492308406,136,2347,918,1429
9,9,0.25,sequential,Sequential,113.421975452894,362.077252111725,2367.95515782648,141,2359,943,1416
9,9,0.25,coordinated,Coordinated,114.754155964733,344.299444964006,2334.54085663367,138,2465,981,1484
9,9,0.25,delayed_coordination,Delayed Coordination,114.715911387506,346.1656845749,2325.35652464724,148,2457,973,1484
9,9,0.5,baseline,Baseline,126.134336117382,382.651208075247,2533.70637661774,102,2140,723,1417
9,9,0.5,early_mover,Early Mover,120.957762088491,262.874877904633,1756.3419483951,267,4176,1204,2972
9,9,0.5,sequential,Sequential,116.781642670766,260.378744118661,1795.72899660208,264,4113,1321,2792
9,9,0.5,coordinated,Coordinated,119.173098364895,268.676482254043,1741.29442952014,244,4152,1265,2887
9,9,0.5,delayed_coordination,Delayed Coordination,118.844664856434,259.289461261696,1708.31321384727,259,4244,1257,2987
9,9,0.75,baseline,Baseline,126.134336117382,382.651208075247,2533.70637661774,102,2140,723,1417
9,9,0.75,early_mover,Early Mover,133.946839331923,220.230908350034,1453.27490740125,288,4992,723,4269
9,9,0.75,sequential,Sequential,129.615356299961,204.802314644908,1379.3627525808,276,4910,683,4227
9,9,0.75,coordinated,Coordinated,114.338649487257,228.75061633192,1602.20538333164,220,4159,731,3428
9,9,0.75,delayed_coordination,Delayed Coordination,132.822194134397,202.737010936444,1341.1648712026,290,4953,693,4260
10,10,0.25,baseline,Baseline,121.12507650568,377.312450933345,2611.49638986085,87,1773,548,1225
10,10,0.25,early_mover,Early Mover,112.557808798658,341.093422691551,2403.77908276011,131,2288,849,1439
10,10,0.25,sequential,Sequential,113.218447648704,328.78166755602,2321.80431047383,146,2375,866,1509
10,10,0.25,coordinated,Coordinated,112.484861868738,337.93709500687,2343.02338451348,131,2433,863,1570
10,10,0.25,delayed_coordination,Delayed Coordination,111.698377411533,334.233584324253,2361.94262864015,132,2368,855,1513
10,10,0.5,baseline,Baseline,121.12507650568,377.312450933345,2611.49638986085,87,1773,548,1225
10,10,0.5,early_mover,Early Mover,122.017903050189,269.116308479342,1830.55598704268,240,4265,977,3288
10,10,0.5,sequential,Sequential,121.872879253166,256.047833224991,1695.83250306106,269,4478,1031,3447
10,10,0.5,coordinated,Coordinated,121.812759230717,261.490199460016,1722.62174709098,273,4528,1120,3408
10,10,0.5,delayed_coordination,Delayed Coordination,122.184603967106,258.900664659112,1695.17254554805,274,4486,1092,3394
10,10,0.75,baseline,Baseline,121.12507650568,377.312450933345,2611.49638986085,87,1773,548,1225
10,10,0.75,early_mover,Early Mover,133.718380342341,228.842295431934,1533.61256862713,285,4749,492,4257
10,10,0.75,sequential,Sequential,122.328245327398,222.387768585452,1503.87335820913,247,4443,464,3979
10,10,0.75,coordinated,Coordinated,112.43686823962,221.759236755822,1646.13688683643,213,3944,656,3288
10,10,0.75,delayed_coordination,Delayed Coordination,126.488296137107,223.247594698517,1459.88104347381,265,4596,475,4121
11,11,0.25,baseline,Baseline,122.538837882093,365.505860819239,2526.48078579143,107,2006,467,1539
11,11,0.25,early_mover,Early Mover,113.971524700643,340.016961902024,2368.74452509995,144,2507,786,1721
11,11,0.25,sequential,Sequential,112.111268576132,324.575067429235,2329.76517476606,152,2530,771,1759
11,11,0.25,coordinated,Coordinated,108.062304490227,352.166304710641,2382.1616724023,138,2361,682,1679
11,11,0.25,delayed_coordination,Delayed Coordination,112.523602635105,333.069764997795,2323.45496521939,141,2565,781,1784
11,11,0.5,baseline,Baseline,122.538837882093,365.505860819239,2526.48078579143,107,2006,467,1539
11,11,0.5,early_mover,Early Mover,118.958112789984,271.051925374149,1899.99982054976,239,3863,906,2957
11,11,0.5,sequential,Sequential,120.06595640572,263.090725743482,1751.64306621395,256,4126,985,3141
11,11,0.5,coordinated,Coordinated,116.304090557919,263.573258379985,1824.60917131536,255,3996,953,3043
11,11,0.5,delayed_coordination,Delayed Coordination,119.239300542657,258.06742376554,1785.40466901081,249,3947,924,3023
11,11,0.75,baseline,Baseline,122.538837882093,365.505860819239,2526.48078579143,107,2006,467,1539
11,11,0.75,early_mover,Early Mover,125.599916588034,226.366005811459,1592.19861992999,259,4604,432,4172
11,11,0.75,sequential,Sequential,114.879073325762,216.29580972229,1566.47299016616,254,4426,442,3984
11,11,0.75,coordinated,Coordinated,108.572152371779,234.869687381243,1661.18292299476,231,4068,556,3512
11,11,0.75,delayed_coordination,Delayed Coordination,121.454253458753,205.654896967305,1504.41677710848,271,4525,453,4072
12,12,0.25,baseline,Baseline,124.307217503296,331.763044993455,2367.7325189163,133,2709,545,2164
12,12,0.25,early_mover,Early Mover,112.446089920095,314.766401559515,2215.86128523449,146,2972,739,2233
12,12,0.25,sequential,Sequential,111.221443880704,312.080055114604,2162.69147756205,161,3044,757,2287
12,12,0.25,coordinated,Coordinated,114.335716024951,311.652080777258,2162.25614273227,166,3190,752,2438
12,12,0.25,delayed_coordination,Delayed Coordination,112.392745703101,311.893228194073,2170.51338651529,166,3082,756,2326
12,12,0.5,baseline,Baseline,124.307217503296,331.763044993455,2367.7325189163,133,2709,545,2164
12,12,0.5,early_mover,Early Mover,117.251908989849,235.844539155758,1697.78157869462,253,4609,1082,3527
12,12,0.5,sequential,Sequential,117.814575683454,226.244614942255,1600.74997558391,264,4646,1135,3511
12,12,0.5,coordinated,Coordinated,119.328826163881,233.360795434952,1602.78675655517,292,4730,1154,3576
12,12,0.5,delayed_coordination,Delayed Coordination,118.900851897125,225.895532715774,1585.28815437803,268,4674,1119,3555
12,12,0.75,baseline,Baseline,124.307217503296,331.763044993455,2367.7325189163,133,2709,545,2164
12,12,0.75,early_mover,Early Mover,113.326996196773,219.40808664378,1552.46442923842,234,4549,471,4078
12,12,0.75,sequential,Sequential,104.726770288347,214.143992907451,1544.72734345272,221,4396,487,3909
12,12,0.75,coordinated,Coordinated,94.8609069621857,241.897914999662,1728.25556432592,178,3791,696,3095
12,12,0.75,delayed_coordination,Delayed Coordination,104.078228772991,214.207088990185,1555.38255310653,204,4207,488,3719
13,13,0.25,baseline,Baseline,124.243023609303,377.687743761073,2454.8957992683,119,2364,514,1850
13,13,0.25,early_mover,Early Mover,110.430438445422,363.66160957367,2333.14207454684,152,2501,760,1741
13,13,0.25,sequential,Sequential,108.647904666444,364.099970684753,2331.2565059172,153,2489,762,1727
13,13,0.25,coordinated,Coordinated,110.119591271785,345.002452435154,2296.85870151977,159,2611,813,1798
13,13,0.25,delayed_coordination,Delayed Coordination,107.792832027226,354.358633860825,2319.55358887399,148,2485,745,1740
13,13,0.5,baseline,Baseline,124.243023609303,377.687743761073,2454.8957992683,119,2364,514,1850
13,13,0.5,early_mover,Early Mover,120.847734091098,249.186874198747,1667.53457003904,280,4565,1212,3353
13,13,0.5,sequential,Sequential,120.20140661086,239.166262779787,1569.60241921477,309,4669,1318,3351
13,13,0.5,coordinated,Coordinated,116.783487151579,252.421879739488,1625.92295867292,261,4315,1281,3034
13,13,0.5,delayed_coordination,Delayed Coordination,119.737545883678,242.049734340509,1606.19914645275,283,4580,1297,3283
13,13,0.75,baseline,Baseline,124.243023609303,377.687743761073,2454.8957992683,119,2364,514,1850
13,13,0.75,early_mover,Early Mover,119.944933956651,211.441728522812,1480.56581284308,237,4524,594,3930
13,13,0.75,sequential,Sequential,109.434402592185,210.617479993831,1449.88541862732,221,4224,653,3571
13,13,0.75,coordinated,Coordinated,122.06982932668,217.674527001755,1377.6750847739,274,4792,799,3993
13,13,0.75,delayed_coordination,Delayed Coordination,112.179381950237,206.351289883955,1441.19834648275,221,4180,576,3604
14,14,0.25,baseline,Baseline,123.875449154238,359.58021065883,2555.11600260768,87,1738,486,1252
14,14,0.25,early_mover,Early Mover,111.763661909889,344.684558423547,2437.79283085065,112,2017,729,1288
14,14,0.25,sequential,Sequential,109.749779720621,341.954118593613,2432.0443601386,104,1928,705,1223
14,14,0.25,coordinated,Coordinated,111.501684256302,337.095750638189,2390.63607163814,117,2065,720,1345
14,14,0.25,delayed_coordination,Delayed Coordination,110.897867587125,336.29650657962,2407.14949065986,118,2018,726,1292
14,14,0.5,baseline,Baseline,123.875449154238,359.58021065883,2555.11600260768,87,1738,486,1252
14,14,0.5,early_mover,Early Mover,120.724760998912,255.727853800537,1805.59777208237,219,3732,1138,2594
14,14,0.5,sequential,Sequential,117.559176377306,254.048609814001,1777.74349913543,202,3657,1129,2528
14,14,0.5,coordinated,Coordinated,121.595032099686,239.966326459186,1678.73349408287,248,3869,1168,2701
14,14,0.5,delayed_coordination,Delayed Coordination,114.565827971312,282.036754452373,1855.20618800299,191,3542,1097,2445
14,14,0.75,baseline,Baseline,123.875449154238,359.58021065883,2555.11600260768,87,1738,486,1252
14,14,0.75,early_mover,Early Mover,140.704007786589,199.664593240591,1388.28812767621,290,5052,622,4430
14,14,0.75,sequential,Sequential,133.589416121847,194.350478628188,1346.01080732166,298,5040,691,4349
14,14,0.75,coordinated,Coordinated,126.56569434222,201.320693981067,1439.29811350903,267,4500,678,3822
14,14,0.75,delayed_coordination,Delayed Coordination,134.959413644124,193.164387666844,1333.69375264148,295,5076,664,4412
15,15,0.25,baseline,Baseline,123.695300625095,369.101920317739,2565.16332384631,99,1896,513,1383
15,15,0.25,early_mover,Early Mover,114.89160436345,352.929395564895,2428.83362202442,109,2123,744,1379
15,15,0.25,sequential,Sequential,115.482102713413,325.914932038102,2318.2008078878,137,2308,791,1517
15,15,0.25,coordinated,Coordinated,114.124686139975,326.457701795382,2318.99930561263,141,2515,815,1700
15,15,0.25,delayed_coordination,Delayed Coordination,114.602516874248,335.108754490325,2338.5906806498,132,2334,778,1556
15,15,0.5,baseline,Baseline,123.695300625095,369.101920317739,2565.16332384631,99,1896,513,1383
15,15,0.5,early_mover,Early Mover,120.776963739994,253.012198389068,1868.90036909945,223,3856,1058,2798
15,15,0.5,sequential,Sequential,119.394404160417,244.167126160611,1793.08643045997,251,3973,1127,2846
15,15,0.5,coordinated,Coordinated,120.671890069632,235.089836208596,1727.56532346342,238,4100,1117,2983
15,15,0.5,delayed_coordination,Delayed Coordination,119.82562739298,233.862223462918,1780.43505083674,238,3952,1135,2817
15,15,0.75,baseline,Baseline,123.695300625095,369.101920317739,2565.16332384631,99,1896,513,1383
15,15,0.75,early_mover,Early Mover,122.527706860826,205.520000809301,1613.49373176807,230,4171,662,3509
15,15,0.75,sequential,Sequential,109.268410417439,204.127235589349,1612.53240000484,226,3961,708,3253
15,15,0.75,coordinated,Coordinated,108.048727502888,248.022357080139,1662.09124453726,222,3928,796,3132
15,15,0.75,delayed_coordination,Delayed Coordination,107.574549668552,201.757164098709,1644.7979095179,199,3816,702,3114
16,16,0.25,baseline,Baseline,124.373982222118,349.242642682057,2409.87022510275,117,2295,548,1747
16,16,0.25,early_mover,Early Mover,112.708234244263,323.394617437337,2260.89517758523,146,2414,921,1493
16,16,0.25,sequential,Sequential,112.229289465171,314.936388327732,2252.35408659045,142,2476,939,1537
16,16,0.25,coordinated,Coordinated,110.738045145823,328.298994154396,2271.09676606344,136,2456,919,1537
16,16,0.25,delayed_coordination,Delayed Coordination,110.184204343616,326.532269412269,2292.33732069072,130,2412,913,1499
16,16,0.5,baseline,Baseline,124.373982222118,349.242642682057,2409.87022510275,117,2295,548,1747
16,16,0.5,early_mover,Early Mover,120.612719385895,265.159154081374,1862.64893338528,210,3645,1190,2455
16,16,0.5,sequential,Sequential,120.083274614578,245.303050847697,1802.55775446332,222,3774,1227,2547
16,16,0.5,coordinated,Coordinated,115.207392595186,250.575065213304,1854.92754518827,234,3742,1154,2588
16,16,0.5,delayed_coordination,Delayed Coordination,121.123040482823,244.903789352344,1787.51282176038,232,3788,1224,2564
16,16,0.75,baseline,Baseline,124.373982222118,349.242642682057,2409.87022510275,117,2295,548,1747
16,16,0.75,early_mover,Early Mover,134.395870744642,213.304010365068,1391.09275704689,279,5050,525,4525
16,16,0.75,sequential,Sequential,128.355491787207,196.951590444281,1358.38676202615,290,4865,564,4301
16,16,0.75,coordinated,Coordinated,127.43237169634,198.459830843511,1418.5888583393,273,4870,591,4279
16,16,0.75,delayed_coordination,Delayed Coordination,132.515508246336,193.451743842687,1308.08690743719,283,5099,534,4565
17,17,0.25,baseline,Baseline,121.114785143167,383.40364612281,2576.56413544104,100,2086,398,1688
17,17,0.25,early_mover,Early Mover,114.12079468434,351.668155295611,2315.14650697249,157,2752,674,2078
17,17,0.25,sequential,Sequential,115.23309435574,345.471758858702,2236.48852077132,172,2859,749,2110
17,17,0.25,coordinated,Coordinated,113.147636449556,348.686636061028,2269.79307742251,172,2804,762,2042
17,17,0.25,delayed_coordination,Delayed Coordination,115.556579664154,344.279566284795,2251.57750580152,166,2862,755,2107
17,17,0.5,baseline,Baseline,121.114785143167,383.40364612281,2576.56413544104,100,2086,398,1688
17,17,0.5,early_mover,Early Mover,120.640135458793,267.47349203927,1791.88962290524,248,4497,1077,3420
17,17,0.5,sequential,Sequential,118.943168618327,259.494317003325,1698.52372284901,269,4543,1191,3352
17,17,0.5,coordinated,Coordinated,116.560892408434,251.779193379,1763.27997962853,256,4362,1112,3250
17,17,0.5,delayed_coordination,Delayed Coordination,119.909318794966,244.594672163343,1690.68649840038,270,4541,1122,3419
17,17,0.75,baseline,Baseline,121.114785143167,383.40364612281,2576.56413544104,100,2086,398,1688
17,17,0.75,early_mover,Early Mover,125.654649310366,216.60131101394,1577.48211819535,248,4512,438,4074
17,17,0.75,sequential,Sequential,114.534875000118,207.557409484896,1567.91501733513,231,4066,448,3618
17,17,0.75,coordinated,Coordinated,103.653588524335,254.012714809361,1743.60762187932,194,3883,492,3391
17,17,0.75,delayed_coordination,Delayed Coordination,116.942373457538,202.682081841597,1522.79591603359,237,4319,454,3865
18,18,0.25,baseline,Baseline,123.383552995967,347.590988160746,2418.31657658367,106,2137,591,1546
18,18,0.25,early_mover,Early Mover,115.453972771074,324.236138939377,2199.70387414451,156,2760,1000,1760
18,18,0.25,sequential,Sequential,115.799561762384,299.604889211672,2111.43773141833,188,2987,1054,1933
18,18,0.25,coordinated,Coordinated,113.255336083605,322.874454265445,2165.96705185491,157,2867,918,1949
18,18,0.25,delayed_coordination,Delayed Coordination,113.615326331074,324.023104437696,2192.3866773582,159,2788,977,1811
18,18,0.5,baseline,Baseline,123.383552995967,347.590988160746,2418.31657658367,106,2137,591,1546
18,18,0.5,early_mover,Early Mover,122.694925819787,251.04153264618,1625.95985753568,274,4622,1179,3443
18,18,0.5,sequential,Sequential,124.790067988986,238.408107472954,1548.10305498924,287,4786,1276,3510
18,18,0.5,coordinated,Coordinated,123.888137202173,239.713276628113,1591.67341805511,291,4710,1227,3483
18,18,0.5,delayed_coordination,Delayed Coordination,126.092267653718,232.6263173716,1567.24390096756,302,4771,1202,3569
18,18,0.75,baseline,Baseline,123.383552995967,347.590988160746,2418.31657658367,106,2137,591,1546
18,18,0.75,early_mover,Early Mover,113.430199775953,237.705953418933,1596.52628744489,213,4111,654,3457
18,18,0.75,sequential,Sequential,110.302571535503,224.82795584961,1557.07214731383,205,3815,671,3144
18,18,0.75,coordinated,Coordinated,111.575310051942,235.648790767235,1548.31627660138,235,4255,741,3514
18,18,0.75,delayed_coordination,Delayed Coordination,112.872089662978,219.934108628537,1533.98997980438,199,3878,672,3206
19,19,0.25,baseline,Baseline,123.762129921536,352.624674775641,2498.6291195112,102,2007,555,1452
19,19,0.25,early_mover,Early Mover,115.297173501974,331.486864272087,2321.00510036737,138,2469,841,1628
19,19,0.25,sequential,Sequential,114.700270223005,329.152636516629,2284.74053200806,143,2518,872,1646
19,19,0.25,coordinated,Coordinated,114.192818486071,336.02585432694,2294.84060067725,143,2538,859,1679
19,19,0.25,delayed_coordination,Delayed Coordination,114.05608979195,331.188283762584,2299.45410387621,127,2511,870,1641
19,19,0.5,baseline,Baseline,123.762129921536,352.624674775641,2498.6291195112,102,2007,555,1452
19,19,0.5,early_mover,Early Mover,117.849598980091,268.42598095807,1877.79458047444,207,3637,1036,2601
19,19,0.5,sequential,Sequential,117.480791502563,262.842568317618,1810.66281029064,245,3803,1116,2687
19,19,0.5,coordinated,Coordinated,116.986586807054,248.364990738939,1805.44186786609,225,3919,1089,2830
19,19,0.5,delayed_coordination,Delayed Coordination,115.099228467207,268.975833243601,1881.61942944642,213,3695,1087,2608
19,19,0.75,baseline,Baseline,123.762129921536,352.624674775641,2498.6291195112,102,2007,555,1452
19,19,0.75,early_mover,Early Mover,143.046892318176,196.916525111709,1365.04801206365,300,5241,575,4666
19,19,0.75,sequential,Sequential,133.715732160501,191.395276608697,1338.2561531357,303,5116,584,4532
19,19,0.75,coordinated,Coordinated,118.86145273679,203.365861640258,1499.91447409629,269,4509,698,3811
19,19,0.75,delayed_coordination,Delayed Coordination,135.516982441779,190.863008297043,1335.90772530516,301,5166,572,4594
20,20,0.25,baseline,Baseline,124.905690147808,340.092483468099,2417.11303483285,125,2322,558,1764
20,20,0.25,early_mover,Early Mover,112.488108877406,327.595802388217,2288.38032099344,134,2594,769,1825
20,20,0.25,sequential,Sequential,109.655126819644,328.73400854507,2291.17233124365,124,2415,693,1722
20,20,0.25,coordinated,Coordinated,110.559315198979,329.368407384333,2288.2223056468,136,2509,732,1777
20,20,0.25,delayed_coordination,Delayed Coordination,111.109869494656,321.608595789297,2266.2480231497,130,2569,749,1820
20,20,0.5,baseline,Baseline,124.905690147808,340.092483468099,2417.11303483285,125,2322,558,1764
20,20,0.5,early_mover,Early Mover,128.024132176978,239.588289406905,1634.8416520532,276,4550,1004,3546
20,20,0.5,sequential,Sequential,123.002720365693,239.811331460789,1627.52536763852,260,4489,1027,3462
20,20,0.5,coordinated,Coordinated,115.206110396705,259.708541397764,1843.2588076616,214,3921,911,3010
20,20,0.5,delayed_coordination,Delayed Coordination,122.404290330145,251.341994297433,1666.10371202958,263,4466,1004,3462
20,20,0.75,baseline,Baseline,124.905690147808,340.092483468099,2417.11303483285,125,2322,558,1764
20,20,0.75,early_mover,Early Mover,138.4966573068,215.937330272701,1397.65856577336,304,5369,486,4883
20,20,0.75,sequential,Sequential,133.312296849719,201.059769978491,1342.66846916653,311,5328,488,4840
20,20,0.75,coordinated,Coordinated,109.083121031253,236.129762892555,1603.45186839731,232,4212,589,3623
20,20,0.75,delayed_coordination,Delayed Coordination,130.691385485606,201.757889038338,1356.00836857686,292,5284,467,4817
21,21,0.25,baseline,Baseline,122.069413653323,392.819814427912,2569.53673767079,89,1936,565,1371
21,21,0.25,early_mover,Early Mover,114.140910373861,365.627457425928,2346.64756612081,139,2453,919,1534
21,21,0.25,sequential,Sequential,114.106083515557,367.607992867652,2316.45138937548,140,2470,913,1557
21,21,0.25,coordinated,Coordinated,112.651473925169,366.719417849278,2352.81728588293,123,2355,831,1524
21,21,0.25,delayed_coordination,Delayed Coordination,113.112275461346,367.327705638941,2320.6447089136,138,2479,914,1565
21,21,0.5,baseline,Baseline,122.069413653323,392.819814427912,2569.53673767079,89,1936,565,1371
21,21,0.5,early_mover,Early Mover,117.512501605939,298.793053907179,1904.18351828957,233,3879,1052,2827
21,21,0.5,sequential,Sequential,116.830416830135,285.28397737668,1815.80279194973,233,3942,1030,2912
21,21,0.5,coordinated,Coordinated,119.139359869121,275.181757246019,1800.73561008454,233,4125,1217,2908
21,21,0.5,delayed_coordination,Delayed Coordination,117.145906206166,285.663424171632,1812.63515303371,245,4022,1015,3007
21,21,0.75,baseline,Baseline,122.069413653323,392.819814427912,2569.53673767079,89,1936,565,1371
21,21,0.75,early_mover,Early Mover,116.562973542098,249.61028884869,1675.22456657174,231,4290,627,3663
21,21,0.75,sequential,Sequential,113.886977587835,243.904618991891,1595.08985210645,239,4279,655,3624
21,21,0.75,coordinated,Coordinated,118.456198180938,223.991293835232,1576.88568954732,260,4536,796,3740
21,21,0.75,delayed_coordination,Delayed Coordination,114.992540494036,229.034156267306,1570.01677077794,251,4366,663,3703
22,22,0.25,baseline,Baseline,123.838041390419,374.045860159719,2412.9909957533,117,2313,571,1742
22,22,0.25,early_mover,Early Mover,113.237252497274,353.797243410058,2270.60231131542,132,2574,760,1814
22,22,0.25,sequential,Sequential,114.34643284855,337.392282759249,2186.84652567011,147,2696,808,1888
22,22,0.25,coordinated,Coordinated,112.372791704794,349.14576280177,2251.52156431623,131,2572,755,1817
22,22,0.25,delayed_coordination,Delayed Coordination,112.239796053874,346.681165870594,2230.2028246357,135,2662,763,1899
22,22,0.5,baseline,Baseline,123.838041390419,374.045860159719,2412.9909957533,117,2313,571,1742
22,22,0.5,early_mover,Early Mover,116.472124410815,260.098263089054,1807.4775106658,218,3970,914,3056
22,22,0.5,sequential,Sequential,111.352977136558,260.99535340219,1825.9855847871,205,3708,935,2773
22,22,0.5,coordinated,Coordinated,115.335883381478,254.241738133646,1767.79857213825,222,4169,1001,3168
22,22,0.5,delayed_coordination,Delayed Coordination,115.700391876891,242.936026985303,1757.74750649891,231,4025,921,3104
22,22,0.75,baseline,Baseline,123.838041390419,374.045860159719,2412.9909957533,117,2313,571,1742
22,22,0.75,early_mover,Early Mover,117.180566764094,233.223247751306,1567.16588922174,233,4508,501,4007
22,22,0.75,sequential,Sequential,113.117490360665,224.217981079054,1495.9364243045,236,4517,544,3973
22,22,0.75,coordinated,Coordinated,98.1433813370685,298.822420722535,1728.29810698069,201,3828,502,3326
22,22,0.75,delayed_coordination,Delayed Coordination,112.085700091263,223.105892099353,1506.98306920172,229,4467,502,3965
23,23,0.25,baseline,Baseline,124.430330110819,383.570648273512,2492.86880677941,98,2000,705,1295
23,23,0.25,early_mover,Early Mover,111.371893119831,371.274625556745,2349.90090319882,101,2048,830,1218
23,23,0.25,sequential,Sequential,110.023748247148,370.263085112077,2321.92977968678,105,2077,825,1252
23,23,0.25,coordinated,Coordinated,109.232369164483,356.570268520502,2329.80778708955,115,2021,738,1283
23,23,0.25,delayed_coordination,Delayed Coordination,109.039892564015,371.642523169484,2348.95421459873,92,2005,785,1220
23,23,0.5,baseline,Baseline,124.430330110819,383.570648273512,2492.86880677941,98,2000,705,1295
23,23,0.5,early_mover,Early Mover,120.716132685015,264.807329242934,1705.96467808458,261,4236,1270,2966
23,23,0.5,sequential,Sequential,121.261171851284,248.968470540011,1607.34906394029,282,4382,1365,3017
23,23,0.5,coordinated,Coordinated,120.013522684445,254.392294395647,1686.39328910855,253,4079,1296,2783
23,23,0.5,delayed_coordination,Delayed Coordination,118.717481797913,252.967442198565,1641.74248333344,260,4288,1284,3004
23,23,0.75,baseline,Baseline,124.430330110819,383.570648273512,2492.86880677941,98,2000,705,1295
23,23,0.75,early_mover,Early Mover,120.271301097337,242.478781699476,1537.10999542179,240,4354,724,3630
23,23,0.75,sequential,Sequential,113.170230534473,237.268409108315,1480.17256354364,208,4209,765,3444
23,23,0.75,coordinated,Coordinated,117.775972662288,224.419072454193,1431.90396076128,268,4508,946,3562
23,23,0.75,delayed_coordination,Delayed Coordination,110.984950309118,234.504321056801,1515.89078890917,215,4101,749,3352
24,24,0.25,baseline,Baseline,123.234960931557,342.156953752131,2406.73077717014,114,2367,497,1870
24,24,0.25,early_mover,Early Mover,110.010450830779,326.704298088526,2271.1832728947,148,2664,786,1878
24,24,0.25,sequential,Sequential,110.393354437348,313.198095338507,2197.57145648575,171,2834,791,2043
24,24,0.25,coordinated,Coordinated,110.904952582637,317.197849248589,2220.65454152392,164,2879,768,2111
24,24,0.25,delayed_coordination,Delayed Coordination,111.051544779353,308.865975554721,2194.7512823228,171,2839,780,2059
24,24,0.5,baseline,Baseline,123.234960931557,342.156953752131,2406.73077717014,114,2367,497,1870
24,24,0.5,early_mover,Early Mover,123.914065154766,233.824034288651,1617.17725683468,273,4692,1075,3617
24,24,0.5,sequential,Sequential,125.192003037116,222.536025941022,1535.76162642467,289,4754,1181,3573
24,24,0.5,coordinated,Coordinated,120.317175440524,225.125720564626,1644.10851416603,268,4579,1163,3416
24,24,0.5,delayed_coordination,Delayed Coordination,125.030777397505,220.573103991188,1526.84861824271,299,4779,1165,3614
24,24,0.75,baseline,Baseline,123.234960931557,342.156953752131,2406.73077717014,114,2367,497,1870
24,24,0.75,early_mover,Early Mover,129.223384191547,214.942094051395,1425.12859695337,285,5118,635,4483
24,24,0.75,sequential,Sequential,122.456887481591,213.008224982094,1375.56780913646,301,5049,674,4375
24,24,0.75,coordinated,Coordinated,109.22971598523,221.084473009434,1585.59288407379,216,4035,646,3389
24,24,0.75,delayed_coordination,Delayed Coordination,120.873938675816,210.229803882199,1412.21821616075,276,4831,655,4176
25,25,0.25,baseline,Baseline,124.267889561608,344.914842392407,2409.57083030262,131,2539,588,1951
25,25,0.25,early_mover,Early Mover,113.320826301758,311.974920680579,2223.82012366571,144,2795,868,1927
25,25,0.25,sequential,Sequential,114.041757674801,297.698232721312,2169.3957704849,167,2948,888,2060
25,25,0.25,coordinated,Coordinated,112.891337160739,315.791334941249,2202.44865121268,151,2801,805,1996
25,25,0.25,delayed_coordination,Delayed Coordination,113.660607765577,303.274564210152,2200.99896639207,158,2869,858,2011
25,25,0.5,baseline,Baseline,124.267889561608,344.914842392407,2409.57083030262,131,2539,588,1951
25,25,0.5,early_mover,Early Mover,120.666515085244,242.74650289454,1762.71765969719,242,4155,1141,3014
25,25,0.5,sequential,Sequential,117.509546209534,252.756931033016,1738.4664660267,245,4157,1152,3005
25,25,0.5,coordinated,Coordinated,115.129149118304,257.062582481129,1798.849625135,241,4123,1110,3013
25,25,0.5,delayed_coordination,Delayed Coordination,118.136605810193,243.397319565104,1724.3367488196,245,4183,1093,3090
25,25,0.75,baseline,Baseline,124.267889561608,344.914842392407,2409.57083030262,131,2539,588,1951
25,25,0.75,early_mover,Early Mover,129.687660495528,207.922241748334,1488.76845271304,280,5091,712,4379
25,25,0.75,sequential,Sequential,122.373996711567,199.980089365772,1442.08800609711,263,4980,757,4223
25,25,0.75,coordinated,Coordinated,107.603152731695,232.018544073622,1649.60581715172,231,4391,813,3578
25,25,0.75,delayed_coordination,Delayed Coordination,124.361288074887,199.031906906615,1409.94639351413,278,5071,727,4344
26,26,0.25,baseline,Baseline,122.794667434974,394.835168064089,2632.75547953005,91,1776,462,1314
26,26,0.25,early_mover,Early Mover,112.128208384502,371.987339248493,2502.77843190309,105,1907,646,1261
26,26,0.25,sequential,Sequential,111.968758965041,370.817511745087,2446.40641077039,120,1984,672,1312
26,26,0.25,coordinated,Coordinated,112.272643755367,365.187296809432,2472.08845026061,114,2029,668,1361
26,26,0.25,delayed_coordination,Delayed Coordination,111.813759934136,368.679766147619,2459.76991573597,114,1994,668,1326
26,26,0.5,baseline,Baseline,122.794667434974,394.835168064089,2632.75547953005,91,1776,462,1314
26,26,0.5,early_mover,Early Mover,121.517838671557,262.378847755485,1815.70653118003,246,3896,1129,2767
26,26,0.5,sequential,Sequential,122.798194575647,259.606907364545,1714.72164813565,271,4015,1157,2858
26,26,0.5,coordinated,Coordinated,120.58788056317,265.596671420771,1743.93101829442,258,4002,1094,2908
26,26,0.5,delayed_coordination,Delayed Coordination,123.54893461304,259.134875224235,1734.85502583269,271,4074,1142,2932
26,26,0.75,baseline,Baseline,122.794667434974,394.835168064089,2632.75547953005,91,1776,462,1314
26,26,0.75,early_mover,Early Mover,135.747453129659,212.287574515191,1458.47055010143,273,4746,633,4113
26,26,0.75,sequential,Sequential,133.130033046272,203.996267933322,1397.11685412411,272,4789,597,4192
26,26,0.75,coordinated,Coordinated,124.657767649755,225.497667953947,1554.11339003632,249,4492,644,3848
26,26,0.75,delayed_coordination,Delayed Coordination,132.788185131094,205.339525997935,1410.43574006313,270,4727,614,4113
27,27,0.25,baseline,Baseline,123.484148831971,354.950461734877,2485.3260833099,106,2314,395,1919
27,27,0.25,early_mover,Early Mover,110.301196043966,337.681056213962,2338.83875896397,127,2541,670,1871
27,27,0.25,sequential,Sequential,110.018283517343,326.148480639501,2266.87970741634,142,2623,714,1909
27,27,0.25,coordinated,Coordinated,110.508732984796,332.952525025072,2298.15141797758,135,2685,739,1946
27,27,0.25,delayed_coordination,Delayed Coordination,109.237514271477,333.189114962219,2289.64786028295,131,2587,701,1886
27,27,0.5,baseline,Baseline,123.484148831971,354.950461734877,2485.3260833099,106,2314,395,1919
27,27,0.5,early_mover,Early Mover,125.822505915966,226.755769144439,1643.15696288158,265,4796,1093,3703
27,27,0.5,sequential,Sequential,126.282287868792,222.486083379042,1533.59727158169,283,4771,1177,3594
27,27,0.5,coordinated,Coordinated,121.628337103572,251.132860819633,1625.54520729583,249,4419,1139,3280
27,27,0.5,delayed_coordination,Delayed Coordination,122.084769490352,233.801518788864,1580.9092070057,284,4811,1167,3644
27,27,0.75,baseline,Baseline,123.484148831971,354.950461734877,2485.3260833099,106,2314,395,1919
27,27,0.75,early_mover,Early Mover,143.666741367625,199.620394837469,1341.16333454506,304,5417,576,4841
27,27,0.75,sequential,Sequential,133.942728698935,209.690582317685,1299.94859344348,304,5205,617,4588
27,27,0.75,coordinated,Coordinated,127.658464251848,207.068755800065,1354.80187547775,288,5188,767,4421
27,27,0.75,delayed_coordination,Delayed Coordination,137.501666947788,189.988207447856,1226.1536283453,321,5410,631,4779
28,28,0.25,baseline,Baseline,123.934316562996,348.346477928763,2507.68635842833,103,2183,443,1740
28,28,0.25,early_mover,Early Mover,110.711253653524,330.044978317689,2380.46082481225,125,2398,707,1691
28,28,0.25,sequential,Sequential,110.278798608077,330.110242843471,2342.76107746242,125,2479,728,1751
28,28,0.25,coordinated,Coordinated,111.257977485406,322.839903828674,2326.9515044915,145,2506,690,1816
28,28,0.25,delayed_coordination,Delayed Coordination,111.266993442154,328.606472192753,2322.94831698372,134,2542,725,1817
28,28,0.5,baseline,Baseline,123.934316562996,348.346477928763,2507.68635842833,103,2183,443,1740
28,28,0.5,early_mover,Early Mover,117.963015996936,248.577210867119,1786.75182866457,260,4312,1085,3227
28,28,0.5,sequential,Sequential,119.437686011607,240.785502165615,1662.06855899733,279,4483,1134,3349
28,28,0.5,coordinated,Coordinated,114.560932939789,247.461441826165,1721.14770249242,272,4190,1014,3176
28,28,0.5,delayed_coordination,Delayed Coordination,117.179516268576,238.387391703469,1687.72083657792,282,4434,1088,3346
28,28,0.75,baseline,Baseline,123.934316562996,348.346477928763,2507.68635842833,103,2183,443,1740
28,28,0.75,early_mover,Early Mover,118.104319612953,223.712117902712,1575.67318149548,251,4630,653,3977
28,28,0.75,sequential,Sequential,115.394753137968,221.400051254615,1499.03646213585,266,4642,702,3940
28,28,0.75,coordinated,Coordinated,112.955222173764,225.988368291371,1524.46990510208,236,4531,719,3812
28,28,0.75,delayed_coordination,Delayed Coordination,114.928764550829,220.849303098532,1503.04986595176,245,4568,657,3911
29,29,0.25,baseline,Baseline,122.311664000477,352.660497117094,2472.58628109562,98,2055,474,1581
29,29,0.25,early_mover,Early Mover,110.104250872932,350.585627370211,2348.09163422816,108,2180,680,1500
29,29,0.25,sequential,Sequential,110.535416572375,340.524185384191,2305.02520486201,116,2155,715,1440
29,29,0.25,coordinated,Coordinated,108.32724238884,341.005216169677,2330.42937145034,118,2237,738,1499
29,29,0.25,delayed_coordination,Delayed Coordination,109.506540312698,335.319954952103,2282.74131443605,127,2212,729,1483
29,29,0.5,baseline,Baseline,122.311664000477,352.660497117094,2472.58628109562,98,2055,474,1581
29,29,0.5,early_mover,Early Mover,121.926515644545,273.315203268911,1750.78190722369,240,3969,1074,2895
29,29,0.5,sequential,Sequential,120.005624472645,254.226210134687,1672.26842107193,252,3991,1148,2843
29,29,0.5,coordinated,Coordinated,116.278263180047,243.583476351812,1710.64853864346,257,3907,1194,2713
29,29,0.5,delayed_coordination,Delayed Coordination,120.46769158865,249.058979702184,1687.22340086963,270,4057,1125,2932
29,29,0.75,baseline,Baseline,122.311664000477,352.660497117094,2472.58628109562,98,2055,474,1581
29,29,0.75,early_mover,Early Mover,130.446796600056,236.158578166053,1478.99141121929,271,4838,596,4242
29,29,0.75,sequential,Sequential,129.104379634853,214.972396015993,1399.41007102078,270,4785,627,4158
29,29,0.75,coordinated,Coordinated,123.853001393768,195.539342192495,1398.49184361172,251,4587,653,3934
29,29,0.75,delayed_coordination,Delayed Coordination,131.069718512311,218.373641735023,1361.40792018365,302,4899,652,4247
30,30,0.25,baseline,Baseline,127.051171193614,343.379555524151,2442.23337820158,102,2148,613,1535
30,30,0.25,early_mover,Early Mover,118.639532701081,316.026208671536,2274.49218995479,147,2556,891,1665
30,30,0.25,sequential,Sequential,118.858970217745,303.495637569896,2174.25628282045,172,2744,945,1799
30,30,0.25,coordinated,Coordinated,114.71488622059,309.542372881009,2281.15089385175,132,2500,850,1650
30,30,0.25,delayed_coordination,Delayed Coordination,117.103177776141,306.055202263783,2213.6561134431,152,2654,883,1771
30,30,0.5,baseline,Baseline,127.051171193614,343.379555524151,2442.23337820158,102,2148,613,1535
30,30,0.5,early_mover,Early Mover,122.006903811516,257.245291121238,1816.46388029038,235,3976,1088,2888
30,30,0.5,sequential,Sequential,121.07997686861,238.809366144557,1730.17580956723,257,4089,1209,2880
30,30,0.5,coordinated,Coordinated,122.792371990847,234.784855554986,1691.38527252803,262,4351,1247,3104
30,30,0.5,delayed_coordination,Delayed Coordination,121.368591433473,241.958278976926,1732.64972213599,236,4022,1171,2851
30,30,0.75,baseline,Baseline,127.051171193614,343.379555524151,2442.23337820158,102,2148,613,1535
30,30,0.75,early_mover,Early Mover,133.337039198309,222.948506406521,1452.32850666198,276,4909,550,4359
30,30,0.75,sequential,Sequential,117.88345477776,214.685716872575,1440.52529975872,247,4721,575,4146
30,30,0.75,coordinated,Coordinated,110.541820418431,224.90854931015,1548.35890299327,220,4136,893,3243
30,30,0.75,delayed_coordination,Delayed Coordination,119.400866992094,213.469731622769,1416.10331408103,269,4702,592,4110
31,31,0.25,baseline,Baseline,123.758900905518,383.774031746938,2588.60387813359,93,1801,434,1367
31,31,0.25,early_mover,Early Mover,113.030628729792,356.008550304913,2445.99280699905,116,2178,678,1500
31,31,0.25,sequential,Sequential,111.838677792188,349.444549303142,2417.1097760802,121,2229,669,1560
31,31,0.25,coordinated,Coordinated,111.096283446782,349.917925509278,2423.7952091535,128,2231,643,1588
31,31,0.25,delayed_coordination,Delayed Coordination,113.232808639379,351.361022481711,2407.49697202052,121,2261,698,1563
31,31,0.5,baseline,Baseline,123.758900905518,383.774031746938,2588.60387813359,93,1801,434,1367
31,31,0.5,early_mover,Early Mover,128.125673158697,275.094887933357,1696.79425533014,285,4420,1028,3392
31,31,0.5,sequential,Sequential,123.412772301216,263.640616369215,1665.08832988836,278,4436,1077,3359
31,31,0.5,coordinated,Coordinated,122.960789650408,266.249974032033,1673.88390830761,286,4621,1141,3480
31,31,0.5,delayed_coordination,Delayed Coordination,124.94669834021,256.996811148948,1641.12700268894,279,4411,1132,3279
31,31,0.75,baseline,Baseline,123.758900905518,383.774031746938,2588.60387813359,93,1801,434,1367
31,31,0.75,early_mover,Early Mover,136.919462629535,234.943345838909,1461.64280205609,287,5066,505,4561
31,31,0.75,sequential,Sequential,131.412938891483,213.195866892089,1396.75137668163,294,5033,586,4447
31,31,0.75,coordinated,Coordinated,129.994261687492,224.200261730647,1428.48045994057,295,4981,592,4389
31,31,0.75,delayed_coordination,Delayed Coordination,132.42177440757,220.220600452168,1392.84767278511,309,5219,570,4649
32,32,0.25,baseline,Baseline,123.918006068336,359.156379924508,2469.56518852925,106,2301,475,1826
32,32,0.25,early_mover,Early Mover,109.686225809754,355.847417681344,2378.82588919045,131,2406,669,1737
32,32,0.25,sequential,Sequential,109.197209361063,353.768405888668,2335.52656589297,135,2461,704,1757
32,32,0.25,coordinated,Coordinated,109.9163384026,351.865415761647,2332.83695405681,135,2481,732,1749
32,32,0.25,delayed_coordination,Delayed Coordination,108.155961879595,355.469184434083,2361.85178060074,131,2461,693,1768
32,32,0.5,baseline,Baseline,123.918006068336,359.156379924508,2469.56518852925,106,2301,475,1826
32,32,0.5,early_mover,Early Mover,121.403012633456,267.796400823115,1711.10336178357,271,4330,1098,3232
32,32,0.5,sequential,Sequential,120.686054560295,258.315472912402,1644.09993733405,285,4416,1186,3230
32,32,0.5,coordinated,Coordinated,114.830872553886,278.02579630049,1759.1098035002,226,4068,1189,2879
32,32,0.5,delayed_coordination,Delayed Coordination,121.242349522779,255.547368523813,1638.43348358277,262,4402,1206,3196
32,32,0.75,baseline,Baseline,123.918006068336,359.156379924508,2469.56518852925,106,2301,475,1826
32,32,0.75,early_mover,Early Mover,128.041735523191,236.390342889815,1525.76982494012,248,4728,605,4123
32,32,0.75,sequential,Sequential,127.786578344806,216.571348716293,1377.3036025976,281,4884,675,4209
32,32,0.75,coordinated,Coordinated,105.375370421269,258.928284976402,1691.09486912965,202,3945,685,3260
32,32,0.75,delayed_coordination,Delayed Coordination,129.474722305337,225.637906381353,1397.0651093147,263,4820,653,4167
33,33,0.25,baseline,Baseline,124.189427074348,357.401105600908,2517.63038189174,104,2092,607,1485
33,33,0.25,early_mover,Early Mover,110.743820961896,341.092775422288,2411.82372587066,126,2260,791,1469
33,33,0.25,sequential,Sequential,111.102344867675,334.121763867427,2347.70525875923,133,2356,820,1536
33,33,0.25,coordinated,Coordinated,111.824239194212,337.272652857491,2345.56899894448,133,2461,850,1611
33,33,0.25,delayed_coordination,Delayed Coordination,111.549801023457,330.268211927207,2360.01140022913,127,2348,819,1529
33,33,0.5,baseline,Baseline,124.189427074348,357.401105600908,2517.63038189174,104,2092,607,1485
33,33,0.5,early_mover,Early Mover,119.214875188275,260.334712654563,1785.3706922904,218,3983,1134,2849
33,33,0.5,sequential,Sequential,120.490979060846,249.118615986281,1667.50857968144,282,4295,1192,3103
33,33,0.5,coordinated,Coordinated,115.740411258082,254.819287164821,1793.07348934572,252,4220,1152,3068
33,33,0.5,delayed_coordination,Delayed Coordination,118.818173063701,250.232496948461,1715.05330712472,255,4144,1157,2987
33,33,0.75,baseline,Baseline,124.189427074348,357.401105600908,2517.63038189174,104,2092,607,1485
33,33,0.75,early_mover,Early Mover,114.941344103971,223.142666888671,1649.10772300835,239,4220,602,3618
33,33,0.75,sequential,Sequential,109.22559734263,233.658063190942,1628.96054026567,228,4059,642,3417
33,33,0.75,coordinated,Coordinated,109.854954587199,228.632035498581,1593.50078876093,230,3879,724,3155
33,33,0.75,delayed_coordination,Delayed Coordination,108.510930862177,218.035146023472,1649.57683064098,221,4060,580,3480
34,34,0.25,baseline,Baseline,126.037768596746,381.451362974249,2507.78705760914,112,2224,648,1576
34,34,0.25,early_mover,Early Mover,120.571927093548,349.995051870407,2234.68456676681,167,2970,1072,1898
34,34,0.25,sequential,Sequential,119.905199834518,353.256405863771,2194.52907507272,180,3012,1082,1930
34,34,0.25,coordinated,Coordinated,117.353336686497,351.906216299032,2228.27760946133,161,2885,1025,1860
34,34,0.25,delayed_coordination,Delayed Coordination,120.270692719886,340.760376755482,2155.20192332572,188,3106,1092,2014
34,34,0.5,baseline,Baseline,126.037768596746,381.451362974249,2507.78705760914,112,2224,648,1576
34,34,0.5,early_mover,Early Mover,129.640703242244,245.420724218592,1694.25929063948,269,4716,1123,3593
34,34,0.5,sequential,Sequential,128.955740538696,248.502981995967,1624.44980629283,281,4782,1239,3543
34,34,0.5,coordinated,Coordinated,131.569368736889,224.294586238702,1607.17909166184,280,4778,1296,3482
34,34,0.5,delayed_coordination,Delayed Coordination,127.901182034766,250.565852632208,1643.52912259674,281,4764,1216,3548
34,34,0.75,baseline,Baseline,126.037768596746,381.451362974249,2507.78705760914,112,2224,648,1576
34,34,0.75,early_mover,Early Mover,140.868103940018,207.371998414721,1427.36771937397,286,5126,591,4535
34,34,0.75,sequential,Sequential,128.75669303169,226.36896437705,1461.88401537883,262,4761,642,4119
34,34,0.75,coordinated,Coordinated,132.84042436874,203.461721660983,1428.49615635354,283,5016,807,4209
34,34,0.75,delayed_coordination,Delayed Coordination,133.06945099822,211.058005120401,1409.11633685832,269,4869,622,4247
35,35,0.25,baseline,Baseline,122.203400557974,317.438713879936,2443.41639706945,125,2358,468,1890
35,35,0.25,early_mover,Early Mover,109.539440468876,298.4210687009,2234.65774045532,164,2664,818,1846
35,35,0.25,sequential,Sequential,109.596232466452,297.806417477708,2232.68443568552,153,2635,779,1856
35,35,0.25,coordinated,Coordinated,107.93583908285,297.561053801296,2259.97204830821,136,2624,687,1937
35,35,0.25,delayed_coordination,Delayed Coordination,110.676549197378,295.842419054538,2193.82073721006,157,2687,805,1882
35,35,0.5,baseline,Baseline,122.203400557974,317.438713879936,2443.41639706945,125,2358,468,1890
35,35,0.5,early_mover,Early Mover,115.79921097368,239.623065940737,1772.31057094365,258,4203,1107,3096
35,35,0.5,sequential,Sequential,113.323299066658,233.785882690197,1706.23907204881,271,4334,1128,3206
35,35,0.5,coordinated,Coordinated,114.245101512383,241.18511374903,1680.26083587959,272,4443,1194,3249
35,35,0.5,delayed_coordination,Delayed Coordination,114.250876758107,237.532714064181,1682.79136241123,258,4363,1138,3225
35,35,0.75,baseline,Baseline,122.203400557974,317.438713879936,2443.41639706945,125,2358,468,1890
35,35,0.75,early_mover,Early Mover,127.079983203941,193.955665300913,1359.6968479779,293,5008,562,4446
35,35,0.75,sequential,Sequential,115.108259780551,196.915416095531,1380.43392950437,286,4856,658,4198
35,35,0.75,coordinated,Coordinated,109.312641586532,201.11910586354,1452.09981423365,273,4726,668,4058
35,35,0.75,delayed_coordination,Delayed Coordination,119.066405827614,194.958748659548,1336.98648027204,301,4975,640,4335
36,36,0.25,baseline,Baseline,123.181266346022,366.845130165577,2422.66650620485,122,2474,503,1971
36,36,0.25,early_mover,Early Mover,111.75805191406,331.563888812595,2240.3660385286,164,2863,853,2010
36,36,0.25,sequential,Sequential,111.143053663245,327.077154171079,2190.57963046213,173,2906,900,2006
36,36,0.25,coordinated,Coordinated,111.414553814571,333.822925086897,2219.46132012083,168,2923,917,2006
36,36,0.25,delayed_coordination,Delayed Coordination,110.924644529402,334.312204860508,2216.32288606019,150,2811,876,1935
36,36,0.5,baseline,Baseline,123.181266346022,366.845130165577,2422.66650620485,122,2474,503,1971
36,36,0.5,early_mover,Early Mover,121.42783059204,266.670324149878,1705.73282346968,275,4406,1218,3188
36,36,0.5,sequential,Sequential,118.364351917689,249.895566546648,1651.02590492376,273,4391,1234,3157
36,36,0.5,coordinated,Coordinated,114.813338979095,255.925922826244,1689.28181872114,267,4295,1188,3107
36,36,0.5,delayed_coordination,Delayed Coordination,118.176270428458,247.128080847031,1614.44883872328,292,4364,1287,3077
36,36,0.75,baseline,Baseline,123.181266346022,366.845130165577,2422.66650620485,122,2474,503,1971
36,36,0.75,early_mover,Early Mover,121.269780704145,234.97738102886,1561.14080411761,238,4445,756,3689
36,36,0.75,sequential,Sequential,106.264179387504,237.784684562744,1605.83346114851,198,3917,757,3160
36,36,0.75,coordinated,Coordinated,103.28012675078,266.147950670283,1663.49277306823,186,3742,775,2967
36,36,0.75,delayed_coordination,Delayed Coordination,111.599061948864,235.163026720102,1544.98098160231,213,4206,795,3411
37,37,0.25,baseline,Baseline,120.995397386235,367.487287669611,2622.66849804464,73,1613,368,1245
37,37,0.25,early_mover,Early Mover,112.519750681728,362.133406433542,2479.41093880329,112,1971,620,1351
37,37,0.25,sequential,Sequential,109.846596041628,346.842543858848,2417.38223841308,112,2000,647,1353
37,37,0.25,coordinated,Coordinated,109.671176228837,349.250250813544,2441.84417488189,113,2020,632,1388
37,37,0.25,delayed_coordination,Delayed Coordination,110.077108364021,351.050641659005,2426.21139136569,115,1995,629,1366
37,37,0.5,baseline,Baseline,120.995397386235,367.487287669611,2622.66849804464,73,1613,368,1245
37,37,0.5,early_mover,Early Mover,117.516855382807,275.443904869321,1946.33542987968,210,3677,968,2709
37,37,0.5,sequential,Sequential,115.410818834227,263.222249280135,1879.74183028804,231,3773,1035,2738
37,37,0.5,coordinated,Coordinated,116.744726998338,266.253992560534,1905.07836661321,228,3632,990,2642
37,37,0.5,delayed_coordination,Delayed Coordination,115.722756959546,268.851777891778,1883.33018653267,229,3738,1021,2717
37,37,0.75,baseline,Baseline,120.995397386235,367.487287669611,2622.66849804464,73,1613,368,1245
37,37,0.75,early_mover,Early Mover,131.678579185501,217.560873942594,1516.7337732585,271,4832,525,4307
37,37,0.75,sequential,Sequential,127.85722228516,195.525138369506,1437.91012847425,275,4866,558,4308
37,37,0.75,coordinated,Coordinated,123.900647362305,216.980891187943,1549.85146120394,264,4593,745,3848
37,37,0.75,delayed_coordination,Delayed Coordination,125.366312420351,203.513687428111,1453.16309214807,268,4760,596,4164
38,38,0.25,baseline,Baseline,127.577206101062,377.630307914947,2433.66280019806,106,2075,698,1377
38,38,0.25,early_mover,Early Mover,112.297306303595,358.927184668978,2379.44062733722,103,2057,829,1228
38,38,0.25,sequential,Sequential,112.640598028275,351.608419391655,2317.95253292734,117,2133,879,1254
38,38,0.25,coordinated,Coordinated,110.856760011181,366.253066074227,2366.90095238225,103,1997,820,1177
38,38,0.25,delayed_coordination,Delayed Coordination,111.791395115654,357.115505438956,2333.56203497885,114,2108,856,1252
38,38,0.5,baseline,Baseline,127.577206101062,377.630307914947,2433.66280019806,106,2075,698,1377
38,38,0.5,early_mover,Early Mover,119.566694187291,304.697612588866,1836.8599741115,212,3420,1203,2217
38,38,0.5,sequential,Sequential,120.661834630137,294.007586852754,1738.23570417538,237,3523,1251,2272
38,38,0.5,coordinated,Coordinated,119.402228955766,300.463825554451,1786.95600147747,226,3557,1214,2343
38,38,0.5,delayed_coordination,Delayed Coordination,121.793700416324,293.520116198464,1719.48065031468,229,3492,1221,2271
38,38,0.75,baseline,Baseline,127.577206101062,377.630307914947,2433.66280019806,106,2075,698,1377
38,38,0.75,early_mover,Early Mover,117.014768823265,278.936232342255,1652.67594675216,184,3744,657,3087
38,38,0.75,sequential,Sequential,111.28015899409,271.81451247143,1625.19167946926,173,3561,707,2854
38,38,0.75,coordinated,Coordinated,106.066438737958,266.902225505833,1744.16233235399,155,3219,733,2486
38,38,0.75,delayed_coordination,Delayed Coordination,113.251460157231,270.318892140702,1602.187381205,169,3602,674,2928
39,39,0.25,baseline,Baseline,124.09745148445,349.706748933333,2385.84488505604,123,2552,466,2086
39,39,0.25,early_mover,Early Mover,109.565664355951,308.537797805018,2292.2292582729,141,2663,672,1991
39,39,0.25,sequential,Sequential,106.610199717689,314.527636974743,2268.97685324986,153,2660,667,1993
39,39,0.25,coordinated,Coordinated,109.868112604745,308.500449008016,2229.20104355008,153,2886,739,2147
39,39,0.25,delayed_coordination,Delayed Coordination,108.045609563834,309.836518373523,2277.72509824189,144,2702,683,2019
39,39,0.5,baseline,Baseline,124.09745148445,349.706748933333,2385.84488505604,123,2552,466,2086
39,39,0.5,early_mover,Early Mover,119.909524840907,233.170911049493,1643.64385712784,272,4687,1154,3533
39,39,0.5,sequential,Sequential,116.322213704427,225.906552974351,1616.97320868304,245,4579,1166,3413
39,39,0.5,coordinated,Coordinated,110.575180390509,238.942935561754,1700.12843147033,268,4379,1142,3237
39,39,0.5,delayed_coordination,Delayed Coordination,117.960073854653,221.598702585887,1590.82890869075,262,4631,1156,3475
39,39,0.75,baseline,Baseline,124.09745148445,349.706748933333,2385.84488505604,123,2552,466,2086
39,39,0.75,early_mover,Early Mover,118.075418950669,200.378569310531,1422.57012974795,276,5001,658,4343
39,39,0.75,sequential,Sequential,109.574753594143,197.248045660849,1407.17597263357,247,4634,703,3931
39,39,0.75,coordinated,Coordinated,107.304432174382,196.670588847417,1452.34328935403,273,4681,687,3994
39,39,0.75,delayed_coordination,Delayed Coordination,111.284872585969,186.104862333392,1378.53065631493,246,4704,670,4034
40,40,0.25,baseline,Baseline,123.819788928621,360.968161058056,2572.53020639491,95,1878,426,1452
40,40,0.25,early_mover,Early Mover,109.44775056898,357.306398241398,2502.70339053476,120,2127,614,1513
40,40,0.25,sequential,Sequential,109.184986288197,351.212883139377,2462.92101780606,121,2198,661,1537
40,40,0.25,coordinated,Coordinated,110.209549858473,348.225194413045,2431.40509951126,133,2344,707,1637
40,40,0.25,delayed_coordination,Delayed Coordination,108.757594518662,348.486761242335,2459.4502266278,132,2201,648,1553
40,40,0.5,baseline,Baseline,123.819788928621,360.968161058056,2572.53020639491,95,1878,426,1452
40,40,0.5,early_mover,Early Mover,123.558538954213,254.059425718854,1758.80683192076,256,4087,958,3129
40,40,0.5,sequential,Sequential,119.501888572982,246.694804838266,1723.36709662898,258,4046,1044,3002
40,40,0.5,coordinated,Coordinated,117.25397593932,255.415351632177,1749.78919766207,268,3956,1007,2949
40,40,0.5,delayed_coordination,Delayed Coordination,118.667784344548,246.451859214319,1715.92837550753,269,4038,1009,3029
40,40,0.75,baseline,Baseline,123.819788928621,360.968161058056,2572.53020639491,95,1878,426,1452
40,40,0.75,early_mover,Early Mover,136.617349108937,215.163843051832,1449.82755588941,284,5009,477,4532
40,40,0.75,sequential,Sequential,117.049778723961,211.17390397593,1501.86857248887,240,4359,470,3889
40,40,0.75,coordinated,Coordinated,115.909635219403,219.33457556988,1558.9940463668,246,4427,657,3770
40,40,0.75,delayed_coordination,Delayed Coordination,124.214193723991,203.686978627786,1426.39058576269,275,4775,473,4302
41,41,0.25,baseline,Baseline,125.096454364417,367.146473867274,2533.26219593657,102,2101,507,1594
41,41,0.25,early_mover,Early Mover,113.857153650471,351.4699419516,2388.83091718563,133,2453,738,1715
41,41,0.25,sequential,Sequential,112.361541111391,344.455641306953,2386.83820965904,132,2373,686,1687
41,41,0.25,coordinated,Coordinated,112.704913904879,341.269697999314,2383.79093137202,126,2413,675,1738
41,41,0.25,delayed_coordination,Delayed Coordination,112.845881223242,338.458203391231,2378.89324812985,128,2420,699,1721
41,41,0.5,baseline,Baseline,125.096454364417,367.146473867274,2533.26219593657,102,2101,507,1594
41,41,0.5,early_mover,Early Mover,123.693398431525,271.863989755452,1804.42371158643,248,4190,1107,3083
41,41,0.5,sequential,Sequential,124.255493192566,266.847385300932,1754.61878242671,251,4140,1123,3017
41,41,0.5,coordinated,Coordinated,122.787220216572,263.213099143906,1817.09972701902,226,3994,1085,2909
41,41,0.5,delayed_coordination,Delayed Coordination,126.620298027422,254.126049837351,1666.65172719731,237,4241,1094,3147
41,41,0.75,baseline,Baseline,125.096454364417,367.146473867274,2533.26219593657,102,2101,507,1594
41,41,0.75,early_mover,Early Mover,135.799980594735,219.597837044712,1518.95427050596,263,4781,710,4071
41,41,0.75,sequential,Sequential,139.459654783637,213.003385801386,1353.73295539297,288,4956,759,4197
41,41,0.75,coordinated,Coordinated,115.571563039477,266.160593377754,1706.80226036179,226,3998,815,3183
41,41,0.75,delayed_coordination,Delayed Coordination,138.971910530621,201.824087741379,1359.69877227671,296,4939,743,4196
42,42,0.25,baseline,Baseline,127.504293027151,369.163174821464,2425.67829103309,115,2254,671,1583
42,42,0.25,early_mover,Early Mover,115.126208684881,351.364934504304,2305.89947075827,140,2504,898,1606
42,42,0.25,sequential,Sequential,113.574684024756,357.923830017367,2270.28916163455,138,2407,888,1519
42,42,0.25,coordinated,Coordinated,114.145140707068,357.235486856424,2309.09910940115,131,2337,840,1497
42,42,0.25,delayed_coordination,Delayed Coordination,114.699741978786,355.342844757852,2270.74914561954,135,2467,898,1569
42,42,0.5,baseline,Baseline,127.504293027151,369.163174821464,2425.67829103309,115,2254,671,1583
42,42,0.5,early_mover,Early Mover,122.820473982711,253.376209787905,1751.76421075873,253,4137,1200,2937
42,42,0.5,sequential,Sequential,115.330968669979,263.746294467847,1816.74701582196,207,3634,1134,2500
42,42,0.5,coordinated,Coordinated,116.482259744511,276.406184943323,1870.23689866511,223,3647,1104,2543
42,42,0.5,delayed_coordination,Delayed Coordination,115.439342254392,254.931478989715,1814.58243044983,192,3671,1148,2523
42,42,0.75,baseline,Baseline,127.504293027151,369.163174821464,2425.67829103309,115,2254,671,1583
42,42,0.75,early_mover,Early Mover,138.233872708539,198.653502668203,1403.35338846018,290,5042,655,4387
42,42,0.75,sequential,Sequential,131.538198364868,187.624467882916,1379.92276475894,280,4948,691,4257
42,42,0.75,coordinated,Coordinated,114.815236814324,256.810022629364,1587.64628554543,206,4134,678,3456
42,42,0.75,delayed_coordination,Delayed Coordination,128.124529213383,194.183078654015,1395.9290607086,258,4717,618,4099
43,43,0.25,baseline,Baseline,122.103532834207,354.874177332574,2431.87942593581,114,2383,577,1806
43,43,0.25,early_mover,Early Mover,110.908274111278,327.057006675265,2217.84902458315,167,2758,876,1882
43,43,0.25,sequential,Sequential,109.608330527246,312.49724533917,2172.50083639294,175,2775,846,1929
43,43,0.25,coordinated,Coordinated,108.39249509059,321.779255994844,2229.43755034647,153,2778,799,1979
43,43,0.25,delayed_coordination,Delayed Coordination,108.71385490929,316.694280277536,2197.47825197259,170,2813,831,1982
43,43,0.5,baseline,Baseline,122.103532834207,354.874177332574,2431.87942593581,114,2383,577,1806
43,43,0.5,early_mover,Early Mover,119.711034198337,247.214783002907,1649.8527003769,284,4531,1193,3338
43,43,0.5,sequential,Sequential,118.713691408208,238.421491821186,1591.78894829012,285,4582,1285,3297
43,43,0.5,coordinated,Coordinated,116.872683544186,243.023285015984,1637.37106051674,281,4467,1201,3266
43,43,0.5,delayed_coordination,Delayed Coordination,117.154097627006,248.05779400645,1593.59500626329,283,4575,1201,3374
43,43,0.75,baseline,Baseline,122.103532834207,354.874177332574,2431.87942593581,114,2383,577,1806
43,43,0.75,early_mover,Early Mover,125.333972500616,229.208761002292,1452.26960404429,279,4870,563,4307
43,43,0.75,sequential,Sequential,116.162776156408,207.945512994829,1387.04681819544,278,4837,579,4258
43,43,0.75,coordinated,Coordinated,113.292831428586,194.170421258252,1447.60507697727,269,4631,663,3968
43,43,0.75,delayed_coordination,Delayed Coordination,115.941080076796,198.268775992299,1386.64280485701,270,4760,580,4180
44,44,0.25,baseline,Baseline,124.299708475963,360.445373311897,2496.21071910777,108,2074,561,1513
44,44,0.25,early_mover,Early Mover,111.683196964364,343.51191170298,2417.65653959009,103,2156,742,1414
44,44,0.25,sequential,Sequential,110.56872236093,345.012566188162,2394.49566300668,112,2132,727,1405
44,44,0.25,coordinated,Coordinated,111.231672156837,339.850791714639,2401.34226493426,126,2256,725,1531
44,44,0.25,delayed_coordination,Delayed Coordination,110.729160398839,342.580980050478,2402.09904757838,116,2190,736,1454
44,44,0.5,baseline,Baseline,124.299708475963,360.445373311897,2496.21071910777,108,2074,561,1513
44,44,0.5,early_mover,Early Mover,118.983745353967,272.136533593999,1845.73278599103,226,3753,1078,2675
44,44,0.5,sequential,Sequential,113.516670984987,268.239825726587,1847.81934951339,233,3712,1128,2584
44,44,0.5,coordinated,Coordinated,118.68321824962,257.963832083336,1771.51369862946,249,4071,1165,2906
44,44,0.5,delayed_coordination,Delayed Coordination,114.189259623171,270.576656354259,1839.77552023401,225,3728,1106,2622
44,44,0.75,baseline,Baseline,124.299708475963,360.445373311897,2496.21071910777,108,2074,561,1513
44,44,0.75,early_mover,Early Mover,130.250028015921,222.59950815201,1498.73200925899,275,4850,572,4278
44,44,0.75,sequential,Sequential,121.12845731886,219.34649044569,1493.60502109472,270,4706,578,4128
44,44,0.75,coordinated,Coordinated,127.791715102193,205.743225058658,1442.08985066048,283,4978,715,4263
44,44,0.75,delayed_coordination,Delayed Coordination,127.357723643448,214.940561979268,1396.66146700401,300,4969,605,4364
45,45,0.25,baseline,Baseline,124.759221726618,378.385170862158,2569.29021130521,98,1979,480,1499
45,45,0.25,early_mover,Early Mover,113.472725903759,361.444839923243,2434.60680223591,132,2206,642,1564
45,45,0.25,sequential,Sequential,111.02741567963,346.360875278793,2394.04991781555,138,2342,648,1694
45,45,0.25,coordinated,Coordinated,110.799414178988,356.6590446468,2404.56135081427,127,2339,634,1705
45,45,0.25,delayed_coordination,Delayed Coordination,112.060707719247,353.902271406189,2393.34062458729,131,2310,652,1658
45,45,0.5,baseline,Baseline,124.759221726618,378.385170862158,2569.29021130521,98,1979,480,1499
45,45,0.5,early_mover,Early Mover,121.637058915049,256.819313959445,1800.67429178137,248,4044,1138,2906
45,45,0.5,sequential,Sequential,116.190548729353,261.871110014759,1760.39661068923,247,4039,1134,2905
45,45,0.5,coordinated,Coordinated,114.600380634453,275.149191991674,1793.78494615451,260,4121,1142,2979
45,45,0.5,delayed_coordination,Delayed Coordination,118.472213599389,256.701461859219,1716.73780777395,261,4132,1142,2990
45,45,0.75,baseline,Baseline,124.759221726618,378.385170862158,2569.29021130521,98,1979,480,1499
45,45,0.75,early_mover,Early Mover,107.902733721502,295.214331704279,1741.97322324918,182,3645,602,3043
45,45,0.75,sequential,Sequential,94.6098975342606,294.818154857784,1760.34231184168,130,3225,604,2621
45,45,0.75,coordinated,Coordinated,98.8961017394385,285.324420139792,1726.88226809307,168,3568,835,2733
45,45,0.75,delayed_coordination,Delayed Coordination,95.8837372374051,290.80525317328,1730.97538192015,157,3346,627,2719
46,46,0.25,baseline,Baseline,123.914326956905,368.616702472674,2520.61889905657,98,2038,527,1511
46,46,0.25,early_mover,Early Mover,114.675530662222,338.000441025599,2320.68123243954,135,2362,810,1552
46,46,0.25,sequential,Sequential,115.424285080797,327.419099781886,2264.78959194754,144,2484,864,1620
46,46,0.25,coordinated,Coordinated,117.548278999182,328.12871710459,2238.19669471826,157,2775,936,1839
46,46,0.25,delayed_coordination,Delayed Coordination,115.068350353241,327.790500450405,2271.76136950173,140,2490,853,1637
46,46,0.5,baseline,Baseline,123.914326956905,368.616702472674,2520.61889905657,98,2038,527,1511
46,46,0.5,early_mover,Early Mover,121.010489945205,276.675703939022,1787.09841529763,246,4072,1017,3055
46,46,0.5,sequential,Sequential,121.816462086298,255.875952752415,1670.63567140728,275,4158,1129,3029
46,46,0.5,coordinated,Coordinated,114.351191599712,287.494123201867,1875.48425064708,225,3854,1084,2770
46,46,0.5,delayed_coordination,Delayed Coordination,120.144672595488,265.202443165473,1713.60005045532,263,4118,1120,2998
46,46,0.75,baseline,Baseline,123.914326956905,368.616702472674,2520.61889905657,98,2038,527,1511
46,46,0.75,early_mover,Early Mover,133.318497017821,217.64808679874,1447.19147900375,281,4983,595,4388
46,46,0.75,sequential,Sequential,128.042577223162,218.045252606692,1397.99301430414,284,4969,599,4370
46,46,0.75,coordinated,Coordinated,114.520623024322,232.208417782351,1555.63822210243,241,4225,671,3554
46,46,0.75,delayed_coordination,Delayed Coordination,130.314922250916,213.058935986771,1377.12927903542,285,4930,638,4292
47,47,0.25,baseline,Baseline,123.169355189242,337.108112885398,2485.14014823711,107,2125,550,1575
47,47,0.25,early_mover,Early Mover,114.628695228382,314.831875499049,2314.76007880651,142,2624,895,1729
47,47,0.25,sequential,Sequential,114.240386652454,308.122814134784,2231.98873483677,160,2708,928,1780
47,47,0.25,coordinated,Coordinated,113.580753392447,309.06638180179,2242.04305982766,150,2683,921,1762
47,47,0.25,delayed_coordination,Delayed Coordination,113.980474958651,307.292771333475,2251.41621157307,156,2672,910,1762
47,47,0.5,baseline,Baseline,123.169355189242,337.108112885398,2485.14014823711,107,2125,550,1575
47,47,0.5,early_mover,Early Mover,127.142123964936,218.884634912414,1683.11292711107,271,4553,1111,3442
47,47,0.5,sequential,Sequential,125.45050841985,220.089112319239,1591.18173558539,292,4607,1195,3412
47,47,0.5,coordinated,Coordinated,118.509253516782,238.436662813351,1693.21702918893,266,4337,1149,3188
47,47,0.5,delayed_coordination,Delayed Coordination,126.060737500913,225.125576902314,1600.05676438774,278,4560,1158,3402
47,47,0.75,baseline,Baseline,123.169355189242,337.108112885398,2485.14014823711,107,2125,550,1575
47,47,0.75,early_mover,Early Mover,122.606352729019,202.901284546336,1577.19322699224,247,4503,615,3888
47,47,0.75,sequential,Sequential,118.505866523654,201.948475834173,1501.7924799155,258,4618,639,3979
47,47,0.75,coordinated,Coordinated,109.419960726956,243.576023261238,1629.33224643085,225,4182,737,3445
47,47,0.75,delayed_coordination,Delayed Coordination,115.381918068879,208.244486396311,1533.54960558791,242,4432,630,3802
48,48,0.25,baseline,Baseline,122.10791954081,374.821510868769,2590.74409504504,90,1823,612,1211
48,48,0.25,early_mover,Early Mover,111.429371807442,361.339513665155,2443.65203504398,110,2109,842,1267
48,48,0.25,sequential,Sequential,110.865129702013,343.322543761899,2360.14767655745,117,2033,780,1253
48,48,0.25,coordinated,Coordinated,109.833134761901,358.570120178151,2400.00044058943,110,2015,744,1271
48,48,0.25,delayed_coordination,Delayed Coordination,110.594708748951,353.596867016315,2358.65351502814,113,2105,803,1302
48,48,0.5,baseline,Baseline,122.10791954081,374.821510868769,2590.74409504504,90,1823,612,1211
48,48,0.5,early_mover,Early Mover,117.487549335315,267.020678157038,1807.81414657243,249,3959,1119,2840
48,48,0.5,sequential,Sequential,112.795557615179,277.644850793231,1812.63944758717,229,3718,1069,2649
48,48,0.5,coordinated,Coordinated,110.66989101277,294.723081361617,1903.6391212238,167,3279,976,2303
48,48,0.5,delayed_coordination,Delayed Coordination,115.944208266786,265.556975137101,1760.26607520725,241,3889,1094,2795
48,48,0.75,baseline,Baseline,122.10791954081,374.821510868769,2590.74409504504,90,1823,612,1211
48,48,0.75,early_mover,Early Mover,120.062173636438,234.239195582496,1600.95904089548,263,4430,659,3771
48,48,0.75,sequential,Sequential,111.304142826685,222.807128784103,1569.03051558156,210,4047,692,3355
48,48,0.75,coordinated,Coordinated,102.878216457782,244.918606279254,1742.90714454261,150,3360,674,2686
48,48,0.75,delayed_coordination,Delayed Coordination,115.391602172687,212.247578354779,1531.32841270607,238,4307,713,3594
49,49,0.25,baseline,Baseline,125.5455032382,315.655058958907,2404.0907749784,123,2309,647,1662
49,49,0.25,early_mover,Early Mover,115.208073967616,300.963195856585,2229.41852806677,136,2526,889,1637
49,49,0.25,sequential,Sequential,114.373001844032,295.220517871285,2201.38025613052,151,2618,923,1695
49,49,0.25,coordinated,Coordinated,113.548602428733,306.577393574325,2220.74819230346,134,2591,919,1672
49,49,0.25,delayed_coordination,Delayed Coordination,114.158539342557,294.131009414134,2212.39479915659,144,2585,902,1683
49,49,0.5,baseline,Baseline,125.5455032382,315.655058958907,2404.0907749784,123,2309,647,1662
49,49,0.5,early_mover,Early Mover,118.178785206819,265.732453191793,1855.29890168288,206,3663,1056,2607
49,49,0.5,sequential,Sequential,114.307342994956,261.564893495406,1816.57155893332,196,3600,1070,2530
49,49,0.5,coordinated,Coordinated,113.965492017137,260.135717756227,1819.87194780833,220,3849,1114,2735
49,49,0.5,delayed_coordination,Delayed Coordination,113.974971560088,262.129885741438,1850.07633213151,201,3676,1076,2600
49,49,0.75,baseline,Baseline,125.5455032382,315.655058958907,2404.0907749784,123,2309,647,1662
49,49,0.75,early_mover,Early Mover,126.624224995505,226.780645705937,1512.40917831111,248,4667,435,4232
49,49,0.75,sequential,Sequential,120.252561933468,204.502229921428,1445.62352805653,255,4551,468,4083
49,49,0.75,coordinated,Coordinated,126.012631463598,207.341934007004,1438.69343609044,262,4778,569,4209
49,49,0.75,delayed_coordination,Delayed Coordination,118.705886703621,208.793057761311,1467.82853081525,244,4625,453,4172
50,50,0.25,baseline,Baseline,126.293308402581,350.200206957506,2478.55805462828,111,2189,608,1581
50,50,0.25,early_mover,Early Mover,114.297739920795,324.969829521362,2334.41562354158,127,2322,841,1481
50,50,0.25,sequential,Sequential,113.772047059728,328.299625962449,2343.8766769552,131,2370,825,1545
50,50,0.25,coordinated,Coordinated,114.794573904652,318.201647297443,2311.39553587301,141,2541,894,1647
50,50,0.25,delayed_coordination,Delayed Coordination,113.791724603873,325.811563724046,2314.70090733349,131,2360,859,1501
50,50,0.5,baseline,Baseline,126.293308402581,350.200206957506,2478.55805462828,111,2189,608,1581
50,50,0.5,early_mover,Early Mover,122.369788736546,239.172039261039,1808.3326537051,257,4066,1221,2845
50,50,0.5,sequential,Sequential,119.161743912052,236.019391218585,1790.88186547102,259,4015,1264,2751
50,50,0.5,coordinated,Coordinated,116.340295494206,247.015700788197,1887.65145963191,239,3854,1239,2615
50,50,0.5,delayed_coordination,Delayed Coordination,120.296298733159,229.332562238895,1761.0047411114,271,4058,1234,2824
50,50,0.75,baseline,Baseline,126.293308402581,350.200206957506,2478.55805462828,111,2189,608,1581
50,50,0.75,early_mover,Early Mover,119.203110351321,229.346367361684,1635.46627892432,254,4398,771,3627
50,50,0.75,sequential,Sequential,120.042021468578,211.444272561698,1550.42888083248,250,4547,838,3709
50,50,0.75,coordinated,Coordinated,111.852238516747,210.1694002032,1629.25966928475,252,4358,679,3679
50,50,0.75,delayed_coordination,Delayed Coordination,115.309900748279,222.432939934979,1607.76312186405,222,4260,783,3477
51,51,0.25,baseline,Baseline,121.398304223386,381.822678488842,2567.41180017882,99,2018,549,1469
51,51,0.25,early_mover,Early Mover,113.208414631865,331.639700496475,2339.54189467373,148,2445,868,1577
51,51,0.25,sequential,Sequential,111.326087071741,326.345071362002,2312.80997868866,134,2338,803,1535
51,51,0.25,coordinated,Coordinated,109.988097942692,335.351128465249,2346.35434348768,118,2366,801,1565
51,51,0.25,delayed_coordination,Delayed Coordination,112.820880567104,314.824093617108,2256.21238078119,159,2542,864,1678
51,51,0.5,baseline,Baseline,121.398304223386,381.822678488842,2567.41180017882,99,2018,549,1469
51,51,0.5,early_mover,Early Mover,115.664347949662,263.80541015241,1892.52175571234,230,3903,1097,2806
51,51,0.5,sequential,Sequential,114.466270368739,241.525264663135,1836.77265615292,233,3870,1118,2752
51,51,0.5,coordinated,Coordinated,123.500281056134,216.085908535556,1652.92152826777,291,4513,1215,3298
51,51,0.5,delayed_coordination,Delayed Coordination,114.856762525779,241.45308781169,1824.19115917075,249,3968,1114,2854
51,51,0.75,baseline,Baseline,121.398304223386,381.822678488842,2567.41180017882,99,2018,549,1469
51,51,0.75,early_mover,Early Mover,127.035565558358,228.009491875298,1504.31691676066,269,4719,539,4180
51,51,0.75,sequential,Sequential,111.978829969083,234.414244668324,1516.29243176477,234,4437,552,3885
51,51,0.75,coordinated,Coordinated,111.971342493841,260.294430657117,1556.29350237482,246,4555,726,3829
51,51,0.75,delayed_coordination,Delayed Coordination,111.873653257578,227.466243323344,1533.8565335323,244,4448,550,3898
52,52,0.25,baseline,Baseline,127.705157333736,369.28361146561,2468.09164463911,114,2296,549,1747
52,52,0.25,early_mover,Early Mover,113.885536629303,361.344837571308,2361.45444273342,119,2502,726,1776
52,52,0.25,sequential,Sequential,112.358033800587,355.192360445255,2335.92354437491,119,2471,742,1729
52,52,0.25,coordinated,Coordinated,111.927773440231,355.451262619761,2344.41678618764,123,2441,701,1740
52,52,0.25,delayed_coordination,Delayed Coordination,111.951229517004,356.999586685936,2346.17159924759,124,2471,729,1742
52,52,0.5,baseline,Baseline,127.705157333736,369.28361146561,2468.09164463911,114,2296,549,1747
52,52,0.5,early_mover,Early Mover,120.584459259205,266.316376094104,1873.87189393694,221,3904,1131,2773
52,52,0.5,sequential,Sequential,116.096765759717,276.410658426555,1873.11475983201,213,3760,1128,2632
52,52,0.5,coordinated,Coordinated,113.358121601418,283.298483816298,1894.52618187503,207,3461,1024,2437
52,52,0.5,delayed_coordination,Delayed Coordination,116.842997862579,267.227780335469,1848.08020132544,216,3800,1148,2652
52,52,0.75,baseline,Baseline,127.705157333736,369.28361146561,2468.09164463911,114,2296,549,1747
52,52,0.75,early_mover,Early Mover,124.148872472184,219.167990375066,1643.23353942703,223,4167,693,3474
52,52,0.75,sequential,Sequential,119.845157421894,210.777722132058,1594.74929223299,212,4103,721,3382
52,52,0.75,coordinated,Coordinated,115.100459834062,224.992797311328,1583.58923697579,217,4041,695,3346
52,52,0.75,delayed_coordination,Delayed Coordination,113.362865116556,218.915037520491,1646.31747494204,171,3777,663,3114
53,53,0.25,baseline,Baseline,121.943142381239,346.688670172948,2387.7162702576,115,2381,575,1806
53,53,0.25,early_mover,Early Mover,111.207619784638,311.794032590419,2185.40143494941,156,2705,933,1772
53,53,0.25,sequential,Sequential,110.247137500583,309.781480025989,2161.00201901913,164,2767,941,1826
53,53,0.25,coordinated,Coordinated,110.294169437325,310.678731624083,2151.59684237699,141,2783,957,1826
53,53,0.25,delayed_coordination,Delayed Coordination,109.851218769321,307.816874733972,2167.86242734297,166,2770,947,1823
53,53,0.5,baseline,Baseline,121.943142381239,346.688670172948,2387.7162702576,115,2381,575,1806
53,53,0.5,early_mover,Early Mover,116.335214380135,226.848272156861,1697.06174588647,272,4200,1098,3102
53,53,0.5,sequential,Sequential,116.744884164052,223.714161652761,1676.84573020927,267,4324,1140,3184
53,53,0.5,coordinated,Coordinated,115.721497113707,224.263263417752,1620.21595873503,282,4445,1124,3321
53,53,0.5,delayed_coordination,Delayed Coordination,114.349866929065,227.487918344182,1717.52722622941,256,4215,1102,3113
53,53,0.75,baseline,Baseline,121.943142381239,346.688670172948,2387.7162702576,115,2381,575,1806
53,53,0.75,early_mover,Early Mover,127.384577604878,195.618652584849,1397.11409182988,277,5061,634,4427
53,53,0.75,sequential,Sequential,125.567257374808,192.123531376811,1335.13649816284,286,5092,672,4420
53,53,0.75,coordinated,Coordinated,114.764548469857,204.408467658802,1501.86244431454,227,4498,664,3834
53,53,0.75,delayed_coordination,Delayed Coordination,122.101031551159,192.302066365503,1376.10591973098,262,4986,631,4355
54,54,0.25,baseline,Baseline,124.588828871826,357.889736470548,2511.14128804655,113,2153,727,1426
54,54,0.25,early_mover,Early Mover,113.753949863562,334.386984468164,2328.98076266293,140,2645,1045,1600
54,54,0.25,sequential,Sequential,111.588249668342,334.586388360433,2332.71030462159,142,2538,988,1550
54,54,0.25,coordinated,Coordinated,114.146164280461,326.168336146705,2283.21568467493,145,2588,1012,1576
54,54,0.25,delayed_coordination,Delayed Coordination,112.216655312957,330.350672379183,2311.6451045686,151,2589,1022,1567
54,54,0.5,baseline,Baseline,124.588828871826,357.889736470548,2511.14128804655,113,2153,727,1426
54,54,0.5,early_mover,Early Mover,120.871824509912,254.731709865038,1747.5986111225,223,4182,1081,3101
54,54,0.5,sequential,Sequential,118.644488544794,237.566073085591,1611.62444097235,257,4345,1187,3158
54,54,0.5,coordinated,Coordinated,116.524304864817,253.116889969779,1710.49940989696,251,4093,1200,2893
54,54,0.5,delayed_coordination,Delayed Coordination,115.477175784629,245.861281822907,1696.54641224306,224,4100,1087,3013
54,54,0.75,baseline,Baseline,124.588828871826,357.889736470548,2511.14128804655,113,2153,727,1426
54,54,0.75,early_mover,Early Mover,132.827609893984,224.276660569347,1461.66688168428,267,4903,598,4305
54,54,0.75,sequential,Sequential,123.24891952594,213.03432309831,1404.88745148038,270,4843,625,4218
54,54,0.75,coordinated,Coordinated,109.567288698583,243.623802618198,1594.18848485659,225,4030,780,3250
54,54,0.75,delayed_coordination,Delayed Coordination,129.478692874691,209.034007194089,1370.32297716559,279,4975,648,4327
55,55,0.25,baseline,Baseline,125.591206911265,364.572262315941,2522.15984650322,104,1997,650,1347
55,55,0.25,early_mover,Early Mover,112.88086693733,346.908484328219,2458.18370684027,112,2122,773,1349
55,55,0.25,sequential,Sequential,112.637120589432,331.587945761069,2383.63943375833,128,2235,826,1409
55,55,0.25,coordinated,Coordinated,113.801480098958,327.032818832934,2357.13399097091,132,2298,804,1494
55,55,0.25,delayed_coordination,Delayed Coordination,113.169242878653,332.405275786587,2356.52441236581,136,2269,827,1442
55,55,0.5,baseline,Baseline,125.591206911265,364.572262315941,2522.15984650322,104,1997,650,1347
55,55,0.5,early_mover,Early Mover,124.731509417373,245.30085273305,1697.51207577012,255,4314,1277,3037
55,55,0.5,sequential,Sequential,123.231669913194,239.433389920727,1622.6802813665,290,4389,1321,3068
55,55,0.5,coordinated,Coordinated,121.796305420194,255.022661273267,1671.50833383638,280,4245,1252,2993
55,55,0.5,delayed_coordination,Delayed Coordination,123.831483757056,231.056643659542,1603.16694639628,279,4446,1291,3155
55,55,0.75,baseline,Baseline,125.591206911265,364.572262315941,2522.15984650322,104,1997,650,1347
55,55,0.75,early_mover,Early Mover,134.003315988668,203.348005818348,1447.2072712579,274,4833,683,4150
55,55,0.75,sequential,Sequential,118.675788140712,198.711867238963,1439.77470745452,254,4626,701,3925
55,55,0.75,coordinated,Coordinated,117.738145874393,220.479591343359,1533.98815796155,246,4346,861,3485
55,55,0.75,delayed_coordination,Delayed Coordination,126.273445180069,172.730777376842,1365.57092796377,253,4666,682,3984
56,56,0.25,baseline,Baseline,124.548312553382,363.304036232974,2442.58528145174,113,2297,621,1676
56,56,0.25,early_mover,Early Mover,112.978512802059,355.078570965627,2326.79754234276,128,2420,936,1484
56,56,0.25,sequential,Sequential,110.16502782679,348.362298026625,2327.79992638512,94,2099,823,1276
56,56,0.25,coordinated,Coordinated,109.908117733252,356.910662601018,2347.98656308239,111,2206,865,1341
56,56,0.25,delayed_coordination,Delayed Coordination,109.006045094034,353.125304402514,2345.97762407338,92,2117,820,1297
56,56,0.5,baseline,Baseline,124.548312553382,363.304036232974,2442.58528145174,113,2297,621,1676
56,56,0.5,early_mover,Early Mover,111.997897749039,312.372828820699,1989.04784748551,194,3344,1121,2223
56,56,0.5,sequential,Sequential,107.163134035311,307.471100420889,1959.18151551147,183,3174,1077,2097
56,56,0.5,coordinated,Coordinated,106.757970279647,311.246412713022,1999.83402191748,186,3284,1048,2236
56,56,0.5,delayed_coordination,Delayed Coordination,107.198395392882,307.758264391766,1980.6193548954,180,3159,1058,2101
56,56,0.75,baseline,Baseline,124.548312553382,363.304036232974,2442.58528145174,113,2297,621,1676
56,56,0.75,early_mover,Early Mover,121.702774463242,235.663913189399,1570.94629366044,248,4507,689,3818
56,56,0.75,sequential,Sequential,114.931945478044,232.226444588989,1544.67951490811,238,4376,682,3694
56,56,0.75,coordinated,Coordinated,112.696579636663,242.446991940333,1595.84334273048,245,4475,801,3674
56,56,0.75,delayed_coordination,Delayed Coordination,118.280789062403,227.30173089145,1489.45542638187,253,4577,701,3876
57,57,0.25,baseline,Baseline,126.141976716695,381.660266349182,2474.53264964,115,2313,470,1843
57,57,0.25,early_mover,Early Mover,113.163339330107,373.667842165328,2357.45760128173,139,2592,621,1971
57,57,0.25,sequential,Sequential,112.716795982111,349.151473681222,2297.09196754089,151,2678,642,2036
57,57,0.25,coordinated,Coordinated,112.564619240813,354.439091628698,2292.23490919832,138,2713,656,2057
57,57,0.25,delayed_coordination,Delayed Coordination,112.129899458703,354.248286366706,2316.36391448546,148,2650,626,2024
57,57,0.5,baseline,Baseline,126.141976716695,381.660266349182,2474.53264964,115,2313,470,1843
57,57,0.5,early_mover,Early Mover,122.941740219548,278.534053895906,1760.65692771639,254,4208,1118,3090
57,57,0.5,sequential,Sequential,122.025885465516,249.206467415775,1662.28719807723,271,4328,1201,3127
57,57,0.5,coordinated,Coordinated,121.832098792421,248.401730422892,1685.10443028838,278,4360,1223,3137
57,57,0.5,delayed_coordination,Delayed Coordination,122.582490890687,260.659943171863,1641.2604203553,275,4399,1172,3227
57,57,0.75,baseline,Baseline,126.141976716695,381.660266349182,2474.53264964,115,2313,470,1843
57,57,0.75,early_mover,Early Mover,115.152540884455,252.405840631065,1697.99041590343,200,3831,619,3212
57,57,0.75,sequential,Sequential,106.710018910056,247.856510007193,1692.71744732054,156,3541,642,2899
57,57,0.75,coordinated,Coordinated,105.096563996078,241.136604340053,1702.75783189027,197,3678,723,2955
57,57,0.75,delayed_coordination,Delayed Coordination,109.588887718852,231.339390776167,1648.38082915012,194,3728,663,3065
58,58,0.25,baseline,Baseline,124.668455530396,347.798210249246,2480.97145333531,104,2125,462,1663
58,58,0.25,early_mover,Early Mover,113.127200776644,324.937520748626,2330.62031517905,123,2348,708,1640
58,58,0.25,sequential,Sequential,111.317231014541,318.365132893789,2308.26983116179,135,2356,712,1644
58,58,0.25,coordinated,Coordinated,109.30175502028,325.068234598643,2350.80117413003,124,2360,655,1705
58,58,0.25,delayed_coordination,Delayed Coordination,112.178227199618,313.23465818144,2277.8712837179,136,2418,739,1679
58,58,0.5,baseline,Baseline,124.668455530396,347.798210249246,2480.97145333531,104,2125,462,1663
58,58,0.5,early_mover,Early Mover,122.231763887987,229.877834454465,1678.71945509008,248,4469,1047,3422
58,58,0.5,sequential,Sequential,120.455045289273,215.635157961391,1588.01780555195,262,4518,1139,3379
58,58,0.5,coordinated,Coordinated,120.287723720729,227.540364330766,1634.53927398229,273,4469,1083,3386
58,58,0.5,delayed_coordination,Delayed Coordination,119.745139411581,222.311045230974,1603.63629461614,270,4543,1149,3394
58,58,0.75,baseline,Baseline,124.668455530396,347.798210249246,2480.97145333531,104,2125,462,1663
58,58,0.75,early_mover,Early Mover,121.141422426025,213.057787763253,1483.19003174792,273,4887,690,4197
58,58,0.75,sequential,Sequential,116.383663793352,200.7469268533,1406.35869363067,269,4736,708,4028
58,58,0.75,coordinated,Coordinated,123.075083807378,192.054854375281,1387.62233272714,287,5081,806,4275
58,58,0.75,delayed_coordination,Delayed Coordination,112.229619450469,209.658576652911,1452.24492018664,252,4493,696,3797
59,59,0.25,baseline,Baseline,123.239344067742,359.915174216756,2395.31713185643,122,2429,570,1859
59,59,0.25,early_mover,Early Mover,112.765066077161,333.549420903905,2253.41714517804,136,2651,870,1781
59,59,0.25,sequential,Sequential,112.800132159141,317.133823779943,2197.73743647893,154,2812,925,1887
59,59,0.25,coordinated,Coordinated,113.603348781593,299.92185050328,2164.03987676152,185,2891,961,1930
59,59,0.25,delayed_coordination,Delayed Coordination,110.736239210062,330.667008155835,2239.83445763496,137,2637,877,1760
59,59,0.5,baseline,Baseline,123.239344067742,359.915174216756,2395.31713185643,122,2429,570,1859
59,59,0.5,early_mover,Early Mover,120.391921412271,242.112821428552,1691.60954701447,271,4279,1213,3066
59,59,0.5,sequential,Sequential,121.72493178895,215.695518544416,1575.0000839833,280,4274,1393,2881
59,59,0.5,coordinated,Coordinated,123.657947285998,231.601527693443,1608.13108066154,271,4324,1398,2926
59,59,0.5,delayed_coordination,Delayed Coordination,117.166351423763,222.68400029307,1610.24527216016,267,4252,1276,2976
59,59,0.75,baseline,Baseline,123.239344067742,359.915174216756,2395.31713185643,122,2429,570,1859
59,59,0.75,early_mover,Early Mover,131.859602983425,211.975028746085,1384.50422929088,285,5094,683,4411
59,59,0.75,sequential,Sequential,124.966047307299,197.098891779624,1336.92212101942,281,5053,728,4325
59,59,0.75,coordinated,Coordinated,113.851764913894,214.648467794177,1525.88343765534,228,4380,709,3671
59,59,0.75,delayed_coordination,Delayed Coordination,128.08079792835,199.696823452974,1302.89184654145,275,5047,702,4345
60,60,0.25,baseline,Baseline,121.214190982886,374.836436712824,2552.32998897754,102,2118,472,1646
60,60,0.25,early_mover,Early Mover,107.579299103512,335.893066395921,2388.53497928941,133,2426,740,1686
60,60,0.25,sequential,Sequential,107.043308565106,333.698211890189,2371.75940493634,132,2377,756,1621
60,60,0.25,coordinated,Coordinated,108.028359968069,344.397735320787,2366.32011282696,128,2446,770,1676
60,60,0.25,delayed_coordination,Delayed Coordination,106.157418928925,337.946178382282,2395.58497236894,122,2383,732,1651
60,60,0.5,baseline,Baseline,121.214190982886,374.836436712824,2552.32998897754,102,2118,472,1646
60,60,0.5,early_mover,Early Mover,119.076287779493,254.073908821125,1743.65934580523,264,4338,1090,3248
60,60,0.5,sequential,Sequential,117.118090229236,240.58929903968,1710.93865320481,267,4264,1187,3077
60,60,0.5,coordinated,Coordinated,108.633351454861,277.874183186816,1859.54649287938,214,3612,1009,2603
60,60,0.5,delayed_coordination,Delayed Coordination,113.790352326248,254.381429920142,1750.12639706244,252,4269,1158,3111
60,60,0.75,baseline,Baseline,121.214190982886,374.836436712824,2552.32998897754,102,2118,472,1646
60,60,0.75,early_mover,Early Mover,131.559183697289,234.360853867991,1483.5779003893,285,4768,550,4218
60,60,0.75,sequential,Sequential,119.419483022605,255.030692659151,1481.182709393,235,4436,535,3901
60,60,0.75,coordinated,Coordinated,101.158243688187,249.398664758377,1649.28472379484,226,3803,610,3193
60,60,0.75,delayed_coordination,Delayed Coordination,117.126532903035,256.592878364631,1533.04249229971,232,4372,491,3881
61,61,0.25,baseline,Baseline,123.06487274691,343.897694927733,2368.63974280316,126,2664,476,2188
61,61,0.25,early_mover,Early Mover,108.395245991723,331.821077567954,2273.64198259079,149,2888,776,2112
61,61,0.25,sequential,Sequential,107.728293784632,325.792601250513,2226.85886388664,164,2985,765,2220
61,61,0.25,coordinated,Coordinated,108.394106852678,315.759485995672,2185.21702058647,170,2983,714,2269
61,61,0.25,delayed_coordination,Delayed Coordination,107.721425686368,327.195429394419,2225.64877811085,156,2994,765,2229
61,61,0.5,baseline,Baseline,123.06487274691,343.897694927733,2368.63974280316,126,2664,476,2188
61,61,0.5,early_mover,Early Mover,120.574431144819,232.65717165032,1602.06291744855,282,4863,1223,3640
61,61,0.5,sequential,Sequential,121.754074286549,213.897202291304,1532.86482026623,291,4968,1255,3713
61,61,0.5,coordinated,Coordinated,118.02703424633,218.706724476628,1608.4349795526,272,4741,1233,3508
61,61,0.5,delayed_coordination,Delayed Coordination,119.735079733688,231.76950765619,1563.99623538927,277,4898,1302,3596
61,61,0.75,baseline,Baseline,123.06487274691,343.897694927733,2368.63974280316,126,2664,476,2188
61,61,0.75,early_mover,Early Mover,121.1664717371,212.444403879235,1438.36140101284,260,4802,546,4256
61,61,0.75,sequential,Sequential,106.559644252614,224.503117200094,1473.20644652441,204,4258,583,3675
61,61,0.75,coordinated,Coordinated,114.247160545444,218.505699437252,1422.45114062997,284,4817,783,4034
61,61,0.75,delayed_coordination,Delayed Coordination,109.403049067352,212.602607889087,1434.59478267959,214,4279,590,3689
62,62,0.25,baseline,Baseline,124.993593815148,337.484797323248,2390.89790928518,123,2460,484,1976
62,62,0.25,early_mover,Early Mover,110.577883867107,336.287978816119,2353.30246726674,119,2398,569,1829
62,62,0.25,sequential,Sequential,109.846586168943,326.251565164489,2314.48892694909,128,2433,589,1844
62,62,0.25,coordinated,Coordinated,109.928821140893,328.419366647151,2325.88148726051,127,2446,574,1872
62,62,0.25,delayed_coordination,Delayed Coordination,110.295570600332,328.941792974371,2306.41695386951,126,2463,597,1866
62,62,0.5,baseline,Baseline,124.993593815148,337.484797323248,2390.89790928518,123,2460,484,1976
62,62,0.5,early_mover,Early Mover,121.082649305696,246.017157299307,1713.73881787054,239,4264,1085,3179
62,62,0.5,sequential,Sequential,117.74753891757,243.833918001976,1688.57221835314,245,4292,1081,3211
62,62,0.5,coordinated,Coordinated,114.342542613264,275.55860684426,1773.6650245062,255,4082,1052,3030
62,62,0.5,delayed_coordination,Delayed Coordination,117.080212524753,241.712116627199,1721.4720965591,244,4236,1099,3137
62,62,0.75,baseline,Baseline,124.993593815148,337.484797323248,2390.89790928518,123,2460,484,1976
62,62,0.75,early_mover,Early Mover,117.085382260799,239.456272058351,1561.5501157299,233,4505,556,3949
62,62,0.75,sequential,Sequential,110.316033430937,233.610381637287,1519.50993769999,239,4466,614,3852
62,62,0.75,coordinated,Coordinated,113.295645817497,201.025413918363,1479.18046298163,225,4566,654,3912
62,62,0.75,delayed_coordination,Delayed Coordination,110.099012232668,235.231147277887,1530.28536195964,234,4467,603,3864
63,63,0.25,baseline,Baseline,122.196611871315,360.991759284303,2481.09017600919,98,2086,381,1705
63,63,0.25,early_mover,Early Mover,110.871400362212,334.950060891419,2323.10262894172,128,2353,695,1658
63,63,0.25,sequential,Sequential,109.555786550951,326.492736609341,2300.15501495182,128,2377,697,1680
63,63,0.25,coordinated,Coordinated,108.826757232551,322.65278658034,2286.08523014643,139,2476,687,1789
63,63,0.25,delayed_coordination,Delayed Coordination,110.290642272134,327.222901190756,2274.9560355492,130,2435,707,1728
63,63,0.5,baseline,Baseline,122.196611871315,360.991759284303,2481.09017600919,98,2086,381,1705
63,63,0.5,early_mover,Early Mover,115.660863454671,241.638999341479,1753.64985738232,259,4222,1044,3178
63,63,0.5,sequential,Sequential,114.62663564416,228.585332706094,1684.49712054997,265,4235,1107,3128
63,63,0.5,coordinated,Coordinated,115.398586237619,231.112916896744,1747.90046874112,259,4355,1145,3210
63,63,0.5,delayed_coordination,Delayed Coordination,116.695453301433,224.672695843958,1631.70835543757,286,4426,1105,3321
63,63,0.75,baseline,Baseline,122.196611871315,360.991759284303,2481.09017600919,98,2086,381,1705
63,63,0.75,early_mover,Early Mover,123.1027323677,211.167091499231,1432.49085631858,269,4979,526,4453
63,63,0.75,sequential,Sequential,117.000870857096,207.996017854429,1385.37251738561,267,4795,544,4251
63,63,0.75,coordinated,Coordinated,95.6576830233087,257.721810784195,1740.90055522366,151,3372,628,2744
63,63,0.75,delayed_coordination,Delayed Coordination,120.515762666636,196.529694096708,1358.19818993277,265,4915,566,4349
64,64,0.25,baseline,Baseline,125.442163520397,368.535873589824,2449.41737307218,102,2106,676,1430
64,64,0.25,early_mover,Early Mover,115.295249221982,329.423300593772,2320.0034096946,119,2261,880,1381
64,64,0.25,sequential,Sequential,113.499299807395,324.141717247415,2303.30512853881,128,2294,888,1406
64,64,0.25,coordinated,Coordinated,112.77697891389,316.89482208446,2297.31655812012,116,2024,807,1217
64,64,0.25,delayed_coordination,Delayed Coordination,112.817619286494,332.305045085601,2267.08909565167,134,2338,917,1421
64,64,0.5,baseline,Baseline,125.442163520397,368.535873589824,2449.41737307218,102,2106,676,1430
64,64,0.5,early_mover,Early Mover,119.026670333063,264.561564768625,1872.10667172178,211,3413,1078,2335
64,64,0.5,sequential,Sequential,113.907181291304,264.934951611581,1863.09540051881,182,3201,1026,2175
64,64,0.5,coordinated,Coordinated,111.222730764318,273.989781744671,1928.56225727973,169,3073,992,2081
64,64,0.5,delayed_coordination,Delayed Coordination,113.195402101701,257.611496833967,1874.1737667825,180,3247,1001,2246
64,64,0.75,baseline,Baseline,125.442163520397,368.535873589824,2449.41737307218,102,2106,676,1430
64,64,0.75,early_mover,Early Mover,120.582613391813,234.352919298318,1565.97268743417,229,4210,661,3549
64,64,0.75,sequential,Sequential,116.338300301007,232.108240620819,1505.02963777001,231,4211,669,3542
64,64,0.75,coordinated,Coordinated,107.449838534252,264.438889294085,1672.12150336726,164,3465,730,2735
64,64,0.75,delayed_coordination,Delayed Coordination,115.169097217397,240.06500877474,1536.99554276996,218,4190,641,3549
65,65,0.25,baseline,Baseline,122.781354871532,391.278525139383,2531.45910782441,95,1949,384,1565
65,65,0.25,early_mover,Early Mover,111.17021450673,364.816546394547,2402.20993052463,111,2182,617,1565
65,65,0.25,sequential,Sequential,109.937041754902,357.152632464261,2345.29547465008,124,2216,637,1579
65,65,0.25,coordinated,Coordinated,109.716604017968,345.299281624369,2347.84492718191,118,2235,658,1577
65,65,0.25,delayed_coordination,Delayed Coordination,108.661401986543,361.062028754538,2368.36949717292,122,2196,614,1582
65,65,0.5,baseline,Baseline,122.781354871532,391.278525139383,2531.45910782441,95,1949,384,1565
65,65,0.5,early_mover,Early Mover,122.011746617047,241.178460213714,1671.51768409484,260,4260,987,3273
65,65,0.5,sequential,Sequential,115.993674517108,250.507094019297,1640.35666670548,228,4019,1050,2969
65,65,0.5,coordinated,Coordinated,112.74113593715,261.278383571164,1730.95346352,211,3850,1014,2836
65,65,0.5,delayed_coordination,Delayed Coordination,121.123254944373,225.244075690062,1569.13201691359,261,4245,1067,3178
65,65,0.75,baseline,Baseline,122.781354871532,391.278525139383,2531.45910782441,95,1949,384,1565
65,65,0.75,early_mover,Early Mover,115.580841521266,250.013244681505,1627.148687037,213,4053,577,3476
65,65,0.75,sequential,Sequential,108.206858601102,242.72711535237,1576.04206616612,178,3642,619,3023
65,65,0.75,coordinated,Coordinated,115.032393073634,252.922342336879,1500.99868636477,248,4330,753,3577
65,65,0.75,delayed_coordination,Delayed Coordination,106.327213365709,242.170574057045,1574.05572575316,187,3727,605,3122
66,66,0.25,baseline,Baseline,122.122966190991,345.120175692554,2450.64675561296,103,2162,566,1596
66,66,0.25,early_mover,Early Mover,112.224070328279,310.081002682088,2277.24180564306,135,2525,774,1751
66,66,0.25,sequential,Sequential,110.449420599253,310.124582785789,2252.9944362682,139,2553,800,1753
66,66,0.25,coordinated,Coordinated,110.318315773327,318.057528740513,2279.02139280876,133,2518,784,1734
66,66,0.25,delayed_coordination,Delayed Coordination,109.758571938152,315.514042552113,2269.73497491553,135,2539,792,1747
66,66,0.5,baseline,Baseline,122.122966190991,345.120175692554,2450.64675561296,103,2162,566,1596
66,66,0.5,early_mover,Early Mover,127.124098034739,207.231497125994,1603.09472799822,262,4689,1166,3523
66,66,0.5,sequential,Sequential,121.92110301393,201.687375357161,1562.48590571758,263,4567,1187,3380
66,66,0.5,coordinated,Coordinated,117.154961890565,224.133939248207,1698.15026011194,251,4344,1286,3058
66,66,0.5,delayed_coordination,Delayed Coordination,121.960460163706,206.100551406701,1581.85280638237,253,4651,1216,3435
66,66,0.75,baseline,Baseline,122.122966190991,345.120175692554,2450.64675561296,103,2162,566,1596
66,66,0.75,early_mover,Early Mover,120.7471226557,218.229412608556,1556.95364647666,230,4355,653,3702
66,66,0.75,sequential,Sequential,108.416277725569,219.633329343229,1555.7989066316,207,4058,662,3396
66,66,0.75,coordinated,Coordinated,106.768735072563,240.686698036071,1616.17578943469,219,4114,653,3461
66,66,0.75,delayed_coordination,Delayed Coordination,114.055725435434,211.612002029288,1514.18761646915,214,4081,615,3466
67,67,0.25,baseline,Baseline,121.657265709083,384.258998914857,2572.88776075311,98,1934,490,1444
67,67,0.25,early_mover,Early Mover,113.41006717978,338.303248944496,2283.90284779705,156,2526,821,1705
67,67,0.25,sequential,Sequential,112.683900691233,332.296188561748,2264.25762625442,163,2606,825,1781
67,67,0.25,coordinated,Coordinated,108.403025553401,335.908997244942,2378.01190072529,135,2430,759,1671
67,67,0.25,delayed_coordination,Delayed Coordination,112.029978346177,337.549414230781,2286.97004305684,155,2597,810,1787
67,67,0.5,baseline,Baseline,121.657265709083,384.258998914857,2572.88776075311,98,1934,490,1444
67,67,0.5,early_mover,Early Mover,124.986198788328,259.058313110903,1694.35935276499,262,4526,1003,3523
67,67,0.5,sequential,Sequential,121.832995142519,256.665282581532,1664.30971267448,266,4568,1151,3417
67,67,0.5,coordinated,Coordinated,120.838724649517,256.467572271376,1665.14071953581,267,4545,1148,3397
67,67,0.5,delayed_coordination,Delayed Coordination,123.540284202594,252.442424385809,1636.21350058687,274,4624,1104,3520
67,67,0.75,baseline,Baseline,121.657265709083,384.258998914857,2572.88776075311,98,1934,490,1444
67,67,0.75,early_mover,Early Mover,130.393722480618,226.059437474556,1495.56975145317,277,4883,453,4430
67,67,0.75,sequential,Sequential,121.378729672173,227.171709188351,1501.7553737105,260,4595,465,4130
67,67,0.75,coordinated,Coordinated,121.391111259997,203.036733837384,1458.53326503406,265,4783,470,4313
67,67,0.75,delayed_coordination,Delayed Coordination,122.01468858713,228.779555749348,1490.5511678925,278,4804,477,4327
68,68,0.25,baseline,Baseline,125.141755156698,349.851810072568,2429.36553911372,119,2489,472,2017
68,68,0.25,early_mover,Early Mover,110.976605249949,342.613347765353,2324.85399816156,136,2587,669,1918
68,68,0.25,sequential,Sequential,109.824700826608,325.152553281645,2288.02424173328,138,2637,687,1950
68,68,0.25,coordinated,Coordinated,109.961677169437,337.552443863835,2281.69273493234,139,2705,704,2001
68,68,0.25,delayed_coordination,Delayed Coordination,109.109029951684,334.742751314218,2295.3907728966,144,2622,672,1950
68,68,0.5,baseline,Baseline,125.141755156698,349.851810072568,2429.36553911372,119,2489,472,2017
68,68,0.5,early_mover,Early Mover,124.550739554935,251.737392550284,1611.93864025057,280,4691,1253,3438
68,68,0.5,sequential,Sequential,123.37310611145,231.247553663818,1491.55251940278,310,4861,1338,3523
68,68,0.5,coordinated,Coordinated,119.815892743283,239.289405673708,1584.27438995856,304,4616,1256,3360
68,68,0.5,delayed_coordination,Delayed Coordination,123.613712783964,237.343654320367,1519.04069564245,278,4744,1343,3401
68,68,0.75,baseline,Baseline,125.141755156698,349.851810072568,2429.36553911372,119,2489,472,2017
68,68,0.75,early_mover,Early Mover,121.004310773446,203.907267127398,1460.91673538007,260,4793,839,3954
68,68,0.75,sequential,Sequential,118.053569086775,190.251128812853,1393.16129564494,256,4627,821,3806
68,68,0.75,coordinated,Coordinated,113.230632493056,210.84961660631,1512.75524511103,241,4432,820,3612
68,68,0.75,delayed_coordination,Delayed Coordination,118.191182629081,190.848388610414,1404.61209967691,243,4576,818,3758
69,69,0.25,baseline,Baseline,123.322063383934,346.62292674835,2425.4033803533,127,2439,580,1859
69,69,0.25,early_mover,Early Mover,111.970063930021,325.135469609342,2223.93711328035,152,2804,844,1960
69,69,0.25,sequential,Sequential,110.806251669167,314.787483687783,2164.09986874791,174,2917,855,2062
69,69,0.25,coordinated,Coordinated,109.714789183453,321.633375991654,2204.95193230475,157,2880,789,2091
69,69,0.25,delayed_coordination,Delayed Coordination,112.352518884233,309.872784189781,2129.71479433906,178,2962,858,2104
69,69,0.5,baseline,Baseline,123.322063383934,346.62292674835,2425.4033803533,127,2439,580,1859
69,69,0.5,early_mover,Early Mover,123.165771707948,232.738996172801,1573.44981533527,278,4821,1069,3752
69,69,0.5,sequential,Sequential,122.796348876555,218.407352624846,1503.89194006146,299,4884,1250,3634
69,69,0.5,coordinated,Coordinated,120.42638004997,221.414846213524,1534.069564103,301,4708,1147,3561
69,69,0.5,delayed_coordination,Delayed Coordination,123.608216098699,213.598536683638,1476.62069725131,301,4998,1255,3743
69,69,0.75,baseline,Baseline,123.322063383934,346.62292674835,2425.4033803533,127,2439,580,1859
69,69,0.75,early_mover,Early Mover,122.652468507473,225.091964135375,1460.79895890941,265,4904,517,4387
69,69,0.75,sequential,Sequential,113.211203899281,228.766954736241,1445.90023819044,250,4718,562,4156
69,69,0.75,coordinated,Coordinated,111.218949406453,221.253921110539,1481.06805026252,262,4682,711,3971
69,69,0.75,delayed_coordination,Delayed Coordination,114.475788991572,227.935888764098,1428.30162248835,242,4678,546,4132
70,70,0.25,baseline,Baseline,121.629816127759,329.995175370353,2449.60797195475,106,1972,664,1308
70,70,0.25,early_mover,Early Mover,111.542987058778,323.373044271186,2300.81158375691,137,2337,977,1360
70,70,0.25,sequential,Sequential,110.783310604118,325.376639177235,2278.0145571224,139,2409,976,1433
70,70,0.25,coordinated,Coordinated,110.017705569185,319.406247908319,2293.30211776611,133,2334,875,1459
70,70,0.25,delayed_coordination,Delayed Coordination,111.500795711897,325.237781158495,2270.38985254066,141,2394,958,1436
70,70,0.5,baseline,Baseline,121.629816127759,329.995175370353,2449.60797195475,106,1972,664,1308
70,70,0.5,early_mover,Early Mover,121.04581046694,263.481277471864,1729.4828193087,246,4229,1104,3125
70,70,0.5,sequential,Sequential,122.235171113188,240.744727142788,1603.08325310321,262,4448,1109,3339
70,70,0.5,coordinated,Coordinated,120.963562270862,245.468228202482,1622.73917314519,268,4466,1168,3298
70,70,0.5,delayed_coordination,Delayed Coordination,119.675684856777,257.849252669786,1644.86249430644,265,4319,1092,3227
70,70,0.75,baseline,Baseline,121.629816127759,329.995175370353,2449.60797195475,106,1972,664,1308
70,70,0.75,early_mover,Early Mover,125.929866594145,200.015355205111,1514.32387300693,250,4475,523,3952
70,70,0.75,sequential,Sequential,120.00012657457,199.082551180078,1469.60644134794,257,4563,527,4036
70,70,0.75,coordinated,Coordinated,112.488428842762,228.327472596684,1603.89655813071,211,4050,504,3546
70,70,0.75,delayed_coordination,Delayed Coordination,124.686620801053,191.565360144996,1445.17870733036,265,4640,526,4114
71,71,0.25,baseline,Baseline,124.296754707297,328.802696202771,2335.14366176455,127,2654,601,2053
71,71,0.25,early_mover,Early Mover,112.292466476315,311.723964948963,2193.96165206653,152,2769,798,1971
71,71,0.25,sequential,Sequential,109.81674927462,314.969916802436,2190.37560774288,145,2731,780,1951
71,71,0.25,coordinated,Coordinated,110.056610184329,315.662679593763,2195.82730889041,149,2831,762,2069
71,71,0.25,delayed_coordination,Delayed Coordination,109.465804644403,312.657087067916,2183.19299543021,151,2757,767,1990
71,71,0.5,baseline,Baseline,124.296754707297,328.802696202771,2335.14366176455,127,2654,601,2053
71,71,0.5,early_mover,Early Mover,116.181907398361,246.5095957154,1687.66234531638,269,4562,1115,3447
71,71,0.5,sequential,Sequential,115.365927903123,240.337068098671,1629.96432080017,276,4593,1185,3408
71,71,0.5,coordinated,Coordinated,113.763160018685,251.245049140845,1672.6327370082,252,4472,1186,3286
71,71,0.5,delayed_coordination,Delayed Coordination,114.808284770339,245.609450613823,1634.65602922455,272,4548,1157,3391
71,71,0.75,baseline,Baseline,124.296754707297,328.802696202771,2335.14366176455,127,2654,601,2053
71,71,0.75,early_mover,Early Mover,108.266864712752,229.210350782973,1564.18707794936,229,4377,619,3758
71,71,0.75,sequential,Sequential,106.362289620949,209.493781224852,1476.62989206875,221,4231,598,3633
71,71,0.75,coordinated,Coordinated,103.751939529815,220.127931050863,1500.95444032646,233,4333,687,3646
71,71,0.75,delayed_coordination,Delayed Coordination,107.163472176019,218.668481971927,1476.82952348996,204,4185,559,3626
72,72,0.25,baseline,Baseline,123.584797435207,376.155450647838,2535.99596996849,103,2162,582,1580
72,72,0.25,early_mover,Early Mover,112.41491800653,344.631669955559,2375.93932002657,133,2469,824,1645
72,72,0.25,sequential,Sequential,109.794942815249,348.241170659539,2358.97516598927,140,2488,831,1657
72,72,0.25,coordinated,Coordinated,112.116018878044,349.023380499467,2338.84993338612,146,2510,829,1681
72,72,0.25,delayed_coordination,Delayed Coordination,111.80483397818,337.655615856373,2286.36179381835,153,2607,840,1767
72,72,0.5,baseline,Baseline,123.584797435207,376.155450647838,2535.99596996849,103,2162,582,1580
72,72,0.5,early_mover,Early Mover,124.7464772581,253.296177823579,1683.66577095334,262,4462,1167,3295
72,72,0.5,sequential,Sequential,119.65042444625,250.397145603086,1689.54491917842,239,4252,1173,3079
72,72,0.5,coordinated,Coordinated,117.093646973037,252.692206352709,1741.46230083075,247,4132,1191,2941
72,72,0.5,delayed_coordination,Delayed Coordination,125.986881611313,230.91427920271,1573.43377971516,280,4624,1238,3386
72,72,0.75,baseline,Baseline,123.584797435207,376.155450647838,2535.99596996849,103,2162,582,1580
72,72,0.75,early_mover,Early Mover,130.100681441778,220.540321262883,1447.41901821302,284,4901,571,4330
72,72,0.75,sequential,Sequential,116.285125177841,230.843824247016,1519.25808910001,226,4343,592,3751
72,72,0.75,coordinated,Coordinated,107.722348357685,238.9219245454,1632.01425395811,209,4018,782,3236
72,72,0.75,delayed_coordination,Delayed Coordination,118.3139565546,227.122371159583,1478.64419130461,224,4439,554,3885
73,73,0.25,baseline,Baseline,126.024905246215,334.647935943198,2294.32508591037,132,2742,673,2069
73,73,0.25,early_mover,Early Mover,112.224757068328,344.216558260256,2253.99630972353,143,2866,897,1969
73,73,0.25,sequential,Sequential,110.160530832045,344.298367725247,2244.62232310163,153,2806,870,1936
73,73,0.25,coordinated,Coordinated,109.514818147353,348.382099334674,2268.0240232777,125,2669,835,1834
73,73,0.25,delayed_coordination,Delayed Coordination,110.589497615138,344.198457990847,2254.97934831919,145,2806,870,1936
73,73,0.5,baseline,Baseline,126.024905246215,334.647935943198,2294.32508591037,132,2742,673,2069
73,73,0.5,early_mover,Early Mover,112.749160830878,297.934587352743,1832.02477474257,220,4111,1178,2933
73,73,0.5,sequential,Sequential,112.624610178558,292.988455391795,1749.80720771118,242,4191,1194,2997
73,73,0.5,coordinated,Coordinated,110.426545872173,297.440245846922,1834.57329976914,230,4144,1212,2932
73,73,0.5,delayed_coordination,Delayed Coordination,110.346533794688,294.759345044677,1784.50371026527,225,4067,1142,2925
73,73,0.75,baseline,Baseline,126.024905246215,334.647935943198,2294.32508591037,132,2742,673,2069
73,73,0.75,early_mover,Early Mover,115.967589213764,224.901178828663,1529.3486397949,256,4554,534,4020
73,73,0.75,sequential,Sequential,108.103002085979,207.147559091415,1461.78993555344,244,4368,500,3868
73,73,0.75,coordinated,Coordinated,110.141845667208,206.999949804636,1449.02465257837,253,4663,675,3988
73,73,0.75,delayed_coordination,Delayed Coordination,112.558464036731,203.818026701086,1428.37054794543,270,4612,519,4093
74,74,0.25,baseline,Baseline,122.640868227524,373.05173672127,2576.33988978672,102,1937,580,1357
74,74,0.25,early_mover,Early Mover,116.617860578123,333.541096624918,2268.59876614977,156,2655,993,1662
74,74,0.25,sequential,Sequential,115.427891602269,329.59532975177,2231.0191915421,159,2567,952,1615
74,74,0.25,coordinated,Coordinated,112.632642781634,343.09600854057,2308.25190452938,152,2421,848,1573
74,74,0.25,delayed_coordination,Delayed Coordination,115.695836836513,332.143683300746,2224.98185628299,156,2639,964,1675
74,74,0.5,baseline,Baseline,122.640868227524,373.05173672127,2576.33988978672,102,1937,580,1357
74,74,0.5,early_mover,Early Mover,119.159447352433,265.799304058975,1821.21410115982,239,4030,1060,2970
74,74,0.5,sequential,Sequential,114.965716987655,280.634886594922,1834.48863632053,223,3796,1078,2718
74,74,0.5,coordinated,Coordinated,115.800899960006,266.405507850961,1761.52871761929,257,4014,1101,2913
74,74,0.5,delayed_coordination,Delayed Coordination,116.894240300503,258.815196512895,1754.61690310075,265,4177,1099,3078
74,74,0.75,baseline,Baseline,122.640868227524,373.05173672127,2576.33988978672,102,1937,580,1357
74,74,0.75,early_mover,Early Mover,137.278012030351,222.960830496189,1409.01218032671,300,5194,517,4677
74,74,0.75,sequential,Sequential,129.194783921343,208.778337584712,1381.73717957443,306,5119,540,4579
74,74,0.75,coordinated,Coordinated,111.058646101823,237.989733790247,1618.44472049585,242,4109,625,3484
74,74,0.75,delayed_coordination,Delayed Coordination,129.55471902222,214.959056240032,1373.59779242469,300,5167,539,4628
75,75,0.25,baseline,Baseline,122.478907474524,378.871050383297,2463.92470325732,95,2068,540,1528
75,75,0.25,early_mover,Early Mover,112.736883417912,371.495929311437,2308.37816523523,132,2443,805,1638
75,75,0.25,sequential,Sequential,113.259222055547,361.510671250456,2242.51651011198,146,2499,837,1662
75,75,0.25,coordinated,Coordinated,111.250809062616,353.156618111391,2287.10421466175,137,2566,840,1726
75,75,0.25,delayed_coordination,Delayed Coordination,112.399065029148,357.587459890253,2231.85041424289,153,2563,863,1700
75,75,0.5,baseline,Baseline,122.478907474524,378.871050383297,2463.92470325732,95,2068,540,1528
75,75,0.5,early_mover,Early Mover,122.866875941142,267.903413377595,1722.26892619659,253,4250,1167,3083
75,75,0.5,sequential,Sequential,120.882023214836,257.432772153442,1673.37815843491,247,4279,1299,2980
75,75,0.5,coordinated,Coordinated,120.963264749083,250.928504971317,1636.26074038922,274,4472,1269,3203
75,75,0.5,delayed_coordination,Delayed Coordination,118.155259356992,265.834557652931,1714.46067165169,248,4161,1258,2903
75,75,0.75,baseline,Baseline,122.478907474524,378.871050383297,2463.92470325732,95,2068,540,1528
75,75,0.75,early_mover,Early Mover,124.297274794895,238.513672322418,1531.87833342567,246,4525,623,3902
75,75,0.75,sequential,Sequential,116.900861965026,225.219753929211,1502.30832557359,229,4316,612,3704
75,75,0.75,coordinated,Coordinated,114.844778386444,246.482863320261,1537.00639884672,230,4169,781,3388
75,75,0.75,delayed_coordination,Delayed Coordination,117.521207596159,226.747382354381,1504.41526637674,223,4305,606,3699
76,76,0.25,baseline,Baseline,122.80043810822,369.865741078293,2514.70602048922,111,2168,538,1630
76,76,0.25,early_mover,Early Mover,117.895972161641,342.254306165263,2228.92892579109,164,2756,904,1852
76,76,0.25,sequential,Sequential,116.951429620349,340.382114855376,2212.68430401598,167,2862,928,1934
76,76,0.25,coordinated,Coordinated,116.959761668993,340.781313331784,2220.86849769663,159,2783,879,1904
76,76,0.25,delayed_coordination,Delayed Coordination,116.827328939508,338.111369627264,2189.6757948376,171,2874,937,1937
76,76,0.5,baseline,Baseline,122.80043810822,369.865741078293,2514.70602048922,111,2168,538,1630
76,76,0.5,early_mover,Early Mover,124.549906188658,256.242004410355,1752.85326149394,232,4239,1081,3158
76,76,0.5,sequential,Sequential,122.12276933359,236.633642546891,1690.04990770011,274,4413,1220,3193
76,76,0.5,coordinated,Coordinated,118.340395702227,249.785935552664,1769.9383073617,242,4213,1103,3110
76,76,0.5,delayed_coordination,Delayed Coordination,121.412009791184,246.036130185737,1710.47686711679,258,4362,1170,3192
76,76,0.75,baseline,Baseline,122.80043810822,369.865741078293,2514.70602048922,111,2168,538,1630
76,76,0.75,early_mover,Early Mover,133.439676341182,210.556527722038,1480.88875534209,269,4702,482,4220
76,76,0.75,sequential,Sequential,122.804349058273,206.44086383983,1473.83456609043,246,4543,557,3986
76,76,0.75,coordinated,Coordinated,119.269026844978,228.252228811581,1548.44066939041,243,4390,602,3788
76,76,0.75,delayed_coordination,Delayed Coordination,127.795649750971,198.265784624394,1411.32972966679,283,4693,501,4192
77,77,0.25,baseline,Baseline,121.901483722514,392.186387077521,2516.25620815098,103,2039,650,1389
77,77,0.25,early_mover,Early Mover,112.87465997847,336.205584125363,2298.70915584636,140,2480,930,1550
77,77,0.25,sequential,Sequential,110.498078728771,351.530423838232,2250.65330683315,160,2536,958,1578
77,77,0.25,coordinated,Coordinated,113.035226332484,344.965489912046,2270.93262550796,142,2546,896,1650
77,77,0.25,delayed_coordination,Delayed Coordination,112.017595146445,344.7984171811,2232.5899295495,163,2558,982,1576
77,77,0.5,baseline,Baseline,121.901483722514,392.186387077521,2516.25620815098,103,2039,650,1389
77,77,0.5,early_mover,Early Mover,119.916474797422,272.908426884408,1754.25377147935,249,4107,1255,2852
77,77,0.5,sequential,Sequential,116.828600706909,261.121181591774,1707.34151248969,265,4225,1276,2949
77,77,0.5,coordinated,Coordinated,117.091803515801,279.792829105799,1738.48218259523,262,4128,1290,2838
77,77,0.5,delayed_coordination,Delayed Coordination,117.478660511107,267.581746096083,1688.63161427554,243,4102,1293,2809
77,77,0.75,baseline,Baseline,121.901483722514,392.186387077521,2516.25620815098,103,2039,650,1389
77,77,0.75,early_mover,Early Mover,134.702049274729,210.254961121741,1374.3478990715,297,5086,553,4533
77,77,0.75,sequential,Sequential,122.216790993736,232.596755055407,1399.16259038654,266,4822,583,4239
77,77,0.75,coordinated,Coordinated,105.036909983844,267.942890017937,1654.31857527724,194,3757,599,3158
77,77,0.75,delayed_coordination,Delayed Coordination,123.13349847361,225.075715898131,1386.90583791212,263,4761,569,4192
78,78,0.25,baseline,Baseline,122.292713842599,375.176698648158,2474.89887584027,110,2309,526,1783
78,78,0.25,early_mover,Early Mover,112.310195699587,354.554787190031,2319.72696662569,140,2655,790,1865
78,78,0.25,sequential,Sequential,111.119040715488,349.790123037872,2289.30733714395,147,2719,795,1924
78,78,0.25,coordinated,Coordinated,109.847593128917,357.33000920652,2327.62059649243,132,2560,737,1823
78,78,0.25,delayed_coordination,Delayed Coordination,111.721937916971,339.915078538801,2270.24794795735,147,2760,826,1934
78,78,0.5,baseline,Baseline,122.292713842599,375.176698648158,2474.89887584027,110,2309,526,1783
78,78,0.5,early_mover,Early Mover,110.298864920898,280.754298949572,1921.40229813483,211,3889,942,2947
78,78,0.5,sequential,Sequential,109.169757964341,263.891327925144,1858.80779339974,229,3927,1033,2894
78,78,0.5,coordinated,Coordinated,107.443143456723,275.015893927078,1918.29123819748,209,3849,1016,2833
78,78,0.5,delayed_coordination,Delayed Coordination,107.289498837871,270.987470092865,1903.7072343462,225,3885,966,2919
78,78,0.75,baseline,Baseline,122.292713842599,375.176698648158,2474.89887584027,110,2309,526,1783
78,78,0.75,early_mover,Early Mover,120.190359144282,233.80921479722,1500.09630912972,266,4778,574,4204
78,78,0.75,sequential,Sequential,108.497305781945,234.182413633846,1530.69683558777,239,4383,594,3789
78,78,0.75,coordinated,Coordinated,106.37530634339,256.798431267224,1598.55658195336,224,4355,748,3607
78,78,0.75,delayed_coordination,Delayed Coordination,114.232182741416,210.289943572787,1434.92807005936,267,4599,602,3997
79,79,0.25,baseline,Baseline,125.260971645592,374.308676069199,2562.35197809865,100,2025,588,1437
79,79,0.25,early_mover,Early Mover,113.593816298273,348.499278332013,2401.34779146425,138,2415,839,1576
79,79,0.25,sequential,Sequential,114.107349167791,341.077472015903,2352.51602015719,129,2336,804,1532
79,79,0.25,coordinated,Coordinated,113.092457643193,345.727581907186,2373.27291538617,130,2263,795,1468
79,79,0.25,delayed_coordination,Delayed Coordination,112.650838873417,353.45765404829,2389.67277626386,132,2351,796,1555
79,79,0.5,baseline,Baseline,125.260971645592,374.308676069199,2562.35197809865,100,2025,588,1437
79,79,0.5,early_mover,Early Mover,125.309451486144,248.460312169492,1706.0330333413,258,4270,1007,3263
79,79,0.5,sequential,Sequential,121.180137884685,236.435046127864,1676.14652240363,266,4120,1058,3062
79,79,0.5,coordinated,Coordinated,114.565942457785,254.578447080755,1807.120381079,236,3621,954,2667
79,79,0.5,delayed_coordination,Delayed Coordination,122.622100785428,237.754756968166,1661.18633867779,262,4264,1066,3198
79,79,0.75,baseline,Baseline,125.260971645592,374.308676069199,2562.35197809865,100,2025,588,1437
79,79,0.75,early_mover,Early Mover,143.127833776625,204.574568905615,1429.11304263513,290,5088,601,4487
79,79,0.75,sequential,Sequential,124.630214275308,216.808350333528,1469.8647871517,239,4542,587,3955
79,79,0.75,coordinated,Coordinated,115.501556396328,229.356670757373,1625.9003948593,206,4033,624,3409
79,79,0.75,delayed_coordination,Delayed Coordination,127.944267156092,211.280635063541,1424.7160297004,249,4674,591,4083
80,80,0.25,baseline,Baseline,121.972860375058,382.804133630701,2522.68162372281,97,1995,453,1542
80,80,0.25,early_mover,Early Mover,112.051874666146,348.869574732299,2337.27151855768,133,2397,714,1683
80,80,0.25,sequential,Sequential,109.171930943006,349.28248345629,2344.40971893997,132,2340,687,1653
80,80,0.25,coordinated,Coordinated,109.755144980666,356.721742996944,2373.3944922603,118,2360,692,1668
80,80,0.25,delayed_coordination,Delayed Coordination,109.512838634617,346.918139017753,2337.7551595113,132,2413,712,1701
80,80,0.5,baseline,Baseline,121.972860375058,382.804133630701,2522.68162372281,97,1995,453,1542
80,80,0.5,early_mover,Early Mover,122.905473660594,232.340824488814,1695.21965315084,255,4377,1141,3236
80,80,0.5,sequential,Sequential,123.844514338687,218.288763650782,1570.096301995,290,4407,1195,3212
80,80,0.5,coordinated,Coordinated,117.859334447418,247.458555426,1675.15544046987,286,4265,1109,3156
80,80,0.5,delayed_coordination,Delayed Coordination,123.30840460385,225.50102190121,1608.86515121727,282,4564,1209,3355
80,80,0.75,baseline,Baseline,121.972860375058,382.804133630701,2522.68162372281,97,1995,453,1542
80,80,0.75,early_mover,Early Mover,123.169582725251,210.647357901004,1499.42170118718,271,4923,749,4174
80,80,0.75,sequential,Sequential,118.23159999927,200.919874720085,1428.4908718041,258,4778,815,3963
80,80,0.75,coordinated,Coordinated,111.517145709874,225.345980270564,1593.46750426569,231,4215,833,3382
80,80,0.75,delayed_coordination,Delayed Coordination,120.81776437587,198.824330872784,1404.72385988394,254,4773,774,3999
81,81,0.25,baseline,Baseline,124.161773878851,370.34615973172,2582.28795750304,85,1955,365,1590
81,81,0.25,early_mover,Early Mover,111.011832641695,350.6567161015,2464.85239564611,121,2285,639,1646
81,81,0.25,sequential,Sequential,109.860115089786,343.685866496809,2423.96993615136,127,2278,688,1590
81,81,0.25,coordinated,Coordinated,111.349630703398,346.487702566617,2375.64000701724,133,2348,700,1648
81,81,0.25,delayed_coordination,Delayed Coordination,109.344434666809,347.184986608808,2432.8008352653,124,2303,675,1628
81,81,0.5,baseline,Baseline,124.161773878851,370.34615973172,2582.28795750304,85,1955,365,1590
81,81,0.5,early_mover,Early Mover,121.73153201101,252.687144474112,1764.42094185659,255,4283,1263,3020
81,81,0.5,sequential,Sequential,123.142398123877,227.923811916192,1621.08158893007,280,4342,1332,3010
81,81,0.5,coordinated,Coordinated,119.733439622608,250.450159947413,1755.89200617392,268,4199,1225,2974
81,81,0.5,delayed_coordination,Delayed Coordination,120.476079648951,232.919370694148,1671.65497800962,269,4341,1292,3049
81,81,0.75,baseline,Baseline,124.161773878851,370.34615973172,2582.28795750304,85,1955,365,1590
81,81,0.75,early_mover,Early Mover,127.349619107481,213.814322686284,1494.67395288458,264,4608,735,3873
81,81,0.75,sequential,Sequential,126.692390529154,191.29714272348,1347.69285843537,304,4893,773,4120
81,81,0.75,coordinated,Coordinated,111.101952863972,239.851393530407,1657.23095849703,215,4057,943,3114
81,81,0.75,delayed_coordination,Delayed Coordination,121.686214212966,193.935906294225,1414.45619826283,288,4606,759,3847
82,82,0.25,baseline,Baseline,125.275086880404,360.585160139149,2446.88526520105,109,2295,395,1900
82,82,0.25,early_mover,Early Mover,112.004384397023,352.340418949356,2319.25927161936,128,2549,688,1861
82,82,0.25,sequential,Sequential,110.070228042416,346.296542032414,2287.97630743054,138,2591,701,1890
82,82,0.25,coordinated,Coordinated,110.846167952446,341.71240254719,2290.29784029184,143,2605,726,1879
82,82,0.25,delayed_coordination,Delayed Coordination,111.026426673633,347.954521062522,2281.30143451421,145,2614,713,1901
82,82,0.5,baseline,Baseline,125.275086880404,360.585160139149,2446.88526520105,109,2295,395,1900
82,82,0.5,early_mover,Early Mover,125.761081021307,244.967196819033,1608.59264436694,264,4547,1343,3204
82,82,0.5,sequential,Sequential,119.615633476332,241.690484714168,1619.09073426534,261,4351,1382,2969
82,82,0.5,coordinated,Coordinated,116.757868476525,254.764155212225,1666.427240991,260,4305,1383,2922
82,82,0.5,delayed_coordination,Delayed Coordination,121.300086325233,234.351098655906,1575.84422251072,278,4574,1396,3178
82,82,0.75,baseline,Baseline,125.275086880404,360.585160139149,2446.88526520105,109,2295,395,1900
82,82,0.75,early_mover,Early Mover,121.64207423012,233.261447877575,1492.13222269767,236,4550,810,3740
82,82,0.75,sequential,Sequential,118.672867735133,221.151450045377,1379.26381887783,250,4582,813,3769
82,82,0.75,coordinated,Coordinated,114.556476615191,220.485084045814,1457.8647140268,232,4464,842,3622
82,82,0.75,delayed_coordination,Delayed Coordination,117.137170384229,224.292735509603,1396.92794435153,245,4502,770,3732
83,83,0.25,baseline,Baseline,123.277085500418,374.808632819193,2489.53603342903,105,2204,451,1753
83,83,0.25,early_mover,Early Mover,112.450541842184,347.197846465738,2297.0185799183,132,2607,735,1872
83,83,0.25,sequential,Sequential,111.407581477577,335.385968973156,2266.52773631967,137,2638,764,1874
83,83,0.25,coordinated,Coordinated,113.93346871,334.225443014732,2243.78191074081,147,2805,867,1938
83,83,0.25,delayed_coordination,Delayed Coordination,111.782291778662,336.797384941931,2265.33046110174,137,2663,774,1889
83,83,0.5,baseline,Baseline,123.277085500418,374.808632819193,2489.53603342903,105,2204,451,1753
83,83,0.5,early_mover,Early Mover,119.812118959156,278.975039932141,1743.96029265127,248,4337,1023,3314
83,83,0.5,sequential,Sequential,115.401405437056,262.020886962239,1722.68667198533,230,4108,1032,3076
83,83,0.5,coordinated,Coordinated,116.965407796333,257.535853746621,1799.99960788768,229,4045,953,3092
83,83,0.5,delayed_coordination,Delayed Coordination,118.533820892917,258.811480390935,1664.89361222929,228,4232,1046,3186
83,83,0.75,baseline,Baseline,123.277085500418,374.808632819193,2489.53603342903,105,2204,451,1753
83,83,0.75,early_mover,Early Mover,123.525238905277,241.0561021474,1577.25162496419,244,4581,490,4091
83,83,0.75,sequential,Sequential,115.099280478338,230.800289358282,1530.58462455209,230,4323,516,3807
83,83,0.75,coordinated,Coordinated,105.721256871049,239.851380013332,1684.25702273269,191,3927,554,3373
83,83,0.75,delayed_coordination,Delayed Coordination,119.674949746928,220.659234274098,1496.50553021061,245,4535,522,4013
84,84,0.25,baseline,Baseline,122.382220403805,384.611755633274,2494.95503142493,93,1825,511,1314
84,84,0.25,early_mover,Early Mover,113.139759459885,354.836746356524,2335.98445109941,113,2093,716,1377
84,84,0.25,sequential,Sequential,111.386094095101,345.247830190971,2309.97297312422,125,2134,710,1424
84,84,0.25,coordinated,Coordinated,110.484754247868,351.68035287417,2347.18977569925,126,2144,711,1433
84,84,0.25,delayed_coordination,Delayed Coordination,111.10745897336,358.140369849962,2321.06590398327,124,2191,724,1467
84,84,0.5,baseline,Baseline,122.382220403805,384.611755633274,2494.95503142493,93,1825,511,1314
84,84,0.5,early_mover,Early Mover,117.21895041423,316.082448204883,1868.39739433735,224,3617,959,2658
84,84,0.5,sequential,Sequential,120.188427497743,250.72101037405,1644.19551378063,269,3838,1074,2764
84,84,0.5,coordinated,Coordinated,119.252591706526,234.376769025243,1726.51741873969,261,4094,1166,2928
84,84,0.5,delayed_coordination,Delayed Coordination,120.876587352197,236.476250096146,1641.63974349926,259,3890,1092,2798
84,84,0.75,baseline,Baseline,122.382220403805,384.611755633274,2494.95503142493,93,1825,511,1314
84,84,0.75,early_mover,Early Mover,136.611182083885,207.430403374641,1357.74666596694,296,4927,467,4460
84,84,0.75,sequential,Sequential,122.859077577541,210.827658303078,1411.97157586134,254,4590,492,4098
84,84,0.75,coordinated,Coordinated,113.470505143277,224.421459745629,1577.47137456436,216,4014,670,3344
84,84,0.75,delayed_coordination,Delayed Coordination,125.572829990623,202.485899917806,1384.85110156272,266,4681,481,4200
85,85,0.25,baseline,Baseline,124.930595785233,337.809753779667,2437.627732152,121,2308,573,1735
85,85,0.25,early_mover,Early Mover,109.278341604236,322.164376519031,2390.19111599916,100,2174,819,1355
85,85,0.25,sequential,Sequential,107.450974801584,319.122576819445,2343.90434281291,106,2125,749,1376
85,85,0.25,coordinated,Coordinated,112.345995176907,320.329552558218,2279.05055527882,146,2492,795,1697
85,85,0.25,delayed_coordination,Delayed Coordination,109.468709300413,317.860981492158,2336.08358806573,104,2223,770,1453
85,85,0.5,baseline,Baseline,124.930595785233,337.809753779667,2437.627732152,121,2308,573,1735
85,85,0.5,early_mover,Early Mover,116.60315494339,243.743631689583,1804.5778050273,252,4046,1123,2923
85,85,0.5,sequential,Sequential,111.61653658344,242.486360254581,1796.3174471505,212,3823,1092,2731
85,85,0.5,coordinated,Coordinated,113.701984594612,247.813823363454,1788.16898622516,226,3982,1155,2827
85,85,0.5,delayed_coordination,Delayed Coordination,113.404827815671,239.753015897196,1771.40098086807,237,3969,1132,2837
85,85,0.75,baseline,Baseline,124.930595785233,337.809753779667,2437.627732152,121,2308,573,1735
85,85,0.75,early_mover,Early Mover,114.505393802155,232.496628449097,1625.28270732077,222,4070,661,3409
85,85,0.75,sequential,Sequential,113.890130071044,216.504736443241,1514.92825430641,232,4277,673,3604
85,85,0.75,coordinated,Coordinated,115.617365261639,190.988780896845,1468.45076169733,278,4677,708,3969
85,85,0.75,delayed_coordination,Delayed Coordination,113.702354569678,213.957732319001,1488.08975840381,233,4258,641,3617
86,86,0.25,baseline,Baseline,124.489326992393,413.496681892735,2632.63421941163,85,1666,416,1250
86,86,0.25,early_mover,Early Mover,112.981050499793,395.085052660959,2530.09324955175,110,1971,620,1351
86,86,0.25,sequential,Sequential,112.117141928054,392.195145749753,2492.04879436482,111,1996,617,1379
86,86,0.25,coordinated,Coordinated,111.287765932748,391.355055058065,2509.72780703513,107,2006,576,1430
86,86,0.25,delayed_coordination,Delayed Coordination,112.670252668216,391.995954711864,2474.05061367088,113,2019,612,1407
86,86,0.5,baseline,Baseline,124.489326992393,413.496681892735,2632.63421941163,85,1666,416,1250
86,86,0.5,early_mover,Early Mover,120.508677469624,287.673103918755,1852.5623068583,255,3706,1018,2688
86,86,0.5,sequential,Sequential,114.378213505845,306.915276999738,1870.09412685431,236,3605,1043,2562
86,86,0.5,coordinated,Coordinated,112.953924867774,317.351337305861,1935.94525204525,211,3536,1003,2533
86,86,0.5,delayed_coordination,Delayed Coordination,117.313058208177,279.194073839854,1810.10887712686,251,3716,1024,2692
86,86,0.75,baseline,Baseline,124.489326992393,413.496681892735,2632.63421941163,85,1666,416,1250
86,86,0.75,early_mover,Early Mover,123.655566438239,234.177236884695,1668.08628662739,221,4094,498,3596
86,86,0.75,sequential,Sequential,114.056323157127,228.712612739086,1622.65895768198,202,3837,512,3325
86,86,0.75,coordinated,Coordinated,94.3543383781385,271.340061540697,1917.65464186854,149,3045,579,2466
86,86,0.75,delayed_coordination,Delayed Coordination,113.432516654581,222.310775597472,1623.80125621274,212,3909,530,3379
87,87,0.25,baseline,Baseline,121.418985134136,400.783435125497,2682.01457983065,67,1341,496,845
87,87,0.25,early_mover,Early Mover,112.047379369683,360.41596544774,2507.32723080124,97,1789,769,1020
87,87,0.25,sequential,Sequential,111.994511157784,355.146377511415,2457.803228681,117,1916,813,1103
87,87,0.25,coordinated,Coordinated,114.57478672222,354.172700658522,2421.65669665553,130,2072,885,1187
87,87,0.25,delayed_coordination,Delayed Coordination,112.40145231189,348.681971736204,2440.20428067272,114,1909,808,1101
87,87,0.5,baseline,Baseline,121.418985134136,400.783435125497,2682.01457983065,67,1341,496,845
87,87,0.5,early_mover,Early Mover,116.484705234245,291.181586591661,2044.59502613979,206,3185,992,2193
87,87,0.5,sequential,Sequential,118.451980962751,264.274392986887,1852.99917589119,240,3418,1121,2297
87,87,0.5,coordinated,Coordinated,119.084427098475,252.215737383037,1826.42131367927,245,3670,1116,2554
87,87,0.5,delayed_coordination,Delayed Coordination,116.063293359614,277.580719447846,1890.79433790262,237,3339,1080,2259
87,87,0.75,baseline,Baseline,121.418985134136,400.783435125497,2682.01457983065,67,1341,496,845
87,87,0.75,early_mover,Early Mover,124.800554163593,224.546538278421,1616.43593343664,242,4352,460,3892
87,87,0.75,sequential,Sequential,119.064631375878,217.013994580717,1597.96968758726,229,4168,464,3704
87,87,0.75,coordinated,Coordinated,117.504058774124,224.566235422504,1617.77900006323,236,4293,605,3688
87,87,0.75,delayed_coordination,Delayed Coordination,120.886873149973,216.879267632825,1557.72853906093,257,4395,491,3904
88,88,0.25,baseline,Baseline,123.358877201516,368.297700493625,2524.95541174584,89,1968,619,1349
88,88,0.25,early_mover,Early Mover,110.910810116942,340.649913343324,2403.09487377647,122,2241,853,1388
88,88,0.25,sequential,Sequential,110.401364396832,333.410668423475,2348.76278582829,131,2249,857,1392
88,88,0.25,coordinated,Coordinated,111.485366505626,343.808117569455,2371.93849049454,129,2293,887,1406
88,88,0.25,delayed_coordination,Delayed Coordination,110.048602323688,338.137348028816,2348.1632517659,132,2263,861,1402
88,88,0.5,baseline,Baseline,123.358877201516,368.297700493625,2524.95541174584,89,1968,619,1349
88,88,0.5,early_mover,Early Mover,114.031610897692,276.888773470224,1965.48059575698,196,3456,1073,2383
88,88,0.5,sequential,Sequential,113.983653932627,269.448411783347,1863.76629384124,224,3636,1119,2517
88,88,0.5,coordinated,Coordinated,113.444971166613,263.265372421963,1889.90702474254,218,3706,1181,2525
88,88,0.5,delayed_coordination,Delayed Coordination,111.761516751929,269.222459995245,1913.48024227011,200,3460,1058,2402
88,88,0.75,baseline,Baseline,123.358877201516,368.297700493625,2524.95541174584,89,1968,619,1349
88,88,0.75,early_mover,Early Mover,134.957877370078,214.582790966786,1439.90673163013,288,4916,695,4221
88,88,0.75,sequential,Sequential,125.70651770393,210.866114564499,1437.5335443196,258,4661,728,3933
88,88,0.75,coordinated,Coordinated,119.720789526943,231.882659025955,1532.60259778513,249,4329,752,3577
88,88,0.75,delayed_coordination,Delayed Coordination,130.339762378041,200.358332616064,1389.48078862813,281,4802,762,4040
89,89,0.25,baseline,Baseline,125.161425539448,358.03341690049,2385.98506582655,116,2333,582,1751
89,89,0.25,early_mover,Early Mover,110.323166210468,339.813346563261,2294.01493650376,110,2270,713,1557
89,89,0.25,sequential,Sequential,108.61506302526,335.148148051485,2274.50753523829,120,2291,734,1557
89,89,0.25,coordinated,Coordinated,109.689026725728,320.686942063429,2246.44592558499,122,2356,747,1609
89,89,0.25,delayed_coordination,Delayed Coordination,109.137625412512,331.452089008612,2270.18748419166,114,2305,719,1586
89,89,0.5,baseline,Baseline,125.161425539448,358.03341690049,2385.98506582655,116,2333,582,1751
89,89,0.5,early_mover,Early Mover,116.716458042325,274.525996139353,1746.14412742244,246,4049,1178,2871
89,89,0.5,sequential,Sequential,110.24191083062,271.766615959005,1786.59818672074,245,3915,1166,2749
89,89,0.5,coordinated,Coordinated,117.589876045476,251.509526716823,1630.2091001369,264,4465,1319,3146
89,89,0.5,delayed_coordination,Delayed Coordination,114.887495579205,261.393378953821,1658.7084070735,253,4164,1204,2960
89,89,0.75,baseline,Baseline,125.161425539448,358.03341690049,2385.98506582655,116,2333,582,1751
89,89,0.75,early_mover,Early Mover,133.777438915764,199.875161771233,1334.63851815157,300,5285,674,4611
89,89,0.75,sequential,Sequential,122.384930313809,182.834675818982,1309.34992814891,264,4960,637,4323
89,89,0.75,coordinated,Coordinated,108.810193643513,225.416109361877,1495.49614055174,261,4654,709,3945
89,89,0.75,delayed_coordination,Delayed Coordination,124.206208265654,189.927227118469,1273.30255420422,304,5266,700,4566
90,90,0.25,baseline,Baseline,125.150602127758,390.122755307945,2574.01700730986,98,2086,538,1548
90,90,0.25,early_mover,Early Mover,110.960847441943,385.611324102876,2499.83114316426,92,2009,702,1307
90,90,0.25,sequential,Sequential,110.08474947858,376.740268510414,2467.41692622109,102,2047,676,1371
90,90,0.25,coordinated,Coordinated,113.27053846215,369.77417533039,2394.45388988824,129,2351,712,1639
90,90,0.25,delayed_coordination,Delayed Coordination,110.68793549246,370.878061419382,2461.90046931594,106,2074,686,1388
90,90,0.5,baseline,Baseline,125.150602127758,390.122755307945,2574.01700730986,98,2086,538,1548
90,90,0.5,early_mover,Early Mover,124.239326338134,266.600517423875,1710.70362263743,259,4252,1196,3056
90,90,0.5,sequential,Sequential,119.480686348954,262.615430948095,1720.18554878778,253,4058,1213,2845
90,90,0.5,coordinated,Coordinated,117.192362506359,275.785903016914,1754.75972897463,244,4078,1111,2967
90,90,0.5,delayed_coordination,Delayed Coordination,121.35873355395,257.200875854643,1674.43084872795,257,4223,1118,3105
90,90,0.75,baseline,Baseline,125.150602127758,390.122755307945,2574.01700730986,98,2086,538,1548
90,90,0.75,early_mover,Early Mover,131.7855609594,247.219794784323,1471.72965776347,264,4639,695,3944
90,90,0.75,sequential,Sequential,117.177992257514,232.423112969396,1520.52474763357,224,4299,727,3572
90,90,0.75,coordinated,Coordinated,101.862382733677,256.343478478726,1763.42633503729,158,3407,659,2748
90,90,0.75,delayed_coordination,Delayed Coordination,119.428453347009,231.167346958717,1467.10695546744,238,4376,696,3680
91,91,0.25,baseline,Baseline,124.366945692891,371.848259915583,2595.42635025199,108,2088,709,1379
91,91,0.25,early_mover,Early Mover,115.767790062589,348.43872884877,2383.27534890307,143,2566,969,1597
91,91,0.25,sequential,Sequential,114.506280341439,346.126026340908,2339.97088165402,152,2609,980,1629
91,91,0.25,coordinated,Coordinated,112.793060962352,351.866579026005,2377.9523735812,131,2523,889,1634
91,91,0.25,delayed_coordination,Delayed Coordination,114.640363922209,348.81150912132,2351.2562443454,150,2599,966,1633
91,91,0.5,baseline,Baseline,124.366945692891,371.848259915583,2595.42635025199,108,2088,709,1379
91,91,0.5,early_mover,Early Mover,126.634088426912,273.859540158338,1794.83346469723,253,4387,1147,3240
91,91,0.5,sequential,Sequential,122.287923845656,269.80426376753,1776.27555815364,258,4300,1187,3113
91,91,0.5,coordinated,Coordinated,127.917300854519,249.281860590835,1674.65648671362,283,4688,1240,3448
91,91,0.5,delayed_coordination,Delayed Coordination,122.701632593721,272.535787677571,1777.25667636975,247,4270,1161,3109
91,91,0.75,baseline,Baseline,124.366945692891,371.848259915583,2595.42635025199,108,2088,709,1379
91,91,0.75,early_mover,Early Mover,127.551304774921,232.466400846589,1649.30511151144,247,4632,627,4005
91,91,0.75,sequential,Sequential,124.073561239055,220.589869605324,1563.2594616491,248,4667,637,4030
91,91,0.75,coordinated,Coordinated,121.00676380829,225.352750161284,1636.04687670843,250,4546,723,3823
91,91,0.75,delayed_coordination,Delayed Coordination,124.555913287884,219.689297025127,1569.85282766926,245,4634,603,4031
92,92,0.25,baseline,Baseline,122.459361623281,345.426779138657,2383.87147088819,98,2129,432,1697
92,92,0.25,early_mover,Early Mover,110.663779974355,314.571638294035,2218.97210892764,120,2338,645,1693
92,92,0.25,sequential,Sequential,108.172549067794,316.892735272094,2197.73914359819,123,2341,642,1699
92,92,0.25,coordinated,Coordinated,107.086359878403,316.314000997766,2259.65128390382,101,2241,564,1677
92,92,0.25,delayed_coordination,Delayed Coordination,108.806403236666,303.408124419056,2178.38982380435,124,2320,626,1694
92,92,0.5,baseline,Baseline,122.459361623281,345.426779138657,2383.87147088819,98,2129,432,1697
92,92,0.5,early_mover,Early Mover,117.543807657152,237.114203708288,1752.80308157758,226,3916,874,3042
92,92,0.5,sequential,Sequential,114.865131649842,228.92869311577,1704.99198742511,235,3953,930,3023
92,92,0.5,coordinated,Coordinated,111.109592143295,242.718280729803,1737.39158084432,225,3855,940,2915
92,92,0.5,delayed_coordination,Delayed Coordination,115.996701026231,225.519572343309,1689.63613832408,222,4006,909,3097
92,92,0.75,baseline,Baseline,122.459361623281,345.426779138657,2383.87147088819,98,2129,432,1697
92,92,0.75,early_mover,Early Mover,122.321128293489,209.657096161683,1498.33880617509,265,4717,559,4158
92,92,0.75,sequential,Sequential,114.840353398068,212.61323054202,1456.29913565046,255,4488,617,3871
92,92,0.75,coordinated,Coordinated,111.595811189404,227.523744834342,1549.05167683407,242,4257,751,3506
92,92,0.75,delayed_coordination,Delayed Coordination,115.280524412427,200.533949279536,1437.62663620135,249,4571,587,3984
93,93,0.25,baseline,Baseline,121.822841630677,377.720201571613,2508.69696981082,104,2120,460,1660
93,93,0.25,early_mover,Early Mover,107.978648493461,379.088310911465,2426.00165216681,112,2223,709,1514
93,93,0.25,sequential,Sequential,106.485641936954,371.174358166678,2398.84641994628,118,2191,703,1488
93,93,0.25,coordinated,Coordinated,106.492615356211,372.938473998147,2389.42819750632,118,2298,771,1527
93,93,0.25,delayed_coordination,Delayed Coordination,106.878177541828,372.316754203772,2390.11589763374,108,2191,702,1489
93,93,0.5,baseline,Baseline,121.822841630677,377.720201571613,2508.69696981082,104,2120,460,1660
93,93,0.5,early_mover,Early Mover,120.491839808923,256.530037037867,1745.61090690683,265,4353,1154,3199
93,93,0.5,sequential,Sequential,116.166819538629,255.732370979049,1721.68427847271,241,4138,1229,2909
93,93,0.5,coordinated,Coordinated,114.422730244053,273.399375603941,1799.30555229492,248,4003,1184,2819
93,93,0.5,delayed_coordination,Delayed Coordination,119.206515220401,244.379755670665,1679.63611028797,275,4352,1246,3106
93,93,0.75,baseline,Baseline,121.822841630677,377.720201571613,2508.69696981082,104,2120,460,1660
93,93,0.75,early_mover,Early Mover,131.543841541441,212.667933016971,1459.68777693075,288,4976,550,4426
93,93,0.75,sequential,Sequential,124.689113568615,208.67298924501,1391.19663771192,287,4857,583,4274
93,93,0.75,coordinated,Coordinated,120.965242677562,218.317027382901,1513.55583008999,262,4703,598,4105
93,93,0.75,delayed_coordination,Delayed Coordination,129.037666780999,201.511936649804,1369.08154924974,287,4925,567,4358
94,94,0.25,baseline,Baseline,124.536688118596,380.440820874373,2500.32680469769,90,1852,519,1333
94,94,0.25,early_mover,Early Mover,112.454860696007,369.285233544237,2398.49295108293,104,2085,690,1395
94,94,0.25,sequential,Sequential,111.29351332658,352.037390007861,2340.17077318559,109,2119,711,1408
94,94,0.25,coordinated,Coordinated,110.964206951857,367.758678309234,2367.79331271231,107,2130,682,1448
94,94,0.25,delayed_coordination,Delayed Coordination,111.807422680531,345.699508362239,2314.54411341663,122,2165,712,1453
94,94,0.5,baseline,Baseline,124.536688118596,380.440820874373,2500.32680469769,90,1852,519,1333
94,94,0.5,early_mover,Early Mover,126.631136277787,262.522175649533,1692.85510495483,255,4264,1057,3207
94,94,0.5,sequential,Sequential,122.632897040965,257.08666470933,1694.5141560015,258,4267,1159,3108
94,94,0.5,coordinated,Coordinated,124.943255449556,258.91111073492,1669.69798650561,261,4326,1198,3128
94,94,0.5,delayed_coordination,Delayed Coordination,123.819348790146,260.34267881744,1662.0205420707,260,4319,1140,3179
94,94,0.75,baseline,Baseline,124.536688118596,380.440820874373,2500.32680469769,90,1852,519,1333
94,94,0.75,early_mover,Early Mover,129.845213582299,266.023622770394,1570.55205926429,240,4551,554,3997
94,94,0.75,sequential,Sequential,123.289872371162,255.817870274722,1514.26265702994,254,4533,649,3884
94,94,0.75,coordinated,Coordinated,125.323822059429,230.471856173429,1470.32360108898,291,4921,752,4169
94,94,0.75,delayed_coordination,Delayed Coordination,124.539855730253,256.974391285045,1503.57783409653,264,4589,606,3983
95,95,0.25,baseline,Baseline,127.264144576925,381.937551516144,2498.40150307596,104,2094,636,1458
95,95,0.25,early_mover,Early Mover,115.274498163578,363.58509918343,2368.3540180319,137,2357,884,1473
95,95,0.25,sequential,Sequential,114.180932289977,360.705642610638,2354.74961507448,135,2364,900,1464
95,95,0.25,coordinated,Coordinated,113.649447959756,373.976275084171,2366.91048789034,119,2306,839,1467
95,95,0.25,delayed_coordination,Delayed Coordination,113.780347268481,364.711085472937,2365.66848481748,125,2337,877,1460
95,95,0.5,baseline,Baseline,127.264144576925,381.937551516144,2498.40150307596,104,2094,636,1458
95,95,0.5,early_mover,Early Mover,127.864093556112,252.603054136321,1633.13617250146,284,4514,1215,3299
95,95,0.5,sequential,Sequential,126.347526365368,247.398264267453,1581.96999756119,281,4544,1346,3198
95,95,0.5,coordinated,Coordinated,120.402533508692,258.863892999346,1718.19407423668,237,4251,1256,2995
95,95,0.5,delayed_coordination,Delayed Coordination,129.626825581916,240.019158514166,1549.24146968693,304,4719,1319,3400
95,95,0.75,baseline,Baseline,127.264144576925,381.937551516144,2498.40150307596,104,2094,636,1458
95,95,0.75,early_mover,Early Mover,127.574199774764,241.848974783155,1569.82012356081,260,4680,626,4054
95,95,0.75,sequential,Sequential,117.248209197181,226.690430724708,1559.17287470166,235,4369,639,3730
95,95,0.75,coordinated,Coordinated,114.184859362826,265.55241154292,1578.26602841342,230,4186,780,3406
95,95,0.75,delayed_coordination,Delayed Coordination,120.449429276004,232.52182272748,1523.09179996782,257,4594,650,3944
96,96,0.25,baseline,Baseline,120.88222279939,363.386772031506,2509.15184939891,98,1993,528,1465
96,96,0.25,early_mover,Early Mover,112.690628338398,342.225489532716,2306.27170311509,126,2403,807,1596
96,96,0.25,sequential,Sequential,112.427364773351,335.700731116772,2274.00597159769,136,2433,821,1612
96,96,0.25,coordinated,Coordinated,112.090378208722,340.213637582979,2304.40595947427,135,2505,767,1738
96,96,0.25,delayed_coordination,Delayed Coordination,111.354651830436,333.333045020839,2289.2610940459,132,2424,796,1628
96,96,0.5,baseline,Baseline,120.88222279939,363.386772031506,2509.15184939891,98,1993,528,1465
96,96,0.5,early_mover,Early Mover,119.048813666044,287.063768373575,1821.60897668037,232,3946,1114,2832
96,96,0.5,sequential,Sequential,118.115186518354,282.675550502329,1769.82164161219,231,3968,1085,2883
96,96,0.5,coordinated,Coordinated,116.645591799776,276.458311330768,1796.02283326552,230,3999,1141,2858
96,96,0.5,delayed_coordination,Delayed Coordination,116.701497647288,263.896928771889,1741.54606270961,238,3942,1081,2861
96,96,0.75,baseline,Baseline,120.88222279939,363.386772031506,2509.15184939891,98,1993,528,1465
96,96,0.75,early_mover,Early Mover,131.230100839867,225.575336216057,1432.09572104626,273,4969,566,4403
96,96,0.75,sequential,Sequential,131.578534979708,194.832705638827,1317.81312113604,307,5158,602,4556
96,96,0.75,coordinated,Coordinated,130.405051229926,218.586142853663,1366.6213523017,293,5201,684,4517
96,96,0.75,delayed_coordination,Delayed Coordination,125.141698018698,224.541194066951,1412.08135110679,273,4849,553,4296
97,97,0.25,baseline,Baseline,123.443892012537,342.707249631367,2495.22599334016,117,2461,508,1953
97,97,0.25,early_mover,Early Mover,108.821224010582,313.427878568219,2431.91142042802,129,2473,607,1866
97,97,0.25,sequential,Sequential,108.099094058468,310.522425924356,2401.68403735266,131,2438,609,1829
97,97,0.25,coordinated,Coordinated,107.960048969937,314.339026211187,2369.23714349852,127,2553,631,1922
97,97,0.25,delayed_coordination,Delayed Coordination,107.253718908703,315.467596027838,2381.25620776485,127,2472,631,1841
97,97,0.5,baseline,Baseline,123.443892012537,342.707249631367,2495.22599334016,117,2461,508,1953
97,97,0.5,early_mover,Early Mover,122.338053591317,212.451608119559,1664.06768628071,278,4446,1241,3205
97,97,0.5,sequential,Sequential,117.269794974868,207.291825208756,1622.97118869282,271,4365,1255,3110
97,97,0.5,coordinated,Coordinated,110.481123486135,252.589210104657,1739.34783113605,239,4008,1166,2842
97,97,0.5,delayed_coordination,Delayed Coordination,118.140261416804,207.663804309298,1618.64562374192,263,4270,1296,2974
97,97,0.75,baseline,Baseline,123.443892012537,342.707249631367,2495.22599334016,117,2461,508,1953
97,97,0.75,early_mover,Early Mover,113.279122310537,199.032711797377,1607.29860157232,228,4363,625,3738
97,97,0.75,sequential,Sequential,98.4699205440607,198.181129188435,1613.20974368937,195,3922,619,3303
97,97,0.75,coordinated,Coordinated,85.1894276487489,281.31285049828,1885.38893418749,110,2821,603,2218
97,97,0.75,delayed_coordination,Delayed Coordination,100.532724186105,203.12676919,1638.76816761573,163,3794,589,3205
98,98,0.25,baseline,Baseline,122.414644025495,378.254738517727,2396.08950673789,115,2255,587,1668
98,98,0.25,early_mover,Early Mover,113.55376922649,344.546715072337,2178.07821941252,150,2611,828,1783
98,98,0.25,sequential,Sequential,111.167864308944,339.558560452637,2158.72552140978,162,2537,825,1712
98,98,0.25,coordinated,Coordinated,109.705646523226,350.385148424968,2185.81519771231,154,2616,797,1819
98,98,0.25,delayed_coordination,Delayed Coordination,110.497099690173,330.324210617716,2175.30506500656,148,2602,852,1750
98,98,0.5,baseline,Baseline,122.414644025495,378.254738517727,2396.08950673789,115,2255,587,1668
98,98,0.5,early_mover,Early Mover,116.789807963199,298.304924455181,1714.04300687193,250,4068,1133,2935
98,98,0.5,sequential,Sequential,115.616563782206,268.907244450951,1680.08774109177,270,4076,1163,2913
98,98,0.5,coordinated,Coordinated,115.391059001769,262.325565210558,1633.90759556603,271,4324,1175,3149
98,98,0.5,delayed_coordination,Delayed Coordination,116.523546005984,258.429811900926,1648.79392000309,264,4151,1204,2947
98,98,0.75,baseline,Baseline,122.414644025495,378.254738517727,2396.08950673789,115,2255,587,1668
98,98,0.75,early_mover,Early Mover,121.279773445738,219.786936259909,1430.52046037873,263,4595,679,3916
98,98,0.75,sequential,Sequential,114.034773647037,219.231349029484,1407.70000469119,237,4406,674,3732
98,98,0.75,coordinated,Coordinated,114.975621862919,219.098520194631,1420.04215784385,245,4576,706,3870
98,98,0.75,delayed_coordination,Delayed Coordination,118.935043962504,210.789166407755,1394.71022051706,257,4571,682,3889
99,99,0.25,baseline,Baseline,124.131801211366,370.657942371323,2653.91846267098,83,1672,424,1248
99,99,0.25,early_mover,Early Mover,114.881187921326,344.130538822371,2473.03854964631,123,2143,757,1386
99,99,0.25,sequential,Sequential,115.014732937112,345.227909155403,2425.39953674222,130,2220,773,1447
99,99,0.25,coordinated,Coordinated,114.694554143063,338.715026234711,2439.67963932596,128,2199,725,1474
99,99,0.25,delayed_coordination,Delayed Coordination,114.896264882667,336.89927551139,2423.22406612938,133,2243,789,1454
99,99,0.5,baseline,Baseline,124.131801211366,370.657942371323,2653.91846267098,83,1672,424,1248
99,99,0.5,early_mover,Early Mover,126.231206806591,233.105791845694,1725.70795595923,257,4170,1086,3084
99,99,0.5,sequential,Sequential,125.753419448229,226.317958415217,1660.02711802142,265,4085,1140,2945
99,99,0.5,coordinated,Coordinated,124.061407836279,241.453834521378,1747.40242997901,261,4184,1149,3035
99,99,0.5,delayed_coordination,Delayed Coordination,125.680273818408,224.847869872952,1628.05494897425,285,4171,1171,3000
99,99,0.75,baseline,Baseline,124.131801211366,370.657942371323,2653.91846267098,83,1672,424,1248
99,99,0.75,early_mover,Early Mover,133.059241200844,192.235901586143,1519.18712501901,277,4742,536,4206
99,99,0.75,sequential,Sequential,128.71830329651,194.798031408993,1411.43586556223,292,4770,592,4178
99,99,0.75,coordinated,Coordinated,122.601975276702,204.536839813596,1534.5951839768,238,4389,695,3694
99,99,0.75,delayed_coordination,Delayed Coordination,130.671393658408,193.049805587612,1402.48511590295,276,4734,552,4182
100,100,0.25,baseline,Baseline,121.659077184905,364.422206982611,2459.38025859286,112,2253,627,1626
100,100,0.25,early_mover,Early Mover,110.046827625491,335.241339399041,2286.76405918626,141,2615,860,1755
100,100,0.25,sequential,Sequential,108.707238961628,332.492598219815,2279.2226769218,139,2556,837,1719
100,100,0.25,coordinated,Coordinated,109.772353061455,332.82359324977,2245.07451769252,154,2609,828,1781
100,100,0.25,delayed_coordination,Delayed Coordination,108.305591839507,332.955469104015,2270.28496087243,148,2601,859,1742
100,100,0.5,baseline,Baseline,121.659077184905,364.422206982611,2459.38025859286,112,2253,627,1626
100,100,0.5,early_mover,Early Mover,118.468116015034,255.631217092207,1721.27312341213,258,4364,1222,3142
100,100,0.5,sequential,Sequential,112.881193724542,252.056162476945,1719.39133277483,238,4104,1204,2900
100,100,0.5,coordinated,Coordinated,111.346119170507,236.200134778751,1723.9478600159,242,4159,1115,3044
100,100,0.5,delayed_coordination,Delayed Coordination,116.613125981761,228.597308535232,1637.51740921582,262,4316,1187,3129
100,100,0.75,baseline,Baseline,121.659077184905,364.422206982611,2459.38025859286,112,2253,627,1626
100,100,0.75,early_mover,Early Mover,126.080738035974,222.202917754013,1396.86349368176,274,4952,626,4326
100,100,0.75,sequential,Sequential,113.913680369418,225.11744904164,1404.01950382446,243,4499,614,3885
100,100,0.75,coordinated,Coordinated,125.465808553457,192.531167588673,1301.26697448941,279,5121,797,4324
100,100,0.75,delayed_coordination,Delayed Coordination,121.593444607254,196.11423031034,1312.48157808428,296,4961,629,4332
