replication,seed,policy_penalty,scenario_id,scenario_name,delta_final_fitness_vs_baseline,delta_final_risk_vs_baseline,delta_final_trade_vs_baseline,delta_recovering_links_vs_baseline,delta_total_switches_vs_baseline
1,1,0.25,baseline,Baseline,0,0,0,0,0
1,1,0.25,early_mover,Early Mover,-11.237597755319,-39.9999802323119,-142.855988329552,36,277
1,1,0.25,sequential,Sequential,-13.1685926276446,-43.5896938615311,-158.819791976437,33,279
1,1,0.25,coordinated,Coordinated,-15.6037537928841,-39.3850236412188,-68.3379578066179,4,-3
1,1,0.25,delayed_coordination,Delayed Coordination,-12.9886417257523,-50.4361954497344,-140.468408360399,31,246
1,1,0.5,baseline,Baseline,0,0,0,0,0
1,1,0.5,early_mover,Early Mover,-9.2700169738528,-104.233546737453,-542.654332041675,104,1492
1,1,0.5,sequential,Sequential,-13.5063767302676,-108.017094521981,-555.235506801216,99,1396
1,1,0.5,coordinated,Coordinated,-14.1872051994781,-104.662276622977,-477.427922721922,86,1268
1,1,0.5,delayed_coordination,Delayed Coordination,-12.6308874955035,-113.745538785668,-567.217096147391,109,1519
1,1,0.75,baseline,Baseline,0,0,0,0,0
1,1,0.75,early_mover,Early Mover,3.63463512733338,-136.862469098684,-884.308676101236,145,2291
1,1,0.75,sequential,Sequential,-0.310015413374117,-142.127145268023,-947.994075161041,142,2306
1,1,0.75,coordinated,Coordinated,-7.80824641804624,-122.294425012203,-870.26390279177,114,2081
1,1,0.75,delayed_coordination,Delayed Coordination,-0.358126860002955,-144.610196673523,-938.801320088058,157,2359
2,2,0.25,baseline,Baseline,0,0,0,0,0
2,2,0.25,early_mover,Early Mover,-14.0812583714417,-3.84381337405063,-85.0322084820286,17,226
2,2,0.25,sequential,Sequential,-15.7419344409271,-11.5381055929999,-91.418975816302,15,192
2,2,0.25,coordinated,Coordinated,-15.5723634606249,-9.24495104070394,-83.7274950057094,4,136
2,2,0.25,delayed_coordination,Delayed Coordination,-15.1655762931973,-4.65975260766987,-86.1183607977082,12,217
2,2,0.5,baseline,Baseline,0,0,0,0,0
2,2,0.5,early_mover,Early Mover,-5.15597811462122,-90.7939010929196,-682.37271986005,141,1988
2,2,0.5,sequential,Sequential,-7.87359381042137,-93.1381449661166,-739.502983429134,154,2089
2,2,0.5,coordinated,Coordinated,-9.27047043474522,-95.6768587923528,-693.686423834307,159,2135
2,2,0.5,delayed_coordination,Delayed Coordination,-5.01634924375277,-102.159778735289,-777.030595032111,149,2112
2,2,0.75,baseline,Baseline,0,0,0,0,0
2,2,0.75,early_mover,Early Mover,-2.17493047276776,-142.34657995471,-863.455007801873,136,2234
2,2,0.75,sequential,Sequential,-9.05690298663389,-151.632879989808,-892.864672961027,143,2174
2,2,0.75,coordinated,Coordinated,-20.5436399744519,-127.140055334546,-754.082141801629,77,1451
2,2,0.75,delayed_coordination,Delayed Coordination,-9.15215107412418,-154.790417320482,-913.546784143185,126,2191
3,3,0.25,baseline,Baseline,0,0,0,0,0
3,3,0.25,early_mover,Early Mover,-11.8541124323283,-21.4381220808351,-109.04197457901,26,226
3,3,0.25,sequential,Sequential,-12.9900735378447,-26.3836955114201,-144.030884354087,36,251
3,3,0.25,coordinated,Coordinated,-14.0732587378925,-14.5494344217466,-66.5398367659159,10,154
3,3,0.25,delayed_coordination,Delayed Coordination,-12.690921437113,-25.6832898756867,-134.182448440616,25,261
3,3,0.5,baseline,Baseline,0,0,0,0,0
3,3,0.5,early_mover,Early Mover,-11.9617869488977,-83.2920162415857,-514.804432430337,120,1523
3,3,0.5,sequential,Sequential,-12.2483966068277,-89.8212688625817,-606.11397446306,108,1553
3,3,0.5,coordinated,Coordinated,-10.6723507058884,-88.4922548314283,-593.335279768354,140,1632
3,3,0.5,delayed_coordination,Delayed Coordination,-14.2114680569206,-79.4342449284686,-565.535442726926,123,1562
3,3,0.75,baseline,Baseline,0,0,0,0,0
3,3,0.75,early_mover,Early Mover,4.45168070090904,-118.864309924239,-947.581457981096,167,2769
3,3,0.75,sequential,Sequential,3.30302320794118,-131.588140760916,-1046.41107483225,185,2934
3,3,0.75,coordinated,Coordinated,-5.36542191797227,-115.766439470603,-930.687114483311,125,2310
3,3,0.75,delayed_coordination,Delayed Coordination,-0.414023870911677,-127.622354581647,-1000.6128034627,178,2739
4,4,0.25,baseline,Baseline,0,0,0,0,0
4,4,0.25,early_mover,Early Mover,-12.4625888440806,-26.8309914095847,-103.794935688166,28,277
4,4,0.25,sequential,Sequential,-12.258450778582,-33.8078726550098,-147.177298252695,36,296
4,4,0.25,coordinated,Coordinated,-11.7824169579245,-31.5805956996197,-156.33830025857,35,289
4,4,0.25,delayed_coordination,Delayed Coordination,-12.4054096759368,-34.743178720835,-150.743767627392,36,306
4,4,0.5,baseline,Baseline,0,0,0,0,0
4,4,0.5,early_mover,Early Mover,-2.40152584482388,-98.7354573486889,-674.682527428699,146,1761
4,4,0.5,sequential,Sequential,-9.26230632461844,-74.0054845829126,-614.704043057839,113,1633
4,4,0.5,coordinated,Coordinated,-9.08725776016709,-89.4509983710812,-612.680903934442,109,1647
4,4,0.5,delayed_coordination,Delayed Coordination,-4.95531425471489,-100.895563413081,-713.617833283087,149,1854
4,4,0.75,baseline,Baseline,0,0,0,0,0
4,4,0.75,early_mover,Early Mover,-0.649166527686603,-111.638921496478,-898.649095547174,149,2336
4,4,0.75,sequential,Sequential,-10.2276818857999,-114.0068753527,-884.322898070644,113,2046
4,4,0.75,coordinated,Coordinated,-10.2156821029881,-120.572577070106,-825.456947821214,110,1950
4,4,0.75,delayed_coordination,Delayed Coordination,-7.15258504627347,-109.657804697597,-911.607214253706,127,2254
5,5,0.25,baseline,Baseline,0,0,0,0,0
5,5,0.25,early_mover,Early Mover,-15.8030897467186,-11.3248368824281,-77.5432554688714,2,-9
5,5,0.25,sequential,Sequential,-16.460737182592,-13.5061724711254,-89.3764340837724,16,67
5,5,0.25,coordinated,Coordinated,-15.7082476101781,-19.3517757589917,-113.051633264633,17,194
5,5,0.25,delayed_coordination,Delayed Coordination,-16.7642248164747,-9.4885455407009,-82.0328882046742,1,25
5,5,0.5,baseline,Baseline,0,0,0,0,0
5,5,0.5,early_mover,Early Mover,-3.36445469842485,-93.613710401036,-667.670125724165,140,1836
5,5,0.5,sequential,Sequential,-4.11766399101948,-106.027488363189,-739.253453294835,152,1988
5,5,0.5,coordinated,Coordinated,-10.005182693378,-95.4031753439266,-614.390730770093,96,1555
5,5,0.5,delayed_coordination,Delayed Coordination,-3.2555305942129,-105.318990837968,-734.005580649379,152,1971
5,5,0.75,baseline,Baseline,0,0,0,0,0
5,5,0.75,early_mover,Early Mover,-0.486660016856661,-102.061197510158,-872.681705050995,118,2145
5,5,0.75,sequential,Sequential,-3.3545234916559,-109.051547567689,-923.28522087271,135,2183
5,5,0.75,coordinated,Coordinated,-6.43117884609622,-132.758798740315,-918.341339927802,153,2313
5,5,0.75,delayed_coordination,Delayed Coordination,-4.41766706327829,-106.079915990923,-918.080889991347,124,2178
6,6,0.25,baseline,Baseline,0,0,0,0,0
6,6,0.25,early_mover,Early Mover,-10.263920601648,-21.7724861412231,-151.669069048055,50,578
6,6,0.25,sequential,Sequential,-13.1933234506349,-20.5638792396375,-147.364557823154,45,487
6,6,0.25,coordinated,Coordinated,-12.6378029068319,-9.78998777614942,-142.77781774577,31,455
6,6,0.25,delayed_coordination,Delayed Coordination,-12.1965099363968,-19.840605596391,-183.836806871808,51,553
6,6,0.5,baseline,Baseline,0,0,0,0,0
6,6,0.5,early_mover,Early Mover,1.1709350042487,-91.608296930661,-704.366951379088,149,2165
6,6,0.5,sequential,Sequential,-2.77451754073735,-104.665689285718,-759.190805777084,154,2166
6,6,0.5,coordinated,Coordinated,-10.5856230431845,-72.3475083414783,-597.691892548191,124,1930
6,6,0.5,delayed_coordination,Delayed Coordination,-2.73476898623976,-96.2478288528851,-725.383965878586,146,2162
6,6,0.75,baseline,Baseline,0,0,0,0,0
6,6,0.75,early_mover,Early Mover,1.02993977817844,-115.031947813841,-838.379151772087,128,2241
6,6,0.75,sequential,Sequential,3.89877509539959,-158.102098287515,-1012.34396474631,187,2638
6,6,0.75,coordinated,Coordinated,-13.3331471816148,-116.685524442904,-729.483868556683,120,1910
6,6,0.75,delayed_coordination,Delayed Coordination,-2.49134445363738,-150.612562077297,-953.989272323155,132,2132
7,7,0.25,baseline,Baseline,0,0,0,0,0
7,7,0.25,early_mover,Early Mover,-12.8787154295749,-16.4334827464622,-87.1685254870786,-3,98
7,7,0.25,sequential,Sequential,-12.4313919976939,-17.4152195991442,-143.108881375229,22,319
7,7,0.25,coordinated,Coordinated,-10.5921745410099,-39.1270830413443,-164.934041649937,28,378
7,7,0.25,delayed_coordination,Delayed Coordination,-14.205854097101,-17.0888605491066,-106.539742330468,27,238
7,7,0.5,baseline,Baseline,0,0,0,0,0
7,7,0.5,early_mover,Early Mover,-1.50670828241607,-66.4565101928742,-621.006737945915,144,2167
7,7,0.5,sequential,Sequential,-4.31190055043859,-76.1521454051792,-678.962619988779,146,2151
7,7,0.5,coordinated,Coordinated,-4.88596480509622,-74.0622167121532,-677.289462133623,140,2152
7,7,0.5,delayed_coordination,Delayed Coordination,-5.37149067644393,-69.4118681074999,-662.43060048833,154,2168
7,7,0.75,baseline,Baseline,0,0,0,0,0
7,7,0.75,early_mover,Early Mover,6.66462104009577,-113.964449929027,-876.788608750863,158,2526
7,7,0.75,sequential,Sequential,-5.61811331049557,-99.6148269242869,-872.719947253059,125,2103
7,7,0.75,coordinated,Coordinated,-18.2629658554245,-68.1499094541436,-718.827809239456,105,1665
7,7,0.75,delayed_coordination,Delayed Coordination,-0.74836495019504,-118.043600369554,-930.783821124533,162,2398
8,8,0.25,baseline,Baseline,0,0,0,0,0
8,8,0.25,early_mover,Early Mover,-11.9125244151629,-18.6071903316497,-188.455293846637,38,540
8,8,0.25,sequential,Sequential,-12.5649307370314,-23.2719350232684,-227.722939376251,51,564
8,8,0.25,coordinated,Coordinated,-11.2034657319342,-31.6494656475124,-225.505125017156,49,645
8,8,0.25,delayed_coordination,Delayed Coordination,-11.9070845666427,-35.5777484846632,-236.953278156611,49,569
8,8,0.5,baseline,Baseline,0,0,0,0,0
8,8,0.5,early_mover,Early Mover,-4.4116223540637,-95.0400921419345,-708.105223947755,138,2219
8,8,0.5,sequential,Sequential,-6.99778936634547,-97.1696400884534,-737.098033726259,130,2172
8,8,0.5,coordinated,Coordinated,-6.70831690403841,-105.756667954379,-756.602037302672,142,2141
8,8,0.5,delayed_coordination,Delayed Coordination,-6.93546495305372,-99.8244366607054,-736.801498709686,135,2239
8,8,0.75,baseline,Baseline,0,0,0,0,0
8,8,0.75,early_mover,Early Mover,-14.2546094782332,-98.9723953954022,-804.19807091745,106,1881
8,8,0.75,sequential,Sequential,-18.6981601759889,-99.6230404270284,-848.661899250334,92,1705
8,8,0.75,coordinated,Coordinated,-30.703612311591,-86.905123510867,-635.49655352657,44,965
8,8,0.75,delayed_coordination,Delayed Coordination,-18.7357136113699,-99.4391246152896,-823.728629970295,87,1664
9,9,0.25,baseline,Baseline,0,0,0,0,0
9,9,0.25,early_mover,Early Mover,-10.1059093901495,-28.4503884589486,-164.016712458123,23,314
9,9,0.25,sequential,Sequential,-12.228172916407,-31.1799483384879,-189.193177773613,26,266
9,9,0.25,coordinated,Coordinated,-12.6393805886016,-16.1511194264771,-145.898993419163,11,141
9,9,0.25,delayed_coordination,Delayed Coordination,-12.6532378748152,-27.8837957160997,-170.335925159623,11,219
9,9,0.5,baseline,Baseline,0,0,0,0,0
9,9,0.5,early_mover,Early Mover,-1.63109087785352,-96.4672543732333,-687.565245406903,125,1920
9,9,0.5,sequential,Sequential,-5.67488832336203,-98.8877443877467,-717.000016916948,117,1866
9,9,0.5,coordinated,Coordinated,-9.82656087463552,-83.103115439401,-634.087058317889,132,1811
9,9,0.5,delayed_coordination,Delayed Coordination,-7.09369394827162,-91.7459628555991,-693.043750935502,116,1803
9,9,0.75,baseline,Baseline,0,0,0,0,0
9,9,0.75,early_mover,Early Mover,2.9764295295068,-130.383961659862,-886.491811085481,133,2170
9,9,0.75,sequential,Sequential,-10.2734531913105,-109.041072399622,-827.700938673745,84,1647
9,9,0.75,coordinated,Coordinated,-11.7932574876165,-102.712980058806,-807.662685799343,91,1735
9,9,0.75,delayed_coordination,Delayed Coordination,-3.58612341960472,-133.495370995361,-903.292563176357,108,1828
10,10,0.25,baseline,Baseline,0,0,0,0,0
10,10,0.25,early_mover,Early Mover,-12.9539054186732,-3.73765311446317,-81.2676489111086,6,84
10,10,0.25,sequential,Sequential,-12.2273351008344,-20.5900191656698,-158.160058651188,33,278
10,10,0.25,coordinated,Coordinated,-11.1338368893451,-5.33665234376656,-160.352772849107,33,396
10,10,0.25,delayed_coordination,Delayed Coordination,-11.6951176145028,-22.1300386939853,-159.82117549597,28,254
10,10,0.5,baseline,Baseline,0,0,0,0,0
10,10,0.5,early_mover,Early Mover,-8.91176054490273,-82.7730882543181,-532.277899559797,106,1388
10,10,0.5,sequential,Sequential,-12.6176082673751,-70.7466519345382,-577.923852628935,106,1345
10,10,0.5,coordinated,Coordinated,-10.3151716029157,-84.6764503798273,-580.517035992158,123,1682
10,10,0.5,delayed_coordination,Delayed Coordination,-11.105218298646,-83.5071537982347,-581.526328207798,122,1534
10,10,0.75,baseline,Baseline,0,0,0,0,0
10,10,0.75,early_mover,Early Mover,-15.9455094396243,-66.4868168603464,-613.405578996136,83,1370
10,10,0.75,sequential,Sequential,-20.8223573948314,-67.3167366035235,-685.568496635764,81,1354
10,10,0.75,coordinated,Coordinated,-17.5986324389715,-74.6725161072956,-703.975244497685,87,1532
10,10,0.75,delayed_coordination,Delayed Coordination,-22.089164138847,-67.9697095664034,-664.830010998037,70,1341
11,11,0.25,baseline,Baseline,0,0,0,0,0
11,11,0.25,early_mover,Early Mover,-10.5493038477366,-17.2263038334599,-141.134770340164,41,396
11,11,0.25,sequential,Sequential,-11.9707319571431,-22.2418397055212,-161.286238054488,40,367
11,11,0.25,coordinated,Coordinated,-14.1983985311512,-12.7635069597249,-110.042260422814,10,212
11,11,0.25,delayed_coordination,Delayed Coordination,-12.8227791436321,-20.0901230732391,-149.614600339713,33,392
11,11,0.5,baseline,Baseline,0,0,0,0,0
11,11,0.5,early_mover,Early Mover,-9.28377704714551,-85.448663109995,-560.95426533768,129,1783
11,11,0.5,sequential,Sequential,-11.1546631404557,-90.4821513470634,-576.72042726566,126,1773
11,11,0.5,coordinated,Coordinated,-9.58598067696354,-91.0842657344511,-575.046816086084,145,1925
11,11,0.5,delayed_coordination,Delayed Coordination,-11.072532710196,-88.9146413189342,-595.137952828522,144,1810
11,11,0.75,baseline,Baseline,0,0,0,0,0
11,11,0.75,early_mover,Early Mover,7.29585649882107,-129.016969406497,-946.995599194724,168,2860
11,11,0.75,sequential,Sequential,6.22526825953933,-156.053993204728,-1044.27361017005,191,2933
11,11,0.75,coordinated,Coordinated,-6.33140177362087,-133.253073219968,-897.937981803648,178,2375
11,11,0.75,delayed_coordination,Delayed Coordination,6.02171037018083,-150.85340566804,-1024.70559964838,195,2886
12,12,0.25,baseline,Baseline,0,0,0,0,0
12,12,0.25,early_mover,Early Mover,-13.3733176895449,-22.2697168944561,-82.6411780096041,25,238
12,12,0.25,sequential,Sequential,-14.8357831488295,-33.9626291746605,-166.743212480721,34,349
12,12,0.25,coordinated,Coordinated,-14.6644878507415,-36.5175866425295,-137.526067211028,11,148
12,12,0.25,delayed_coordination,Delayed Coordination,-14.630957443579,-26.7892817434214,-120.478837510926,30,312
12,12,0.5,baseline,Baseline,0,0,0,0,0
12,12,0.5,early_mover,Early Mover,-6.04750790587083,-97.9135527258766,-617.095836611094,139,1962
12,12,0.5,sequential,Sequential,-8.04403643804496,-111.188474015715,-691.598897698571,154,2146
12,12,0.5,coordinated,Coordinated,-11.0170645055877,-96.7050764095196,-586.449955276273,118,1917
12,12,0.5,delayed_coordination,Delayed Coordination,-9.14802930871059,-114.346778400376,-682.939702814175,140,2039
12,12,0.75,baseline,Baseline,0,0,0,0,0
12,12,0.75,early_mover,Early Mover,1.03476534978773,-137.463597328873,-935.837507421956,147,2488
12,12,0.75,sequential,Sequential,-2.06554104803332,-155.087758726883,-1018.26210437486,154,2499
12,12,0.75,coordinated,Coordinated,-17.3525493144502,-126.988321585921,-812.814050841097,113,1881
12,12,0.75,delayed_coordination,Delayed Coordination,-4.23575643765139,-146.774872429979,-983.348750605407,134,2435
13,13,0.25,baseline,Baseline,0,0,0,0,0
13,13,0.25,early_mover,Early Mover,-14.0960321265195,-12.2157324280914,-55.0374009063289,5,45
13,13,0.25,sequential,Sequential,-15.6915266986431,-16.6867732446785,-73.6651622842205,16,103
13,13,0.25,coordinated,Coordinated,-15.7064565438742,-15.8585530362475,-88.9685042536166,1,131
13,13,0.25,delayed_coordination,Delayed Coordination,-13.9943805993345,-19.2198016853325,-105.301608745037,18,167
13,13,0.5,baseline,Baseline,0,0,0,0,0
13,13,0.5,early_mover,Early Mover,-6.96082949329558,-100.368961414981,-610.193688877763,139,1963
13,13,0.5,sequential,Sequential,-7.91865606113539,-112.017788858234,-663.486740137933,152,2089
13,13,0.5,coordinated,Coordinated,-6.99230551629215,-112.595467473921,-676.165929769289,166,2040
13,13,0.5,delayed_coordination,Delayed Coordination,-8.95977951031408,-107.386712026489,-652.155567409457,153,2024
13,13,0.75,baseline,Baseline,0,0,0,0,0
13,13,0.75,early_mover,Early Mover,-4.11399446415342,-134.538189975355,-848.214195677962,139,2387
13,13,0.75,sequential,Sequential,-9.1497824607667,-126.535685599606,-892.70097994389,123,2176
13,13,0.75,coordinated,Coordinated,-23.8913995298871,-100.925536115728,-705.680307307884,77,1264
13,13,0.75,delayed_coordination,Delayed Coordination,-9.5961534243787,-128.970623465242,-901.173176781371,129,2168
14,14,0.25,baseline,Baseline,0,0,0,0,0
14,14,0.25,early_mover,Early Mover,-11.6798419956657,-20.2874930878113,-96.0272747931808,42,343
14,14,0.25,sequential,Sequential,-12.8826079539394,-19.7188045212591,-130.462070673001,44,252
14,14,0.25,coordinated,Coordinated,-16.1684214078544,-14.2865776128544,-39.3920028004623,8,-24
14,14,0.25,delayed_coordination,Delayed Coordination,-13.2173853085316,-28.2693153592248,-108.834156355292,22,172
14,14,0.5,baseline,Baseline,0,0,0,0,0
14,14,0.5,early_mover,Early Mover,-5.42231148600987,-85.6115542883341,-559.925734233298,140,1874
14,14,0.5,sequential,Sequential,-11.3577410390899,-84.3289487943392,-559.631517384505,148,1800
14,14,0.5,coordinated,Coordinated,-9.63695239487927,-84.8360311957554,-580.125131236097,166,1915
14,14,0.5,delayed_coordination,Delayed Coordination,-8.5760836304827,-88.772216505771,-593.682287608281,156,1931
14,14,0.75,baseline,Baseline,0,0,0,0,0
14,14,0.75,early_mover,Early Mover,-6.78258395418158,-101.171260305333,-711.859290473759,103,1822
14,14,0.75,sequential,Sequential,-9.59535699966693,-103.734112809435,-784.845626132856,132,2001
14,14,0.75,coordinated,Coordinated,-9.61442168707038,-117.010475457741,-779.609789170923,135,2106
14,14,0.75,delayed_coordination,Delayed Coordination,-10.111891785162,-106.05124586798,-796.620238117177,124,1916
15,15,0.25,baseline,Baseline,0,0,0,0,0
15,15,0.25,early_mover,Early Mover,-9.08403662855696,-11.8024304232391,-153.282937423978,29,416
15,15,0.25,sequential,Sequential,-9.98999288718835,-25.4388378450049,-237.401273230322,61,648
15,15,0.25,coordinated,Coordinated,-11.8095704271638,-23.2014310809559,-190.61191597836,48,618
15,15,0.25,delayed_coordination,Delayed Coordination,-11.3830548809941,-24.5369682882509,-204.45142861194,39,499
15,15,0.5,baseline,Baseline,0,0,0,0,0
15,15,0.5,early_mover,Early Mover,-3.34234384397294,-86.5772606729905,-644.24375608899,149,2121
15,15,0.5,sequential,Sequential,-2.7885425562019,-106.167491756264,-722.137740359469,153,2239
15,15,0.5,coordinated,Coordinated,-4.41031382484474,-103.135090781354,-696.852386935578,158,2174
15,15,0.5,delayed_coordination,Delayed Coordination,-4.14972674227462,-99.2492730390977,-706.805222764974,147,2212
15,15,0.75,baseline,Baseline,0,0,0,0,0
15,15,0.75,early_mover,Early Mover,4.26528943325712,-164.14489056432,-962.288494687009,158,2609
15,15,0.75,sequential,Sequential,-12.439440191759,-166.845303686562,-926.523013163497,118,2159
15,15,0.75,coordinated,Coordinated,-20.4118318968834,-137.508319078287,-736.450901894749,99,1600
15,15,0.75,delayed_coordination,Delayed Coordination,-8.74078429691436,-170.228073364587,-983.025190051693,130,2338
16,16,0.25,baseline,Baseline,0,0,0,0,0
16,16,0.25,early_mover,Early Mover,-13.9356020499144,-15.4838949697454,-127.359152969089,4,77
16,16,0.25,sequential,Sequential,-15.2432524881376,-17.6350265230151,-125.204806975119,-15,-58
16,16,0.25,coordinated,Coordinated,-14.6156754275353,-21.4435884033728,-141.78401182415,7,94
16,16,0.25,delayed_coordination,Delayed Coordination,-15.4648042219942,-19.064103168832,-138.428871203523,4,71
16,16,0.5,baseline,Baseline,0,0,0,0,0
16,16,0.5,early_mover,Early Mover,-0.272616451296102,-76.9635685669395,-640.210314925696,136,2145
16,16,0.5,sequential,Sequential,-1.65270159127518,-82.2626463575994,-700.515334253965,150,2202
16,16,0.5,coordinated,Coordinated,-10.1065552710955,-75.0523386492245,-599.952677840528,94,1526
16,16,0.5,delayed_coordination,Delayed Coordination,0.333054511899405,-89.4452894864029,-731.778847493604,161,2296
16,16,0.75,baseline,Baseline,0,0,0,0,0
16,16,0.75,early_mover,Early Mover,8.54854069786481,-127.354435928018,-946.930091441777,158,2459
16,16,0.75,sequential,Sequential,8.24740484893337,-137.797306361719,-1031.57834941539,170,2591
16,16,0.75,coordinated,Coordinated,2.10853683588684,-133.90055972412,-961.279126990866,152,2276
16,16,0.75,delayed_coordination,Delayed Coordination,6.3003793304178,-130.041996591259,-993.768147716151,152,2451
17,17,0.25,baseline,Baseline,0,0,0,0,0
17,17,0.25,early_mover,Early Mover,-12.1189613892315,-19.9446866210318,-129.724178569046,37,363
17,17,0.25,sequential,Sequential,-13.0193041886354,-26.9099241299446,-172.719795947475,48,382
17,17,0.25,coordinated,Coordinated,-13.4297811356515,-28.9238175806689,-156.272254093247,46,366
17,17,0.25,delayed_coordination,Delayed Coordination,-13.4969104236164,-21.1090754963119,-153.453164574645,41,354
17,17,0.5,baseline,Baseline,0,0,0,0,0
17,17,0.5,early_mover,Early Mover,-2.24101669586672,-120.963167396846,-754.337308937538,165,2246
17,17,0.5,sequential,Sequential,-2.5340681867971,-124.331001085585,-812.230852213328,177,2280
17,17,0.5,coordinated,Coordinated,-9.61024638062784,-125.113959914887,-689.714361565241,166,2002
17,17,0.5,delayed_coordination,Delayed Coordination,0.706552092519644,-129.316582435015,-823.01730304248,183,2356
17,17,0.75,baseline,Baseline,0,0,0,0,0
17,17,0.75,early_mover,Early Mover,-7.51253052326683,-148.206326910347,-830.120778500492,114,2034
17,17,0.75,sequential,Sequential,-2.35575941058285,-163.3687549109,-990.809483703768,179,2505
17,17,0.75,coordinated,Coordinated,-8.25575292650103,-156.214535854216,-903.115376499585,149,2450
17,17,0.75,delayed_coordination,Delayed Coordination,-2.54465100992995,-165.821289287899,-1003.06767314813,165,2407
18,18,0.25,baseline,Baseline,0,0,0,0,0
18,18,0.25,early_mover,Early Mover,-11.510016936655,-10.5850854412203,-116.397949547221,27,374
18,18,0.25,sequential,Sequential,-12.2782199909342,-15.281306106573,-136.09778307702,26,320
18,18,0.25,coordinated,Coordinated,-12.9409015431713,-15.8684497520699,-156.809814029165,35,440
18,18,0.25,delayed_coordination,Delayed Coordination,-12.8328843050366,-14.6467886633448,-121.771392786875,35,357
18,18,0.5,baseline,Baseline,0,0,0,0,0
18,18,0.5,early_mover,Early Mover,-10.6128310509641,-56.4193565539755,-525.903862753731,116,1736
18,18,0.5,sequential,Sequential,-14.7813794581059,-58.866605208132,-540.805453269208,101,1467
18,18,0.5,coordinated,Coordinated,-12.2388294889369,-79.5769346685371,-588.608824831986,105,1687
18,18,0.5,delayed_coordination,Delayed Coordination,-13.1421102409452,-71.5948566221169,-593.443383715514,100,1597
18,18,0.75,baseline,Baseline,0,0,0,0,0
18,18,0.75,early_mover,Early Mover,-10.2807957220415,-113.786474698915,-787.363694331065,110,1837
18,18,0.75,sequential,Sequential,-19.878441163711,-119.694610519897,-766.620248869691,58,1251
18,18,0.75,coordinated,Coordinated,-27.2911855029365,-91.4726451621201,-592.755926403996,19,772
18,18,0.75,delayed_coordination,Delayed Coordination,-19.5819514263955,-116.772491656468,-776.194219264527,52,1274
19,19,0.25,baseline,Baseline,0,0,0,0,0
19,19,0.25,early_mover,Early Mover,-10.5950586283661,-33.8677429348941,-129.572004038179,44,293
19,19,0.25,sequential,Sequential,-13.3018065781652,-33.4475822407047,-115.85441015047,42,282
19,19,0.25,coordinated,Coordinated,-12.5350098025968,-32.0861170745528,-147.245745230366,51,370
19,19,0.25,delayed_coordination,Delayed Coordination,-13.1056246141407,-33.1299291174798,-121.555840890728,36,283
19,19,0.5,baseline,Baseline,0,0,0,0,0
19,19,0.5,early_mover,Early Mover,-3.07303673491832,-106.994599451573,-565.805564472956,137,1939
19,19,0.5,sequential,Sequential,-7.43585728213442,-107.827399484529,-594.711212223352,127,1951
19,19,0.5,coordinated,Coordinated,-9.15730708929084,-107.980220589796,-537.94615011946,119,1678
19,19,0.5,delayed_coordination,Delayed Coordination,-6.44166115978854,-111.734683669648,-596.94417553138,138,1982
19,19,0.75,baseline,Baseline,0,0,0,0,0
19,19,0.75,early_mover,Early Mover,9.43231022037045,-147.376536825342,-909.788813178906,159,2821
19,19,0.75,sequential,Sequential,0.288178357223956,-159.120612858728,-953.688398617533,170,2813
19,19,0.75,coordinated,Coordinated,-17.6722626080088,-125.147749742614,-696.581090748289,94,1784
19,19,0.75,delayed_coordination,Delayed Coordination,1.84047834516204,-153.160149801913,-950.067049901258,170,2829
20,20,0.25,baseline,Baseline,0,0,0,0,0
20,20,0.25,early_mover,Early Mover,-10.8661065511862,-19.1814250370456,-104.680478758965,-2,248
20,20,0.25,sequential,Sequential,-12.2300285407571,-20.8476237769253,-105.488325230824,11,350
20,20,0.25,coordinated,Coordinated,-13.3273341482905,-16.127246402012,-120.707346471247,1,201
20,20,0.25,delayed_coordination,Delayed Coordination,-12.2805625963843,-19.4980815136332,-114.191842497201,7,272
20,20,0.5,baseline,Baseline,0,0,0,0,0
20,20,0.5,early_mover,Early Mover,-11.4449626259986,-57.3421459079762,-502.34841446687,87,1409
20,20,0.5,sequential,Sequential,-9.98775781122619,-67.441334849934,-567.913221222715,108,1570
20,20,0.5,coordinated,Coordinated,-15.5682804660163,-63.212278133673,-433.143556371465,82,1326
20,20,0.5,delayed_coordination,Delayed Coordination,-15.6924466372812,-57.707123115264,-499.895729700294,73,1410
20,20,0.75,baseline,Baseline,0,0,0,0,0
20,20,0.75,early_mover,Early Mover,-2.56723617076661,-107.48646491262,-769.39182415246,125,2218
20,20,0.75,sequential,Sequential,-9.42721751845204,-113.896321502116,-781.317300420565,110,2076
20,20,0.75,coordinated,Coordinated,-14.7413427768522,-82.2774776116704,-727.023599940774,99,1956
20,20,0.75,delayed_coordination,Delayed Coordination,-9.49994907404923,-107.788043142106,-797.434224420649,120,2136
21,21,0.25,baseline,Baseline,0,0,0,0,0
21,21,0.25,early_mover,Early Mover,-8.66487248810763,-30.6077367557887,-122.419775959055,33,409
21,21,0.25,sequential,Sequential,-9.49238833850498,-32.0963540828309,-172.253023329722,38,451
21,21,0.25,coordinated,Coordinated,-13.5984991702106,-6.16880192769446,-85.3336754754482,25,198
21,21,0.25,delayed_coordination,Delayed Coordination,-10.992929421116,-29.722614366783,-144.865670735576,21,338
21,21,0.5,baseline,Baseline,0,0,0,0,0
21,21,0.5,early_mover,Early Mover,-5.12805185151737,-111.532904214537,-566.522278329331,139,2043
21,21,0.5,sequential,Sequential,-5.39084933062125,-104.87003030694,-607.792008610822,146,2063
21,21,0.5,coordinated,Coordinated,-1.64810610441032,-117.842134889197,-643.52436544241,160,2220
21,21,0.5,delayed_coordination,Delayed Coordination,-7.07154653481309,-102.829734132191,-600.407438594441,139,2059
21,21,0.75,baseline,Baseline,0,0,0,0,0
21,21,0.75,early_mover,Early Mover,-10.437868665854,-105.56995432088,-715.462086806998,120,2143
21,21,0.75,sequential,Sequential,-3.53861634879695,-167.433474947747,-942.890808234493,178,2618
21,21,0.75,coordinated,Coordinated,-11.8787655852764,-129.047424618787,-796.702498355673,149,2503
21,21,0.75,delayed_coordination,Delayed Coordination,-3.84120563455143,-156.313758250246,-929.556361167139,177,2562
22,22,0.25,baseline,Baseline,0,0,0,0,0
22,22,0.25,early_mover,Early Mover,-12.2963054130556,-28.5260215059445,-167.990983963787,35,407
22,22,0.25,sequential,Sequential,-11.9355222231905,-39.582415584514,-253.520780481274,55,555
22,22,0.25,coordinated,Coordinated,-11.301756600833,-42.1174391363901,-231.447771643115,52,614
22,22,0.25,delayed_coordination,Delayed Coordination,-11.2286130160952,-33.5221631812922,-258.957913062597,59,578
22,22,0.5,baseline,Baseline,0,0,0,0,0
22,22,0.5,early_mover,Early Mover,-2.06024092511694,-112.64975413661,-760.781518004333,165,2308
22,22,0.5,sequential,Sequential,-3.22268406408233,-110.608442014234,-784.824888424426,174,2404
22,22,0.5,coordinated,Coordinated,-3.27221194546362,-116.297552399313,-793.610996856388,161,2442
22,22,0.5,delayed_coordination,Delayed Coordination,-2.85817758561998,-117.197980927359,-808.722080587421,176,2396
22,22,0.75,baseline,Baseline,0,0,0,0,0
22,22,0.75,early_mover,Early Mover,2.50610319052171,-138.006658929544,-947.427038183008,170,2472
22,22,0.75,sequential,Sequential,-7.16407345945308,-118.783709368641,-925.287490038108,141,2215
22,22,0.75,coordinated,Coordinated,-14.6958156671809,-139.923637932708,-837.975317387951,104,1721
22,22,0.75,delayed_coordination,Delayed Coordination,-8.48997905210041,-116.863047379588,-941.216386020058,136,2211
23,23,0.25,baseline,Baseline,0,0,0,0,0
23,23,0.25,early_mover,Early Mover,-12.8816707377631,-8.98663942152945,-83.6929567985667,11,134
23,23,0.25,sequential,Sequential,-13.5424780461576,-9.89787763066971,-116.197177628864,27,194
23,23,0.25,coordinated,Coordinated,-13.3977068369183,-14.1841902598734,-116.561727074048,27,173
23,23,0.25,delayed_coordination,Delayed Coordination,-13.1548777312694,-16.2179053932401,-125.192791701427,24,226
23,23,0.5,baseline,Baseline,0,0,0,0,0
23,23,0.5,early_mover,Early Mover,-4.81780104906261,-68.8765204294194,-647.331502594238,138,2150
23,23,0.5,sequential,Sequential,-3.70626700031281,-79.4702930230861,-722.947664820894,152,2202
23,23,0.5,coordinated,Coordinated,-5.7115804075919,-85.4738814994631,-706.941753991134,139,2161
23,23,0.5,delayed_coordination,Delayed Coordination,-4.11430053909393,-79.8079895589375,-725.276330059869,167,2234
23,23,0.75,baseline,Baseline,0,0,0,0,0
23,23,0.75,early_mover,Early Mover,0.41018783455516,-122.621024077952,-929.48540302208,175,2824
23,23,0.75,sequential,Sequential,-2.85250117466077,-128.37876566482,-986.537901349186,174,2667
23,23,0.75,coordinated,Coordinated,-7.60490026199336,-133.774806581463,-919.534743563252,135,2381
23,23,0.75,delayed_coordination,Delayed Coordination,-3.67190478871903,-131.612425314044,-980.964140593464,163,2664
24,24,0.25,baseline,Baseline,0,0,0,0,0
24,24,0.25,early_mover,Early Mover,-12.9413409927559,-27.5872945153026,-128.111540644734,23,305
24,24,0.25,sequential,Sequential,-15.1675206206319,-23.2264857145399,-107.733082287412,7,113
24,24,0.25,coordinated,Coordinated,-15.3169105744169,-34.3789320944772,-83.7681080260113,-6,-75
24,24,0.25,delayed_coordination,Delayed Coordination,-15.0917615537941,-30.1155995196829,-131.77487782384,23,224
24,24,0.5,baseline,Baseline,0,0,0,0,0
24,24,0.5,early_mover,Early Mover,-3.9907866546352,-99.7019208278578,-640.081738966343,141,2016
24,24,0.5,sequential,Sequential,-6.5460810268246,-102.937470528032,-680.59715529344,115,1824
24,24,0.5,coordinated,Coordinated,-11.8014310825671,-90.7284108166322,-589.519110741937,107,1546
24,24,0.5,delayed_coordination,Delayed Coordination,-6.30648061656495,-110.077834910366,-698.76773598634,135,1973
24,24,0.75,baseline,Baseline,0,0,0,0,0
24,24,0.75,early_mover,Early Mover,-8.18477784932796,-109.967674290027,-767.396482551992,107,2049
24,24,0.75,sequential,Sequential,-14.6878072812592,-123.945271058876,-791.799518282509,91,1782
24,24,0.75,coordinated,Coordinated,-18.2217613535456,-101.123418226072,-705.145183850719,55,1316
24,24,0.75,delayed_coordination,Delayed Coordination,-10.1333756454402,-120.55518085272,-853.786350164331,112,1970
25,25,0.25,baseline,Baseline,0,0,0,0,0
25,25,0.25,early_mover,Early Mover,-13.5773173003433,-1.85520877605018,-53.2098975553763,17,89
25,25,0.25,sequential,Sequential,-13.7074068830324,-9.67900615390528,-96.5690571846867,20,47
25,25,0.25,coordinated,Coordinated,-13.449936259763,-12.2276941410765,-72.3738513611788,6,-30
25,25,0.25,delayed_coordination,Delayed Coordination,-14.8028632115975,-7.93076444074728,-92.9016808347751,20,39
25,25,0.5,baseline,Baseline,0,0,0,0,0
25,25,0.5,early_mover,Early Mover,-7.87614331704087,-61.4914130783636,-497.640456849482,104,1439
25,25,0.5,sequential,Sequential,-8.17954948421323,-70.112134501069,-585.727294819201,125,1561
25,25,0.5,coordinated,Coordinated,-6.62717607703934,-59.7525203427187,-562.469892256589,108,1508
25,25,0.5,delayed_coordination,Delayed Coordination,-11.3877274693518,-64.3227776060345,-525.760251388225,80,1347
25,25,0.75,baseline,Baseline,0,0,0,0,0
25,25,0.75,early_mover,Early Mover,6.03807952561036,-118.020236010737,-864.331550038311,132,2390
25,25,0.75,sequential,Sequential,7.40070150066592,-152.286584282651,-1024.65329739294,179,2669
25,25,0.75,coordinated,Coordinated,3.06295305138792,-166.753060837918,-957.637905689161,142,2501
25,25,0.75,delayed_coordination,Delayed Coordination,3.86434658252969,-126.650043712466,-958.254977229411,134,2450
26,26,0.25,baseline,Baseline,0,0,0,0,0
26,26,0.25,early_mover,Early Mover,-11.8376180024409,-9.68088251753568,-138.023411276411,14,205
26,26,0.25,sequential,Sequential,-12.5520352318429,-17.2561116176755,-180.886278953673,32,224
26,26,0.25,coordinated,Coordinated,-12.7027762227475,-15.1605571001339,-160.404850554677,17,148
26,26,0.25,delayed_coordination,Delayed Coordination,-11.2776423513443,-26.2688242090791,-211.009733706931,41,370
26,26,0.5,baseline,Baseline,0,0,0,0,0
26,26,0.5,early_mover,Early Mover,-2.65669522742873,-102.514183494294,-692.468902060586,139,1935
26,26,0.5,sequential,Sequential,-2.74535137526425,-122.842885342442,-786.113139701103,167,2119
26,26,0.5,coordinated,Coordinated,-4.31288363210683,-119.234586276597,-738.315628984708,154,1990
26,26,0.5,delayed_coordination,Delayed Coordination,-0.374816370247871,-118.221885567608,-788.850062995405,174,2177
26,26,0.75,baseline,Baseline,0,0,0,0,0
26,26,0.75,early_mover,Early Mover,-0.291039351699695,-148.018582678824,-855.804192685223,118,2007
26,26,0.75,sequential,Sequential,-3.68522151539527,-148.072837538309,-880.413774190131,114,1926
26,26,0.75,coordinated,Coordinated,-6.194335454769,-147.148607958921,-920.729852056487,128,2083
26,26,0.75,delayed_coordination,Delayed Coordination,-0.0238096752212584,-166.087137201906,-949.434846348715,119,2094
27,27,0.25,baseline,Baseline,0,0,0,0,0
27,27,0.25,early_mover,Early Mover,-13.324718824407,-23.1860843305122,-127.009073812883,42,434
27,27,0.25,sequential,Sequential,-14.7192328110895,-27.0670943953056,-169.930407004105,53,478
27,27,0.25,coordinated,Coordinated,-12.632171849892,-24.8167595367206,-191.990535017278,57,607
27,27,0.25,delayed_coordination,Delayed Coordination,-14.5313504293602,-24.006215927908,-165.168881024608,51,475
27,27,0.5,baseline,Baseline,0,0,0,0,0
27,27,0.5,early_mover,Early Mover,-2.27603375383988,-104.405323496226,-635.532894608391,150,2068
27,27,0.5,sequential,Sequential,-7.68156532786527,-108.166785569147,-661.442619378088,133,1897
27,27,0.5,coordinated,Coordinated,-10.7567539792548,-92.3620877318907,-634.704257418507,138,1867
27,27,0.5,delayed_coordination,Delayed Coordination,-7.74222190483061,-106.175761099747,-669.310595229703,148,2021
27,27,0.75,baseline,Baseline,0,0,0,0,0
27,27,0.75,early_mover,Early Mover,10.5509010226564,-145.201061125013,-969.236646318181,173,2698
27,27,0.75,sequential,Sequential,-2.74085236289957,-131.203127327103,-967.188727259985,151,2271
27,27,0.75,coordinated,Coordinated,-9.2574562113642,-135.596218121943,-880.367853601612,139,2017
27,27,0.75,delayed_coordination,Delayed Coordination,0.916996499570374,-149.512571004149,-1007.17291772098,155,2371
28,28,0.25,baseline,Baseline,0,0,0,0,0
28,28,0.25,early_mover,Early Mover,-10.0336347100793,-27.3611184078777,-152.293494336723,30,412
28,28,0.25,sequential,Sequential,-12.4539464942105,-31.2919873676918,-153.99149127429,34,409
28,28,0.25,coordinated,Coordinated,-10.1912807849259,-42.1582725300036,-242.09739418022,52,675
28,28,0.25,delayed_coordination,Delayed Coordination,-12.0084131199364,-35.6721674996276,-163.54647748323,30,433
28,28,0.5,baseline,Baseline,0,0,0,0,0
28,28,0.5,early_mover,Early Mover,-5.38093729575725,-97.1420241297304,-679.736778886466,155,1998
28,28,0.5,sequential,Sequential,-4.90265801012106,-109.061679616315,-769.04880926506,175,2198
28,28,0.5,coordinated,Coordinated,-10.0460739413212,-101.636379552333,-675.866977847042,148,1999
28,28,0.5,delayed_coordination,Delayed Coordination,-7.42006891330925,-103.3296097158,-713.376860564409,155,1984
28,28,0.75,baseline,Baseline,0,0,0,0,0
28,28,0.75,early_mover,Early Mover,-6.37272297892167,-129.067230279297,-872.205350273457,125,2297
28,28,0.75,sequential,Sequential,-10.987872739697,-138.843811816637,-906.285489388599,116,2041
28,28,0.75,coordinated,Coordinated,-16.3002123960886,-111.826360045882,-770.273548282019,88,1801
28,28,0.75,delayed_coordination,Delayed Coordination,-12.4426686403305,-137.068241692499,-895.234873605055,119,2211
29,29,0.25,baseline,Baseline,0,0,0,0,0
29,29,0.25,early_mover,Early Mover,-12.5860790012898,-18.4470326218151,-129.275440138401,30,135
29,29,0.25,sequential,Sequential,-13.2783510854822,-24.6994592031721,-140.222526901076,34,146
29,29,0.25,coordinated,Coordinated,-13.4377761047215,-33.2455842856727,-128.402437824891,28,226
29,29,0.25,delayed_coordination,Delayed Coordination,-12.8815418950768,-24.4276411244452,-164.607145913808,40,179
29,29,0.5,baseline,Baseline,0,0,0,0,0
29,29,0.5,early_mover,Early Mover,-2.57799129105493,-88.6311842034859,-622.048872314138,138,1953
29,29,0.5,sequential,Sequential,-3.19023282138519,-90.3360549610338,-710.702039590871,149,1979
29,29,0.5,coordinated,Coordinated,-5.77530591305421,-85.8304259372078,-665.141965350243,167,1964
29,29,0.5,delayed_coordination,Delayed Coordination,-6.03087150713779,-90.1459247688067,-673.192134655905,148,1991
29,29,0.75,baseline,Baseline,0,0,0,0,0
29,29,0.75,early_mover,Early Mover,16.4108461209492,-139.796536169944,-1030.36717794133,179,2812
29,29,0.75,sequential,Sequential,1.98323848178271,-134.458235484878,-1014.39350111983,145,2372
29,29,0.75,coordinated,Coordinated,-10.2014317362759,-116.576881296665,-843.567513130841,115,1880
29,29,0.75,delayed_coordination,Delayed Coordination,6.71401676328557,-140.979086346608,-1059.89122898768,148,2467
30,30,0.25,baseline,Baseline,0,0,0,0,0
30,30,0.25,early_mover,Early Mover,-12.6948443583761,-5.9591361223745,-82.091149361238,8,105
30,30,0.25,sequential,Sequential,-12.9590405785871,-13.7346601018022,-126.998733225371,26,229
30,30,0.25,coordinated,Coordinated,-14.426119044246,-12.7085830554267,-94.4647158986058,17,172
30,30,0.25,delayed_coordination,Delayed Coordination,-13.9369715765292,-10.9260612348537,-101.17117579925,15,200
30,30,0.5,baseline,Baseline,0,0,0,0,0
30,30,0.5,early_mover,Early Mover,-7.29238783618629,-81.5387785703878,-519.66708462957,100,1623
30,30,0.5,sequential,Sequential,-9.14534172301924,-83.6662607011953,-592.304382265536,130,1709
30,30,0.5,coordinated,Coordinated,-11.3621389586348,-83.1400421213918,-535.699399609682,126,1694
30,30,0.5,delayed_coordination,Delayed Coordination,-6.06460234631454,-91.8508039558637,-637.67752518845,138,1876
30,30,0.75,baseline,Baseline,0,0,0,0,0
30,30,0.75,early_mover,Early Mover,-4.40323969731762,-129.419191508306,-855.226547525284,136,2246
30,30,0.75,sequential,Sequential,-15.1323385524858,-127.765323329496,-849.482418615785,124,1951
30,30,0.75,coordinated,Coordinated,-16.7022274516519,-111.817570954672,-755.688049305648,111,1788
30,30,0.75,delayed_coordination,Delayed Coordination,-9.03470168192337,-133.12563771234,-906.717699255172,123,2127
31,31,0.25,baseline,Baseline,0,0,0,0,0
31,31,0.25,early_mover,Early Mover,-11.4789041154554,-24.2991516005375,-84.9823678680505,23,346
31,31,0.25,sequential,Sequential,-13.010814107716,-31.0783635829966,-134.02751784762,40,376
31,31,0.25,coordinated,Coordinated,-15.1416525150726,-21.9629395285929,-69.8831965587451,6,160
31,31,0.25,delayed_coordination,Delayed Coordination,-13.6526421471926,-27.2182387875714,-126.706570024306,34,376
31,31,0.5,baseline,Baseline,0,0,0,0,0
31,31,0.5,early_mover,Early Mover,4.15249578607967,-105.369196761032,-747.262054122385,157,2406
31,31,0.5,sequential,Sequential,-2.63329769480873,-105.679757215893,-765.848658226423,173,2346
31,31,0.5,coordinated,Coordinated,-9.67397497698568,-87.6696737180926,-660.607067594909,127,1681
31,31,0.5,delayed_coordination,Delayed Coordination,-1.61957885903743,-111.172550599438,-779.872519098969,163,2389
31,31,0.75,baseline,Baseline,0,0,0,0,0
31,31,0.75,early_mover,Early Mover,6.79697043611409,-129.230128336393,-920.057553047608,149,2637
31,31,0.75,sequential,Sequential,-2.11668502449254,-133.019200023593,-964.412460580462,143,2505
31,31,0.75,coordinated,Coordinated,-20.1984852957317,-101.301027218254,-758.216139079251,65,1610
31,31,0.75,delayed_coordination,Delayed Coordination,-3.70296873139584,-132.18017598514,-966.334993367856,136,2508
32,32,0.25,baseline,Baseline,0,0,0,0,0
32,32,0.25,early_mover,Early Mover,-11.4678382066681,-20.1835887908599,-160.549964672723,31,306
32,32,0.25,sequential,Sequential,-13.3250854410241,-31.0777490607588,-205.652566145671,52,332
32,32,0.25,coordinated,Coordinated,-16.0097098151111,-9.40961121338154,-104.91330930807,6,-62
32,32,0.25,delayed_coordination,Delayed Coordination,-12.4916708678545,-26.1226387969418,-204.202106756222,53,380
32,32,0.5,baseline,Baseline,0,0,0,0,0
32,32,0.5,early_mover,Early Mover,-4.23945085174401,-108.143517498199,-648.749707122207,122,1829
32,32,0.5,sequential,Sequential,-7.21244949986801,-112.284959553934,-694.042934233073,137,1729
32,32,0.5,coordinated,Coordinated,-8.09430378918258,-89.2890986861579,-613.114477857367,125,1576
32,32,0.5,delayed_coordination,Delayed Coordination,-6.21454194191018,-111.684420749702,-718.310084458069,141,1811
32,32,0.75,baseline,Baseline,0,0,0,0,0
32,32,0.75,early_mover,Early Mover,2.36131690995956,-139.563567861326,-935.750746690405,156,2297
32,32,0.75,sequential,Sequential,-1.06039268519913,-146.964810055356,-1001.31596774538,154,2287
32,32,0.75,coordinated,Coordinated,-10.0301850318163,-129.423840500398,-821.482206843527,135,1934
32,32,0.75,delayed_coordination,Delayed Coordination,-0.907627552007767,-147.306682741988,-993.383883797743,160,2259
33,33,0.25,baseline,Baseline,0,0,0,0,0
33,33,0.25,early_mover,Early Mover,-13.736370053031,-31.007286113728,-110.378557337946,25,216
33,33,0.25,sequential,Sequential,-15.7372715713446,-38.0800323953192,-123.298594136766,32,214
33,33,0.25,coordinated,Coordinated,-16.5972834546488,-30.7002873581872,-111.709671389402,14,99
33,33,0.25,delayed_coordination,Delayed Coordination,-15.6523121234838,-36.8940315165991,-122.866301002172,23,174
33,33,0.5,baseline,Baseline,0,0,0,0,0
33,33,0.5,early_mover,Early Mover,-9.90618441431781,-104.791357556675,-630.759929487621,126,1924
33,33,0.5,sequential,Sequential,-11.600552976172,-113.376142532966,-690.959302939052,131,1953
33,33,0.5,coordinated,Coordinated,-12.265517023292,-109.896762174416,-692.545736227056,142,1977
33,33,0.5,delayed_coordination,Delayed Coordination,-13.1117425578445,-109.765381584251,-666.13671428046,104,1773
33,33,0.75,baseline,Baseline,0,0,0,0,0
33,33,0.75,early_mover,Early Mover,-0.715967146139761,-147.516531148595,-1011.76480690315,175,2682
33,33,0.75,sequential,Sequential,-16.2354036237404,-137.676236713289,-987.041934313627,147,2267
33,33,0.75,coordinated,Coordinated,-14.0271940063374,-141.041637652077,-963.672114060112,149,2185
33,33,0.75,delayed_coordination,Delayed Coordination,-13.0767518505021,-142.215761206132,-1001.9403981901,132,2199
34,34,0.25,baseline,Baseline,0,0,0,0,0
34,34,0.25,early_mover,Early Mover,-12.0332444942942,-15.7447709306579,-142.29628153002,31,294
34,34,0.25,sequential,Sequential,-13.8959899954058,-23.9027160430919,-143.060305297212,25,221
34,34,0.25,coordinated,Coordinated,-13.7094059503292,-25.7383790680199,-154.247472598633,32,298
34,34,0.25,delayed_coordination,Delayed Coordination,-12.9153896778203,-24.6736891853743,-170.1381416971,46,345
34,34,0.5,baseline,Baseline,0,0,0,0,0
34,34,0.5,early_mover,Early Mover,-0.752047698714023,-85.0501539084279,-625.647692103906,119,1756
34,34,0.5,sequential,Sequential,-3.10608524971059,-94.9312704922263,-675.468281556757,139,1831
34,34,0.5,coordinated,Coordinated,-4.00996607768387,-86.1591158292395,-634.067165492046,116,1743
34,34,0.5,delayed_coordination,Delayed Coordination,-4.57812568579389,-90.3561754460388,-654.909567866343,130,1829
34,34,0.75,baseline,Baseline,0,0,0,0,0
34,34,0.75,early_mover,Early Mover,7.67040957984108,-136.423895286396,-894.566532184392,149,2378
34,34,0.75,sequential,Sequential,2.25947273914463,-143.58399820142,-936.987094836607,149,2388
34,34,0.75,coordinated,Coordinated,-2.18959866593971,-132.908451405687,-835.489498270406,142,2189
34,34,0.75,delayed_coordination,Delayed Coordination,3.56866570320037,-148.12333833487,-956.889428482554,165,2447
35,35,0.25,baseline,Baseline,0,0,0,0,0
35,35,0.25,early_mover,Early Mover,-11.3397573846469,-15.0833492165625,-114.77269204808,12,122
35,35,0.25,sequential,Sequential,-14.2764155175842,-15.0310700695683,-110.995317715497,20,53
35,35,0.25,coordinated,Coordinated,-12.991932720666,-25.5547060653468,-144.074839268077,22,106
35,35,0.25,delayed_coordination,Delayed Coordination,-12.7124298040414,-33.5731868756566,-149.714283980604,26,125
35,35,0.5,baseline,Baseline,0,0,0,0,0
35,35,0.5,early_mover,Early Mover,-8.92551332747789,-83.825548696144,-531.231410966067,112,1528
35,35,0.5,sequential,Sequential,-10.8084441695874,-86.2939457416416,-561.704215138331,115,1629
35,35,0.5,coordinated,Coordinated,-10.5040720986194,-95.3451767672099,-614.639216725821,126,1925
35,35,0.5,delayed_coordination,Delayed Coordination,-12.8087571204244,-83.3071803164828,-542.636931277429,113,1601
35,35,0.75,baseline,Baseline,0,0,0,0,0
35,35,0.75,early_mover,Early Mover,0.386119955320453,-114.785562266273,-863.326215826825,130,2192
35,35,0.75,sequential,Sequential,-7.36193275464362,-128.36442631905,-909.832812319334,143,2162
35,35,0.75,coordinated,Coordinated,-15.3872709881623,-104.76814336804,-798.677937393862,121,2006
35,35,0.75,delayed_coordination,Delayed Coordination,-8.28497806520562,-127.674754041659,-883.982217530202,126,2175
36,36,0.25,baseline,Baseline,0,0,0,0,0
36,36,0.25,early_mover,Early Mover,-12.7374376458187,-18.1151144475585,-93.8300778591524,16,99
36,36,0.25,sequential,Sequential,-16.306090077385,-21.9009978074849,-106.088670917781,11,35
36,36,0.25,coordinated,Coordinated,-15.3503845728205,-31.9988129171794,-108.564303958114,13,43
36,36,0.25,delayed_coordination,Delayed Coordination,-14.5901461858235,-23.4540496802452,-126.011135224962,17,107
36,36,0.5,baseline,Baseline,0,0,0,0,0
36,36,0.5,early_mover,Early Mover,-9.4386149594668,-87.2017018685113,-553.124074060486,117,1571
36,36,0.5,sequential,Sequential,-12.3461454727495,-92.7259701040963,-569.438336524368,123,1529
36,36,0.5,coordinated,Coordinated,-13.4673238311178,-80.9221592061443,-530.077843997765,104,1571
36,36,0.5,delayed_coordination,Delayed Coordination,-11.5725426957654,-97.4576856816789,-563.459283322911,116,1509
36,36,0.75,baseline,Baseline,0,0,0,0,0
36,36,0.75,early_mover,Early Mover,-1.58270746613363,-109.555162589645,-847.999015423427,131,2158
36,36,0.75,sequential,Sequential,-10.1045107837057,-115.185830799718,-873.627060779337,115,2029
36,36,0.75,coordinated,Coordinated,-12.3989004826564,-107.454936163763,-859.877017219344,131,1896
36,36,0.75,delayed_coordination,Delayed Coordination,-9.07728277947174,-111.998641413136,-860.654081843681,111,1920
37,37,0.25,baseline,Baseline,0,0,0,0,0
37,37,0.25,early_mover,Early Mover,-8.56964870245636,-27.3409054665066,-170.353367244322,51,612
37,37,0.25,sequential,Sequential,-9.5649924439511,-32.1356933871652,-201.900012898776,68,691
37,37,0.25,coordinated,Coordinated,-8.61600868243696,-25.3808444693613,-205.832330798613,59,646
37,37,0.25,delayed_coordination,Delayed Coordination,-8.17098066589261,-33.3537795216803,-221.925346112794,68,723
37,37,0.5,baseline,Baseline,0,0,0,0,0
37,37,0.5,early_mover,Early Mover,-5.30017298931062,-90.2764781813291,-594.409394717692,146,1895
37,37,0.5,sequential,Sequential,-10.825075552203,-106.947811578002,-597.935754688997,106,1682
37,37,0.5,coordinated,Coordinated,-5.80282016957473,-116.237244459757,-684.405444594351,166,2185
37,37,0.5,delayed_coordination,Delayed Coordination,-7.83844739519341,-101.781981644705,-619.396042570349,135,1861
37,37,0.75,baseline,Baseline,0,0,0,0,0
37,37,0.75,early_mover,Early Mover,4.14066970346457,-140.075740175329,-903.676574678792,154,2626
37,37,0.75,sequential,Sequential,-0.826606680047092,-143.642841369852,-925.832729976223,143,2408
37,37,0.75,coordinated,Coordinated,-22.5825942057767,-95.0187936251776,-665.74437612072,83,1481
37,37,0.75,delayed_coordination,Delayed Coordination,1.22520965440333,-147.873978881968,-945.035300031102,144,2479
38,38,0.25,baseline,Baseline,0,0,0,0,0
38,38,0.25,early_mover,Early Mover,-12.3934797253901,-20.6602131135825,-132.667865650385,35,398
38,38,0.25,sequential,Sequential,-12.0164294057146,-22.5307646770736,-193.59870069013,50,391
38,38,0.25,coordinated,Coordinated,-13.1257623011408,-20.4959209131338,-159.240562302457,47,323
38,38,0.25,delayed_coordination,Delayed Coordination,-12.2221943074867,-24.0838928231256,-193.246640584622,43,421
38,38,0.5,baseline,Baseline,0,0,0,0,0
38,38,0.5,early_mover,Early Mover,-1.28684427866105,-103.768964802098,-704.825545676875,171,2281
38,38,0.5,sequential,Sequential,-2.99152104154906,-114.847299330723,-771.848752659904,169,2039
38,38,0.5,coordinated,Coordinated,-2.82873420745283,-109.233279378198,-733.172844713721,159,2019
38,38,0.5,delayed_coordination,Delayed Coordination,-2.95049685866833,-110.354138677914,-757.485590057804,152,2108
38,38,0.75,baseline,Baseline,0,0,0,0,0
38,38,0.75,early_mover,Early Mover,0.868327496661138,-145.06679208454,-878.602283088679,168,2595
38,38,0.75,sequential,Sequential,0.426664590747791,-156.200346586481,-962.864079591508,142,2436
38,38,0.75,coordinated,Coordinated,-10.9907322267952,-144.749102254801,-833.36630760758,116,1787
38,38,0.75,delayed_coordination,Delayed Coordination,-1.43704484213812,-158.669073653374,-959.442854153924,149,2402
39,39,0.25,baseline,Baseline,0,0,0,0,0
39,39,0.25,early_mover,Early Mover,-12.7324557931061,-25.1179808713577,-149.124603861368,37,509
39,39,0.25,sequential,Sequential,-13.7328032149087,-27.2731902095806,-177.159092971076,54,497
39,39,0.25,coordinated,Coordinated,-14.5694822859894,-21.6784739855091,-186.112540189775,33,381
39,39,0.25,delayed_coordination,Delayed Coordination,-14.7982264900009,-23.5686924180952,-170.906807939227,50,502
39,39,0.5,baseline,Baseline,0,0,0,0,0
39,39,0.5,early_mover,Early Mover,-3.53557999207806,-122.755989160627,-690.636899592655,153,2275
39,39,0.5,sequential,Sequential,-5.26692411024172,-129.174580606449,-730.048216660699,156,2226
39,39,0.5,coordinated,Coordinated,-8.85039603153513,-115.351155726041,-696.451405001835,145,2054
39,39,0.5,delayed_coordination,Delayed Coordination,-5.19440109042303,-132.846810062627,-728.432349170136,153,2215
39,39,0.75,baseline,Baseline,0,0,0,0,0
39,39,0.75,early_mover,Early Mover,-9.2953941836782,-146.920797533748,-850.727961923367,127,2007
39,39,0.75,sequential,Sequential,-23.838333005788,-138.49131838089,-774.419948541438,69,1390
39,39,0.75,coordinated,Coordinated,-21.2557990068265,-143.907538324317,-763.686184077214,86,1513
39,39,0.75,delayed_coordination,Delayed Coordination,-23.4955509897564,-134.989775384978,-781.713296978111,66,1413
40,40,0.25,baseline,Baseline,0,0,0,0,0
40,40,0.25,early_mover,Early Mover,-14.3188268721668,-16.3244706732129,-79.2109120599257,12,12
40,40,0.25,sequential,Sequential,-15.1178681444364,-22.8014388458038,-97.7065525954017,30,120
40,40,0.25,coordinated,Coordinated,-15.5406652878764,-11.830582599505,-93.7071454936622,23,147
40,40,0.25,delayed_coordination,Delayed Coordination,-15.232097692859,-21.2609967749104,-98.3804704036233,19,105
40,40,0.5,baseline,Baseline,0,0,0,0,0
40,40,0.5,early_mover,Early Mover,-0.546294730475083,-103.166029339023,-760.692982522664,156,2120
40,40,0.5,sequential,Sequential,-5.79980274648705,-105.882402136312,-749.949241985387,154,2078
40,40,0.5,coordinated,Coordinated,-7.38338286761045,-93.0264888810603,-712.908552617507,152,2108
40,40,0.5,delayed_coordination,Delayed Coordination,-5.09092091958468,-105.513789283196,-771.159592010443,173,2154
40,40,0.75,baseline,Baseline,0,0,0,0,0
40,40,0.75,early_mover,Early Mover,9.2616288144187,-126.669426500423,-1005.99568604434,171,2765
40,40,0.75,sequential,Sequential,-6.4431787276316,-122.678331196952,-974.079833729686,157,2442
40,40,0.75,coordinated,Coordinated,-23.87028567937,-100.184880170567,-721.172992484632,79,1566
40,40,0.75,delayed_coordination,Delayed Coordination,-4.95942136401548,-131.151705350797,-983.693158546324,150,2512
41,41,0.25,baseline,Baseline,0,0,0,0,0
41,41,0.25,early_mover,Early Mover,-10.5295084533893,-29.2658616173953,-158.516448300662,26,439
41,41,0.25,sequential,Sequential,-11.5399228256156,-34.8409381110565,-176.710051632035,39,411
41,41,0.25,coordinated,Coordinated,-11.2142831864419,-25.0843747477568,-166.07139484837,29,335
41,41,0.25,delayed_coordination,Delayed Coordination,-12.536411363147,-28.4669325685385,-154.392627053066,32,438
41,41,0.5,baseline,Baseline,0,0,0,0,0
41,41,0.5,early_mover,Early Mover,-0.0960983445615966,-84.7277468201191,-723.184736318533,161,2301
41,41,0.5,sequential,Sequential,-3.14688920342898,-85.2870959692504,-703.062864547135,154,2163
41,41,0.5,coordinated,Coordinated,-5.13157481044999,-84.8066559223901,-649.213299529311,137,2018
41,41,0.5,delayed_coordination,Delayed Coordination,-3.64561019341895,-85.8533603753407,-718.501362230958,155,2193
41,41,0.75,baseline,Baseline,0,0,0,0,0
41,41,0.75,early_mover,Early Mover,15.254182530754,-147.478092650453,-1039.84397034784,198,3041
41,41,0.75,sequential,Sequential,7.1032435883287,-157.630589680801,-1005.05337067134,154,2677
41,41,0.75,coordinated,Coordinated,3.08200216183633,-153.845698147459,-954.62910309658,164,2668
41,41,0.75,delayed_coordination,Delayed Coordination,13.5037374704796,-158.277012855806,-1054.67521758573,180,2946
42,42,0.25,baseline,Baseline,0,0,0,0,0
42,42,0.25,early_mover,Early Mover,-8.71240479677516,-9.42754966718718,-152.815967468774,29,534
42,42,0.25,sequential,Sequential,-9.87778908169406,-13.6920834814419,-178.586933553681,35,548
42,42,0.25,coordinated,Coordinated,-10.7903480200372,-13.1763819517267,-147.203762252907,36,483
42,42,0.25,delayed_coordination,Delayed Coordination,-9.40187129521331,-18.4674465925052,-170.359652681819,38,545
42,42,0.5,baseline,Baseline,0,0,0,0,0
42,42,0.5,early_mover,Early Mover,2.02821723045662,-91.5400342505205,-693.74631011202,152,2432
42,42,0.5,sequential,Sequential,-1.13620329239197,-96.7019388079629,-715.200292565213,159,2397
42,42,0.5,coordinated,Coordinated,-1.51399971269717,-90.6208756853867,-666.240528605189,156,2308
42,42,0.5,delayed_coordination,Delayed Coordination,0.71004399409793,-111.053861492748,-744.500824516106,172,2450
42,42,0.75,baseline,Baseline,0,0,0,0,0
42,42,0.75,early_mover,Early Mover,14.5823695299191,-141.893625406684,-975.045452987774,190,3040
42,42,0.75,sequential,Sequential,7.76924893320717,-133.27995592027,-981.715683956274,155,2767
42,42,0.75,coordinated,Coordinated,-12.2055085897164,-126.039503674312,-765.616139857776,106,1720
42,42,0.75,delayed_coordination,Delayed Coordination,8.64434008823989,-148.529847151195,-998.422692977978,173,2907
43,43,0.25,baseline,Baseline,0,0,0,0,0
43,43,0.25,early_mover,Early Mover,-11.3595877326068,-28.3387901751437,-142.065482926942,26,384
43,43,0.25,sequential,Sequential,-11.3214844897509,-39.1999573638582,-202.546506990393,53,471
43,43,0.25,coordinated,Coordinated,-10.1207298817039,-36.6009173020068,-223.032371595331,51,669
43,43,0.25,delayed_coordination,Delayed Coordination,-11.2100770709706,-37.4054063207495,-185.796993125415,47,466
43,43,0.5,baseline,Baseline,0,0,0,0,0
43,43,0.5,early_mover,Early Mover,-5.89169776857187,-81.6058431994898,-653.377050320944,133,1955
43,43,0.5,sequential,Sequential,-5.42329913054721,-104.701291882044,-731.028080705785,158,2142
43,43,0.5,coordinated,Coordinated,-8.45580285024178,-93.1687305419928,-659.406132179723,137,2031
43,43,0.5,delayed_coordination,Delayed Coordination,-4.05008091719095,-100.971336487548,-742.404179129563,163,2150
43,43,0.75,baseline,Baseline,0,0,0,0,0
43,43,0.75,early_mover,Early Mover,1.71162705671281,-121.2198490323,-923.155195214276,138,2247
43,43,0.75,sequential,Sequential,-8.76202476835,-103.86054338049,-880.999270237082,107,1807
43,43,0.75,coordinated,Coordinated,-15.1618985368076,-108.047474309432,-805.63453090687,125,1760
43,43,0.75,delayed_coordination,Delayed Coordination,-11.1601622132702,-104.487994878109,-857.449924983426,122,1917
44,44,0.25,baseline,Baseline,0,0,0,0,0
44,44,0.25,early_mover,Early Mover,-12.3611396868425,-30.5984009010746,-92.2614203478679,8,114
44,44,0.25,sequential,Sequential,-13.9414965125847,-38.2394574166063,-104.504468449356,-1,36
44,44,0.25,coordinated,Coordinated,-13.3567463483207,-31.7161132754529,-109.669263474538,10,103
44,44,0.25,delayed_coordination,Delayed Coordination,-14.4417387855064,-30.9713060278913,-96.6187342142925,8,120
44,44,0.5,baseline,Baseline,0,0,0,0,0
44,44,0.5,early_mover,Early Mover,-6.29845947070771,-113.399786541662,-620.888161891455,137,1920
44,44,0.5,sequential,Sequential,-9.78144554571713,-116.103251271117,-666.075844076114,160,2010
44,44,0.5,coordinated,Coordinated,-14.9011529751634,-65.1803886636615,-445.975075376478,94,1308
44,44,0.5,delayed_coordination,Delayed Coordination,-9.713953392918,-113.429976437582,-674.995712858138,157,2020
44,44,0.75,baseline,Baseline,0,0,0,0,0
44,44,0.75,early_mover,Early Mover,2.18204447679469,-136.338236791374,-839.953978088164,132,2394
44,44,0.75,sequential,Sequential,-3.96406613472141,-149.703272734649,-937.031028583322,165,2532
44,44,0.75,coordinated,Coordinated,-6.90014206101664,-135.363744960403,-890.049884998021,129,2277
44,44,0.75,delayed_coordination,Delayed Coordination,-3.09146321424907,-148.005683306901,-941.265884137295,155,2535
45,45,0.25,baseline,Baseline,0,0,0,0,0
45,45,0.25,early_mover,Early Mover,-10.8298644088213,-12.4380146117319,-133.566044420265,27,365
45,45,0.25,sequential,Sequential,-10.7313359959119,-27.9811941535436,-193.844685532247,49,475
45,45,0.25,coordinated,Coordinated,-12.8592498640273,-21.9216219605201,-174.934428902957,47,474
45,45,0.25,delayed_coordination,Delayed Coordination,-11.5173980970736,-22.9124250630678,-189.003813410289,43,483
45,45,0.5,baseline,Baseline,0,0,0,0,0
45,45,0.5,early_mover,Early Mover,-7.84284244739425,-81.4707413520503,-670.40995011402,129,2055
45,45,0.5,sequential,Sequential,-8.91695496152535,-90.8192037156446,-732.245051932013,156,2122
45,45,0.5,coordinated,Coordinated,-9.10478396700498,-99.8499864259613,-712.112220942804,158,2138
45,45,0.5,delayed_coordination,Delayed Coordination,-10.0829027938167,-91.496855277753,-726.735452566653,146,2165
45,45,0.75,baseline,Baseline,0,0,0,0,0
45,45,0.75,early_mover,Early Mover,-6.65938695915376,-130.178713445095,-888.145262442135,115,2132
45,45,0.75,sequential,Sequential,-17.2165543618918,-134.244228993443,-894.868528512541,97,1901
45,45,0.75,coordinated,Coordinated,-25.1451815913903,-120.615749004515,-810.392402586159,71,1601
45,45,0.75,delayed_coordination,Delayed Coordination,-15.6180265258023,-134.87472083231,-933.743636269426,129,2095
46,46,0.25,baseline,Baseline,0,0,0,0,0
46,46,0.25,early_mover,Early Mover,-11.3654889172878,-23.1263927559679,-84.7346220316604,8,191
46,46,0.25,sequential,Sequential,-12.7518018080354,-27.0113634730506,-128.121556712807,25,203
46,46,0.25,coordinated,Coordinated,-11.9304844969806,-27.258809800315,-155.78667770297,30,413
46,46,0.25,delayed_coordination,Delayed Coordination,-11.6520502381464,-28.8021687586431,-129.525144797554,16,217
46,46,0.5,baseline,Baseline,0,0,0,0,0
46,46,0.5,early_mover,Early Mover,-4.72809827728504,-96.0116553168992,-564.57616373794,114,1807
46,46,0.5,sequential,Sequential,-5.19566415180125,-106.487126412301,-641.222517196788,144,1852
46,46,0.5,coordinated,Coordinated,-10.3717658860914,-90.2857010404664,-571.032083072783,99,1645
46,46,0.5,delayed_coordination,Delayed Coordination,-7.05468168884086,-104.240419026841,-635.748168142523,123,1803
46,46,0.75,baseline,Baseline,0,0,0,0,0
46,46,0.75,early_mover,Early Mover,1.44763696675082,-129.581134307904,-863.535059663673,129,2165
46,46,0.75,sequential,Sequential,-5.72478525765652,-135.732857723993,-890.350742138658,101,1834
46,46,0.75,coordinated,Coordinated,-15.9267767678602,-114.354534305019,-750.624970007635,69,1573
46,46,0.75,delayed_coordination,Delayed Coordination,-2.57862366116667,-138.126837918564,-919.386439805482,122,2100
47,47,0.25,baseline,Baseline,0,0,0,0,0
47,47,0.25,early_mover,Early Mover,-9.9100970267951,-20.5144992247622,-153.985563961256,42,371
47,47,0.25,sequential,Sequential,-13.0684254504192,-10.1002526670442,-141.359448920255,5,169
47,47,0.25,coordinated,Coordinated,-13.8586114592023,-19.4698688687126,-117.51191036498,-11,-36
47,47,0.25,delayed_coordination,Delayed Coordination,-11.4010062309521,-22.4860796032752,-154.273408590691,29,282
47,47,0.5,baseline,Baseline,0,0,0,0,0
47,47,0.5,early_mover,Early Mover,-2.16292439123944,-86.2267064781697,-679.469179205916,147,1958
47,47,0.5,sequential,Sequential,-10.3549732464971,-85.194562243229,-598.459646088527,103,1629
47,47,0.5,coordinated,Coordinated,-11.2902358716474,-78.8945172990304,-537.226488799902,93,1387
47,47,0.5,delayed_coordination,Delayed Coordination,-7.66575881702678,-85.684172747577,-620.095699455613,112,1730
47,47,0.75,baseline,Baseline,0,0,0,0,0
47,47,0.75,early_mover,Early Mover,-10.8892737328731,-112.721036558634,-710.083433279756,66,1560
47,47,0.75,sequential,Sequential,-0.280034056660398,-136.901989950444,-950.470491533062,150,2211
47,47,0.75,coordinated,Coordinated,-1.85399802234674,-130.47756808308,-922.365656699513,143,2286
47,47,0.75,delayed_coordination,Delayed Coordination,-0.297390666064786,-136.351031583086,-956.790892139624,145,2146
48,48,0.25,baseline,Baseline,0,0,0,0,0
48,48,0.25,early_mover,Early Mover,-14.7541043915916,4.40241967571802,-53.9521079796873,17,120
48,48,0.25,sequential,Sequential,-15.2826243281171,-1.8078061585021,-82.7763909691616,28,184
48,48,0.25,coordinated,Coordinated,-12.6545385804618,-5.106337600009,-126.929041381625,36,359
48,48,0.25,delayed_coordination,Delayed Coordination,-14.6600631970284,-6.65746224591214,-105.403978040601,28,238
48,48,0.5,baseline,Baseline,0,0,0,0,0
48,48,0.5,early_mover,Early Mover,-9.00342975733383,-52.9791792140877,-526.549591704252,130,1717
48,48,0.5,sequential,Sequential,-9.56608202069101,-67.8999034614744,-592.66070749665,152,1795
48,48,0.5,coordinated,Coordinated,-13.5946065316686,-63.9069539706548,-550.005801083446,138,1714
48,48,0.5,delayed_coordination,Delayed Coordination,-9.71657253838211,-73.7083535386301,-594.242691540951,150,1779
48,48,0.75,baseline,Baseline,0,0,0,0,0
48,48,0.75,early_mover,Early Mover,-7.38283563075245,-127.361176557272,-826.771510304887,142,2300
48,48,0.75,sequential,Sequential,-14.0680167058642,-137.980056999284,-840.845540976692,120,2019
48,48,0.75,coordinated,Coordinated,-20.7260242324017,-102.328124440119,-754.352854515487,93,1659
48,48,0.75,delayed_coordination,Delayed Coordination,-12.5946011679215,-137.257838863353,-851.433876012585,115,2018
49,49,0.25,baseline,Baseline,0,0,0,0,0
49,49,0.25,early_mover,Early Mover,-11.6529800339919,-11.2780371948243,-189.735408198814,13,229
49,49,0.25,sequential,Sequential,-11.7537157105473,-38.2660491933567,-237.596626613731,42,402
49,49,0.25,coordinated,Coordinated,-13.5217362976247,-27.5437760157222,-168.985838143728,12,224
49,49,0.25,delayed_coordination,Delayed Coordination,-13.8609203678852,-13.5097910084276,-171.139827111247,13,217
49,49,0.5,baseline,Baseline,0,0,0,0,0
49,49,0.5,early_mover,Early Mover,-8.81346799890704,-74.1680095045411,-534.209013799625,111,1671
49,49,0.5,sequential,Sequential,-13.2059422007198,-82.9648250209339,-576.964958024325,115,1699
49,49,0.5,coordinated,Coordinated,-8.11139925516221,-100.233667209786,-642.68978502641,136,1945
49,49,0.5,delayed_coordination,Delayed Coordination,-11.3408442362412,-81.6301777176876,-585.401398340668,115,1708
49,49,0.75,baseline,Baseline,0,0,0,0,0
49,49,0.75,early_mover,Early Mover,1.88004733407212,-124.04713857225,-895.114978973164,168,2468
49,49,0.75,sequential,Sequential,-7.37178922163517,-129.586971796662,-889.979739080274,105,1940
49,49,0.75,coordinated,Coordinated,-6.51734737858742,-127.281974538907,-891.272400110692,104,2045
49,49,0.75,delayed_coordination,Delayed Coordination,-3.26472457588051,-141.126327240966,-933.169771581144,116,2133
50,50,0.25,baseline,Baseline,0,0,0,0,0
50,50,0.25,early_mover,Early Mover,-10.1374675582584,-34.8278475359201,-146.308027598172,15,352
50,50,0.25,sequential,Sequential,-10.3381017806989,-44.3863331996788,-174.263669658112,21,425
50,50,0.25,coordinated,Coordinated,-12.0774085638439,-34.4910208098415,-175.597792053058,20,425
50,50,0.25,delayed_coordination,Delayed Coordination,-12.2567522246731,-35.6843466334994,-154.36361364847,11,344
50,50,0.5,baseline,Baseline,0,0,0,0,0
50,50,0.5,early_mover,Early Mover,-7.69638017454952,-88.1880284834696,-541.953293713175,111,1784
50,50,0.5,sequential,Sequential,-7.98403439608565,-97.2633779921895,-587.167839728683,126,1799
50,50,0.5,coordinated,Coordinated,-6.8554735609614,-106.507276377891,-657.801957694998,153,1886
50,50,0.5,delayed_coordination,Delayed Coordination,-7.21790091724893,-94.5146492094216,-613.391560910205,127,1871
50,50,0.75,baseline,Baseline,0,0,0,0,0
50,50,0.75,early_mover,Early Mover,2.68040830789391,-155.53827791495,-911.498300973208,167,2702
50,50,0.75,sequential,Sequential,-3.04325669409147,-160.271501482955,-973.770377901868,160,2505
50,50,0.75,coordinated,Coordinated,-10.0779284754353,-144.134478692337,-818.826868385882,131,2095
50,50,0.75,delayed_coordination,Delayed Coordination,-5.21040622896341,-162.776560865599,-947.549702350098,148,2466
51,51,0.25,baseline,Baseline,0,0,0,0,0
51,51,0.25,early_mover,Early Mover,-13.284846934082,-17.5595492130786,-116.408695458066,15,116
51,51,0.25,sequential,Sequential,-14.3886821153775,-27.9445437009516,-141.789561787697,5,89
51,51,0.25,coordinated,Coordinated,-14.965870566476,-29.1202736824397,-151.349208791587,11,103
51,51,0.25,delayed_coordination,Delayed Coordination,-14.3578595029145,-29.620605285324,-153.055226096958,-1,5
51,51,0.5,baseline,Baseline,0,0,0,0,0
51,51,0.5,early_mover,Early Mover,-2.31349222336152,-106.246315950454,-698.527977857358,139,2289
51,51,0.5,sequential,Sequential,-5.44432534252195,-125.794316750469,-734.83021890617,151,2211
51,51,0.5,coordinated,Coordinated,-9.4105657395816,-115.137976186188,-669.975942613949,156,2108
51,51,0.5,delayed_coordination,Delayed Coordination,-5.80324625227439,-126.676977267615,-745.211411652564,146,2233
51,51,0.75,baseline,Baseline,0,0,0,0,0
51,51,0.75,early_mover,Early Mover,-4.81272783281875,-135.647850066504,-843.453778133493,127,2032
51,51,0.75,sequential,Sequential,-11.9375245681186,-153.926632408638,-929.466021849295,140,2103
51,51,0.75,coordinated,Coordinated,-11.2938777327325,-138.104722052848,-867.587788596967,125,2060
51,51,0.75,delayed_coordination,Delayed Coordination,-12.2638610222706,-150.209115762483,-930.977898137779,136,2058
52,52,0.25,baseline,Baseline,0,0,0,0,0
52,52,0.25,early_mover,Early Mover,-13.2877594616318,-14.7189362160291,-107.763666685514,-2,216
52,52,0.25,sequential,Sequential,-13.492842643604,-21.3442046543959,-139.86101781578,25,407
52,52,0.25,coordinated,Coordinated,-13.0895741224397,-22.0617216312974,-115.890746199823,21,333
52,52,0.25,delayed_coordination,Delayed Coordination,-13.257069215399,-20.7806577791698,-133.557239636527,20,396
52,52,0.5,baseline,Baseline,0,0,0,0,0
52,52,0.5,early_mover,Early Mover,-3.07885048033238,-80.3579571368687,-523.627796126465,124,1890
52,52,0.5,sequential,Sequential,-4.40305774142021,-99.4323452511196,-574.32857922893,128,1947
52,52,0.5,coordinated,Coordinated,-1.71424418480706,-79.8319116184532,-573.562992694541,128,1947
52,52,0.5,delayed_coordination,Delayed Coordination,-4.34828152382832,-88.5014690609712,-573.635260550773,144,1998
52,52,0.75,baseline,Baseline,0,0,0,0,0
52,52,0.75,early_mover,Early Mover,8.0367476322734,-128.537671705588,-811.580176465151,135,2423
52,52,0.75,sequential,Sequential,5.87679534555616,-146.041927292712,-870.659991461562,139,2388
52,52,0.75,coordinated,Coordinated,2.24516861038489,-135.343559079272,-851.754268803599,136,2313
52,52,0.75,delayed_coordination,Delayed Coordination,3.62436628283558,-148.145871657382,-858.714263824794,131,2295
53,53,0.25,baseline,Baseline,0,0,0,0,0
53,53,0.25,early_mover,Early Mover,-13.6837226338433,-3.44122308969224,-109.56847433136,22,242
53,53,0.25,sequential,Sequential,-14.8207398586064,-5.21486329416007,-141.703513746219,26,284
53,53,0.25,coordinated,Coordinated,-13.9389657266125,-27.4739282499004,-143.975508003188,27,273
53,53,0.25,delayed_coordination,Delayed Coordination,-13.9356486369278,-7.46153946458566,-149.446944745104,34,329
53,53,0.5,baseline,Baseline,0,0,0,0,0
53,53,0.5,early_mover,Early Mover,-9.57144544771866,-94.2866307374062,-598.016968120693,116,1550
53,53,0.5,sequential,Sequential,-13.8259437474314,-106.837893104522,-623.008293243916,124,1526
53,53,0.5,coordinated,Coordinated,-11.4288288784088,-90.8333718119212,-638.384109693748,120,1636
53,53,0.5,delayed_coordination,Delayed Coordination,-13.4416410783684,-96.2559315687377,-603.169498569931,117,1576
53,53,0.75,baseline,Baseline,0,0,0,0,0
53,53,0.75,early_mover,Early Mover,-9.64929341061929,-111.491787793334,-766.817836193908,89,1621
53,53,0.75,sequential,Sequential,-19.1665430483067,-115.108316556708,-800.537080516642,67,1275
53,53,0.75,coordinated,Coordinated,-23.3945439878017,-95.6783999542897,-751.675502261854,70,1308
53,53,0.75,delayed_coordination,Delayed Coordination,-20.1306321920793,-112.737670670544,-779.145158192314,56,1262
54,54,0.25,baseline,Baseline,0,0,0,0,0
54,54,0.25,early_mover,Early Mover,-13.1014408264792,-12.5289235249463,-89.8118215176655,20,112
54,54,0.25,sequential,Sequential,-13.9140932858177,-22.1282943103342,-127.006206448666,23,176
54,54,0.25,coordinated,Coordinated,-14.5228723314821,-27.6083847759513,-133.452640087812,15,139
54,54,0.25,delayed_coordination,Delayed Coordination,-14.4768768631895,-16.7806354571027,-118.935137692874,21,174
54,54,0.5,baseline,Baseline,0,0,0,0,0
54,54,0.5,early_mover,Early Mover,-7.79122017564522,-89.6867624526212,-564.575492312506,114,1533
54,54,0.5,sequential,Sequential,-8.58509285220441,-103.300001203852,-658.791575371542,136,1630
54,54,0.5,coordinated,Coordinated,-16.5880576102916,-83.5902534665536,-523.522549172973,81,1206
54,54,0.5,delayed_coordination,Delayed Coordination,-10.812919106037,-88.5558966165223,-617.242911393058,129,1583
54,54,0.75,baseline,Baseline,0,0,0,0,0
54,54,0.75,early_mover,Early Mover,0.615278040456246,-139.042555037924,-902.752499705452,135,2460
54,54,0.75,sequential,Sequential,-8.31943550874576,-136.154592960841,-932.194981523939,138,2333
54,54,0.75,coordinated,Coordinated,-15.530475192068,-118.12308288379,-778.108652249714,107,1798
54,54,0.75,delayed_coordination,Delayed Coordination,-6.59495913397804,-145.262037882493,-934.092816049791,137,2337
55,55,0.25,baseline,Baseline,0,0,0,0,0
55,55,0.25,early_mover,Early Mover,-14.4152872984024,-9.26763586155232,-72.3551591007858,15,-40
55,55,0.25,sequential,Sequential,-13.6026305793373,-18.3123070600652,-152.513321153619,40,13
55,55,0.25,coordinated,Coordinated,-15.3456228849549,-9.85713932252634,-101.641566721742,11,45
55,55,0.25,delayed_coordination,Delayed Coordination,-14.012090453386,-21.0132587096998,-133.79176258322,25,7
55,55,0.5,baseline,Baseline,0,0,0,0,0
55,55,0.5,early_mover,Early Mover,-7.70853394283527,-60.1507642229501,-586.474502082314,123,1570
55,55,0.5,sequential,Sequential,-12.2339835478318,-71.4054653373615,-614.326131866353,136,1635
55,55,0.5,coordinated,Coordinated,-15.6810728823401,-70.2788767367031,-556.838243006549,117,1527
55,55,0.5,delayed_coordination,Delayed Coordination,-10.0389254296731,-73.8428385600934,-648.502738704619,151,1733
55,55,0.75,baseline,Baseline,0,0,0,0,0
55,55,0.75,early_mover,Early Mover,-12.1814777550388,-143.172167710805,-862.032345570964,99,1871
55,55,0.75,sequential,Sequential,-8.01021501952529,-166.743615637491,-1047.34694243183,184,2470
55,55,0.75,coordinated,Coordinated,-20.6142532535379,-143.557229324787,-880.884647901809,117,1751
55,55,0.75,delayed_coordination,Delayed Coordination,-4.43536430031202,-166.788093449663,-1061.53453820306,189,2446
56,56,0.25,baseline,Baseline,0,0,0,0,0
56,56,0.25,early_mover,Early Mover,-11.037980486648,-8.21697403018322,-169.864740451849,32,385
56,56,0.25,sequential,Sequential,-12.4517956512624,-11.0365995847225,-178.255629196251,38,417
56,56,0.25,coordinated,Coordinated,-12.4076779729378,-29.3346385428562,-170.2839301651,30,179
56,56,0.25,delayed_coordination,Delayed Coordination,-13.125270045498,-9.73475939427425,-176.499898894782,43,446
56,56,0.5,baseline,Baseline,0,0,0,0,0
56,56,0.5,early_mover,Early Mover,-6.93203102464656,-79.0406636583706,-630.887515721011,141,1828
56,56,0.5,sequential,Sequential,-5.70225091311515,-91.7031019453673,-715.208249283187,165,2051
56,56,0.5,coordinated,Coordinated,-8.42284082254248,-89.1196684942439,-654.582408321896,158,1777
56,56,0.5,delayed_coordination,Delayed Coordination,-10.1313760294169,-72.3928251768875,-637.875696707031,151,1846
56,56,0.75,baseline,Baseline,0,0,0,0,0
56,56,0.75,early_mover,Early Mover,4.97899282191842,-139.132133049796,-954.770878639018,175,2587
56,56,0.75,sequential,Sequential,-0.133740495606773,-140.941385217617,-1005.35436783815,172,2594
56,56,0.75,coordinated,Coordinated,-9.28609447152257,-121.978872906433,-879.228917223666,161,2304
56,56,0.75,delayed_coordination,Delayed Coordination,0.303724190852989,-145.57121974811,-1007.89167871341,177,2578
57,57,0.25,baseline,Baseline,0,0,0,0,0
57,57,0.25,early_mover,Early Mover,-11.9783615736147,-16.8321524686234,-104.657187658005,19,188
57,57,0.25,sequential,Sequential,-13.5076974510514,-25.3296946084188,-128.424411903748,19,245
57,57,0.25,coordinated,Coordinated,-12.6998071710721,-28.7345578219856,-138.611464411218,23,335
57,57,0.25,delayed_coordination,Delayed Coordination,-14.102677076535,-12.3223234992178,-114.109838779932,22,210
57,57,0.5,baseline,Baseline,0,0,0,0,0
57,57,0.5,early_mover,Early Mover,-8.82658975135379,-80.475003547471,-521.731212864523,88,1270
57,57,0.5,sequential,Sequential,-12.346429843421,-86.8001519983711,-556.886486204298,99,1354
57,57,0.5,coordinated,Coordinated,-11.7646939952351,-99.9649840667312,-583.97280837121,90,1383
57,57,0.5,delayed_coordination,Delayed Coordination,-10.9440614896246,-83.5824825407597,-558.078110821279,97,1386
57,57,0.75,baseline,Baseline,0,0,0,0,0
57,57,0.75,early_mover,Early Mover,-1.4503777345635,-123.560047152229,-807.903622010831,121,2027
57,57,0.75,sequential,Sequential,-8.95111754702242,-123.316219315356,-813.471565468324,115,1909
57,57,0.75,coordinated,Coordinated,-17.3647984108321,-107.26003535617,-703.023381336815,85,1394
57,57,0.75,delayed_coordination,Delayed Coordination,-13.5781421670169,-119.309911297086,-781.894151016052,104,1802
58,58,0.25,baseline,Baseline,0,0,0,0,0
58,58,0.25,early_mover,Early Mover,-13.8975430291693,1.52475633890089,-50.6363626023358,10,149
58,58,0.25,sequential,Sequential,-13.7834054234892,-9.29218771932909,-100.191186271779,14,178
58,58,0.25,coordinated,Coordinated,-12.7358080238428,-10.9153822009648,-110.709558765285,29,318
58,58,0.25,delayed_coordination,Delayed Coordination,-14.2276671535703,-9.91563122344252,-114.400484240801,29,259
58,58,0.5,baseline,Baseline,0,0,0,0,0
58,58,0.5,early_mover,Early Mover,-4.26463466006783,-98.3106311060855,-664.513292756134,144,2273
58,58,0.5,sequential,Sequential,-3.02817551355922,-110.575737502384,-728.004087114357,149,2261
58,58,0.5,coordinated,Coordinated,-3.45253635747461,-111.245975679755,-733.399492472387,174,2280
58,58,0.5,delayed_coordination,Delayed Coordination,-3.48428149743069,-109.735429344883,-730.405387836225,157,2284
58,58,0.75,baseline,Baseline,0,0,0,0,0
58,58,0.75,early_mover,Early Mover,-7.38862040299512,-129.761143372138,-866.968608251756,149,2487
58,58,0.75,sequential,Sequential,-8.8565540275186,-141.243721960308,-940.740557483474,137,2204
58,58,0.75,coordinated,Coordinated,-11.9001850296165,-127.269834695323,-816.153514997379,130,1993
58,58,0.75,delayed_coordination,Delayed Coordination,-12.2849060624276,-141.120900481206,-910.685477487014,133,2167
59,59,0.25,baseline,Baseline,0,0,0,0,0
59,59,0.25,early_mover,Early Mover,-14.7255574598273,-7.63944401139827,-60.1772180879343,3,-205
59,59,0.25,sequential,Sequential,-17.3835751124871,-16.0269166057265,-107.750762174262,15,-143
59,59,0.25,coordinated,Coordinated,-16.547518653299,-8.91311706949978,-99.9757234216772,24,-124
59,59,0.25,delayed_coordination,Delayed Coordination,-15.7155405944947,-19.3280066846596,-133.176691462356,30,-69
59,59,0.5,baseline,Baseline,0,0,0,0,0
59,59,0.5,early_mover,Early Mover,-4.08532397517695,-93.7015393989965,-666.026489540883,165,1876
59,59,0.5,sequential,Sequential,-12.1192782506036,-92.2088709732444,-575.471610325612,132,1617
59,59,0.5,coordinated,Coordinated,-18.8303826322752,-74.0034068799844,-411.765540396084,71,897
59,59,0.5,delayed_coordination,Delayed Coordination,-12.334458772877,-97.4760430062116,-612.078035447594,142,1640
59,59,0.75,baseline,Baseline,0,0,0,0,0
59,59,0.75,early_mover,Early Mover,-1.15837873616948,-121.487547748737,-870.275291180837,147,2140
59,59,0.75,sequential,Sequential,-5.31075136272952,-123.436793209141,-918.287426373352,140,2094
59,59,0.75,coordinated,Coordinated,-22.3777460568574,-97.8119172564114,-680.451580055175,58,1089
59,59,0.75,delayed_coordination,Delayed Coordination,-6.10681972606373,-126.378887002621,-909.029624509544,132,2038
60,60,0.25,baseline,Baseline,0,0,0,0,0
60,60,0.25,early_mover,Early Mover,-8.95776312796286,-32.6970687535642,-171.494059216144,20,425
60,60,0.25,sequential,Sequential,-11.5619725265909,-33.2513415245317,-170.146714383363,15,328
60,60,0.25,coordinated,Coordinated,-11.5775988518567,-48.2812089416234,-188.449387923658,37,333
60,60,0.25,delayed_coordination,Delayed Coordination,-11.4829996040535,-39.1715222456284,-183.140288315874,29,390
60,60,0.5,baseline,Baseline,0,0,0,0,0
60,60,0.5,early_mover,Early Mover,-0.379815341299476,-108.836437740626,-654.991338623129,119,1914
60,60,0.5,sequential,Sequential,-6.82138293358302,-111.806816509497,-650.445937536698,119,1822
60,60,0.5,coordinated,Coordinated,-10.1716735796762,-90.1515453881514,-604.531178804211,123,1819
60,60,0.5,delayed_coordination,Delayed Coordination,-6.1111131089754,-108.463745626086,-665.180376316622,110,1825
60,60,0.75,baseline,Baseline,0,0,0,0,0
60,60,0.75,early_mover,Early Mover,15.0596010472574,-144.123507122009,-959.636501260906,185,2877
60,60,0.75,sequential,Sequential,5.23815295576505,-147.287219095306,-972.854728560139,166,2737
60,60,0.75,coordinated,Coordinated,-8.41103161250429,-129.441883165735,-766.008324514228,97,1707
60,60,0.75,delayed_coordination,Delayed Coordination,5.83082203966411,-149.740434148004,-988.896532336997,174,2706
61,61,0.25,baseline,Baseline,0,0,0,0,0
61,61,0.25,early_mover,Early Mover,-14.1966533829883,-29.7486849112346,-166.181188665357,33,196
61,61,0.25,sequential,Sequential,-16.146388661573,-24.1988951069316,-181.86060190668,23,111
61,61,0.25,coordinated,Coordinated,-16.4589018261087,-8.3145087688265,-117.775205414659,11,83
61,61,0.25,delayed_coordination,Delayed Coordination,-16.2085079674566,-21.1274911836788,-163.159095422064,25,119
61,61,0.5,baseline,Baseline,0,0,0,0,0
61,61,0.5,early_mover,Early Mover,-6.28007867574878,-102.033068060902,-679.759886046446,137,1841
61,61,0.5,sequential,Sequential,-11.562741579719,-108.403596987541,-716.585932341673,149,1690
61,61,0.5,coordinated,Coordinated,-18.8350192094315,-86.1898953020757,-592.929999264432,113,1315
61,61,0.5,delayed_coordination,Delayed Coordination,-8.60222190457115,-101.480969191491,-736.138743463945,154,1824
61,61,0.75,baseline,Baseline,0,0,0,0,0
61,61,0.75,early_mover,Early Mover,-20.258324182598,-96.8880862146533,-718.879652607507,49,958
61,61,0.75,sequential,Sequential,-19.9865176173357,-114.163055206855,-863.350824335677,90,1316
61,61,0.75,coordinated,Coordinated,-39.3583923095165,-77.574570309701,-547.213850759727,-2,298
61,61,0.75,delayed_coordination,Delayed Coordination,-25.5114323791949,-104.908474055848,-810.774686978377,64,1003
62,62,0.25,baseline,Baseline,0,0,0,0,0
62,62,0.25,early_mover,Early Mover,-15.3513984732864,5.20565989037459,-2.41023330441112,-23,-216
62,62,0.25,sequential,Sequential,-17.0246903708944,5.47437368686542,-2.2928637696441,-23,-228
62,62,0.25,coordinated,Coordinated,-12.6428383383924,-22.661561198226,-116.822944512326,22,240
62,62,0.25,delayed_coordination,Delayed Coordination,-16.0913941858157,1.15610580156419,-23.105497752656,-9,-177
62,62,0.5,baseline,Baseline,0,0,0,0,0
62,62,0.5,early_mover,Early Mover,-3.6033322441246,-98.9793757887466,-669.010761737021,140,2022
62,62,0.5,sequential,Sequential,-6.77903594346047,-96.1090840640561,-703.550686199108,135,1948
62,62,0.5,coordinated,Coordinated,-9.2524556049818,-101.113003433562,-625.532456409429,98,1634
62,62,0.5,delayed_coordination,Delayed Coordination,-2.77442120515096,-114.108220736618,-740.867029173501,152,2076
62,62,0.75,baseline,Baseline,0,0,0,0,0
62,62,0.75,early_mover,Early Mover,-0.0875409338866433,-123.322138916159,-907.719321313359,150,2413
62,62,0.75,sequential,Sequential,-8.01096200301325,-118.411317824528,-895.691737635626,130,2114
62,62,0.75,coordinated,Coordinated,-13.7895129819836,-97.2729492730136,-820.430730524396,109,1976
62,62,0.75,delayed_coordination,Delayed Coordination,-8.80226663723339,-115.937870536783,-903.501595632214,131,2239
63,63,0.25,baseline,Baseline,0,0,0,0,0
63,63,0.25,early_mover,Early Mover,-13.4552053232627,-17.7314221404595,-67.8688409112542,-10,-120
63,63,0.25,sequential,Sequential,-15.307928909984,-19.6560090463433,-74.331714143817,-19,-144
63,63,0.25,coordinated,Coordinated,-14.9119375119012,-19.3240022116219,-115.674191125268,15,216
63,63,0.25,delayed_coordination,Delayed Coordination,-14.220298008907,-21.0134788248823,-85.5319873971266,-7,-65
63,63,0.5,baseline,Baseline,0,0,0,0,0
63,63,0.5,early_mover,Early Mover,-10.9835344310983,-82.6737721211994,-533.102977881973,82,1376
63,63,0.5,sequential,Sequential,-14.2206344274653,-83.626802864834,-556.359804820033,72,1387
63,63,0.5,coordinated,Coordinated,-14.4111086629802,-91.2361610384158,-533.129722042156,83,1353
63,63,0.5,delayed_coordination,Delayed Coordination,-14.1820580350814,-86.5399901438898,-553.342649212027,83,1357
63,63,0.75,baseline,Baseline,0,0,0,0,0
63,63,0.75,early_mover,Early Mover,-4.25308274570367,-123.536896906814,-791.459034659831,127,2223
63,63,0.75,sequential,Sequential,-10.6274002670044,-126.394443488532,-821.726365183145,117,2121
63,63,0.75,coordinated,Coordinated,-9.21607287817287,-132.878817126538,-863.130898084655,152,2420
63,63,0.75,delayed_coordination,Delayed Coordination,-5.62614803578342,-133.756187429301,-875.901001853415,144,2358
64,64,0.25,baseline,Baseline,0,0,0,0,0
64,64,0.25,early_mover,Early Mover,-12.2190568248572,-9.42513330698461,-72.4003395871737,26,261
64,64,0.25,sequential,Sequential,-12.5438342233363,-12.3066151307685,-106.239460779883,27,248
64,64,0.25,coordinated,Coordinated,-16.7816650686335,-8.93686987935109,-49.1780580899931,2,63
64,64,0.25,delayed_coordination,Delayed Coordination,-13.1879100347078,-11.865324605638,-97.0678821434271,18,228
64,64,0.5,baseline,Baseline,0,0,0,0,0
64,64,0.5,early_mover,Early Mover,-0.962773747231338,-116.08617989861,-663.91404620409,149,2244
64,64,0.5,sequential,Sequential,-3.25905648321569,-123.104612319193,-705.639381087724,151,2035
64,64,0.5,coordinated,Coordinated,-9.89282137979501,-102.126465293145,-610.165016899624,125,1788
64,64,0.5,delayed_coordination,Delayed Coordination,-3.23028957382114,-115.395198176882,-715.343150645542,137,2118
64,64,0.75,baseline,Baseline,0,0,0,0,0
64,64,0.75,early_mover,Early Mover,-4.42718456309609,-96.0189273198281,-759.437120299242,122,2028
64,64,0.75,sequential,Sequential,-14.2340614195852,-93.3311791066735,-778.582582758176,83,1712
64,64,0.75,coordinated,Coordinated,-19.4854322807837,-75.7114834469616,-680.099440804226,81,1396
64,64,0.75,delayed_coordination,Delayed Coordination,-12.8020152590359,-90.4865433563736,-784.966013064035,73,1674
65,65,0.25,baseline,Baseline,0,0,0,0,0
65,65,0.25,early_mover,Early Mover,-13.6144686545632,-14.1143162091797,-46.8652072407208,25,139
65,65,0.25,sequential,Sequential,-14.1710240501778,-17.0069183287713,-76.0043110169108,18,203
65,65,0.25,coordinated,Coordinated,-14.7029860432598,-16.923045010212,-73.2160171393307,24,245
65,65,0.25,delayed_coordination,Delayed Coordination,-15.3231857097817,-15.9020838703004,-66.4885508421735,19,187
65,65,0.5,baseline,Baseline,0,0,0,0,0
65,65,0.5,early_mover,Early Mover,-8.87063884306329,-83.2885079639486,-516.052296051036,125,1767
65,65,0.5,sequential,Sequential,-8.04065060695517,-104.490531633845,-592.59154474885,134,1880
65,65,0.5,coordinated,Coordinated,-9.08993830604956,-99.6075196569155,-621.339763538962,137,1916
65,65,0.5,delayed_coordination,Delayed Coordination,-8.30873600681656,-96.8394093000124,-577.996195086426,135,1871
65,65,0.75,baseline,Baseline,0,0,0,0,0
65,65,0.75,early_mover,Early Mover,1.21028204398726,-122.706184315888,-880.505617051415,166,2537
65,65,0.75,sequential,Sequential,-0.184337213633313,-126.253681461506,-934.894643648423,154,2408
65,65,0.75,coordinated,Coordinated,-16.4150885403064,-99.6613825457072,-738.603261935423,103,1737
65,65,0.75,delayed_coordination,Delayed Coordination,-0.790294881242446,-130.22161690219,-925.359706638658,159,2424
66,66,0.25,baseline,Baseline,0,0,0,0,0
66,66,0.25,early_mover,Early Mover,-11.2916909271314,-35.6492380371547,-126.867086594086,17,247
66,66,0.25,sequential,Sequential,-12.9023088335381,-38.0212199453794,-149.986623044367,22,271
66,66,0.25,coordinated,Coordinated,-11.3642478906924,-36.0070130901153,-209.133674822165,51,467
66,66,0.25,delayed_coordination,Delayed Coordination,-13.6406918451418,-36.2859405087217,-143.687521723773,27,282
66,66,0.5,baseline,Baseline,0,0,0,0,0
66,66,0.5,early_mover,Early Mover,0.577759733950998,-122.752915887918,-719.423283879596,164,2218
66,66,0.5,sequential,Sequential,-1.47261203632051,-126.370574941666,-757.363656527275,182,2223
66,66,0.5,coordinated,Coordinated,-3.74059215468209,-112.071398003477,-663.781956498462,165,2052
66,66,0.5,delayed_coordination,Delayed Coordination,-1.0571018514913,-127.094419973147,-758.563552461874,155,2272
66,66,0.75,baseline,Baseline,0,0,0,0,0
66,66,0.75,early_mover,Early Mover,0.163134737174047,-146.986955487823,-819.990721413715,114,2208
66,66,0.75,sequential,Sequential,-7.69056004309734,-156.656591075064,-850.310502109044,135,2214
66,66,0.75,coordinated,Coordinated,-8.38734367185633,-156.97262455825,-836.333075179879,146,2173
66,66,0.75,delayed_coordination,Delayed Coordination,-4.26060409900364,-148.938108297938,-894.020846358179,141,2317
67,67,0.25,baseline,Baseline,0,0,0,0,0
67,67,0.25,early_mover,Early Mover,-13.853734823578,-21.7982838803578,-90.7834275810001,24,163
67,67,0.25,sequential,Sequential,-15.7409423396505,-12.6545796679415,-107.350635864502,29,179
67,67,0.25,coordinated,Coordinated,-15.6643229615182,-22.1933468192598,-99.3172372866775,14,220
67,67,0.25,delayed_coordination,Delayed Coordination,-16.3834681129189,-18.8915636473521,-87.5526172770551,28,167
67,67,0.5,baseline,Baseline,0,0,0,0,0
67,67,0.5,early_mover,Early Mover,-6.14891968812773,-113.921011325764,-630.427283511322,137,1939
67,67,0.5,sequential,Sequential,-8.98152628604392,-116.947339831042,-675.766408667384,160,2087
67,67,0.5,coordinated,Coordinated,-6.86999286640548,-114.842242083262,-713.967517098704,170,2337
67,67,0.5,delayed_coordination,Delayed Coordination,-8.61599395096806,-115.112146695763,-672.754364218495,158,2098
67,67,0.75,baseline,Baseline,0,0,0,0,0
67,67,0.75,early_mover,Early Mover,-3.94325472950862,-143.961487484593,-844.059994088213,119,2121
67,67,0.75,sequential,Sequential,-9.37526870357465,-148.401253633278,-869.606769620339,128,2117
67,67,0.75,coordinated,Coordinated,-18.0211156520472,-116.07885479044,-832.936819440535,98,1705
67,67,0.75,delayed_coordination,Delayed Coordination,-9.560461585067,-146.426454467776,-875.26507295089,122,2098
68,68,0.25,baseline,Baseline,0,0,0,0,0
68,68,0.25,early_mover,Early Mover,-15.2226566784042,-4.56238134160168,-69.6231407874784,21,214
68,68,0.25,sequential,Sequential,-14.6062002503169,-12.0793539726696,-134.817725611741,24,230
68,68,0.25,coordinated,Coordinated,-15.7283341695047,-12.8030982126882,-110.241379062309,-2,110
68,68,0.25,delayed_coordination,Delayed Coordination,-15.0097344793525,-12.9107472593276,-117.108197599089,25,251
68,68,0.5,baseline,Baseline,0,0,0,0,0
68,68,0.5,early_mover,Early Mover,-8.82324010571256,-100.806790059954,-637.75725968025,123,1900
68,68,0.5,sequential,Sequential,-8.1078697249164,-105.286544941327,-743.136747367625,161,2086
68,68,0.5,coordinated,Coordinated,-11.5974490699007,-110.920214632503,-689.890162253125,157,2049
68,68,0.5,delayed_coordination,Delayed Coordination,-9.06052583906316,-123.236904520934,-740.993956305763,153,1984
68,68,0.75,baseline,Baseline,0,0,0,0,0
68,68,0.75,early_mover,Early Mover,-6.92876141747442,-159.566048383403,-895.043162388613,146,2461
68,68,0.75,sequential,Sequential,-6.63532619496033,-174.051036395518,-1048.85717892772,152,2411
68,68,0.75,coordinated,Coordinated,-15.3925572778881,-132.304000712929,-879.747145221597,138,2153
68,68,0.75,delayed_coordination,Delayed Coordination,-7.62116357386782,-172.73599513777,-1025.02930043674,156,2404
69,69,0.25,baseline,Baseline,0,0,0,0,0
69,69,0.25,early_mover,Early Mover,-11.5967185458751,-4.32904186333991,-142.980528826185,17,284
69,69,0.25,sequential,Sequential,-13.7059238659906,-4.97131208260805,-146.975261629639,19,262
69,69,0.25,coordinated,Coordinated,-13.794558267302,8.80998623728902,-138.349967523671,15,309
69,69,0.25,delayed_coordination,Delayed Coordination,-13.3370544573307,-4.79011307154133,-152.771270832254,20,303
69,69,0.5,baseline,Baseline,0,0,0,0,0
69,69,0.5,early_mover,Early Mover,-10.709334627882,-45.896993788519,-546.998234986183,101,1747
69,69,0.5,sequential,Sequential,-12.1692079634743,-88.0825657836232,-666.522545334155,142,1867
69,69,0.5,coordinated,Coordinated,-12.3325186801827,-74.6340598722572,-594.000539709119,108,1893
69,69,0.5,delayed_coordination,Delayed Coordination,-9.39182491883209,-87.1651442037672,-705.47992938821,138,2013
69,69,0.75,baseline,Baseline,0,0,0,0,0
69,69,0.75,early_mover,Early Mover,4.87569401226243,-132.227385800018,-1041.20471512945,186,2807
69,69,0.75,sequential,Sequential,-6.18310072787419,-116.919357769208,-1007.11709613839,163,2486
69,69,0.75,coordinated,Coordinated,1.74188200678542,-135.520081301925,-1073.0376227187,189,3052
69,69,0.75,delayed_coordination,Delayed Coordination,-3.09891568152788,-132.233514301666,-1070.14464897045,188,2822
70,70,0.25,baseline,Baseline,0,0,0,0,0
70,70,0.25,early_mover,Early Mover,-13.7059204737576,-12.2901845923873,-89.5721020844949,6,22
70,70,0.25,sequential,Sequential,-14.8287713132972,-22.658309849693,-124.091618678398,19,77
70,70,0.25,coordinated,Coordinated,-15.1325270184748,-20.4104597273192,-103.166319205454,4,-15
70,70,0.25,delayed_coordination,Delayed Coordination,-14.6033941837235,-15.1259083722941,-106.046499712687,18,95
70,70,0.5,baseline,Baseline,0,0,0,0,0
70,70,0.5,early_mover,Early Mover,-9.16903486112153,-74.6711544693698,-538.890053836474,119,1821
70,70,0.5,sequential,Sequential,-9.0729374326275,-77.2849674818553,-624.380259069171,98,1795
70,70,0.5,coordinated,Coordinated,-13.5043860367127,-73.3232963865703,-563.567227795876,101,1558
70,70,0.5,delayed_coordination,Delayed Coordination,-9.48697262865051,-78.9104342169018,-621.713259421186,133,1962
70,70,0.75,baseline,Baseline,0,0,0,0,0
70,70,0.75,early_mover,Early Mover,1.80048192730393,-120.83270716135,-895.637229417633,153,2500
70,70,0.75,sequential,Sequential,-1.54533410576197,-119.778803566144,-954.865409527844,136,2319
70,70,0.75,coordinated,Coordinated,-15.5466452626095,-108.277533667113,-782.801887160498,73,1700
70,70,0.75,delayed_coordination,Delayed Coordination,-3.60547866254836,-119.103674695531,-928.388055362641,148,2456
71,71,0.25,baseline,Baseline,0,0,0,0,0
71,71,0.25,early_mover,Early Mover,-14.2008018387734,-9.92904399126735,-110.115516649495,14,181
71,71,0.25,sequential,Sequential,-15.9581351980923,-9.71761935950121,-111.312261292914,16,212
71,71,0.25,coordinated,Coordinated,-15.0201271616581,-16.8070127173982,-132.935579233987,38,353
71,71,0.25,delayed_coordination,Delayed Coordination,-15.4950259594683,-9.5845334531391,-116.918359598254,22,250
71,71,0.5,baseline,Baseline,0,0,0,0,0
71,71,0.5,early_mover,Early Mover,-15.9152563883114,-47.2219521793016,-491.473909036361,99,1351
71,71,0.5,sequential,Sequential,-14.9489079821454,-62.1823900356631,-572.856454693936,113,1608
71,71,0.5,coordinated,Coordinated,-13.3510121281243,-95.4392518941775,-630.480075020183,128,1708
71,71,0.5,delayed_coordination,Delayed Coordination,-14.967342201111,-60.6665424592984,-557.229150892001,93,1367
71,71,0.75,baseline,Baseline,0,0,0,0,0
71,71,0.75,early_mover,Early Mover,-20.2601670894808,-88.9459402381246,-725.803698374572,62,1366
71,71,0.75,sequential,Sequential,-27.2007833557044,-85.9800875899056,-737.292386831771,56,1153
71,71,0.75,coordinated,Coordinated,-17.3483613470739,-115.144966774244,-822.729588805968,97,1757
71,71,0.75,delayed_coordination,Delayed Coordination,-26.1399000994034,-94.6550109167052,-734.948562102531,47,1154
72,72,0.25,baseline,Baseline,0,0,0,0,0
72,72,0.25,early_mover,Early Mover,-5.41153622165477,-34.3440985503785,-243.028727022989,51,615
72,72,0.25,sequential,Sequential,-8.18507353385344,-32.3572012831593,-223.818308360166,41,597
72,72,0.25,coordinated,Coordinated,-8.75277333991637,-43.7270369197888,-231.737224203201,27,539
72,72,0.25,delayed_coordination,Delayed Coordination,-8.06114720298696,-37.1807802126704,-247.214617037452,35,663
72,72,0.5,baseline,Baseline,0,0,0,0,0
72,72,0.5,early_mover,Early Mover,-0.691775813587427,-93.7934352191719,-665.563673766279,138,2192
72,72,0.5,sequential,Sequential,-1.42397948794073,-102.972692544786,-696.175219758513,147,2245
72,72,0.5,coordinated,Coordinated,-4.32665644390188,-96.9823936276539,-624.063972277352,138,2094
72,72,0.5,delayed_coordination,Delayed Coordination,-2.25649073516148,-98.1729018357325,-688.658637975854,147,2258
72,72,0.75,baseline,Baseline,0,0,0,0,0
72,72,0.75,early_mover,Early Mover,13.4988215703139,-149.719647767266,-973.202612431055,150,2690
72,72,0.75,sequential,Sequential,9.67949131137,-155.74104962319,-1033.85035021558,161,2685
72,72,0.75,coordinated,Coordinated,3.94877767686555,-133.945527916483,-984.236525447476,181,2502
72,72,0.75,delayed_coordination,Delayed Coordination,13.9252218873484,-159.654933467656,-1047.80441708891,184,2874
73,73,0.25,baseline,Baseline,0,0,0,0,0
73,73,0.25,early_mover,Early Mover,-14.7386105106265,-21.0684032633797,-89.3744475456201,5,-30
73,73,0.25,sequential,Sequential,-17.6040518296223,-18.2461177366521,-91.5563788433888,4,-71
73,73,0.25,coordinated,Coordinated,-17.0794788674606,-17.334944797119,-94.4837269340051,12,-60
73,73,0.25,delayed_coordination,Delayed Coordination,-17.0247801128529,-19.6575489579346,-93.3090302442392,6,-29
73,73,0.5,baseline,Baseline,0,0,0,0,0
73,73,0.5,early_mover,Early Mover,-4.05824315886007,-113.937790566235,-693.846249107853,169,2105
73,73,0.5,sequential,Sequential,-5.67861995232803,-122.118438232449,-744.234926034105,161,1980
73,73,0.5,coordinated,Coordinated,-11.7596716126657,-102.953089172858,-640.576448783068,145,1942
73,73,0.5,delayed_coordination,Delayed Coordination,-6.87837008617898,-120.497736210012,-744.890100711455,150,2029
73,73,0.75,baseline,Baseline,0,0,0,0,0
73,73,0.75,early_mover,Early Mover,-20.0500477047815,-104.233140222431,-729.540151950466,99,1343
73,73,0.75,sequential,Sequential,-23.1303344585011,-112.025658082708,-782.126178238779,96,1360
73,73,0.75,coordinated,Coordinated,-24.3716642617234,-92.8830073905875,-683.841353351394,74,1252
73,73,0.75,delayed_coordination,Delayed Coordination,-25.8014595619171,-119.90522882796,-767.697617457572,59,1140
74,74,0.25,baseline,Baseline,0,0,0,0,0
74,74,0.25,early_mover,Early Mover,-10.0657388807906,-25.1169276600727,-159.538334533313,41,424
74,74,0.25,sequential,Sequential,-11.5316463439328,-26.1840846950762,-177.139612061625,41,391
74,74,0.25,coordinated,Coordinated,-12.5860689237106,-23.3964088687345,-150.09734092281,28,218
74,74,0.25,delayed_coordination,Delayed Coordination,-11.3866884258135,-26.1417972700155,-175.188239684451,37,424
74,74,0.5,baseline,Baseline,0,0,0,0,0
74,74,0.5,early_mover,Early Mover,-5.00048857035394,-99.4737381043143,-610.69610530508,117,1676
74,74,0.5,sequential,Sequential,-10.9562077643875,-99.0840328969215,-606.649293191693,91,1483
74,74,0.5,coordinated,Coordinated,-8.02827320704031,-92.1115509413609,-619.932704770646,133,1734
74,74,0.5,delayed_coordination,Delayed Coordination,-9.80127081340964,-102.622432181624,-620.764721436613,98,1528
74,74,0.75,baseline,Baseline,0,0,0,0,0
74,74,0.75,early_mover,Early Mover,-7.07654297044159,-96.4276020107689,-739.693733802347,83,1598
74,74,0.75,sequential,Sequential,-16.2605163770623,-91.5678807801513,-749.266783569762,76,1519
74,74,0.75,coordinated,Coordinated,-9.11026704016464,-149.059853780669,-876.9596580157,120,2060
74,74,0.75,delayed_coordination,Delayed Coordination,-15.7484432395176,-95.2472089171602,-752.156633968164,71,1453
75,75,0.25,baseline,Baseline,0,0,0,0,0
75,75,0.25,early_mover,Early Mover,-12.3463718574375,-14.2472362400343,-110.435769602235,24,201
75,75,0.25,sequential,Sequential,-14.1817817827588,-16.3729831682084,-120.477672240507,27,235
75,75,0.25,coordinated,Coordinated,-14.582388079985,-20.9249601269851,-128.245461484618,25,264
75,75,0.25,delayed_coordination,Delayed Coordination,-15.1408808263144,-13.8867958126621,-108.935368623097,22,196
75,75,0.5,baseline,Baseline,0,0,0,0,0
75,75,0.5,early_mover,Early Mover,1.56561907184684,-126.936360053287,-807.43283686581,187,2423
75,75,0.5,sequential,Sequential,-7.03436483165885,-121.05253824735,-792.301947881701,179,2303
75,75,0.5,coordinated,Coordinated,-12.108307593839,-81.4957909267443,-555.572083635613,126,1594
75,75,0.5,delayed_coordination,Delayed Coordination,-4.45780138524243,-121.453387370467,-815.096676328688,168,2320
75,75,0.75,baseline,Baseline,0,0,0,0,0
75,75,0.75,early_mover,Early Mover,21.0537608450601,-184.701002334151,-1142.61398976522,211,3301
75,75,0.75,sequential,Sequential,16.2092810147778,-187.163931248092,-1197.79112742895,221,3282
75,75,0.75,coordinated,Coordinated,-5.00449897664623,-164.858370555158,-986.442563354977,149,2489
75,75,0.75,delayed_coordination,Delayed Coordination,13.9648663083785,-181.958999699673,-1176.5178975662,208,3259
76,76,0.25,baseline,Baseline,0,0,0,0,0
76,76,0.25,early_mover,Early Mover,-14.8267850469729,-13.2269397930339,-60.6355896203772,-9,-88
76,76,0.25,sequential,Sequential,-18.5563162207355,-5.45578370099395,-28.3622277174754,-11,-195
76,76,0.25,coordinated,Coordinated,-14.1006673679827,-32.6130953846975,-136.635572902043,7,78
76,76,0.25,delayed_coordination,Delayed Coordination,-17.2170062051243,-12.6961179853525,-59.1499011383021,-4,-110
76,76,0.5,baseline,Baseline,0,0,0,0,0
76,76,0.5,early_mover,Early Mover,-5.67371251009956,-88.0451472554308,-598.857443488964,133,1952
76,76,0.5,sequential,Sequential,-8.60782754884227,-93.4501311895251,-690.820400793071,177,2029
76,76,0.5,coordinated,Coordinated,-7.14900536838303,-108.21356458615,-668.523463422287,152,2130
76,76,0.5,delayed_coordination,Delayed Coordination,-7.11821241131466,-109.338108164442,-695.823309704111,175,2078
76,76,0.75,baseline,Baseline,0,0,0,0,0
76,76,0.75,early_mover,Early Mover,0.623326890847721,-117.989906767401,-817.765785844708,149,2357
76,76,0.75,sequential,Sequential,-6.94452169691635,-121.91834089379,-885.339254520788,147,2316
76,76,0.75,coordinated,Coordinated,-2.85495415041038,-126.112686364684,-935.765536800474,168,2524
76,76,0.75,delayed_coordination,Delayed Coordination,-2.32493719854703,-133.476911340278,-926.053064722618,184,2532
77,77,0.25,baseline,Baseline,0,0,0,0,0
77,77,0.25,early_mover,Early Mover,-12.1034848312657,-25.9178964575547,-104.132820821806,24,406
77,77,0.25,sequential,Sequential,-12.871770512905,-33.5013620210063,-147.038471247231,36,417
77,77,0.25,coordinated,Coordinated,-10.514587582572,-36.4085289118283,-215.31513678209,55,671
77,77,0.25,delayed_coordination,Delayed Coordination,-13.4585653791645,-32.6131069881246,-149.612472437654,34,436
77,77,0.5,baseline,Baseline,0,0,0,0,0
77,77,0.5,early_mover,Early Mover,-5.8900654723984,-80.581871416619,-546.757044996736,132,1899
77,77,0.5,sequential,Sequential,-4.24565250425077,-99.054021763015,-660.634814279634,158,2123
77,77,0.5,coordinated,Coordinated,-7.87674735017468,-95.9345656092047,-629.17944715896,133,2141
77,77,0.5,delayed_coordination,Delayed Coordination,-6.32104488737514,-91.3623843833337,-643.349815083786,135,2014
77,77,0.75,baseline,Baseline,0,0,0,0,0
77,77,0.75,early_mover,Early Mover,7.76626091077014,-125.65056917423,-880.991835662765,166,2717
77,77,0.75,sequential,Sequential,-6.82254808355604,-115.531067217784,-850.519052578391,127,2307
77,77,0.75,coordinated,Coordinated,-1.95329155745583,-119.524179982379,-872.976373695909,125,2334
77,77,0.75,delayed_coordination,Delayed Coordination,-8.97346663033406,-115.483670974945,-830.285103881689,117,2268
78,78,0.25,baseline,Baseline,0,0,0,0,0
78,78,0.25,early_mover,Early Mover,-13.7726487129983,-14.1179127280773,-39.4606375960807,18,175
78,78,0.25,sequential,Sequential,-12.1460422439705,-22.9078796276064,-102.98548390129,21,237
78,78,0.25,coordinated,Coordinated,-13.4326697741641,-24.8416001081005,-79.7882307636387,25,68
78,78,0.25,delayed_coordination,Delayed Coordination,-13.9168428346597,-18.2545645770802,-84.8939027783713,23,174
78,78,0.5,baseline,Baseline,0,0,0,0,0
78,78,0.5,early_mover,Early Mover,-4.40603929823048,-95.3082122057313,-587.742806696126,130,1974
78,78,0.5,sequential,Sequential,-13.5526481458935,-86.286572690335,-551.905928517132,84,1512
78,78,0.5,coordinated,Coordinated,-11.7748764380605,-101.276032419823,-551.49883298997,62,1338
78,78,0.5,delayed_coordination,Delayed Coordination,-8.70061825267017,-96.3812264991591,-609.825119895333,99,1730
78,78,0.75,baseline,Baseline,0,0,0,0,0
78,78,0.75,early_mover,Early Mover,-4.33492670594792,-132.557688233628,-787.879691746501,127,2258
78,78,0.75,sequential,Sequential,-5.92447555225353,-152.255861327111,-866.638446139252,147,2310
78,78,0.75,coordinated,Coordinated,-11.1849112990178,-123.216856967811,-771.766525711982,129,2048
78,78,0.75,delayed_coordination,Delayed Coordination,-9.27021187181752,-142.528794472997,-864.753177276296,151,2283
79,79,0.25,baseline,Baseline,0,0,0,0,0
79,79,0.25,early_mover,Early Mover,-13.1902600837208,-10.9421476047115,-125.026495103916,20,147
79,79,0.25,sequential,Sequential,-13.9047346096299,-13.5506249166833,-147.396974731216,30,215
79,79,0.25,coordinated,Coordinated,-15.2758571134672,-16.285845644447,-106.573043322877,-5,39
79,79,0.25,delayed_coordination,Delayed Coordination,-13.599343364143,-12.4745594559635,-145.741870508928,22,191
79,79,0.5,baseline,Baseline,0,0,0,0,0
79,79,0.5,early_mover,Early Mover,2.98632222714218,-108.986962854701,-762.316341997538,166,2292
79,79,0.5,sequential,Sequential,-0.996472281546716,-109.830627803132,-776.631164499228,159,2117
79,79,0.5,coordinated,Coordinated,-2.52979667550869,-110.617249967088,-760.108715414815,163,2093
79,79,0.5,delayed_coordination,Delayed Coordination,1.17815673518569,-118.073157939835,-806.691067620201,178,2315
79,79,0.75,baseline,Baseline,0,0,0,0,0
79,79,0.75,early_mover,Early Mover,18.8475452629152,-155.99568472607,-1069.61767777078,194,3130
79,79,0.75,sequential,Sequential,8.31807411704813,-152.443119797196,-1035.96519678631,169,2786
79,79,0.75,coordinated,Coordinated,7.42768222309297,-142.842504095853,-1043.22466787167,178,2821
79,79,0.75,delayed_coordination,Delayed Coordination,13.0540579688277,-160.079971257397,-1082.54342339722,182,2963
80,80,0.25,baseline,Baseline,0,0,0,0,0
80,80,0.25,early_mover,Early Mover,-13.5795784059921,-12.0467775094993,-57.8982935988806,12,92
80,80,0.25,sequential,Sequential,-15.3783070212417,-7.95362280996125,-59.2894582857421,9,41
80,80,0.25,coordinated,Coordinated,-13.4535129800748,-7.14001618389182,-76.7050920573847,18,44
80,80,0.25,delayed_coordination,Delayed Coordination,-15.4995399103121,-11.9374338442721,-66.1822041703604,23,103
80,80,0.5,baseline,Baseline,0,0,0,0,0
80,80,0.5,early_mover,Early Mover,-7.30698718014045,-102.28140547075,-618.734690400323,141,1979
80,80,0.5,sequential,Sequential,-11.1863210114642,-95.9741623200756,-598.207152633863,95,1620
80,80,0.5,coordinated,Coordinated,-6.5362400681027,-115.411974045054,-678.679037073556,159,1969
80,80,0.5,delayed_coordination,Delayed Coordination,-6.23640540505883,-106.850745510164,-694.718052464813,156,2013
80,80,0.75,baseline,Baseline,0,0,0,0,0
80,80,0.75,early_mover,Early Mover,-8.97621736413954,-160.197770650439,-850.400223234214,138,2179
80,80,0.75,sequential,Sequential,-4.90417263084994,-160.007113769793,-1002.90557712524,171,2533
80,80,0.75,coordinated,Coordinated,-9.70837469780369,-153.428297431123,-892.580557161402,148,2128
80,80,0.75,delayed_coordination,Delayed Coordination,-8.59040039323085,-166.554129402991,-993.530179137927,142,2225
81,81,0.25,baseline,Baseline,0,0,0,0,0
81,81,0.25,early_mover,Early Mover,-12.8381858770861,-2.05723094081935,-96.9129571516905,8,114
81,81,0.25,sequential,Sequential,-14.6877965161857,-4.4343636074052,-117.209931927713,14,148
81,81,0.25,coordinated,Coordinated,-12.7449464697984,-11.4195923104546,-110.873350950817,21,309
81,81,0.25,delayed_coordination,Delayed Coordination,-14.166464392413,-4.01625994703528,-125.867134121087,8,156
81,81,0.5,baseline,Baseline,0,0,0,0,0
81,81,0.5,early_mover,Early Mover,-3.20308061116779,-63.0452210303939,-619.691611476758,148,2071
81,81,0.5,sequential,Sequential,-4.91736121292772,-73.5721391729994,-696.70126804239,171,2150
81,81,0.5,coordinated,Coordinated,-5.82322605584093,-48.5226515758828,-615.243914183163,143,2022
81,81,0.5,delayed_coordination,Delayed Coordination,-5.06745335153353,-76.3427640922449,-681.425743884502,139,2054
81,81,0.75,baseline,Baseline,0,0,0,0,0
81,81,0.75,early_mover,Early Mover,10.7835083958447,-126.14231179813,-936.403793699307,177,2945
81,81,0.75,sequential,Sequential,-1.50665806963906,-131.074253694606,-943.326135456825,151,2690
81,81,0.75,coordinated,Coordinated,-2.65474045990929,-134.165727447947,-902.41951791593,156,2609
81,81,0.75,delayed_coordination,Delayed Coordination,5.56222810674089,-132.431194781049,-984.292631341765,186,3041
82,82,0.25,baseline,Baseline,0,0,0,0,0
82,82,0.25,early_mover,Early Mover,-10.247854120654,-29.1081062118712,-144.139949969163,26,371
82,82,0.25,sequential,Sequential,-11.9969281036421,-30.102620485351,-177.607606959538,39,447
82,82,0.25,coordinated,Coordinated,-12.3907320851024,-25.1378192513521,-154.052120053494,30,446
82,82,0.25,delayed_coordination,Delayed Coordination,-11.760798053978,-28.9527646003726,-166.128722501661,49,465
82,82,0.5,baseline,Baseline,0,0,0,0,0
82,82,0.5,early_mover,Early Mover,-3.26852448484019,-114.31509315763,-656.270639414806,133,1960
82,82,0.5,sequential,Sequential,-3.72535203290417,-117.39192220402,-710.6073919496,139,1990
82,82,0.5,coordinated,Coordinated,-4.12927988699805,-107.404285781336,-639.620484296175,149,1936
82,82,0.5,delayed_coordination,Delayed Coordination,-5.76834474143118,-114.714995201837,-681.650599753304,127,1846
82,82,0.75,baseline,Baseline,0,0,0,0,0
82,82,0.75,early_mover,Early Mover,2.16731564394095,-134.804517253412,-885.381405122536,155,2420
82,82,0.75,sequential,Sequential,-0.211737322727856,-137.895199990183,-934.484464471421,148,2378
82,82,0.75,coordinated,Coordinated,-9.08730610985278,-125.976037860311,-850.460969229892,130,1917
82,82,0.75,delayed_coordination,Delayed Coordination,1.57740995401741,-135.967536835301,-954.519366889307,159,2418
83,83,0.25,baseline,Baseline,0,0,0,0,0
83,83,0.25,early_mover,Early Mover,-15.513076522315,-15.4260939387053,-74.6424776403883,-19,-244
83,83,0.25,sequential,Sequential,-16.5285569076992,-19.5088318066885,-116.331901560621,4,-150
83,83,0.25,coordinated,Coordinated,-14.9828716279721,-20.9392751278123,-131.407521182617,13,-3
83,83,0.25,delayed_coordination,Delayed Coordination,-15.9710954324524,-20.2146577161844,-127.71633859543,-1,-144
83,83,0.5,baseline,Baseline,0,0,0,0,0
83,83,0.5,early_mover,Early Mover,-4.1335630461343,-90.8709724191018,-671.232521458455,135,1973
83,83,0.5,sequential,Sequential,-6.73259746663018,-99.8238271181895,-720.909035831914,125,1845
83,83,0.5,coordinated,Coordinated,-11.5044843574734,-94.6879718959549,-646.676644720602,108,1624
83,83,0.5,delayed_coordination,Delayed Coordination,-3.29869269734782,-112.86743439606,-756.603281026817,168,2131
83,83,0.75,baseline,Baseline,0,0,0,0,0
83,83,0.75,early_mover,Early Mover,9.40658164299654,-140.368985853918,-1014.16860242563,175,2707
83,83,0.75,sequential,Sequential,2.12129545939865,-145.190438467391,-1055.96313181879,154,2484
83,83,0.75,coordinated,Coordinated,-17.4367599440064,-122.548791114677,-826.543288030798,113,1503
83,83,0.75,delayed_coordination,Delayed Coordination,0.378383633523512,-141.587306273365,-1038.51120355176,131,2240
84,84,0.25,baseline,Baseline,0,0,0,0,0
84,84,0.25,early_mover,Early Mover,-12.3547271308427,-14.5477567054784,-141.807455272801,15,82
84,84,0.25,sequential,Sequential,-12.523153913182,-13.4447477116464,-167.244004654206,32,177
84,84,0.25,coordinated,Coordinated,-13.8839538405878,-13.1871467997536,-136.483287004966,19,191
84,84,0.25,delayed_coordination,Delayed Coordination,-13.7968351821336,-16.3402120038718,-161.81650994491,19,156
84,84,0.5,baseline,Baseline,0,0,0,0,0
84,84,0.5,early_mover,Early Mover,-8.40097624751034,-89.7465669289855,-563.252123565946,96,1496
84,84,0.5,sequential,Sequential,-5.83537636077513,-107.595535807388,-651.195960798984,133,1673
84,84,0.5,coordinated,Coordinated,-7.73493436695904,-90.3882424215866,-590.700531357064,113,1676
84,84,0.5,delayed_coordination,Delayed Coordination,-9.10478537726409,-101.558484619129,-609.263122014188,103,1547
84,84,0.75,baseline,Baseline,0,0,0,0,0
84,84,0.75,early_mover,Early Mover,2.37180447928576,-144.21595105771,-910.307611215131,162,2376
84,84,0.75,sequential,Sequential,-2.77240555372184,-148.979546969067,-956.069631841857,167,2278
84,84,0.75,coordinated,Coordinated,4.71612328176094,-141.849252666122,-1018.69605050717,183,2711
84,84,0.75,delayed_coordination,Delayed Coordination,-5.42448604929326,-148.906755050982,-893.254479966408,151,2167
85,85,0.25,baseline,Baseline,0,0,0,0,0
85,85,0.25,early_mover,Early Mover,-11.2367211636213,-30.5710104425136,-154.288557338643,31,397
85,85,0.25,sequential,Sequential,-13.1901407912623,-38.2506352099093,-166.781902099068,33,337
85,85,0.25,coordinated,Coordinated,-11.0433676902728,-45.1969000822995,-188.329044400601,45,476
85,85,0.25,delayed_coordination,Delayed Coordination,-12.2935376739528,-36.5208354968492,-177.697326543042,32,360
85,85,0.5,baseline,Baseline,0,0,0,0,0
85,85,0.5,early_mover,Early Mover,-1.79985787703887,-111.904444844717,-692.678158724484,152,2132
85,85,0.5,sequential,Sequential,-5.01990224926908,-123.884962096075,-725.419864281891,155,2090
85,85,0.5,coordinated,Coordinated,-9.49119777197896,-102.001720946912,-603.624146095469,111,1695
85,85,0.5,delayed_coordination,Delayed Coordination,-3.97110963276938,-120.77596654334,-748.388748545058,155,2180
85,85,0.75,baseline,Baseline,0,0,0,0,0
85,85,0.75,early_mover,Early Mover,-5.20701337961071,-143.804797121632,-814.778265386788,141,2141
85,85,0.75,sequential,Sequential,-7.71653892628999,-149.593794509343,-912.216555946693,142,2187
85,85,0.75,coordinated,Coordinated,-8.29338374537512,-163.719882367605,-849.570221257788,122,2176
85,85,0.75,delayed_coordination,Delayed Coordination,-7.78283659024521,-156.768811577412,-916.679653940802,148,2250
86,86,0.25,baseline,Baseline,0,0,0,0,0
86,86,0.25,early_mover,Early Mover,-10.6641035149475,-10.689720330485,-112.494387024199,31,335
86,86,0.25,sequential,Sequential,-12.3529362405811,-15.3595703128244,-135.321632320338,34,344
86,86,0.25,coordinated,Coordinated,-14.2910642729284,-12.4416631940827,-78.3575676397886,24,286
86,86,0.25,delayed_coordination,Delayed Coordination,-12.8868130370486,-14.6588607700496,-119.500186747269,34,374
86,86,0.5,baseline,Baseline,0,0,0,0,0
86,86,0.5,early_mover,Early Mover,-3.08432137300007,-98.9282461556872,-686.249721147088,142,2027
86,86,0.5,sequential,Sequential,-6.91901568996541,-125.071745610587,-737.368187410231,153,2074
86,86,0.5,coordinated,Coordinated,-5.08194017287919,-125.350108245668,-738.785367067346,181,2341
86,86,0.5,delayed_coordination,Delayed Coordination,-7.21399417972503,-94.3510849309193,-708.008241673969,152,2003
86,86,0.75,baseline,Baseline,0,0,0,0,0
86,86,0.75,early_mover,Early Mover,-13.8995823624366,-132.873164989561,-717.722323889136,114,1766
86,86,0.75,sequential,Sequential,-0.87954682338443,-154.85959306927,-955.440881801244,179,2455
86,86,0.75,coordinated,Coordinated,-10.856173023554,-120.838227420496,-838.062854963863,154,2312
86,86,0.75,delayed_coordination,Delayed Coordination,-6.43737309659475,-143.671193379223,-894.89968733863,147,2121
87,87,0.25,baseline,Baseline,0,0,0,0,0
87,87,0.25,early_mover,Early Mover,-11.861135029736,-27.2258012214074,-127.450601768768,27,353
87,87,0.25,sequential,Sequential,-14.6991443709344,-17.3094623588978,-109.303028339567,13,159
87,87,0.25,coordinated,Coordinated,-14.6055344693557,-13.9719867837428,-110.681316100217,10,21
87,87,0.25,delayed_coordination,Delayed Coordination,-13.7203955966901,-24.3200957873834,-132.236646879758,21,219
87,87,0.5,baseline,Baseline,0,0,0,0,0
87,87,0.5,early_mover,Early Mover,-9.91689656528229,-112.197948521024,-597.728688324658,108,1726
87,87,0.5,sequential,Sequential,-12.3386266186661,-118.218201944142,-664.799367291205,132,1720
87,87,0.5,coordinated,Coordinated,-15.106219167341,-91.4993450726867,-570.656753690707,123,1450
87,87,0.5,delayed_coordination,Delayed Coordination,-14.2025783824073,-115.738839480328,-624.891816850484,92,1512
87,87,0.75,baseline,Baseline,0,0,0,0,0
87,87,0.75,early_mover,Early Mover,-4.42752256911736,-139.606634491848,-862.040039104724,118,2014
87,87,0.75,sequential,Sequential,-9.87235637402704,-154.526285618549,-946.234032529863,109,1867
87,87,0.75,coordinated,Coordinated,-17.1463299224122,-142.589017250334,-823.227301686179,101,1681
87,87,0.75,delayed_coordination,Delayed Coordination,-10.5345186271636,-154.02977576981,-927.388185130407,115,1906
88,88,0.25,baseline,Baseline,0,0,0,0,0
88,88,0.25,early_mover,Early Mover,-13.5584665152226,-8.5058504040602,-81.2267114659953,13,83
88,88,0.25,sequential,Sequential,-15.7208143126652,-15.5781480777189,-99.2505426622906,26,175
88,88,0.25,coordinated,Coordinated,-11.7232850696137,-19.2058001016596,-154.8366156692,29,332
88,88,0.25,delayed_coordination,Delayed Coordination,-14.7980578968634,-17.2282163502498,-119.868716556201,25,189
88,88,0.5,baseline,Baseline,0,0,0,0,0
88,88,0.5,early_mover,Early Mover,-5.32379191269845,-94.3277954691955,-586.623940485516,137,1893
88,88,0.5,sequential,Sequential,-7.62509511363889,-94.0786410143246,-620.866487809745,152,1968
88,88,0.5,coordinated,Coordinated,-13.3549198747245,-85.5853868877373,-537.392591516747,109,1658
88,88,0.5,delayed_coordination,Delayed Coordination,-6.34504638240682,-100.478995329862,-657.872524722399,161,2048
88,88,0.75,baseline,Baseline,0,0,0,0,0
88,88,0.75,early_mover,Early Mover,2.82027702484294,-132.384493145989,-864.734708529144,150,2390
88,88,0.75,sequential,Sequential,0.830780748192637,-146.554275609599,-925.498351319558,160,2394
88,88,0.75,coordinated,Coordinated,-6.590910369233,-130.828444132968,-797.427844207709,137,1933
88,88,0.75,delayed_coordination,Delayed Coordination,-1.49626725922322,-142.116199212927,-915.539532349179,149,2388
89,89,0.25,baseline,Baseline,0,0,0,0,0
89,89,0.25,early_mover,Early Mover,-13.6955355441762,-25.9098023166455,-116.746985435419,30,293
89,89,0.25,sequential,Sequential,-15.6165609622673,-26.1868038981151,-123.181155858178,26,248
89,89,0.25,coordinated,Coordinated,-16.3658650653831,-26.6633484076701,-130.315534853367,22,190
89,89,0.25,delayed_coordination,Delayed Coordination,-14.9526514984523,-30.4807389467851,-142.959996571793,37,326
89,89,0.5,baseline,Baseline,0,0,0,0,0
89,89,0.5,early_mover,Early Mover,-7.58727213128272,-102.549739980616,-571.345650825273,122,1785
89,89,0.5,sequential,Sequential,-8.60891101038028,-105.480041254338,-622.40179065713,132,1948
89,89,0.5,coordinated,Coordinated,-10.4824982821609,-107.449846381838,-627.854020225497,140,1967
89,89,0.5,delayed_coordination,Delayed Coordination,-10.8703571609831,-107.296886174939,-613.318172220158,130,1854
89,89,0.75,baseline,Baseline,0,0,0,0,0
89,89,0.75,early_mover,Early Mover,-10.0858304203322,-145.856298276258,-758.851160160999,96,1677
89,89,0.75,sequential,Sequential,-17.4841379048272,-146.934346625637,-775.481433004807,103,1622
89,89,0.75,coordinated,Coordinated,-10.5092350309507,-137.659146582044,-823.972434928957,131,2120
89,89,0.75,delayed_coordination,Delayed Coordination,-18.2015133825736,-149.066323627668,-779.311429728806,95,1586
90,90,0.25,baseline,Baseline,0,0,0,0,0
90,90,0.25,early_mover,Early Mover,-15.4540693694244,-9.14699028924645,-7.86815994170365,-18,-112
90,90,0.25,sequential,Sequential,-16.0684619592281,-12.2341079141423,-33.9362666370048,-26,-201
90,90,0.25,coordinated,Coordinated,-12.7763317892223,-30.2368013790355,-93.4451281168463,32,410
90,90,0.25,delayed_coordination,Delayed Coordination,-15.8925394334124,-11.4643419391111,-37.0582447701099,-30,-159
90,90,0.5,baseline,Baseline,0,0,0,0,0
90,90,0.5,early_mover,Early Mover,-8.48868748853434,-70.2253740969697,-537.957260812346,122,1704
90,90,0.5,sequential,Sequential,-9.83645510635407,-79.4324437396263,-571.188073066092,129,1712
90,90,0.5,coordinated,Coordinated,-10.0011634115676,-70.2688899506994,-587.457277112112,123,1804
90,90,0.5,delayed_coordination,Delayed Coordination,-9.27167860096679,-86.4739738639519,-620.656954697868,133,1795
90,90,0.75,baseline,Baseline,0,0,0,0,0
90,90,0.75,early_mover,Early Mover,-0.0761412254803986,-122.62121740941,-797.074076592091,117,2262
90,90,0.75,sequential,Sequential,-8.9407341547379,-116.404704168795,-813.956954526802,111,2093
90,90,0.75,coordinated,Coordinated,-14.4692351199992,-95.6579352455998,-761.286924844535,86,1653
90,90,0.75,delayed_coordination,Delayed Coordination,-8.01706682917418,-121.23375846236,-818.949592983257,123,2170
91,91,0.25,baseline,Baseline,0,0,0,0,0
91,91,0.25,early_mover,Early Mover,-9.88240081303876,-22.4146939957643,-190.998016796329,22,246
91,91,0.25,sequential,Sequential,-11.1632941773981,-21.2137290077751,-185.447667075387,14,121
91,91,0.25,coordinated,Coordinated,-12.5952091100298,-22.1770421316607,-158.793959148366,5,38
91,91,0.25,delayed_coordination,Delayed Coordination,-10.4917771828951,-20.1763624702118,-195.695571218524,18,160
91,91,0.5,baseline,Baseline,0,0,0,0,0
91,91,0.5,early_mover,Early Mover,0.506839161014994,-101.940897476166,-691.973301254611,152,1966
91,91,0.5,sequential,Sequential,-3.22526990778388,-98.7370464632784,-707.917691345069,138,1774
91,91,0.5,coordinated,Coordinated,-13.1248861972022,-76.6295106944881,-493.936487727193,72,1104
91,91,0.5,delayed_coordination,Delayed Coordination,-0.866889137573963,-107.561721202371,-748.398818872775,145,1943
91,91,0.75,baseline,Baseline,0,0,0,0,0
91,91,0.75,early_mover,Early Mover,1.80529123542152,-138.034826596383,-904.306708783089,145,2423
91,91,0.75,sequential,Sequential,-1.34631484580082,-145.985508520298,-945.902915119674,135,2364
91,91,0.75,coordinated,Coordinated,4.15671606104988,-148.320040798069,-991.734152176027,165,2782
91,91,0.75,delayed_coordination,Delayed Coordination,-1.08452749518062,-149.49849958649,-963.902637516604,152,2486
92,92,0.25,baseline,Baseline,0,0,0,0,0
92,92,0.25,early_mover,Early Mover,-13.9601313699108,4.70252689486034,-58.8484685443946,-1,61
92,92,0.25,sequential,Sequential,-14.6114955185097,-3.8521283689779,-90.0575432599348,15,128
92,92,0.25,coordinated,Coordinated,-15.8552940385273,0.791459054626955,-61.6114085886129,-4,94
92,92,0.25,delayed_coordination,Delayed Coordination,-15.1259319912662,-4.01416167206168,-79.4150696339702,3,100
92,92,0.5,baseline,Baseline,0,0,0,0,0
92,92,0.5,early_mover,Early Mover,-9.62918164807961,-68.452899509075,-512.265807268484,105,1537
92,92,0.5,sequential,Sequential,-11.891661767782,-63.0514240965158,-540.972751798048,88,1447
92,92,0.5,coordinated,Coordinated,-8.54031864377225,-85.7438626925011,-619.077079889085,111,1876
92,92,0.5,delayed_coordination,Delayed Coordination,-13.9613744264101,-69.1459191749631,-528.620713273275,107,1468
92,92,0.75,baseline,Baseline,0,0,0,0,0
92,92,0.75,early_mover,Early Mover,0.775161531683523,-121.301064649621,-815.122910341383,148,2440
92,92,0.75,sequential,Sequential,-5.49892739254173,-128.469663573908,-820.432499880518,118,2167
92,92,0.75,coordinated,Coordinated,-14.4088121610472,-110.843634953137,-706.534632851001,95,1785
92,92,0.75,delayed_coordination,Delayed Coordination,-6.5486829165917,-125.279599177969,-833.536329668106,131,2238
93,93,0.25,baseline,Baseline,0,0,0,0,0
93,93,0.25,early_mover,Early Mover,-15.2063348349333,-17.6258846968282,-43.5618579254201,9,-54
93,93,0.25,sequential,Sequential,-16.3800473457057,-22.4683279065085,-57.8348202720595,6,-60
93,93,0.25,coordinated,Coordinated,-13.9655593887574,-25.3942666014585,-108.225835456228,32,336
93,93,0.25,delayed_coordination,Delayed Coordination,-16.5546993555257,-22.2806713847256,-54.3148073563457,7,-51
93,93,0.5,baseline,Baseline,0,0,0,0,0
93,93,0.5,early_mover,Early Mover,-8.84383136755736,-75.0644303836902,-566.884661522964,137,1674
93,93,0.5,sequential,Sequential,-12.9690375927181,-76.9442177418953,-559.607917099834,136,1616
93,93,0.5,coordinated,Coordinated,-19.0899495116329,-61.8657797191164,-397.242459050924,81,1135
93,93,0.5,delayed_coordination,Delayed Coordination,-12.6698700717387,-76.7966774661958,-550.942953566017,121,1553
93,93,0.75,baseline,Baseline,0,0,0,0,0
93,93,0.75,early_mover,Early Mover,2.07764607443772,-114.034219982475,-834.863944143721,157,2385
93,93,0.75,sequential,Sequential,9.45355425451356,-143.831980842234,-1003.8874952374,198,2634
93,93,0.75,coordinated,Coordinated,2.69391673273441,-137.77896995468,-894.099474898453,162,2591
93,93,0.75,delayed_coordination,Delayed Coordination,6.19503201166694,-137.428615726578,-962.858294180186,177,2569
94,94,0.25,baseline,Baseline,0,0,0,0,0
94,94,0.25,early_mover,Early Mover,-10.4953983271805,-17.1088782036806,-132.122446679802,33,136
94,94,0.25,sequential,Sequential,-11.9842044175898,-17.9050149066002,-168.79334055569,38,119
94,94,0.25,coordinated,Coordinated,-11.3439506974803,-21.988704315126,-203.595191134022,58,332
94,94,0.25,delayed_coordination,Delayed Coordination,-11.572629929723,-17.8353350907141,-170.952814092678,44,219
94,94,0.5,baseline,Baseline,0,0,0,0,0
94,94,0.5,early_mover,Early Mover,-0.280200714006071,-93.1668612691676,-701.680245049199,127,1772
94,94,0.5,sequential,Sequential,-8.50461469639941,-96.5411926971964,-683.029085119512,123,1589
94,94,0.5,coordinated,Coordinated,-9.15752461940733,-88.020918436972,-654.722018201991,148,1505
94,94,0.5,delayed_coordination,Delayed Coordination,-6.32207444418007,-92.0558236020308,-714.334570785862,124,1658
94,94,0.75,baseline,Baseline,0,0,0,0,0
94,94,0.75,early_mover,Early Mover,10.5282166286996,-134.429514641701,-1009.65433595826,161,2584
94,94,0.75,sequential,Sequential,-7.48997843587455,-136.974295534739,-973.845413611874,160,2399
94,94,0.75,coordinated,Coordinated,-8.2606788687626,-121.928174453094,-919.573326791812,162,2261
94,94,0.75,delayed_coordination,Delayed Coordination,2.08907351984757,-145.055726858071,-1064.36226906523,186,2693
95,95,0.25,baseline,Baseline,0,0,0,0,0
95,95,0.25,early_mover,Early Mover,-12.3248265716528,-12.2172429725032,-103.816827210333,34,453
95,95,0.25,sequential,Sequential,-13.7548864693466,-19.1355785333182,-131.013875238793,43,397
95,95,0.25,coordinated,Coordinated,-14.4583053157938,-14.7764811510928,-91.8143425027056,23,310
95,95,0.25,delayed_coordination,Delayed Coordination,-12.537254877429,-19.7622192592372,-138.172831800764,42,474
95,95,0.5,baseline,Baseline,0,0,0,0,0
95,95,0.5,early_mover,Early Mover,-3.77274909549294,-78.0953713001961,-629.332420508035,127,2033
95,95,0.5,sequential,Sequential,-5.05649671678994,-92.9162574085374,-707.263645883572,149,2080
95,95,0.5,coordinated,Coordinated,-10.8730508540542,-80.0052049066957,-569.089879437856,132,1756
95,95,0.5,delayed_coordination,Delayed Coordination,-4.69992257009514,-95.3707388538441,-718.17485718556,162,2135
95,95,0.75,baseline,Baseline,0,0,0,0,0
95,95,0.75,early_mover,Early Mover,2.61028025289858,-142.000575803234,-887.993581659245,135,2426
95,95,0.75,sequential,Sequential,-1.24039783420554,-154.783425835639,-977.330078004078,166,2489
95,95,0.75,coordinated,Coordinated,-5.84363611396813,-131.001461023243,-874.828462990632,145,2226
95,95,0.75,delayed_coordination,Delayed Coordination,-2.22031054819317,-146.669937725949,-926.804669401261,145,2430
96,96,0.25,baseline,Baseline,0,0,0,0,0
96,96,0.25,early_mover,Early Mover,-14.9376770501156,-22.3957496706337,-13.2629019421852,-10,-175
96,96,0.25,sequential,Sequential,-17.2469166891248,-19.8999415280268,-12.6744204531024,-17,-262
96,96,0.25,coordinated,Coordinated,-15.3389375395327,-22.1849269733795,-66.366304474051,3,28
96,96,0.25,delayed_coordination,Delayed Coordination,-17.2244684672665,-22.3332721978177,-22.3345203973995,-22,-270
96,96,0.5,baseline,Baseline,0,0,0,0,0
96,96,0.5,early_mover,Early Mover,-4.14678869322248,-104.397308762797,-610.101909513042,106,1774
96,96,0.5,sequential,Sequential,-7.32476843646896,-107.803516519194,-654.70588780574,145,1854
96,96,0.5,coordinated,Coordinated,-5.77581375139131,-113.490884793623,-708.838382575861,160,1953
96,96,0.5,delayed_coordination,Delayed Coordination,-4.98469917105504,-121.374722028251,-697.449321874382,153,1882
96,96,0.75,baseline,Baseline,0,0,0,0,0
96,96,0.75,early_mover,Early Mover,17.6719825865578,-145.574296788381,-1026.67904804777,184,2915
96,96,0.75,sequential,Sequential,8.97758997686886,-156.800009021482,-1039.87868466918,167,2761
96,96,0.75,coordinated,Coordinated,-6.0381874657336,-120.846953595718,-892.451187965233,135,2051
96,96,0.75,delayed_coordination,Delayed Coordination,13.0967803458778,-157.985442275038,-1065.40659172331,183,2878
97,97,0.25,baseline,Baseline,0,0,0,0,0
97,97,0.25,early_mover,Early Mover,-14.1366705574904,-7.95698713162778,-95.4440658257854,3,51
97,97,0.25,sequential,Sequential,-15.3844593251523,-11.1794888993987,-120.695074981666,7,62
97,97,0.25,coordinated,Coordinated,-17.3571216733968,0.367251262883656,-78.4765328351732,-13,-174
97,97,0.25,delayed_coordination,Delayed Coordination,-15.2101508325345,-11.0011167695613,-120.297717451853,0,58
97,97,0.5,baseline,Baseline,0,0,0,0,0
97,97,0.5,early_mover,Early Mover,-11.150805023209,-61.2067714829717,-536.49250570226,110,1542
97,97,0.5,sequential,Sequential,-17.5396969908325,-60.4627914911365,-524.638480122146,104,1375
97,97,0.5,coordinated,Coordinated,-18.81611951447,-41.3820983779074,-444.854229714849,57,920
97,97,0.5,delayed_coordination,Delayed Coordination,-18.4483456121427,-55.9203172096148,-498.643433940022,87,1378
97,97,0.75,baseline,Baseline,0,0,0,0,0
97,97,0.75,early_mover,Early Mover,-16.6470714975281,-93.3730231424603,-710.762616840257,94,1697
97,97,0.75,sequential,Sequential,-26.1861293513688,-90.7766446186933,-736.209785094459,48,1315
97,97,0.75,coordinated,Coordinated,-26.1868216605385,-74.3314062308518,-670.801859157171,61,1254
97,97,0.75,delayed_coordination,Delayed Coordination,-22.1681603949941,-106.127226159966,-776.964407763743,85,1512
98,98,0.25,baseline,Baseline,0,0,0,0,0
98,98,0.25,early_mover,Early Mover,-14.9121578588488,-15.0415746415903,-65.4179882237263,16,135
98,98,0.25,sequential,Sequential,-14.6997825542188,-20.3986286241627,-118.350048989723,30,181
98,98,0.25,coordinated,Coordinated,-14.5800393486506,-22.3048990926494,-114.385312084346,25,234
98,98,0.25,delayed_coordination,Delayed Coordination,-14.7741768849817,-24.6955833941299,-122.890130952375,28,239
98,98,0.5,baseline,Baseline,0,0,0,0,0
98,98,0.5,early_mover,Early Mover,-5.52782894470178,-102.799694338824,-654.631694942808,141,1866
98,98,0.5,sequential,Sequential,-10.5205285176092,-92.5020719191742,-636.205036753964,132,1691
98,98,0.5,coordinated,Coordinated,-9.07821820458071,-106.699355566272,-656.431918993094,132,1904
98,98,0.5,delayed_coordination,Delayed Coordination,-5.95208771806017,-114.537008473196,-715.532069921928,157,1961
98,98,0.75,baseline,Baseline,0,0,0,0,0
98,98,0.75,early_mover,Early Mover,-9.41502905377379,-139.845551501163,-770.396133689603,107,1771
98,98,0.75,sequential,Sequential,-17.9633676452574,-140.011590869069,-795.611917710399,118,1734
98,98,0.75,coordinated,Coordinated,-21.7964004730889,-124.64177323686,-693.657718949642,77,1469
98,98,0.75,delayed_coordination,Delayed Coordination,-21.8512204357158,-137.864415979646,-758.043032008698,97,1600
99,99,0.25,baseline,Baseline,0,0,0,0,0
99,99,0.25,early_mover,Early Mover,-11.2762145066898,-24.8426173985116,-102.395760807575,27,279
99,99,0.25,sequential,Sequential,-11.4535289541021,-27.8290837559309,-147.697829576603,30,297
99,99,0.25,coordinated,Coordinated,-9.42579409752052,-26.6485176161484,-166.551162452531,36,388
99,99,0.25,delayed_coordination,Delayed Coordination,-11.9245464858555,-26.1342835337081,-116.986020692267,25,279
99,99,0.5,baseline,Baseline,0,0,0,0,0
99,99,0.5,early_mover,Early Mover,-10.0414037998036,-95.9876792612013,-488.043184257824,122,1657
99,99,0.5,sequential,Sequential,-9.24019789051475,-103.848180488171,-595.91624673496,138,1804
99,99,0.5,coordinated,Coordinated,-12.1053300338158,-101.034612560505,-561.364455279043,128,1629
99,99,0.5,delayed_coordination,Delayed Coordination,-9.83803236611411,-102.540411769291,-606.125212900103,149,1830
99,99,0.75,baseline,Baseline,0,0,0,0,0
99,99,0.75,early_mover,Early Mover,6.94997722621042,-171.830708243578,-975.620038356004,170,2687
99,99,0.75,sequential,Sequential,8.76813445924583,-182.225811883185,-1118.28259710496,194,3008
99,99,0.75,coordinated,Coordinated,-7.87847829376355,-149.040990412027,-856.437289522377,150,2309
99,99,0.75,delayed_coordination,Delayed Coordination,10.3621331714282,-183.771720174824,-1144.0252459517,214,3090
100,100,0.25,baseline,Baseline,0,0,0,0,0
100,100,0.25,early_mover,Early Mover,-12.5472569589083,-14.9651900729453,-121.363666718667,16,34
100,100,0.25,sequential,Sequential,-14.2580614383226,-12.5914303838113,-126.860215472662,14,53
100,100,0.25,coordinated,Coordinated,-13.1993053651011,-14.9020097512507,-131.364247403646,17,159
100,100,0.25,delayed_coordination,Delayed Coordination,-14.2632542934302,-16.6284929164581,-129.214412141448,15,77
100,100,0.5,baseline,Baseline,0,0,0,0,0
100,100,0.5,early_mover,Early Mover,-8.9824073373663,-80.0453553486661,-555.764187951233,100,1485
100,100,0.5,sequential,Sequential,-12.3647596778986,-92.7524593254399,-580.047426520389,122,1583
100,100,0.5,coordinated,Coordinated,-8.94933067048883,-91.4860148582383,-657.70501483077,130,1742
100,100,0.5,delayed_coordination,Delayed Coordination,-12.8139733900957,-79.7707880168106,-549.474141615222,93,1443
100,100,0.75,baseline,Baseline,0,0,0,0,0
100,100,0.75,early_mover,Early Mover,-0.0923848073553728,-153.350190387031,-937.150307027061,136,2168
100,100,0.75,sequential,Sequential,-10.4978598106015,-153.413929004397,-907.532597760457,123,1868
100,100,0.75,coordinated,Coordinated,-9.0535430825805,-153.162526429529,-888.395660049267,131,2080
100,100,0.75,delayed_coordination,Delayed Coordination,-8.1862828187453,-156.045109651964,-941.978386041211,144,2086
